"player","team","games","position","recTarg","recRec","recRec40s","recYds","recYds100Games","recTds","recTd40s","recDrops","catch","depth","ypt","ypr","rac","rzRecTarg","rzRecRec","rzRecTds","rzRecTargPct","rzRecRecPct","rzRecTdPct","ezRecTarg","ezRecTds","ezRecTargPct","ezRecRecPct","ezRecTdPct","rushCarries","rush40s","rushYds","rushYds100Games","rushTds","rushTd40s","ypc","yac","rushTa","tat","fumbles","rzRushCarries","rzRushTds","rzRushPct","rzRushTdPct","i5RushCarries","i5RushTds","i5RushPct","i5RushTdPct","patConversions","patAttempts","fantasyPts","ptsPerSnap","ptsPerTouch"
"Gunner Olszewski","NE","3","WR","3","3","0","52","0","1","0","0","100","6.67","17.33","17.33","10.67","0","0","0","0","0","0","0","0","0","0","0","0","0","0","0","0","0","0","0","0","0","0","0","0","0","0","0","0","0","0","0","0","14.2","0.71","4.73"
"Malik Taylor","GB","3","WR","1","1","0","14","0","0","0","0","100","2","14","14","12","0","0","0","0","0","0","0","0","0","0","0","0","0","0","0","0","0","0","0","0","0","0","0","0","0","0","0","0","0","0","0","0","2.4","0.24","2.4"
"Brandon Aiyuk","SF","4","WR","40","25","1","302","1","2","0","4","62.5","9.13","7.55","12.08","4.88","6","4","2","15","16","100","2","1","5","4","50","1","0","16","0","0","0","16","0","0","0","0","0","0","0","0","0","0","0","0","0","0","71.8","0.28","2.76"
"Vyncint Smith","NYJ","1","WR","2","0","0","0","0","0","0","0","0","13.5","0","0","0","1","0","0","50","0","0","0","0","0","0","0","0","0","0","0","0","0","0","0","0","0","0","0","0","0","0","0","0","0","0","0","0","0","0",""
"Marquise Brown","BLT","5","WR","32","22","2","253","0","5","1","3","68.8","9.94","7.91","11.5","4.09","10","7","4","31.3","31.8","80","5","4","15.6","18.2","80","0","0","0","0","0","0","0","0","0","0","0","0","0","0","0","0","0","0","0","0","0","77.3","0.33","3.51"
"Donovan Peoples-Jones","CLV","4","WR","14","9","1","232","0","1","1","1","64.3","20","16.57","25.78","8","3","0","0","21.4","0","0","1","0","7.1","0","0","0","0","0","0","0","0","0","0","0","0","0","0","0","0","0","0","0","0","0","1","1","38.2","0.26","4.24"
"Tee Higgins","CIN","5","WR","30","19","0","235","0","1","0","3","63.3","10.03","7.83","12.37","4.16","5","3","1","16.7","15.8","100","1","1","3.3","5.3","100","0","0","0","0","0","0","0","0","0","0","0","0","0","0","0","0","0","0","0","0","0","48.5","0.21","2.55"
"Jerry Jeudy","DEN","5","WR","34","15","1","267","1","1","1","7","44.1","12.38","7.85","17.8","7.07","3","1","0","8.8","6.7","0","1","0","2.9","0","0","0","0","0","0","0","0","0","0","0","0","0","0","0","0","0","0","0","0","0","1","1","50.7","0.18","3.38"
"Derrick Willies","CLV","1","WR","0","0","0","0","0","0","0","0","0","0","0","0","0","0","0","0","0","0","0","0","0","0","0","0","0","0","0","0","0","0","0","0","0","0","0","0","0","0","0","0","0","0","0","0","0","0","0",""
"Dezmon Patmon","IND","1","WR","0","0","0","0","0","0","0","0","0","0","0","0","0","0","0","0","0","0","0","0","0","0","0","0","0","0","0","0","0","0","0","0","0","0","0","0","0","0","0","0","0","0","0","0","0","0","0",""
"A.J. Brown","TEN","5","WR","40","30","2","437","2","3","0","2","75","12.8","10.93","14.57","3.87","4","4","3","10","13.3","100","2","2","5","6.7","66.7","0","0","0","0","0","0","0","0","0","0","2","0","0","0","0","0","0","0","0","0","0","97.7","0.37","3.26"
"Calvin Ridley","ATL","5","WR","57","36","1","577","4","2","0","5","63.2","15.07","10.12","16.03","3.86","13","5","2","22.8","13.9","100","7","1","12.3","2.8","50","1","0","-7","0","0","0","-7","0","0","0","1","0","0","0","0","0","0","0","0","0","0","117","0.41","3.16"
"Darnell Mooney","CHI","5","WR","33","25","1","246","0","2","0","2","75.8","5.76","7.45","9.84","7.52","7","5","2","21.2","20","100","2","0","6.1","0","0","3","0","23","0","0","0","7.67","1","0","0","0","1","0","33.3","0","0","0","0","0","0","0","63.9","0.25","2.28"
"Robert Foster","WAS","3","WR","6","2","0","37","0","0","0","1","33.3","14.17","6.17","18.5","16","1","0","0","16.7","0","0","0","0","0","0","0","0","0","0","0","0","0","0","0","0","0","0","0","0","0","0","0","0","0","0","0","0","5.7","0.26","2.85"
"Terry McLaurin","WAS","4","WR","30","18","0","155","0","1","0","2","60","8.57","5.17","8.61","2.5","5","2","1","16.7","11.1","100","3","1","10","5.6","100","0","0","0","0","0","0","0","0","0","0","0","0","0","0","0","0","0","0","0","0","0","39.5","0.15","2.19"
"Miles Boykin","BLT","5","WR","10","5","1","113","0","3","1","0","50","17","11.3","22.6","5.6","6","3","3","60","60","100","3","1","30","20","33.3","0","0","0","0","0","0","0","0","0","0","0","0","0","0","0","0","0","0","0","0","0","34.3","0.17","6.86"
"Stanley Morgan Jr.","CIN","4","WR","0","0","0","0","0","0","0","0","0","0","0","0","0","0","0","0","0","0","0","0","0","0","0","0","0","0","0","0","0","0","0","0","0","0","0","0","0","0","0","0","0","0","0","0","0","0","0",""
"Trenton Irwin","CIN","1","WR","2","1","0","5","0","0","0","0","50","5.5","2.5","5","1","1","0","0","50","0","0","0","0","0","0","0","0","0","0","0","0","0","0","0","0","0","0","0","0","0","0","0","0","0","0","0","0","1.5","0.3","1.5"
"Jeff Smith","NYJ","2","WR","2","1","0","14","0","0","0","0","50","17.5","7","14","0","0","0","0","0","0","0","0","0","0","0","0","0","0","0","0","0","0","0","0","0","0","0","0","0","0","0","0","0","0","0","0","0","2.4","0.05","2.4"
"Tyler Johnson","TB","4","WR","3","2","0","51","0","0","0","0","66.7","20","17","25.5","19","2","1","0","66.7","50","0","0","0","0","0","0","0","0","0","0","0","0","0","0","0","0","0","0","0","0","0","0","0","0","0","0","0","7.1","0.12","3.55"
"James Proche","BLT","2","WR","0","0","0","0","0","0","0","0","0","0","0","0","0","0","0","0","0","0","0","0","0","0","0","0","0","0","0","0","0","0","0","0","0","0","0","0","0","0","0","0","0","0","0","0","0","0","0",""
"Braxton Berrios","NYJ","5","WR","16","13","1","171","0","1","1","1","81.3","7.5","10.69","13.15","9","4","3","1","25","23.1","100","1","0","6.3","0","0","2","0","16","0","0","0","8","2","0","0","0","0","0","0","0","0","0","0","0","0","0","37.7","1.02","2.51"
"Terry Godwin","JAX","1","WR","4","3","0","32","0","0","0","1","75","10.25","8","10.67","1","1","1","0","25","33.3","0","0","0","0","0","0","1","0","3","0","0","0","3","3","0","0","0","0","0","0","0","0","0","0","0","0","0","6.5","0.16","1.63"
"Christian Blake","ATL","5","WR","1","1","0","-1","0","0","0","0","100","-1","-1","-1","0","1","1","0","100","100","0","0","0","0","0","0","0","0","0","0","0","0","0","0","0","0","0","0","0","0","0","0","0","0","0","0","0","0.9","0.01","0.9"
"D.K. Metcalf","SEA","5","WR","38","25","0","264","0","1","0","2","65.8","11.29","6.95","10.56","3.44","9","3","1","23.7","12","100","2","1","5.3","4","100","0","0","0","0","0","0","0","0","0","0","0","0","0","0","0","0","0","0","0","0","0","57.4","0.2","2.3"
"Marquez Valdes-Scantling","GB","5","WR","11","8","1","172","0","2","1","2","72.7","20.09","15.64","21.5","9.5","3","1","1","27.3","12.5","50","0","0","0","0","0","2","0","0","0","0","0","0","1.5","0","0","0","1","0","50","0","0","0","0","0","0","0","37.2","0.19","3.72"
"D.J. Chark Jr.","JAX","4","WR","28","12","0","172","0","1","0","2","42.9","16.89","6.14","14.33","1.33","7","2","1","25","16.7","100","4","1","14.3","8.3","100","0","0","0","0","0","0","0","0","0","0","0","0","0","0","0","0","0","0","0","0","0","35.2","0.16","2.93"
"Scotty Miller","TB","4","WR","10","6","1","87","0","1","1","1","60","13.8","8.7","14.5","3.33","4","2","1","40","33.3","100","2","1","20","16.7","100","0","0","0","0","0","0","0","0","0","0","0","0","0","0","0","0","0","0","0","0","0","20.7","0.3","3.45"
"Van Jefferson","LA","5","WR","13","8","0","77","0","0","0","1","61.5","10","5.92","9.63","3.88","2","1","0","15.4","12.5","0","0","0","0","0","0","0","0","0","0","0","0","0","0","0","0","0","0","0","0","0","0","0","0","0","0","0","15.7","0.12","1.96"
"DaeSean Hamilton","DEN","5","WR","16","8","0","108","0","0","0","1","50","15.25","6.75","13.5","2.13","5","2","0","31.3","25","0","1","0","6.3","0","0","0","0","0","0","0","0","0","0","0","0","0","0","0","0","0","0","0","0","0","0","0","18.8","0.11","2.35"
"Marquez Callaway","NO","2","WR","7","6","0","77","0","0","0","0","85.7","12.57","11","12.83","3.17","2","1","0","28.6","16.7","0","0","0","0","0","0","0","0","0","0","0","0","0","0","0","0","0","0","0","0","0","0","0","0","0","0","0","13.7","0.15","2.28"
"Tyrie Cleveland","DEN","2","WR","6","5","0","56","0","0","0","0","83.3","7.67","9.33","11.2","2.2","0","0","0","0","0","0","0","0","0","0","0","0","0","0","0","0","0","0","0","0","0","0","0","0","0","0","0","0","0","0","0","0","10.6","0.39","2.12"
"Tyron Johnson","LAC","5","WR","18","15","0","178","0","2","0","0","83.3","13.94","9.89","11.87","2.87","4","3","2","22.2","20","100","1","1","5.6","6.7","50","0","0","0","0","0","0","0","0","0","0","0","0","0","0","0","0","0","0","0","0","0","44.8","0.23","2.99"
"Diontae Johnson","PIT","5","WR","48","31","2","341","0","3","0","7","64.6","8.85","7.1","11","3.16","9","6","3","18.8","19.4","100","4","3","8.3","9.7","100","1","0","2","0","0","0","2","2","1","1","0","0","0","0","0","0","0","0","0","0","0","83.3","0.33","2.6"
"Quintez Cephus","DET","5","WR","12","8","1","175","0","2","1","0","66.7","21.92","14.58","21.88","2.38","4","2","2","33.3","25","100","3","2","25","25","100","0","0","0","0","0","0","0","0","0","0","0","0","0","0","0","0","0","0","0","0","1","37.5","0.26","4.69"
"Richie James Jr.","SF","5","WR","16","10","1","155","0","0","0","1","62.5","10.25","9.69","15.5","4.8","1","0","0","6.3","0","0","0","0","0","0","0","0","0","0","0","0","0","0","0","0","0","0","0","0","0","0","0","0","0","0","0","0","25.5","0.13","2.55"
"Bryan Edwards","LV","5","WR","4","3","0","62","0","1","0","0","75","11","15.5","20.67","9.33","1","1","1","25","33.3","100","1","1","25","33.3","100","0","0","0","0","0","0","0","0","0","0","0","0","0","0","0","0","0","0","0","0","0","15.2","0.17","5.07"
"Austin Mack","NYG","5","WR","4","1","0","9","0","0","0","1","25","11.25","2.25","9","8","2","0","0","50","0","0","2","0","50","0","0","0","0","0","0","0","0","0","0","0","0","0","0","0","0","0","0","0","0","0","0","0","1.9","0.03","1.9"
"Ja'Marcus Bradley","CLV","3","WR","10","5","0","60","0","0","0","0","50","12.3","6","12","2.4","3","1","0","30","20","0","0","0","0","0","0","0","0","0","0","0","0","0","0","0","0","0","0","0","0","0","0","0","0","0","0","0","11","0.12","2.2"
"Freddie Swain","SEA","5","WR","5","3","0","25","0","1","0","0","60","23.4","5","8.33","1.67","4","2","1","80","66.7","100","1","1","20","33.3","100","0","0","0","0","0","0","0","0","0","0","0","0","0","0","0","0","0","0","0","0","0","11.5","0.1","3.83"
"Darius Slayton","NYG","5","WR","30","12","0","167","0","0","0","2","40","14.77","5.57","13.92","2.58","3","0","0","10","0","0","2","0","6.7","0","0","0","0","0","0","0","0","0","0","0","0","0","0","0","0","0","0","0","0","0","0","0","28.7","0.11","2.39"
"Penny Hart","SEA","4","WR","1","1","0","3","0","0","0","0","100","-1","3","3","4","0","0","0","0","0","0","0","0","0","0","0","1","0","19","0","0","0","19","1","0","0","0","0","0","0","0","0","0","0","0","0","0","3.2","0.09","1.6"
"C.J. Board","NYG","4","WR","2","2","0","14","0","0","0","0","100","2","7","7","5","0","0","0","0","0","0","0","0","0","0","0","0","0","0","0","0","0","0","0","0","0","0","0","0","0","0","0","0","0","0","0","0","3.4","0.24","1.7"
"Mack Hollins","MIA","5","WR","18","11","0","136","0","0","0","3","61.1","10.83","7.56","12.36","2.27","1","0","0","5.6","0","0","1","0","5.6","0","0","0","0","0","0","0","0","0","0","0","0","1","0","0","0","0","0","0","0","0","0","0","24.6","0.14","2.24"
"Robby Anderson","CAR","4","WR","33","20","0","184","0","1","0","1","60.6","9.76","5.58","9.2","4.55","9","3","1","27.3","15","100","5","0","15.2","0","0","3","0","12","0","0","0","4","1.33","2","0.67","0","0","0","0","0","0","0","0","0","0","0","45.6","0.21","1.98"
"Alex Erickson","CIN","5","WR","14","10","1","122","0","0","0","1","71.4","7.86","8.71","12.2","5.6","1","0","0","7.1","0","0","0","0","0","0","0","2","0","2","0","0","0","1","2","0","0","1","1","0","50","0","0","0","0","0","0","0","22.4","0.15","1.87"
"Mike Thomas","CIN","5","WR","2","0","0","0","0","0","0","0","0","7.5","0","0","0","0","0","0","0","0","0","0","0","0","0","0","0","0","0","0","0","0","0","0","0","0","0","0","0","0","0","0","0","0","0","0","0","0","0",""
"Demarcus Robinson","KC","5","WR","15","13","0","166","0","1","0","0","86.7","8.73","11.07","12.77","5.54","2","1","1","13.3","7.7","100","1","1","6.7","7.7","100","0","0","0","0","0","0","0","0","0","0","0","0","0","0","0","0","0","0","0","0","0","35.6","0.17","2.74"
"Pharoh Cooper","CAR","4","WR","8","4","0","61","0","0","0","1","50","11.38","7.63","15.25","7.5","0","0","0","0","0","0","0","0","0","0","0","0","0","0","0","0","0","0","0","0","0","0","0","0","0","0","0","0","0","0","0","0","10.1","0.13","2.52"
"Michael Thomas","NO","2","WR","19","17","0","189","1","0","0","0","89.5","9.74","9.95","11.12","2.12","1","1","0","5.3","5.9","0","0","0","0","0","0","0","0","0","0","0","0","0","0","0","0","0","0","0","0","0","0","0","0","0","0","0","38.9","0.37","2.29"
"Laquon Treadwell","ATL","4","WR","7","6","0","49","0","2","0","0","85.7","5.57","7","8.17","2.5","5","4","2","71.4","66.7","100","2","1","28.6","16.7","50","0","0","0","0","0","0","0","0","0","0","0","0","0","0","0","0","0","0","0","0","0","22.9","0.39","3.82"
"Damiere Byrd","NE","5","WR","20","12","0","102","0","0","0","4","60","9.7","5.1","8.5","3.75","3","0","0","15","0","0","0","0","0","0","0","1","0","4","0","0","0","4","0","0","0","1","0","0","0","0","0","0","0","0","0","0","22.6","0.09","1.74"
"Chris Conley","JAX","5","WR","17","13","0","139","0","1","0","1","76.5","10.53","8.18","10.69","3.31","2","1","1","11.8","7.7","100","1","1","5.9","7.7","100","0","0","0","0","0","0","0","0","0","0","1","0","0","0","0","0","0","0","0","0","0","32.9","0.28","2.53"
"Nelson Agholor","LV","5","WR","38","19","2","399","2","2","1","3","50","17.87","10.5","21","6.47","13","5","1","34.2","26.3","50","6","0","15.8","0","0","0","0","0","0","0","0","0","0","0","0","0","0","0","0","0","0","0","0","0","0","0","76.9","0.3","4.05"
"DeVante Parker","MIA","3","WR","24","11","0","151","1","0","0","3","45.8","11.04","6.29","13.73","2.55","8","1","0","33.3","9.1","0","6","0","25","0","0","0","0","0","0","0","0","0","0","0","0","0","0","0","0","0","0","0","0","0","0","1","29.1","0.18","2.65"
"Amari Cooper","DAL","5","WR","33","21","1","266","1","2","0","1","63.6","9.3","8.06","12.67","6.29","11","3","2","33.3","14.3","100","6","2","18.2","9.5","100","3","0","3","0","0","0","1","0.67","0","0","0","0","0","0","0","0","0","0","0","0","0","62.9","0.22","2.62"
"John Brown","BUF","1","WR","4","4","0","72","0","1","0","0","100","18.75","18","18","1","2","2","1","50","50","100","1","1","25","25","100","0","0","0","0","0","0","0","0","0","0","0","0","0","0","0","0","0","0","0","0","0","17.2","0.57","4.3"
"Allen Robinson II","CHI","5","WR","44","31","0","421","2","1","0","1","70.5","9.66","9.57","13.58","4.23","11","4","1","25","12.9","100","7","1","15.9","3.2","100","0","0","0","0","0","0","0","0","0","0","0","0","0","0","0","0","0","0","0","0","0","85.1","0.31","2.75"
"Davante Adams","GB","5","WR","50","41","2","466","3","7","1","1","82","8.02","9.32","11.37","5.32","12","9","6","24","22","85.7","7","4","14","9.8","57.1","0","0","0","0","0","0","0","0","0","0","0","0","0","0","0","0","0","0","0","0","0","138.6","0.53","3.38"
"Brandin Cooks","HST","4","WR","41","29","1","431","2","3","0","1","70.7","15.12","10.51","14.86","2.72","14","8","3","34.1","27.6","100","6","2","14.6","6.9","66.7","0","0","0","0","0","0","0","0","0","0","0","0","0","0","0","0","0","0","0","0","0","96.1","0.42","3.31"
"Mike Evans","TB","4","WR","28","22","0","393","2","2","0","3","78.6","13.46","14.04","17.86","4.55","7","6","2","25","27.3","100","2","1","7.1","4.5","50","0","0","0","0","0","0","0","0","0","0","0","0","0","0","0","0","0","0","0","0","0","79.3","0.47","3.6"
"DeAndre Hopkins","ARZ","5","WR","57","38","3","440","2","2","0","0","66.7","8.95","7.72","11.58","4.63","11","6","2","19.3","15.8","100","4","1","7","2.6","50","1","0","1","0","0","0","1","3","1","1","2","0","0","0","0","0","0","0","0","0","1","100.1","0.32","2.57"
"T.Y. Hilton","IND","5","WR","36","23","2","354","1","4","1","1","63.9","14.94","9.83","15.39","3.57","13","7","4","36.1","30.4","100","4","2","11.1","8.7","50","0","0","0","0","0","0","0","0","0","0","0","0","0","0","0","0","0","0","0","1","1","85.4","0.41","3.71"
"Mohamed Sanu","DET","5","WR","20","12","0","146","0","0","0","1","60","15","7.3","12.17","2.58","4","1","0","20","8.3","0","1","0","5","0","0","1","0","3","0","0","0","3","2","0","0","0","0","0","0","0","0","0","0","0","0","0","26.9","0.14","2.07"
"Dontrelle Inman","WAS","2","WR","0","0","0","0","0","0","0","0","0","0","0","0","0","0","0","0","0","0","0","0","0","0","0","0","0","0","0","0","0","0","0","0","0","0","0","0","0","0","0","0","0","0","0","0","0","0","0",""
"Julio Jones","ATL","1","WR","9","6","0","94","0","0","0","1","66.7","14.67","10.44","15.67","5.33","2","0","0","22.2","0","0","2","0","22.2","0","0","0","0","0","0","0","0","0","0","0","0","0","0","0","0","0","0","0","0","0","0","0","15.4","0.24","2.57"
"A.J. Green","CIN","5","WR","23","12","0","166","0","1","0","0","52.2","13.91","7.22","13.83","1.58","7","2","1","30.4","16.7","100","3","1","13","8.3","100","0","0","0","0","0","0","0","0","0","0","0","0","0","0","0","0","0","0","0","0","0","34.6","0.14","2.88"
"Andre Roberts","BUF","1","WR","2","2","0","12","0","0","0","0","100","3.5","6","6","2.5","1","1","0","50","50","0","0","0","0","0","0","0","0","0","0","0","0","0","0","0","0","0","0","0","0","0","0","0","0","0","0","0","3.2","0.29","1.6"
"Dez Bryant","BLT","3","WR","3","2","0","19","0","2","0","0","66.7","12.67","6.33","9.5","0","2","2","2","66.7","100","100","2","2","66.7","100","100","0","0","0","0","0","0","0","0","0","0","0","0","0","0","0","0","0","0","0","0","0","15.9","0.27","7.95"
"DeSean Jackson","PHI","1","WR","1","1","1","81","0","1","1","0","100","41","81","81","40","0","0","0","0","0","0","0","0","0","0","0","0","0","0","0","0","0","0","0","0","0","0","0","0","0","0","0","0","0","0","0","0","15.1","0.76","15.1"
"Keelan Cole","JAX","5","WR","27","16","0","145","0","1","0","3","59.3","9.59","5.37","9.06","2.44","5","2","1","18.5","12.5","100","2","0","7.4","0","0","0","0","0","0","0","0","0","0","0","0","0","0","0","0","0","0","0","0","0","0","0","36.5","0.15","2.28"
"Steven Sims","WAS","5","WR","18","11","0","91","0","0","0","3","61.1","7.11","5.06","8.27","3.55","1","1","0","5.6","9.1","0","0","0","0","0","0","1","0","18","0","0","0","18","18","2","2","0","0","0","0","0","0","0","0","0","0","0","21.9","0.15","1.82"
"Tre'Quan Smith","NO","3","WR","13","7","0","127","0","1","0","3","53.8","9.54","9.77","18.14","5.14","2","2","1","15.4","28.6","100","1","1","7.7","14.3","100","1","0","3","0","0","0","3","4","1","1","0","0","0","0","0","0","0","0","0","0","0","26","0.18","3.25"
"Anthony Miller","CHI","5","WR","13","12","0","108","0","0","0","0","92.3","6.15","8.31","9","3.92","2","1","0","15.4","8.3","0","0","0","0","0","0","1","0","3","0","0","0","3","0","0","0","0","0","0","0","0","0","0","0","0","0","0","23.1","0.15","1.78"
"Allen Lazard","GB","5","WR","19","14","0","156","0","0","0","2","73.7","8.47","8.21","11.14","5.5","3","3","0","15.8","21.4","0","0","0","0","0","0","0","0","0","0","0","0","0","0","0","0","0","0","0","0","0","0","0","0","0","0","0","29.6","0.14","2.11"
"Cameron Batson","TEN","5","WR","4","4","0","26","0","1","0","0","100","4","6.5","6.5","2.75","2","2","1","50","50","100","1","1","25","25","100","1","0","0","0","0","0","0","5","0","0","1","0","0","0","0","0","0","0","0","0","0","12.6","0.12","2.52"
"Jakobi Meyers","NE","5","WR","33","23","0","286","1","0","0","1","69.7","9.94","8.67","12.43","4.61","5","2","0","15.2","8.7","0","2","0","6.1","0","0","1","0","7","0","0","0","7","8","1","1","1","0","0","0","0","0","0","0","0","0","0","55.3","0.2","2.3"
"Andy Isabella","ARZ","2","WR","5","2","0","7","0","0","0","0","40","6.2","1.4","3.5","0.5","0","0","0","0","0","0","0","0","0","0","0","0","0","0","0","0","0","0","0","0","0","0","0","0","0","0","0","0","0","0","0","0","2.7","0.05","1.35"
"River Cracraft","SF","5","WR","4","4","0","28","0","0","0","0","100","5","7","7","2","1","1","0","25","25","0","0","0","0","0","0","0","0","0","0","0","0","0","0","0","0","0","0","0","0","0","0","0","0","0","0","0","6.8","0.12","1.7"
"Russell Gage","ATL","5","WR","40","27","0","315","0","3","0","2","67.5","9.9","7.88","11.67","4.41","8","5","3","20","18.5","100","3","1","7.5","3.7","33.3","1","0","11","0","0","0","11","2","0","0","0","1","0","100","0","0","0","0","0","0","0","77.6","0.28","2.77"
"Lil'Jordan Humphrey","NO","3","WR","5","3","0","46","0","1","0","0","60","12.4","9.2","15.33","3","1","1","1","20","33.3","100","1","1","20","33.3","100","0","0","0","0","0","0","0","0","0","0","0","0","0","0","0","0","0","0","0","0","0","13.6","0.21","4.53"
"Isaiah Wright","WAS","5","WR","8","4","0","29","0","0","0","0","50","7.63","3.63","7.25","5.25","2","1","0","25","25","0","0","0","0","0","0","0","0","0","0","0","0","0","0","0","0","0","0","0","0","0","0","0","0","0","0","0","6.9","0.08","1.73"
"Juwann Winfree","GB","1","WR","0","0","0","0","0","0","0","0","0","0","0","0","0","0","0","0","0","0","0","0","0","0","0","0","0","0","0","0","0","0","0","0","0","0","0","0","0","0","0","0","0","0","0","0","0","0","0",""
"Jalen Guyton","LAC","5","WR","24","10","1","180","0","0","0","3","41.7","16.79","7.5","18","4.8","9","2","0","37.5","20","0","4","0","16.7","0","0","1","0","4","0","0","0","4","1","0","0","0","0","0","0","0","0","0","0","0","0","0","28.4","0.1","2.58"
"Marcus Kemp","MIA","2","WR","0","0","0","0","0","0","0","0","0","0","0","0","0","0","0","0","0","0","0","0","0","0","0","0","0","0","0","0","0","0","0","0","0","0","0","0","0","0","0","0","0","0","0","0","0","0","0",""
"Noah Brown","DAL","5","WR","10","4","0","53","0","0","0","1","40","12.7","5.3","13.25","5.75","3","0","0","30","0","0","0","0","0","0","0","1","0","4","0","0","0","4","4","0","0","0","0","0","0","0","0","0","0","0","0","0","9.7","0.18","1.94"
"Isaiah McKenzie","BUF","5","WR","16","14","0","142","0","3","0","1","87.5","7.88","8.88","10.14","4.71","3","3","3","18.8","21.4","100","2","2","12.5","14.3","66.7","4","0","5","0","0","0","1.25","1","1","0.25","0","0","0","0","0","0","0","0","0","0","0","46.7","0.35","2.59"
"Chris Godwin","TB","4","WR","24","16","3","278","1","4","0","0","66.7","15.08","11.58","17.38","4.94","8","5","4","33.3","31.3","100","4","3","16.7","18.8","75","0","0","0","0","0","0","0","0","0","0","1","0","0","0","0","0","0","0","0","0","0","70.8","0.33","4.42"
"Cooper Kupp","LA","4","WR","26","26","0","211","0","1","0","0","100","4.54","8.12","8.12","3.65","4","4","1","15.4","15.4","100","1","1","3.8","3.8","100","0","0","0","0","0","0","0","0","0","0","0","0","0","0","0","0","0","0","0","0","0","53.1","0.27","2.04"
"Curtis Samuel","CAR","4","WR","31","23","1","334","2","0","0","3","74.2","10","10.77","14.52","3.96","7","6","0","22.6","26.1","0","1","0","3.2","0","0","14","1","83","0","0","0","5.93","3.64","4","0.29","1","4","0","28.6","0","0","0","0","0","0","0","70.7","0.37","1.91"
"Jakeem Grant","MIA","3","WR","17","10","0","117","0","0","0","3","58.8","10.35","6.88","11.7","10.3","2","1","0","11.8","10","0","0","0","0","0","0","0","0","0","0","0","0","0","0","0","0","0","0","0","0","0","0","0","0","0","0","0","21.7","0.24","2.17"
"Tyreek Hill","KC","4","WR","31","19","1","255","0","2","1","5","61.3","12.45","8.23","13.42","6.37","10","5","2","32.3","26.3","100","4","1","12.9","5.3","50","3","0","63","0","1","0","21","11.67","1","0.33","0","0","0","0","0","0","0","0","0","0","0","68.8","0.28","3.13"
"Tyler Boyd","CIN","4","WR","16","7","1","116","0","1","1","1","43.8","10.31","7.25","16.57","17.29","5","0","0","31.3","0","0","1","0","6.3","0","0","1","0","11","0","0","0","11","6","1","1","0","0","0","0","0","0","0","0","0","0","0","25.7","0.19","3.21"
"Adam Humphries","TEN","1","WR","4","1","0","9","0","0","0","1","25","9.75","2.25","9","1","2","1","0","50","100","0","0","0","0","0","0","0","0","0","0","0","0","0","0","0","0","0","0","0","0","0","0","0","0","0","0","0","1.9","0.07","1.9"
"Jamison Crowder","NYJ","5","WR","31","24","0","243","0","3","0","1","77.4","7.48","7.84","10.13","5.21","8","5","3","25.8","20.8","100","2","2","6.5","8.3","66.7","1","0","14","0","0","0","14","5","0","0","0","0","0","0","0","0","0","0","0","0","0","67.7","0.29","2.71"
"Willie Snead IV","BLT","3","WR","8","5","0","53","0","0","0","1","62.5","9.63","6.63","10.6","2.8","3","1","0","37.5","20","0","0","0","0","0","0","0","0","0","0","0","0","0","0","0","0","0","0","0","0","0","0","0","0","0","0","0","10.3","0.1","2.06"
"Tavon Austin","GB","4","WR","5","5","0","20","0","0","0","0","100","-4.8","4","4","8.8","0","0","0","0","0","0","0","0","0","0","0","0","0","0","0","0","0","0","0","0","0","0","0","0","0","0","0","0","0","0","0","0","7","0.23","1.4"
"Danny Amendola","DET","5","WR","24","18","0","191","0","0","0","0","75","9.08","7.96","10.61","4.39","4","2","0","16.7","11.1","0","2","0","8.3","0","0","0","0","0","0","0","0","0","0","0","0","0","0","0","0","0","0","0","0","0","0","0","37.1","0.25","2.06"
"Ashton Dulin","IND","5","WR","1","0","0","0","0","0","0","0","0","5","0","0","0","0","0","0","0","0","0","0","0","0","0","0","1","0","8","0","0","0","8","3","0","0","0","0","0","0","0","0","0","0","0","0","0","0.8","0.02","0.8"
"Diontae Spencer","DEN","4","WR","5","2","0","19","0","0","0","0","40","15.8","3.8","9.5","7","1","0","0","20","0","0","1","0","20","0","0","2","0","10","0","0","0","5","3","0","0","0","0","0","0","0","0","0","0","0","0","0","4.9","0.11","1.23"
"De'Michael Harris","IND","2","WR","0","0","0","0","0","0","0","0","0","0","0","0","0","0","0","0","0","0","0","0","0","0","0","0","1","0","-3","0","0","0","-3","2","1","1","0","0","0","0","0","0","0","0","0","0","0","-0.3","-0.02","-0.3"
"CeeDee Lamb","DAL","5","WR","30","21","2","285","0","1","1","3","70","11.7","9.5","13.57","5.33","6","2","0","20","9.5","0","2","0","6.7","0","0","3","0","37","0","1","0","12.33","8.33","1","0.33","0","1","1","33.3","100","0","0","0","0","0","0","65.2","0.32","2.72"
"Lynn Bowden Jr.","MIA","5","WR","34","27","0","212","0","0","0","0","79.4","4.74","6.24","7.85","4.37","2","0","0","5.9","0","0","1","0","2.9","0","0","5","0","23","0","0","0","4.6","3.4","5","1","0","2","0","40","0","0","0","0","0","0","0","50.5","0.17","1.58"
"Deebo Samuel","SF","2","WR","9","6","0","73","0","0","0","1","66.7","3.89","8.11","12.17","8.67","1","0","0","11.1","0","0","0","0","0","0","0","2","0","12","0","0","0","6","4","0","0","0","0","0","0","0","0","0","0","0","0","0","14.5","0.25","1.81"
"Cedrick Wilson","DAL","5","WR","1","1","0","3","0","0","0","0","100","1","3","3","2","0","0","0","0","0","0","0","0","0","0","0","0","0","0","0","0","0","0","0","0","0","0","0","0","0","0","0","0","0","0","0","0","1.3","0.02","1.3"
"Brandon Powell","ATL","4","WR","6","5","0","25","0","0","0","0","83.3","1.5","4.17","5","3.8","1","1","0","16.7","20","0","0","0","0","0","0","0","0","0","0","0","0","0","0","0","0","1","0","0","0","0","0","0","0","0","0","0","7.5","0.09","1.5"
"Trent Sherfield","ARZ","5","WR","6","4","0","44","0","0","0","0","66.7","12.33","7.33","11","6.5","3","1","0","50","25","0","0","0","0","0","0","0","0","0","0","0","0","0","0","0","0","0","0","0","0","0","0","0","0","0","0","0","8.4","0.15","2.1"
"Keke Coutee","HST","5","WR","32","27","2","362","1","2","0","2","84.4","10.09","11.31","13.41","5.07","8","6","2","25","22.2","100","4","2","12.5","7.4","100","0","0","0","0","0","0","0","0","0","0","2","0","0","0","0","0","0","0","0","0","0","78.2","0.35","2.9"
"Hunter Renfrow","LV","5","WR","27","18","0","147","0","0","0","1","66.7","5.26","5.44","8.17","4.28","4","1","0","14.8","5.6","0","1","0","3.7","0","0","0","0","0","0","0","0","0","0","0","0","1","0","0","0","0","0","0","0","0","0","0","32.7","0.17","1.82"
"Steven Mitchell Jr.","HST","5","WR","8","5","0","60","0","0","0","0","62.5","13.38","7.5","12","1.8","3","3","0","37.5","60","0","0","0","0","0","0","0","0","0","0","0","0","0","0","0","0","0","0","0","0","0","0","0","0","0","0","0","11","0.14","2.2"
"Mecole Hardman","KC","5","WR","23","12","0","126","0","1","0","2","52.2","11.35","5.48","10.5","7.5","7","3","1","30.4","25","100","2","1","8.7","8.3","100","2","0","15","0","0","0","7.5","10","1","0.5","1","1","0","50","0","0","0","0","0","0","0","32.1","0.22","2.29"
"Devin Duvernay","BLT","5","WR","3","2","0","2","0","0","0","0","66.7","3","0.67","1","4","1","1","0","33.3","50","0","0","0","0","0","0","2","0","29","0","0","0","14.5","12","1","0.5","0","0","0","0","0","0","0","0","0","0","0","5.1","0.05","1.27"
"Chad Beebe","MIN","5","WR","8","6","1","75","0","1","1","1","75","7","9.38","12.5","4.5","0","0","0","0","0","0","0","0","0","0","0","0","0","0","0","0","0","0","0","0","0","0","0","0","0","0","0","0","0","0","0","0","19.5","0.16","3.25"
"Zach Pascal","IND","5","WR","19","12","1","222","0","3","1","2","63.2","13.16","11.68","18.5","5.83","6","4","3","31.6","33.3","100","2","2","10.5","16.7","66.7","0","0","0","0","0","0","0","0","0","0","0","0","0","0","0","0","0","0","0","0","0","52.2","0.2","4.35"
"Greg Ward","PHI","5","WR","20","12","0","125","0","3","0","0","60","8.65","6.25","10.42","2.42","4","3","3","20","25","100","3","3","15","25","100","0","0","0","0","0","0","0","0","0","0","0","0","0","0","0","0","0","0","0","0","0","42.5","0.17","3.54"
"Gehrig Dieter","KC","2","WR","2","1","0","10","0","0","0","0","50","8","5","10","5","1","0","0","50","0","0","0","0","0","0","0","0","0","0","0","0","0","0","0","0","0","0","0","0","0","0","0","0","0","0","0","0","2","0.09","2"
"Jamal Agnew","DET","5","WR","4","4","0","41","0","0","0","0","100","1.25","10.25","10.25","9","1","1","0","25","25","0","0","0","0","0","0","3","0","18","0","0","0","6","0.33","0","0","0","0","0","0","0","0","0","0","0","0","0","9.9","0.16","1.41"
"Josh Reynolds","LA","5","WR","19","14","0","130","0","0","0","1","73.7","6.47","6.84","9.29","3.5","5","3","0","26.3","21.4","0","0","0","0","0","0","1","0","5","0","0","0","5","0","0","0","0","1","0","100","0","0","0","0","0","0","0","27.5","0.13","1.83"
"JuJu Smith-Schuster","PIT","5","WR","43","31","0","259","0","3","0","1","72.1","6.21","6.02","8.35","3.58","4","4","3","9.3","12.9","100","3","3","7","9.7","100","0","0","0","0","0","0","0","0","0","0","2","0","0","0","0","0","0","0","0","0","0","74.9","0.25","2.42"
"Tajae Sharpe","MIN","1","WR","1","0","0","0","0","0","0","0","0","44","0","0","0","1","0","0","100","0","0","0","0","0","0","0","0","0","0","0","0","0","0","0","0","0","0","0","0","0","0","0","0","0","0","0","0","0","0",""
"Donte Moncrief","NE","2","WR","0","0","0","0","0","0","0","0","0","0","0","0","0","0","0","0","0","0","0","0","0","0","0","0","1","0","4","0","0","0","4","8","1","1","0","1","0","100","0","0","0","0","0","0","0","0.4","0.02","0.4"
"Jarvis Landry","CLV","4","WR","30","26","0","226","0","2","0","1","86.7","5.97","7.53","8.69","4.46","12","9","2","40","34.6","100","3","2","10","7.7","100","1","0","3","0","1","0","3","1","0","0","2","1","1","100","100","1","1","100","100","0","0","66.9","0.31","2.48"
"Keenan Allen","LAC","3","WR","23","15","0","117","0","1","0","0","65.2","7.3","5.09","7.8","2.2","6","3","1","26.1","20","100","2","1","8.7","6.7","100","1","0","-1","0","0","0","-1","1","0","0","0","0","0","0","0","0","0","0","0","0","0","32.6","0.23","2.04"
"Robert Woods","LA","5","WR","41","29","0","257","0","1","0","2","70.7","5.98","6.27","8.86","4.07","6","4","1","14.6","13.8","100","1","1","2.4","3.4","100","4","1","40","0","0","0","10","1.25","0","0","0","0","0","0","0","0","0","0","0","0","0","64.7","0.21","1.96"
"Cole Beasley","BUF","4","WR","33","25","0","300","2","1","0","0","75.8","8.7","9.09","12","4.16","6","5","1","18.2","20","100","1","1","3","4","100","0","0","0","0","0","0","0","0","0","0","0","0","0","0","0","0","0","0","0","0","0","67","0.34","2.68"
"Golden Tate","NYG","3","WR","9","7","0","82","0","0","0","0","77.8","14.44","9.11","11.71","1.29","4","3","0","44.4","42.9","0","1","0","11.1","0","0","0","0","0","0","0","0","0","0","0","0","0","0","0","0","0","0","0","0","0","0","0","15.2","0.2","2.17"
"Larry Fitzgerald","ARZ","3","WR","14","11","0","73","0","1","0","0","78.6","7.64","5.21","6.64","1.82","3","3","1","21.4","27.3","100","1","1","7.1","9.1","100","0","0","0","0","0","0","0","0","0","0","0","0","0","0","0","0","0","0","0","0","0","24.3","0.14","2.21"
"John Hightower","PHI","2","WR","4","0","0","0","0","0","0","1","0","19.75","0","0","0","0","0","0","0","0","0","0","0","0","0","0","1","0","1","0","0","0","1","2","0","0","0","0","0","0","0","0","0","0","0","0","0","0.1","0","0.1"
"Justin Watson","TB","1","WR","0","0","0","0","0","0","0","0","0","0","0","0","0","0","0","0","0","0","0","0","0","0","0","0","0","0","0","0","0","0","0","0","0","0","0","0","0","0","0","0","0","0","0","0","0","0","0",""
"Brandon Zylstra","CAR","4","WR","2","1","0","3","0","0","0","0","50","18.5","1.5","3","0","0","0","0","0","0","0","0","0","0","0","0","1","0","1","0","0","0","1","-1","0","0","0","1","0","100","0","0","0","0","0","0","0","1.4","0.03","0.7"
"Jalen Reagor","PHI","5","WR","20","12","0","174","0","0","0","0","60","13.85","8.7","14.5","8","6","1","0","30","8.3","0","2","0","10","0","0","3","0","20","0","0","0","6.67","2.67","0","0","0","0","0","0","0","0","0","0","0","0","0","31.4","0.16","2.09"
"Quez Watkins","PHI","4","WR","12","7","1","106","0","1","0","2","58.3","9.17","8.83","15.14","8.14","2","1","0","16.7","14.3","0","1","0","8.3","0","0","0","0","0","0","0","0","0","0","0","0","0","0","0","0","0","0","0","0","0","0","0","23.6","0.24","3.37"
"K.J. Hamler","DEN","4","WR","10","5","1","106","0","2","1","2","50","14.6","10.6","21.2","5","3","2","2","30","40","100","0","0","0","0","0","3","0","16","0","0","0","5.33","0.33","0","0","0","0","0","0","0","0","0","0","0","0","0","29.2","0.21","3.65"
"Justin Jefferson","MIN","5","WR","50","36","1","482","3","1","0","0","72","10.52","9.64","13.39","4.56","13","6","1","26","16.7","100","4","1","8","2.8","100","1","0","2","0","0","0","2","4","0","0","1","0","0","0","0","0","0","0","0","1","2","99.4","0.29","2.69"
"Laviska Shenault Jr.","JAX","5","WR","36","25","0","246","0","4","0","1","69.4","7.89","6.83","9.84","3.88","8","4","4","22.2","16","100","5","3","13.9","12","75","6","0","31","0","0","0","5.17","3.67","3","0.5","0","0","0","0","0","0","0","0","0","0","0","76.7","0.36","2.47"
"Henry Ruggs III","LV","4","WR","12","9","1","140","0","1","1","1","75","15","11.67","15.56","2.89","2","1","1","16.7","11.1","100","1","0","8.3","0","0","2","0","7","0","0","0","3.5","2","1","0.5","2","0","0","0","0","0","0","0","0","0","0","29.7","0.16","2.7"
"Gabriel Davis","BUF","5","WR","26","13","2","245","1","3","1","2","50","18.19","9.42","18.85","4.31","12","5","3","46.2","38.5","100","5","1","19.2","7.7","33.3","0","0","0","0","0","0","0","0","0","0","1","0","0","0","0","0","0","0","0","0","0","58.5","0.19","4.5"
"Isaiah Coulter","HST","1","WR","0","0","0","0","0","0","0","0","0","0","0","0","0","0","0","0","0","0","0","0","0","0","0","0","0","0","0","0","0","0","0","0","0","0","0","0","0","0","0","0","0","0","0","0","0","0","0",""
"N'Keal Harry","NE","5","WR","15","9","0","96","0","1","0","1","60","14.13","6.4","10.67","0.89","4","2","1","26.7","22.2","100","1","1","6.7","11.1","100","0","0","0","0","0","0","0","0","0","0","0","0","0","0","0","0","0","0","0","0","0","24.6","0.13","2.73"
"D.J. Moore","CAR","3","WR","27","16","2","269","2","0","0","0","59.3","15.85","9.96","16.81","5.06","9","3","0","33.3","18.8","0","2","0","7.4","0","0","1","0","1","0","0","0","1","3","0","0","0","0","0","0","0","0","0","0","0","0","0","49","0.3","2.88"
"Dante Pettis","NYG","2","WR","5","4","0","76","0","1","0","0","80","15.2","15.2","19","1.75","1","1","1","20","25","100","0","0","0","0","0","0","0","0","0","0","0","0","0","0","0","0","0","0","0","0","0","0","0","0","0","0","17.6","0.36","4.4"
"Nsimba Webster","LA","2","WR","0","0","0","0","0","0","0","0","0","0","0","0","0","0","0","0","0","0","0","0","0","0","0","0","0","0","0","0","0","0","0","0","0","0","0","0","0","0","0","0","0","0","0","0","0","0","0",""
"Antonio Callaway","MIA","2","WR","2","0","0","0","0","0","0","0","0","7","0","0","0","0","0","0","0","0","0","0","0","0","0","0","0","0","0","0","0","0","0","0","0","0","0","0","0","0","0","0","0","0","0","0","0","0","0",""
"Jaleel Scott","NYJ","1","WR","1","1","0","16","0","0","0","0","100","13","16","16","3","0","0","0","0","0","0","0","0","0","0","0","0","0","0","0","0","0","0","0","0","0","0","0","0","0","0","0","0","0","0","0","0","2.6","0.29","2.6"
"Travis Fulgham","PHI","5","WR","9","5","0","72","0","0","0","1","55.6","17.11","8","14.4","0.2","4","0","0","44.4","0","0","2","0","22.2","0","0","0","0","0","0","0","0","0","0","0","0","0","0","0","0","0","0","0","0","0","0","0","12.2","0.11","2.44"
"Equanimeous St. Brown","GB","5","WR","5","3","0","43","0","1","0","0","60","17.4","8.6","14.33","3.67","1","1","1","20","33.3","100","1","1","20","33.3","100","0","0","0","0","0","0","0","0","0","0","0","0","0","0","0","0","0","0","0","0","0","13.3","0.18","4.43"
"Riley Ridley","CHI","2","WR","0","0","0","0","0","0","0","0","0","0","0","0","0","0","0","0","0","0","0","0","0","0","0","0","0","0","0","0","0","0","0","0","0","0","0","0","0","0","0","0","0","0","0","0","0","0","0",""
"Cam Sims","WAS","5","WR","31","19","1","232","0","0","0","3","61.3","10.65","7.48","12.21","7.21","8","3","0","25.8","15.8","0","1","0","3.2","0","0","1","0","5","0","0","0","5","4","0","0","0","0","0","0","0","0","0","0","0","0","0","42.7","0.13","2.14"
"Ray-Ray McCloud III","PIT","5","WR","5","5","0","-1","0","0","0","0","100","-1.8","-0.2","-0.2","1.6","1","1","0","20","20","0","0","0","0","0","0","0","0","0","0","0","0","0","0","0","0","0","0","0","0","0","0","0","0","0","0","0","4.9","0.17","0.98"
"Olabisi Johnson","MIN","5","WR","2","1","0","13","0","0","0","0","50","18","6.5","13","12","1","0","0","50","0","0","1","0","50","0","0","0","0","0","0","0","0","0","0","0","0","0","0","0","0","0","0","0","0","0","0","0","2.3","0.04","2.3"
"Nick Westbrook-Ikhine","TEN","4","WR","3","1","0","19","0","0","0","0","33.3","11.33","6.33","19","0","0","0","0","0","0","0","0","0","0","0","0","0","0","0","0","0","0","0","0","0","0","0","0","0","0","0","0","0","0","0","0","0","2.9","0.06","2.9"
"Collin Johnson","JAX","3","WR","10","7","0","107","0","0","0","0","70","14.4","10.7","15.29","2.71","2","2","0","20","28.6","0","0","0","0","0","0","0","0","0","0","0","0","0","0","0","0","0","0","0","0","0","0","0","0","0","1","1","17.7","0.3","2.53"
"Denzel Mims","NYJ","4","WR","9","6","0","73","0","0","0","0","66.7","12.22","8.11","12.17","3.83","1","1","0","11.1","16.7","0","0","0","0","0","0","0","0","0","0","0","0","0","0","0","0","0","0","0","0","0","0","0","0","0","1","1","13.3","0.07","2.22"
"James Washington","PIT","5","WR","18","7","1","129","0","2","1","1","38.9","17.67","7.17","18.43","7.43","4","1","1","22.2","14.3","50","3","1","16.7","14.3","50","0","0","0","0","0","0","0","0","0","0","0","0","0","0","0","0","0","0","0","0","0","31.9","0.2","4.56"
"Christian Kirk","ARZ","4","WR","21","14","0","125","0","0","0","1","66.7","11.14","5.95","8.93","4.07","7","2","0","33.3","14.3","0","3","0","14.3","0","0","0","0","0","0","0","0","0","0","0","0","0","0","0","0","0","0","0","0","0","0","0","26.5","0.11","1.89"
"Malcolm Perry","MIA","4","WR","3","2","0","30","0","1","0","0","66.7","21.33","10","15","1.5","2","1","1","66.7","50","100","2","1","66.7","50","100","1","0","4","0","0","0","4","3","0","0","0","0","0","0","0","0","0","0","0","0","0","11.4","0.25","3.8"
"Byron Pringle","KC","3","WR","6","4","0","52","0","1","0","0","66.7","8.83","8.67","13","6.5","2","2","1","33.3","50","100","1","1","16.7","25","100","0","0","0","0","0","0","0","0","0","0","0","0","0","0","0","0","0","0","0","0","0","15.2","0.26","3.8"
"Chase Claypool","PIT","5","WR","33","17","1","262","1","1","0","1","51.5","15.52","7.94","15.41","4.94","10","4","1","30.3","23.5","100","3","1","9.1","5.9","100","1","0","-6","0","0","0","-6","0","0","0","0","0","0","0","0","0","0","0","0","0","1","51.6","0.26","2.87"
"Javon Wims","CHI","5","WR","4","1","0","13","0","0","0","1","25","19.5","3.25","13","1","3","1","0","75","100","0","0","0","0","0","0","1","0","2","0","0","0","2","3","1","1","0","0","0","0","0","0","0","0","0","0","0","2.5","0.02","1.25"
"Joe Reed","LAC","1","WR","0","0","0","0","0","0","0","0","0","0","0","0","0","0","0","0","0","0","0","0","0","0","0","0","0","0","0","0","0","0","0","0","0","0","0","0","0","0","0","0","0","0","0","0","0","0","0",""
"Antonio Gandy-Golden","WAS","1","WR","3","0","0","0","0","0","0","0","0","20.67","0","0","0","1","0","0","33.3","0","0","1","0","33.3","0","0","0","0","0","0","0","0","0","0","0","0","0","0","0","0","0","0","0","0","0","0","0","0","0",""
"KeeSean Johnson","ARZ","5","WR","14","11","1","137","0","0","0","0","78.6","9.64","9.79","12.45","3.45","2","1","0","14.3","9.1","0","1","0","7.1","0","0","0","0","0","0","0","0","0","0","0","0","0","0","0","0","0","0","0","0","0","0","0","24.7","0.16","2.25"
"J.J. Arcega-Whiteside","PHI","1","WR","3","2","0","40","0","0","0","0","66.7","15.33","13.33","20","1.5","1","1","0","33.3","50","0","0","0","0","0","0","0","0","0","0","0","0","0","0","0","0","0","0","0","0","0","0","0","0","0","0","0","6","0.15","3"
"Michael Pittman Jr.","IND","5","WR","19","14","0","173","0","0","0","0","73.7","9.68","9.11","12.36","6.5","5","2","0","26.3","14.3","0","1","0","5.3","0","0","2","0","5","0","0","0","2.5","2.5","0","0","0","1","0","50","0","0","0","0","0","0","0","31.8","0.12","1.99"
"Juwan Johnson","NO","5","WR","6","3","0","34","0","0","0","1","50","8.83","5.67","11.33","6.67","0","0","0","0","0","0","0","0","0","0","0","0","0","0","0","0","0","0","0","0","0","0","0","0","0","0","0","0","0","0","0","0","6.4","0.06","2.13"
"K.J. Hill","LAC","5","WR","5","5","0","50","0","0","0","0","100","5.6","10","10","4.4","0","0","0","0","0","0","0","0","0","0","0","0","0","0","0","0","0","0","0","0","0","0","0","0","0","0","0","0","0","0","0","0","10","0.19","2"
"KhaDarel Hodge","CLV","2","WR","2","2","0","25","0","0","0","0","100","11.5","12.5","12.5","1","2","2","0","100","100","0","0","0","0","0","0","0","0","0","0","0","0","0","0","0","0","0","0","0","0","0","0","0","0","0","0","0","4.5","0.13","2.25"
"Michael Gallup","DAL","5","WR","35","22","1","305","1","4","0","1","62.9","12.54","8.71","13.86","5","13","8","4","37.1","36.4","100","7","3","20","13.6","75","0","0","0","0","0","0","0","0","0","0","0","0","0","0","0","0","0","0","0","0","0","79.5","0.27","3.61"
"Deon Cain","PIT","1","WR","0","0","0","0","0","0","0","0","0","0","0","0","0","0","0","0","0","0","0","0","0","0","0","0","0","0","0","0","0","0","0","0","0","0","0","0","0","0","0","0","0","0","0","0","0","0","0",""
"Kendrick Bourne","SF","5","WR","23","17","1","255","0","1","1","2","73.9","11.22","11.09","15","4","6","5","1","26.1","29.4","100","2","1","8.7","5.9","100","0","0","0","0","0","0","0","0","0","0","0","0","0","0","0","0","0","0","0","1","1","48.5","0.22","2.85"
"Austin Carr","NO","2","WR","2","1","0","11","0","1","0","0","50","20","5.5","11","0","2","1","1","100","100","100","2","1","100","100","100","0","0","0","0","0","0","0","0","0","0","0","0","0","0","0","0","0","0","0","0","0","8.1","0.25","8.1"
"Tim Patrick","DEN","5","WR","20","15","0","179","0","3","0","0","75","8","8.95","11.93","6.07","4","3","3","20","20","100","1","1","5","6.7","33.3","0","0","0","0","0","0","0","0","0","0","0","0","0","0","0","0","0","0","0","0","1","50.9","0.21","3.39"
"Isaiah Ford","MIA","3","WR","15","10","0","92","0","0","0","1","66.7","11.6","6.13","9.2","2.1","3","3","0","20","30","0","0","0","0","0","0","0","0","0","0","0","0","0","0","0","0","0","0","0","0","0","0","0","0","0","0","1","19.2","0.13","1.92"
"David Moore","SEA","5","WR","13","8","1","86","0","1","0","1","61.5","10.38","6.62","10.75","5.5","4","1","1","30.8","12.5","100","3","1","23.1","12.5","100","2","0","14","0","0","0","7","6","2","1","0","0","0","0","0","0","0","0","0","0","0","24","0.15","2.4"
"Chad Hansen","HST","5","WR","22","17","0","236","1","1","0","2","77.3","11.82","10.73","13.88","2.06","3","2","1","13.6","11.8","100","0","0","0","0","0","0","0","0","0","0","0","0","0","0","0","0","0","0","0","0","0","0","0","0","0","1","49.6","0.17","2.92"
"Zay Jones","LV","5","WR","5","2","0","46","0","0","0","1","40","11.6","9.2","23","3","2","0","0","40","0","0","1","0","20","0","0","0","0","0","0","0","0","0","0","0","0","0","0","0","0","0","0","0","0","0","0","0","6.6","0.06","3.3"
"Mike Williams","LAC","5","WR","25","16","1","227","1","1","1","2","64","12.88","9.08","14.19","3.06","7","2","1","28","12.5","100","3","0","12","0","0","0","0","0","0","0","0","0","0","0","0","0","0","0","0","0","0","0","0","0","0","0","47.7","0.27","2.98"
"Corey Davis","TEN","5","WR","34","23","2","365","2","2","1","3","67.6","13.24","10.74","15.87","4.87","9","4","1","26.5","17.4","50","4","1","11.8","4.3","50","0","0","0","0","0","0","0","0","0","0","1","0","0","0","0","0","0","0","0","0","0","77.5","0.3","3.37"
"Marvin Hall","CLV","1","WR","2","1","0","12","0","0","0","0","50","16","6","12","0","0","0","0","0","0","0","0","0","0","0","0","0","0","0","0","0","0","0","0","0","0","0","0","0","0","0","0","0","0","0","0","0","2.2","0.03","2.2"
"Jaydon Mickens","TB","1","WR","0","0","0","0","0","0","0","0","0","0","0","0","0","0","0","0","0","0","0","0","0","0","0","0","0","0","0","0","0","0","0","0","0","0","0","0","0","0","0","0","0","0","0","0","0","0","0",""
"Tommylee Lewis","NO","4","WR","2","0","0","0","0","0","0","1","0","21","0","0","0","1","0","0","50","0","0","1","0","50","0","0","2","0","14","0","0","0","7","10.5","1","0.5","0","0","0","0","0","0","0","0","0","0","0","1.4","0.08","0.7"
"Marcus Johnson","IND","2","WR","1","0","0","0","0","0","0","0","0","25","0","0","0","0","0","0","0","0","0","0","0","0","0","0","0","0","0","0","0","0","0","0","0","0","0","0","0","0","0","0","0","0","0","0","0","0","0",""
"Kalif Raymond","TEN","4","WR","2","0","0","0","0","0","0","0","0","20.5","0","0","0","0","0","0","0","0","0","0","0","0","0","0","0","0","0","0","0","0","0","0","0","0","0","0","0","0","0","0","0","0","0","0","0","0","0",""
"Marken Michel","CAR","1","WR","0","0","0","0","0","0","0","0","0","0","0","0","0","0","0","0","0","0","0","0","0","0","0","0","0","0","0","0","0","0","0","0","0","0","0","0","0","0","0","0","0","0","0","0","0","0","0",""
"Rashard Higgins","CLV","4","WR","24","18","1","294","0","2","0","1","75","14.38","12.25","16.33","2.94","9","8","2","37.5","44.4","100","3","2","12.5","11.1","100","0","0","0","0","0","0","0","0","0","0","3","0","0","0","0","0","0","0","0","0","0","59.4","0.28","3.3"
"Chris Moore","BLT","2","WR","0","0","0","0","0","0","0","0","0","0","0","0","0","0","0","0","0","0","0","0","0","0","0","0","0","0","0","0","0","0","0","0","0","0","0","0","0","0","0","0","0","0","0","0","0","0","0",""
"Sterling Shepard","NYG","5","WR","39","25","0","297","1","2","0","1","64.1","9.87","7.62","11.88","3.96","7","4","2","17.9","16","100","2","1","5.1","4","50","3","0","21","0","1","0","7","2","0","0","0","0","0","0","0","0","0","0","0","1","1","77.8","0.36","2.78"
"Jake Kumerow","NO","3","WR","1","1","0","22","0","1","0","0","100","24","22","22","0","1","1","1","100","100","100","1","1","100","100","100","0","0","0","0","0","0","0","0","0","0","0","0","0","0","0","0","0","0","0","0","0","9.2","0.71","9.2"
"DeAndre Carter","CHI","3","WR","0","0","0","0","0","0","0","0","0","0","0","0","0","0","0","0","0","0","0","0","0","0","0","0","0","0","0","0","0","0","0","0","0","0","0","0","0","0","0","0","0","0","0","0","0","0","0",""
"Stefon Diggs","BUF","5","WR","55","47","2","590","3","4","1","0","85.5","11.09","10.73","12.55","4.68","12","9","3","21.8","19.1","75","2","1","3.6","2.1","25","1","0","1","0","0","0","1","2","1","1","0","0","0","0","0","0","0","0","0","0","0","139.1","0.47","2.9"
"Tyler Lockett","SEA","5","WR","40","30","0","283","0","2","0","1","75","8.25","7.08","9.43","3.63","7","3","2","17.5","10","100","4","2","10","6.7","100","0","0","0","0","0","0","0","0","0","0","1","0","0","0","0","0","0","0","0","0","0","70.3","0.25","2.34"
"Breshad Perriman","NYJ","5","WR","21","8","1","153","0","0","0","2","38.1","15.81","7.29","19.13","6.5","5","0","0","23.8","0","0","1","0","4.8","0","0","1","0","6","0","0","0","6","12","0","0","0","0","0","0","0","0","0","0","0","0","0","23.9","0.08","2.66"
"Jordan Matthews","SF","1","WR","0","0","0","0","0","0","0","0","0","0","0","0","0","0","0","0","0","0","0","0","0","0","0","0","0","0","0","0","0","0","0","0","0","0","0","0","0","0","0","0","0","0","0","0","0","0","0",""
"Sammy Watkins","KC","4","WR","17","12","0","161","0","0","0","2","70.6","10.18","9.47","13.42","5.75","2","1","0","11.8","8.3","0","1","0","5.9","0","0","0","0","0","0","0","0","0","0","0","0","0","0","0","0","0","0","0","0","0","0","0","28.1","0.12","2.34"
"Adam Thielen","MIN","5","WR","31","25","0","279","0","3","0","1","80.6","9.55","9","11.16","3.68","7","4","3","22.6","16","100","5","3","16.1","12","100","0","0","0","0","0","0","0","0","0","0","0","0","0","0","0","0","0","0","0","0","0","70.9","0.2","2.84"
"Marvin Jones Jr.","DET","5","WR","45","33","1","475","3","4","1","0","73.3","15.58","10.56","14.39","2.39","13","9","4","28.9","27.3","100","4","2","8.9","6.1","50","0","0","0","0","0","0","0","0","0","0","0","0","0","0","0","0","0","0","0","0","1","113.5","0.4","3.44"
"Alshon Jeffery","PHI","4","WR","6","4","0","100","0","1","0","0","66.7","17.17","16.67","25","6.25","1","1","1","16.7","25","100","1","1","16.7","25","100","0","0","0","0","0","0","0","0","0","0","0","0","0","0","0","0","0","0","0","0","0","20","0.14","5"
"Antonio Brown","TB","4","WR","33","25","1","315","1","4","1","0","75.8","7.79","9.55","12.6","7.12","10","6","4","30.3","24","100","5","2","15.2","8","50","0","0","0","0","0","0","0","0","0","0","0","0","0","0","0","0","0","0","0","0","0","83.5","0.53","3.34"
"Emmanuel Sanders","NO","5","WR","34","25","1","309","0","2","0","3","73.5","9.85","9.09","12.36","3.6","7","6","2","20.6","24","100","3","2","8.8","8","100","1","0","12","0","0","0","12","4","0","0","0","0","0","0","0","0","0","0","0","0","0","69.1","0.31","2.66"
"Matthew Slater","NE","1","WR","0","0","0","0","0","0","0","0","0","0","0","0","0","0","0","0","0","0","0","0","0","0","0","0","0","0","0","0","0","0","0","0","0","0","0","0","0","0","0","0","0","0","0","0","0","0","0",""
"Craig Reynolds","JAX","1","RB","1","1","0","3","0","0","0","0","100","1","3","3","2","0","0","0","0","0","0","0","0","0","0","0","1","0","4","0","0","0","4","3","0","0","0","0","0","0","0","0","0","0","0","0","0","1.7","0.57","0.85"
"Darwin Thompson","KC","1","RB","7","7","0","65","0","1","0","0","100","-3.29","9.29","9.29","12.57","1","1","1","14.3","14.3","100","0","0","0","0","0","14","0","45","0","1","0","3.21","2.21","3","0.21","1","3","1","21.4","100","1","1","7.1","100","0","0","30","0.61","1.43"
"Scottie Phillips","HST","2","RB","1","1","0","7","0","0","0","0","100","3","7","7","4","1","1","0","100","100","0","0","0","0","0","0","2","0","9","0","0","0","4.5","2.5","0","0","0","0","0","0","0","0","0","0","0","0","0","2.6","0.52","0.87"
"Antonio Gibson","WAS","3","RB","5","4","0","14","0","0","0","0","80","-1.2","2.8","3.5","5.75","0","0","0","0","0","0","0","0","0","0","0","31","0","150","0","0","0","4.84","3.06","7","0.23","0","2","0","6.5","0","1","0","3.2","0","0","0","20.4","0.33","0.58"
"Trenton Cannon","CAR","3","RB","0","0","0","0","0","0","0","0","0","0","0","0","0","0","0","0","0","0","0","0","0","0","0","0","1","0","-2","0","0","0","-2","0","0","0","0","0","0","0","0","0","0","0","0","0","0","-0.2","-0.02","-0.2"
"Jonathan Taylor","IND","5","RB","12","10","0","72","0","1","0","1","83.3","0.83","6","7.2","8","1","1","0","8.3","10","0","0","0","0","0","0","97","3","651","2","7","2","6.71","3.82","29","0.3","0","20","5","20.6","71.4","7","4","7.2","57.1","0","0","136.3","0.68","1.27"
"Salvon Ahmed","MIA","3","RB","6","5","0","25","0","0","0","0","83.3","-2.17","4.17","5","8","0","0","0","0","0","0","0","0","0","0","0","35","0","153","1","2","0","4.37","2.17","6","0.17","0","11","2","31.4","100","3","1","8.6","50","1","0","37.8","0.42","0.94"
"J.K. Dobbins","BLT","5","RB","2","1","0","17","0","0","0","1","50","-5","8.5","17","22","1","0","0","50","0","0","0","0","0","0","0","62","1","425","1","6","1","6.85","3.81","11","0.18","2","17","5","27.4","83.3","6","5","9.7","83.3","1","1","84.2","0.53","1.34"
"Anthony McFarland Jr.","PIT","3","RB","2","1","0","9","0","0","0","0","50","7.5","4.5","9","11","1","0","0","50","0","0","0","0","0","0","0","10","0","37","0","0","0","3.7","2.8","1","0.1","0","1","0","10","0","0","0","0","0","0","0","5.6","0.18","0.51"
"Clyde Edwards-Helaire","KC","2","RB","8","6","0","63","0","0","0","0","75","0.38","7.88","10.5","11.67","0","0","0","0","0","0","0","0","0","0","0","30","0","111","0","0","0","3.7","2.7","4","0.13","0","3","0","10","0","1","0","3.3","0","0","0","23.4","0.26","0.65"
"D'Andre Swift","DET","4","RB","17","15","0","82","0","0","0","1","88.2","-2.06","4.82","5.47","7.73","2","1","0","11.8","6.7","0","0","0","0","0","0","44","0","190","0","4","0","4.32","2.73","9","0.2","2","9","4","20.5","100","6","3","13.6","75","0","0","66.2","0.45","1.12"
"Cam Akers","LA","4","RB","11","8","0","96","0","0","0","1","72.7","4.82","8.73","12","8.38","2","1","0","18.2","12.5","0","0","0","0","0","0","86","0","340","1","1","0","3.95","2.5","9","0.1","1","22","1","25.6","100","7","0","8.1","0","0","0","60.6","0.33","0.64"
"A.J. Dillon","GB","3","RB","1","1","0","5","0","0","0","0","100","4","5","5","1","1","1","0","100","100","0","0","0","0","0","0","23","0","145","1","2","0","6.3","4.48","11","0.48","0","4","1","17.4","50","0","0","0","0","0","0","31","0.65","1.29"
"DeeJay Dallas","SEA","2","RB","3","2","0","11","0","0","0","0","66.7","-2.67","3.67","5.5","8.5","0","0","0","0","0","0","0","0","0","0","0","4","0","7","0","0","0","1.75","1.75","1","0.25","0","1","0","25","0","0","0","0","0","0","0","3.8","0.19","0.63"
"Minkah Fitzpatrick","PIT","1","RB","0","0","0","0","0","0","0","0","0","0","0","0","0","0","0","0","0","0","0","0","0","0","0","0","0","0","0","0","0","0","0","0","0","0","0","0","0","0","0","0","0","0","0","0","0","0","0",""
"Nyheim Hines","IND","5","RB","22","20","0","120","0","0","0","1","90.9","-0.77","5.45","6","7.1","2","1","0","9.1","5","0","0","0","0","0","0","28","0","172","0","1","0","6.14","2.93","5","0.18","0","10","1","35.7","100","2","1","7.1","100","0","0","55.2","0.54","1.15"
"Jaylen Samuels","PIT","4","RB","8","7","0","41","0","0","0","0","87.5","-1.5","5.13","5.86","7.71","0","0","0","0","0","0","0","0","0","0","0","6","0","20","0","0","0","3.33","2.33","0","0","0","0","0","0","0","0","0","0","0","0","0","13.1","0.2","1.01"
"Gus Edwards","BLT","5","RB","6","6","0","87","0","0","0","0","100","6.83","14.5","14.5","7.67","2","2","0","33.3","33.3","0","0","0","0","0","0","50","0","337","1","2","0","6.74","4.06","12","0.24","0","12","2","24","100","2","0","4","0","0","0","63.4","0.56","1.13"
"Benny Snell Jr.","PIT","5","RB","6","5","0","28","0","0","0","0","83.3","-2","4.67","5.6","8","0","0","0","0","0","0","0","0","0","0","0","38","0","113","0","1","0","2.97","2.16","4","0.11","0","9","1","23.7","100","7","1","18.4","100","0","0","25.1","0.21","0.58"
"Josh Jacobs","LV","4","RB","9","6","0","63","0","0","0","2","66.7","1.78","7","10.5","9.33","0","0","0","0","0","0","0","0","0","0","0","67","0","283","0","3","0","4.22","2.96","12","0.18","0","23","2","34.3","66.7","8","2","11.9","66.7","0","0","58.6","0.39","0.8"
"Ito Smith","ATL","5","RB","8","6","0","22","0","0","0","0","75","-1","2.75","3.67","5.17","1","0","0","12.5","0","0","0","0","0","0","0","38","0","157","0","0","0","4.13","1.82","3","0.08","1","1","0","2.6","0","0","0","0","0","0","0","23.9","0.21","0.54"
"Myles Gaskin","MIA","3","RB","12","11","1","190","0","2","1","1","91.7","0.75","15.83","17.27","17.36","1","1","1","8.3","9.1","50","0","0","0","0","0","42","0","197","0","1","0","4.69","2.43","8","0.19","1","12","1","28.6","100","5","1","11.9","100","0","0","67.7","0.45","1.28"
"Dexter Williams","GB","1","RB","0","0","0","0","0","0","0","0","0","0","0","0","0","0","0","0","0","0","0","0","0","0","0","0","0","0","0","0","0","0","0","0","0","0","0","0","0","0","0","0","0","0","0","0","0","0","0",""
"Devine Ozigbo","JAX","4","RB","6","6","0","37","0","0","0","0","100","0.17","6.17","6.17","6","0","0","0","0","0","0","0","0","0","0","0","1","0","1","0","0","0","1","1","0","0","0","0","0","0","0","0","0","0","0","0","0","9.8","0.47","1.4"
"Ke'Shawn Vaughn","TB","4","RB","2","1","0","7","0","0","0","1","50","1","3.5","7","6","0","0","0","0","0","0","0","0","0","0","0","18","0","63","0","0","0","3.5","2.44","3","0.17","0","1","0","5.6","0","0","0","0","0","0","0","8","0.15","0.42"
"Justice Hill","BLT","5","RB","2","2","0","12","0","0","0","0","100","0","6","6","6","1","1","0","50","50","0","0","0","0","0","0","3","0","25","0","0","0","8.33","3.67","0","0","0","0","0","0","0","0","0","0","0","0","0","5.7","0.19","1.14"
"LeVante Bellamy","DEN","2","RB","1","1","0","5","0","0","0","0","100","0","5","5","5","0","0","0","0","0","0","0","0","0","0","0","4","0","11","0","0","0","2.75","1.5","0","0","0","0","0","0","0","0","0","0","0","0","0","2.6","0.29","0.52"
"Chase Edmonds","ARZ","5","RB","19","13","0","91","0","1","0","0","68.4","0.11","4.79","7","7.23","2","2","1","10.5","15.4","100","0","0","0","0","0","27","0","104","0","0","0","3.85","2.63","6","0.22","0","6","0","22.2","0","0","0","0","0","0","0","38.5","0.26","0.96"
"Alexander Mattison","MIN","2","RB","4","4","0","64","0","1","0","0","100","1","16","16","15","0","0","0","0","0","0","0","0","0","0","0","22","0","96","0","1","0","4.36","2.77","5","0.23","0","5","1","22.7","100","2","1","9.1","100","0","0","32","0.57","1.23"
"Nick Chubb","CLV","5","RB","11","10","0","101","0","0","0","0","90.9","2.36","9.18","10.1","9.8","2","2","0","18.2","20","0","0","0","0","0","0","75","1","348","1","6","1","4.64","3.48","25","0.33","0","20","5","26.7","83.3","6","3","8","50","0","0","93.9","0.49","1.1"
"Trayveon Williams","CIN","4","RB","4","4","0","17","0","0","0","0","100","-2.5","4.25","4.25","6.75","0","0","0","0","0","0","0","0","0","0","0","20","1","137","0","0","0","6.85","5.65","6","0.3","1","1","0","5","0","0","0","0","0","0","0","19.4","0.4","0.81"
"Ty Johnson","NYJ","5","RB","10","10","0","75","0","1","0","0","100","-1.9","7.5","7.5","9.4","1","1","1","10","10","100","0","0","0","0","0","46","0","194","1","1","0","4.22","2.07","3","0.07","0","10","1","21.7","100","4","1","8.7","100","0","0","51.9","0.39","0.93"
"Ryan Nall","CHI","5","RB","0","0","0","0","0","0","0","0","0","0","0","0","0","0","0","0","0","0","0","0","0","0","0","0","2","0","0","0","0","0","0","2","0","0","0","0","0","0","0","0","0","0","0","0","0","0","0","0"
"Artavis Pierce","CHI","2","RB","0","0","0","0","0","0","0","0","0","0","0","0","0","0","0","0","0","0","0","0","0","0","0","0","3","0","25","0","1","0","8.33","7.33","1","0.33","0","1","1","33.3","100","1","1","33.3","100","0","0","8.5","1.42","2.83"
"Royce Freeman","DEN","5","RB","3","3","0","8","0","0","0","0","100","0","2.67","2.67","2.67","0","0","0","0","0","0","0","0","0","0","0","5","0","41","0","0","0","8.2","4.4","0","0","0","1","0","20","0","0","0","0","0","0","0","7.9","0.13","0.99"
"Kalen Ballage","LAC","5","RB","9","6","0","23","0","0","0","1","66.7","-0.67","2.56","3.83","5.67","0","0","0","0","0","0","0","0","0","0","0","39","0","109","0","2","0","2.79","2.23","8","0.21","1","7","2","17.9","100","5","2","12.8","100","0","0","31.2","0.28","0.69"
"D'Ernest Johnson","CLV","2","RB","1","1","0","5","0","0","0","0","100","0","5","5","5","1","1","0","100","100","0","0","0","0","0","0","4","0","24","0","0","0","6","2.25","0","0","0","0","0","0","0","0","0","0","0","0","0","3.9","0.56","0.78"
"David Montgomery","CHI","5","RB","21","19","0","186","0","0","0","0","90.5","0.71","8.86","9.79","9.21","4","3","0","19","15.8","0","0","0","0","0","0","105","1","495","2","7","1","4.71","3.33","21","0.2","0","26","6","24.8","85.7","6","3","5.7","42.9","0","0","135.1","0.5","1.09"
"Jason Huntley","PHI","1","RB","1","1","0","0","0","0","0","0","100","-2","0","0","2","0","0","0","0","0","0","0","0","0","0","0","2","0","5","0","0","0","2.5","2","0","0","0","0","0","0","0","0","0","0","0","0","0","1.5","0.07","0.5"
"Josh Adams","NYJ","4","RB","5","4","0","15","0","0","0","1","80","-1.2","3","3.75","4","0","0","0","0","0","0","0","0","0","0","0","25","0","148","0","1","0","5.92","4.32","3","0.12","0","4","1","16","100","3","1","12","100","0","0","26.3","0.47","0.91"
"Darrell Henderson","LA","4","RB","3","3","0","30","0","0","0","0","100","-3","10","10","13","0","0","0","0","0","0","0","0","0","0","0","18","0","114","0","1","0","6.33","2.39","5","0.28","0","1","0","5.6","0","0","0","0","0","0","0","23.4","0.38","1.11"
"Rico Dowdle","DAL","3","RB","0","0","0","0","0","0","0","0","0","0","0","0","0","0","0","0","0","0","0","0","0","0","0","0","4","0","11","0","0","0","2.75","2.25","0","0","0","1","0","25","0","0","0","0","0","0","0","1.1","0.11","0.28"
"Darrynton Evans","TEN","3","RB","3","2","0","27","0","1","0","0","66.7","0.67","9","13.5","14.5","1","1","1","33.3","50","100","0","0","0","0","0","9","0","33","0","0","0","3.67","2.56","1","0.11","0","5","0","55.6","0","3","0","33.3","0","0","0","14","0.7","1.27"
"Miles Sanders","PHI","4","RB","12","9","0","74","0","0","0","0","75","-0.67","6.17","8.22","9.67","0","0","0","0","0","0","0","0","0","0","0","56","1","267","1","3","1","4.77","3.39","6","0.11","1","11","2","19.6","66.7","4","2","7.1","66.7","0","1","64.1","0.3","0.99"
"Tony Jones Jr.","NO","1","RB","0","0","0","0","0","0","0","0","0","0","0","0","0","0","0","0","0","0","0","0","0","0","0","0","3","0","13","0","0","0","4.33","2.67","1","0.33","0","0","0","0","0","0","0","0","0","0","0","1.3","0.26","0.43"
"Devin Singletary","BUF","5","RB","10","10","0","62","0","0","0","0","100","0","6.2","6.2","6.2","3","3","0","30","30","0","0","0","0","0","0","46","1","204","0","1","1","4.43","3.89","10","0.22","0","8","0","17.4","0","2","0","4.3","0","0","0","42.6","0.23","0.76"
"Zack Moss","BUF","5","RB","4","3","0","18","0","0","0","0","75","2.5","4.5","6","7.33","0","0","0","0","0","0","0","0","0","0","0","44","0","198","0","1","0","4.5","2.73","5","0.11","0","12","1","27.3","100","3","1","6.8","100","0","0","30.6","0.21","0.65"
"Antonio Williams","BUF","1","RB","1","1","0","20","0","0","0","0","100","5","20","20","15","1","1","0","100","100","0","0","0","0","0","0","12","0","63","0","2","0","5.25","3.08","3","0.25","0","3","2","25","100","2","1","16.7","50","0","0","21.3","0.76","1.64"
"Boston Scott","PHI","5","RB","8","4","0","32","0","0","0","0","50","5.75","4","8","9.5","1","0","0","12.5","0","0","0","0","0","0","0","22","0","97","0","0","0","4.41","2.05","0","0","0","5","0","22.7","0","0","0","0","0","0","0","16.9","0.17","0.65"
"Damien Harris","NE","2","RB","3","2","0","15","0","0","0","0","66.7","-3.33","5","7.5","11","0","0","0","0","0","0","0","0","0","0","0","27","0","130","0","0","0","4.81","2.81","2","0.07","1","8","0","29.6","0","0","0","0","0","0","0","16.5","0.3","0.57"
"Kerryon Johnson","DET","5","RB","7","5","0","35","0","0","0","1","71.4","-2.14","5","7","8.6","0","0","0","0","0","0","0","0","0","0","0","5","0","6","0","1","0","1.2","1","0","0","0","2","1","40","100","1","1","20","100","0","0","15.1","0.21","1.51"
"Ronald Jones","TB","2","RB","2","1","0","4","0","0","0","0","50","0.5","2","4","5","0","0","0","0","0","0","0","0","0","0","0","30","0","158","0","2","0","5.27","3.37","5","0.17","0","5","2","16.7","100","2","2","6.7","100","0","0","29.2","0.42","0.94"
"Mike Boone","MIN","4","RB","1","1","0","4","0","0","0","0","100","-3","4","4","7","0","0","0","0","0","0","0","0","0","0","0","8","0","41","0","1","0","5.13","3.38","4","0.5","0","5","1","62.5","100","3","1","37.5","100","0","0","11.5","0.55","1.28"
"Justin Jackson","LAC","3","RB","5","4","0","42","0","0","0","0","80","-3.8","8.4","10.5","14.75","0","0","0","0","0","0","0","0","0","0","0","14","0","85","0","0","0","6.07","3.93","4","0.29","0","5","0","35.7","0","0","0","0","0","1","1","16.7","0.41","0.93"
"Jeff Wilson Jr.","SF","5","RB","17","7","0","58","0","2","0","4","41.2","2.53","3.41","8.29","5.43","4","2","2","23.5","28.6","100","2","1","11.8","14.3","50","76","0","397","1","3","0","5.22","3.55","9","0.12","1","14","3","18.4","100","6","2","7.9","66.7","0","0","85.5","0.43","1.03"
"Patrick Laird","MIA","4","RB","6","5","0","32","0","0","0","0","83.3","3","5.33","6.4","3.2","1","1","0","16.7","20","0","0","0","0","0","0","9","0","45","0","0","0","5","3.11","0","0","0","1","0","11.1","0","0","0","0","0","0","0","12.7","0.18","0.91"
"Sony Michel","NE","5","RB","6","5","0","91","0","1","0","0","83.3","-0.67","15.17","18.2","17.6","0","0","0","0","0","0","0","0","0","0","0","53","0","276","0","0","0","5.21","3.06","9","0.17","0","7","0","13.2","0","1","0","1.9","0","0","0","47.7","0.4","0.82"
"Rashaad Penny","SEA","3","RB","0","0","0","0","0","0","0","0","0","0","0","0","0","0","0","0","0","0","0","0","0","0","0","0","11","0","34","0","0","0","3.09","2.09","1","0.09","0","2","0","18.2","0","0","0","0","0","0","0","3.4","0.09","0.31"
"Tony Pollard","DAL","5","RB","18","13","0","104","0","1","0","0","72.2","-0.5","5.78","8","10","3","2","1","16.7","15.4","100","1","0","5.6","0","0","45","1","157","0","2","1","3.49","3.13","7","0.16","0","9","1","20","50","2","1","4.4","50","0","0","57.1","0.34","0.98"
"Jordan Wilkins","IND","2","RB","4","3","0","10","0","0","0","0","75","-0.75","2.5","3.33","8.67","1","1","0","25","33.3","0","0","0","0","0","0","6","0","15","0","0","0","2.5","1.33","1","0.17","0","0","0","0","0","0","0","0","0","0","0","5.5","0.29","0.61"
"La'Mical Perine","NYJ","1","RB","2","1","0","14","0","0","0","0","50","9.5","7","14","18","1","0","0","50","0","0","0","0","0","0","0","9","0","30","0","0","0","3.33","2.11","1","0.11","0","2","0","22.2","0","0","0","0","0","0","0","5.4","0.28","0.54"
"Rodney Smith","CAR","4","RB","8","8","0","57","0","0","0","0","100","1.63","7.13","7.13","5.5","0","0","0","0","0","0","0","0","0","0","0","23","0","96","0","1","0","4.17","2.48","1","0.04","0","4","1","17.4","100","1","1","4.3","100","0","0","29.3","0.29","0.95"
"J.J. Taylor","NE","3","RB","0","0","0","0","0","0","0","0","0","0","0","0","0","0","0","0","0","0","0","0","0","0","0","0","7","0","40","0","0","0","5.71","4.29","2","0.29","0","1","0","14.3","0","0","0","0","0","0","0","4","0.16","0.57"
"James Robinson","JAX","3","RB","13","13","0","64","0","1","0","0","100","-1.15","4.92","4.92","6.08","2","2","1","15.4","15.4","100","0","0","0","0","0","46","1","180","0","1","0","3.91","3.33","8","0.17","0","3","1","6.5","100","2","1","4.3","100","0","0","49.4","0.36","0.84"
"Joshua Kelley","LAC","3","RB","2","2","0","3","0","0","0","0","100","-3","1.5","1.5","4.5","0","0","0","0","0","0","0","0","0","0","0","2","0","8","0","0","0","4","2","0","0","0","0","0","0","0","0","0","0","0","0","0","3.1","0.34","0.78"
"Darrel Williams","KC","5","RB","9","6","0","34","0","0","0","1","66.7","-0.22","3.78","5.67","8","2","2","0","22.2","33.3","0","0","0","0","0","0","19","0","89","0","0","0","4.68","2.58","2","0.11","0","1","0","5.3","0","0","0","0","0","0","0","18.3","0.17","0.73"
"Buddy Howell","HST","4","RB","2","1","0","3","0","0","0","0","50","7.5","1.5","3","8","1","0","0","50","0","0","0","0","0","0","0","16","0","64","0","0","0","4","2.38","1","0.06","0","1","0","6.3","0","0","0","0","0","0","0","7.7","0.2","0.45"
"Phillip Lindsay","DEN","3","RB","5","5","0","14","0","0","0","0","100","-3.2","2.8","2.8","6","0","0","0","0","0","0","0","0","0","0","0","36","0","88","0","0","0","2.44","1.97","4","0.11","0","3","0","8.3","0","0","0","0","0","0","0","15.2","0.19","0.37"
"Dare Ogunbowale","JAX","5","RB","14","9","0","49","0","0","0","0","64.3","0.57","3.5","5.44","6.44","0","0","0","0","0","0","0","0","0","0","0","32","0","145","0","0","0","4.53","3.16","7","0.22","0","3","0","9.4","0","1","0","3.1","0","0","0","28.4","0.19","0.69"
"Matt Breida","MIA","1","RB","0","0","0","0","0","0","0","0","0","0","0","0","0","0","0","0","0","0","0","0","0","0","0","0","12","0","86","0","0","0","7.17","3.42","1","0.08","0","2","0","16.7","0","0","0","0","0","0","0","8.6","0.48","0.72"
"Corey Clement","PHI","3","RB","1","1","0","7","0","0","0","0","100","-3","7","7","10","0","0","0","0","0","0","0","0","0","0","0","1","0","1","0","0","0","1","3","0","0","0","1","0","100","0","1","0","100","0","0","0","1.8","0.11","0.9"
"Austin Ekeler","LAC","5","RB","29","26","0","174","0","2","0","0","89.7","-1.14","6","6.69","8.08","6","6","2","20.7","23.1","100","0","0","0","0","0","53","0","238","0","0","0","4.49","3","12","0.23","1","10","0","18.9","0","1","0","1.9","0","0","0","79.2","0.4","1"
"Chris Carson","SEA","5","RB","19","13","0","122","0","1","0","3","68.4","1.84","6.42","9.38","7.69","1","1","1","5.3","7.7","100","0","0","0","0","0","67","0","317","0","1","0","4.73","2.9","12","0.18","0","7","1","10.4","100","1","1","1.5","100","0","0","68.9","0.37","0.86"
"Aaron Jones","GB","5","RB","18","14","0","94","0","0","0","1","77.8","-0.83","5.22","6.71","8.36","1","1","0","5.6","7.1","0","0","0","0","0","0","71","3","480","2","3","1","6.76","4.48","16","0.23","0","15","2","21.1","66.7","1","1","1.4","33.3","0","1","95.4","0.48","1.12"
"Jeremy McNichols","TEN","5","RB","7","6","0","26","0","0","0","0","85.7","2","3.71","4.33","2.67","2","1","0","28.6","16.7","0","0","0","0","0","0","13","0","11","0","1","0","0.85","1.54","3","0.23","0","2","1","15.4","100","1","1","7.7","100","0","0","15.7","0.19","0.83"
"Brian Hill","ATL","5","RB","9","9","0","88","0","0","0","0","100","2.22","9.78","9.78","7.56","1","1","0","11.1","11.1","0","0","0","0","0","0","27","1","149","0","0","0","5.52","2.96","8","0.3","1","3","0","11.1","0","0","0","0","0","0","0","32.7","0.38","0.91"
"Wayne Gallman","NYG","5","RB","6","5","0","42","0","0","0","0","83.3","4.83","7","8.4","3.4","0","0","0","0","0","0","0","0","0","0","0","54","1","313","1","0","0","5.8","4.69","14","0.26","1","3","0","5.6","0","0","0","0","0","0","0","43.5","0.3","0.74"
"Jamaal Williams","GB","4","RB","4","4","0","24","0","0","0","0","100","0.25","6","6","5.75","0","0","0","0","0","0","0","0","0","0","0","21","0","96","0","0","0","4.57","2.86","2","0.1","0","5","0","23.8","0","0","0","0","0","0","0","16","0.28","0.64"
"Samaje Perine","CIN","5","RB","6","6","0","50","0","0","0","0","100","-3.17","8.33","8.33","11.5","1","1","0","16.7","16.7","0","0","0","0","0","0","39","1","199","0","2","1","5.1","3.69","18","0.46","0","11","1","28.2","50","1","1","2.6","50","0","0","42.9","0.41","0.95"
"James Conner","PIT","3","RB","12","10","0","70","0","0","0","1","83.3","-1","5.83","7","8.3","1","1","0","8.3","10","0","0","0","0","0","0","24","0","75","0","1","0","3.13","2.75","8","0.33","1","1","1","4.2","100","1","1","4.2","100","0","0","30.5","0.28","0.9"
"Kareem Hunt","CLV","5","RB","19","16","0","153","0","1","0","1","84.2","1.26","8.05","9.56","8.63","3","3","1","15.8","18.8","100","0","0","0","0","0","41","0","135","0","2","0","3.29","2.46","5","0.12","1","6","2","14.6","100","3","2","7.3","100","0","0","62.8","0.38","1.1"
"Alvin Kamara","NO","4","RB","23","15","0","110","0","1","0","1","65.2","1.35","4.78","7.33","7.4","4","3","1","17.4","20","100","1","0","4.3","0","0","59","1","347","1","8","1","5.88","3.66","16","0.27","0","15","7","25.4","87.5","4","4","6.8","50","0","0","117.7","0.66","1.59"
"Dalvin Cook","MIN","4","RB","19","15","0","106","0","0","0","2","78.9","-1.68","5.58","7.07","9.13","1","1","0","5.3","6.7","0","0","0","0","0","0","93","0","427","3","3","0","4.59","2.84","18","0.19","1","23","3","24.7","100","9","2","9.7","66.7","0","0","95.3","0.43","0.88"
"Leonard Fournette","TB","3","RB","10","8","0","62","0","0","0","0","80","-0.7","6.2","7.75","8.13","2","2","0","20","25","0","0","0","0","0","0","28","0","96","0","3","0","3.43","2.82","4","0.14","0","6","3","21.4","100","3","3","10.7","100","0","0","41.8","0.42","1.16"
"Jalen Richard","LV","4","RB","8","7","0","48","0","0","0","1","87.5","2.38","6","6.86","4.29","0","0","0","0","0","0","0","0","0","0","0","8","0","40","0","0","0","5","4.25","1","0.13","1","2","0","25","0","1","0","12.5","0","0","0","15.8","0.22","1.05"
"D.J. Foster","ARZ","3","RB","0","0","0","0","0","0","0","0","0","0","0","0","0","0","0","0","0","0","0","0","0","0","0","0","1","0","0","0","0","0","0","1","0","0","0","0","0","0","0","0","0","0","0","0","0","0","0","0"
"J.D. McKissic","WAS","5","RB","40","34","0","251","0","2","0","2","85","2.45","6.28","7.38","5.32","5","5","2","12.5","14.7","100","1","1","2.5","2.9","50","35","0","142","0","0","0","4.06","2.94","6","0.17","1","4","0","11.4","0","1","0","2.9","0","0","0","85.3","0.35","1.24"
"Peyton Barber","WAS","5","RB","4","2","0","1","0","0","0","2","50","-1.5","0.25","0.5","3","0","0","0","0","0","0","0","0","0","0","0","35","0","85","0","2","0","2.43","1.8","4","0.11","0","3","2","8.6","100","2","2","5.7","100","0","1","22.6","0.29","0.61"
"Alex Collins","SEA","1","RB","0","0","0","0","0","0","0","0","0","0","0","0","0","0","0","0","0","0","0","0","0","0","0","0","5","0","29","0","1","0","5.8","3.2","1","0.2","0","5","1","100","100","0","0","0","0","0","0","8.9","1.27","1.78"
"Jonathan Williams","DET","1","RB","0","0","0","0","0","0","0","0","0","0","0","0","0","0","0","0","0","0","0","0","0","0","0","0","0","0","0","0","0","0","0","0","0","0","0","0","0","0","0","0","0","0","0","0","0","0","0",""
"Jordan Howard","PHI","2","RB","0","0","0","0","0","0","0","0","0","0","0","0","0","0","0","0","0","0","0","0","0","0","0","0","7","0","27","0","0","0","3.86","2.57","0","0","0","1","0","14.3","0","0","0","0","0","0","0","2.7","0.15","0.39"
"DeAndre Washington","MIA","1","RB","4","2","0","17","0","0","0","0","50","5.5","4.25","8.5","4.5","1","0","0","25","0","0","0","0","0","0","0","13","0","35","0","0","0","2.69","2.08","3","0.23","0","1","0","7.7","0","1","0","7.7","0","0","0","7.2","0.18","0.48"
"Devontae Booker","LV","5","RB","7","6","0","20","0","0","0","0","85.7","-1.14","2.86","3.33","4.67","1","1","0","14.3","16.7","0","0","0","0","0","0","34","0","97","0","0","0","2.85","1.82","2","0.06","0","8","0","23.5","0","0","0","0","0","0","0","17.7","0.19","0.44"
"Tyler Ervin","GB","1","RB","0","0","0","0","0","0","0","0","0","0","0","0","0","0","0","0","0","0","0","0","0","0","0","0","0","0","0","0","0","0","0","0","0","0","0","0","0","0","0","0","0","0","0","0","0","0","0",""
"C.J. Prosise","HST","1","RB","1","1","0","10","0","0","0","0","100","3","10","10","7","0","0","0","0","0","0","0","0","0","0","0","1","0","2","0","0","0","2","2","0","0","0","0","0","0","0","0","0","0","0","0","0","2.2","0.17","1.1"
"Kenyan Drake","ARZ","5","RB","11","10","0","53","0","0","0","1","90.9","-2.18","4.82","5.3","7.8","0","0","0","0","0","0","0","0","0","0","0","71","0","236","0","3","0","3.32","2.49","10","0.14","2","18","3","25.4","100","9","3","12.7","100","0","0","56.9","0.3","0.7"
"Derrick Henry","TEN","5","RB","5","5","0","21","0","0","0","0","100","-1.8","4.2","4.2","6","0","0","0","0","0","0","0","0","0","0","0","122","3","770","3","5","1","6.31","4.54","27","0.22","3","10","3","8.2","60","5","2","4.1","40","1","2","123.1","0.56","0.97"
"Ezekiel Elliott","DAL","4","RB","17","13","0","82","0","0","0","2","76.5","0.59","4.82","6.31","6.46","2","1","0","11.8","7.7","0","0","0","0","0","0","63","0","272","1","1","0","4.32","3.54","17","0.27","0","15","1","23.8","100","7","1","11.1","100","0","0","57.4","0.34","0.76"
"Malcolm Brown","LA","5","RB","7","4","0","42","0","0","0","1","57.1","0","6","10.5","12.25","0","0","0","0","0","0","0","0","0","0","0","14","0","48","0","0","0","3.43","1.86","2","0.14","0","4","0","28.6","0","3","0","21.4","0","0","0","13","0.13","0.72"
"Raheem Mostert","SF","3","RB","3","3","0","6","0","0","0","0","100","-1.33","2","2","3.33","0","0","0","0","0","0","0","0","0","0","0","37","0","175","0","0","0","4.73","2.92","4","0.11","0","5","0","13.5","0","4","0","10.8","0","0","0","21.1","0.23","0.53"
"Mike Davis","CAR","3","RB","8","7","0","44","0","0","0","1","87.5","0.63","5.5","6.29","6.43","0","0","0","0","0","0","0","0","0","0","0","39","0","138","0","3","0","3.54","2.21","8","0.21","0","9","3","23.1","100","4","2","10.3","66.7","0","0","43.2","0.34","0.94"
"Ty Montgomery","NO","2","RB","3","1","0","2","0","0","0","0","33.3","3.67","0.67","2","7","1","0","0","33.3","0","0","0","0","0","0","0","18","0","105","1","0","0","5.83","2.94","4","0.22","0","1","0","5.6","0","0","0","0","0","0","0","14.7","0.24","0.77"
"David Johnson","HST","4","RB","21","17","0","153","1","1","0","2","81","2.52","7.29","9","7.12","8","6","1","38.1","35.3","100","1","1","4.8","5.9","100","44","1","283","1","3","0","6.43","3.73","8","0.18","1","6","3","13.6","100","3","2","6.8","66.7","0","0","90.6","0.44","1.49"
"Duke Johnson Jr.","HST","2","RB","8","8","1","77","0","0","0","0","100","-0.13","9.63","9.63","9.75","1","1","0","12.5","12.5","0","0","0","0","0","0","10","0","34","0","0","0","3.4","2.8","2","0.2","1","2","0","20","0","0","0","0","0","0","0","19.1","0.3","1.06"
"Tevin Coleman","SF","5","RB","1","1","0","0","0","0","0","0","100","-7","0","0","7","0","0","0","0","0","0","0","0","0","0","0","7","0","3","0","0","0","0.43","1.71","0","0","0","2","0","28.6","0","1","0","14.3","0","0","0","1.3","0.06","0.16"
"Ameer Abdullah","MIN","5","RB","6","6","0","35","0","1","0","0","100","0.5","5.83","5.83","5.33","2","2","1","33.3","33.3","100","0","0","0","0","0","6","0","35","0","0","0","5.83","2.83","1","0.17","0","0","0","0","0","0","0","0","0","0","0","19","0.4","1.58"
"Melvin Gordon III","DEN","5","RB","14","12","0","71","0","0","0","0","85.7","-2","5.07","5.92","8.5","0","0","0","0","0","0","0","0","0","0","0","81","1","432","1","3","0","5.33","2.99","19","0.23","0","13","3","16","100","2","0","2.5","0","0","0","83.3","0.42","0.9"
"Todd Gurley II","ATL","5","RB","11","9","0","82","0","0","0","1","81.8","5.09","7.45","9.11","4.33","0","0","0","0","0","0","0","0","0","0","0","28","0","68","0","0","0","2.43","1.64","3","0.11","0","10","0","35.7","0","4","0","14.3","0","0","0","24","0.21","0.65"
"James White","NE","5","RB","19","15","0","109","0","1","0","2","78.9","1.32","5.74","7.27","5.8","3","3","1","15.8","20","100","0","0","0","0","0","9","0","33","0","0","0","3.67","1.67","0","0","0","0","0","0","0","0","0","0","0","0","0","35.2","0.32","1.47"
"Jerick McKinnon","SF","4","RB","7","6","0","56","0","0","0","0","85.7","0.14","8","9.33","9.67","1","1","0","14.3","16.7","0","0","0","0","0","0","1","0","4","0","0","0","4","1","0","0","0","0","0","0","0","0","0","0","0","0","0","12","0.34","1.71"
"Carlos Hyde","SEA","4","RB","7","6","0","36","0","0","0","1","85.7","2","5.14","6","5.17","1","1","0","14.3","16.7","0","0","0","0","0","0","21","1","130","0","1","1","6.19","5.43","5","0.24","1","5","0","23.8","0","1","0","4.8","0","0","0","28.6","0.36","1.06"
"Theo Riddick","LV","3","RB","6","5","0","43","0","0","0","0","83.3","1.83","7.17","8.6","6.4","1","1","0","16.7","20","0","0","0","0","0","0","4","0","1","0","0","0","0.25","0.75","0","0","0","0","0","0","0","0","0","0","0","0","0","9.4","0.23","1.04"
"Kenjon Barner","TB","2","RB","0","0","0","0","0","0","0","0","0","0","0","0","0","0","0","0","0","0","0","0","0","0","0","0","0","0","0","0","0","0","0","0","0","0","0","0","0","0","0","0","0","0","0","0","0","0","0",""
"Latavius Murray","NO","4","RB","9","8","0","44","0","1","0","0","88.9","-2.89","4.89","5.5","7.88","1","1","0","11.1","12.5","0","0","0","0","0","0","25","0","105","0","0","0","4.2","2.92","1","0.04","0","2","0","8","0","0","0","0","0","0","0","28.9","0.3","0.88"
"Le'Veon Bell","KC","4","RB","10","6","0","52","0","0","0","1","60","0.3","5.2","8.67","9.67","2","0","0","20","0","0","0","0","0","0","0","35","0","153","0","1","0","4.37","3.03","5","0.14","0","7","1","20","100","3","0","8.6","0","0","0","32.5","0.34","0.79"
"Giovani Bernard","CIN","5","RB","15","13","0","94","0","1","0","0","86.7","2.73","6.27","7.23","8","3","2","1","20","15.4","100","0","0","0","0","0","59","0","193","0","1","0","3.27","2.56","12","0.2","1","6","1","10.2","100","1","1","1.7","100","0","0","53.7","0.36","0.75"
"Cordarrelle Patterson","CHI","4","RB","4","2","0","8","0","0","0","0","50","4.25","2","4","5.5","1","1","0","25","50","0","0","0","0","0","0","21","0","106","0","1","0","5.05","3.38","3","0.14","0","5","1","23.8","100","2","1","9.5","100","0","0","19.4","0.36","0.84"
"Alfred Morris","NYG","5","RB","3","2","0","15","0","1","0","0","66.7","2","5","7.5","5.5","1","1","1","33.3","50","100","0","0","0","0","0","26","0","101","0","1","0","3.88","2.35","3","0.12","0","4","1","15.4","100","1","1","3.8","100","0","0","25.6","0.5","0.91"
"Dion Lewis","NYG","5","RB","3","2","0","14","0","0","0","0","66.7","2","4.67","7","2.5","0","0","0","0","0","0","0","0","0","0","0","8","0","46","0","1","0","5.75","3.13","1","0.13","0","3","1","37.5","100","1","1","12.5","100","0","0","14","0.17","1.4"
"Taiwan Jones","BUF","2","RB","1","0","0","0","0","0","0","1","0","23","0","0","0","1","0","0","100","0","0","1","0","100","0","0","0","0","0","0","0","0","0","0","0","0","0","0","0","0","0","0","0","0","0","0","0","0","0",""
"Mark Ingram II","BLT","3","RB","1","1","0","1","0","0","0","0","100","-6","1","1","7","0","0","0","0","0","0","0","0","0","0","0","15","0","67","0","0","0","4.47","3.2","3","0.2","0","2","0","13.3","0","0","0","0","0","0","0","7.8","0.27","0.49"
"LeSean McCoy","TB","3","RB","5","5","0","40","0","0","0","0","100","-1","8","8","9","0","0","0","0","0","0","0","0","0","0","0","4","0","32","0","0","0","8","1.25","0","0","0","0","0","0","0","0","0","0","0","0","0","12.2","0.3","1.36"
"Adrian Peterson","DET","5","RB","2","1","0","23","0","0","0","0","50","-8","11.5","23","32","0","0","0","0","0","0","0","0","0","0","0","36","0","164","0","3","0","4.56","3.22","8","0.22","0","11","3","30.6","100","7","3","19.4","100","0","0","37.7","0.44","1.02"
"Frank Gore","NYJ","4","RB","3","3","0","19","0","0","0","0","100","0.67","6.33","6.33","5.67","0","0","0","0","0","0","0","0","0","0","0","46","0","132","0","1","0","2.87","2","5","0.11","1","6","1","13","100","3","1","6.5","100","0","0","24.1","0.27","0.49"
"Jason Cabinda","DET","5","RB","0","0","0","0","0","0","0","0","0","0","0","0","0","0","0","0","0","0","0","0","0","0","0","0","0","0","0","0","0","0","0","0","0","0","0","0","0","0","0","0","0","0","0","0","0","0","0",""
"Christian Wilkins","MIA","3","RB","0","0","0","0","0","0","0","0","0","0","0","0","0","0","0","0","0","0","0","0","0","0","0","0","0","0","0","0","0","0","0","0","0","0","0","0","0","0","0","0","0","0","0","0","0","0","0",""
"Patrick Ricard","BLT","5","RB","5","4","0","21","0","0","0","1","80","-0.6","4.2","5.25","5.75","1","1","0","20","25","0","0","0","0","0","0","0","0","0","0","0","0","0","0","0","0","0","0","0","0","0","0","0","0","0","0","0","6.1","0.03","1.52"
"Andrew Beck","DEN","5","RB","0","0","0","0","0","0","0","0","0","0","0","0","0","0","0","0","0","0","0","0","0","0","0","0","0","0","0","0","0","0","0","0","0","0","0","0","0","0","0","0","0","0","0","0","0","0","0",""
"Jake Bargas","MIN","1","RB","0","0","0","0","0","0","0","0","0","0","0","0","0","0","0","0","0","0","0","0","0","0","0","0","0","0","0","0","0","0","0","0","0","0","0","0","0","0","0","0","0","0","0","0","0","0","0",""
"Chandler Cox","MIA","1","RB","0","0","0","0","0","0","0","0","0","0","0","0","0","0","0","0","0","0","0","0","0","0","0","0","0","0","0","0","0","0","0","0","0","0","0","0","0","0","0","0","0","0","0","0","0","0","0",""
"Khari Blasingame","TEN","5","RB","0","0","0","0","0","0","0","0","0","0","0","0","0","0","0","0","0","0","0","0","0","0","0","0","0","0","0","0","0","0","0","0","0","0","0","0","0","0","0","0","0","0","0","0","0","0","0",""
"Gabe Nabers","LAC","5","RB","2","1","0","5","0","0","0","0","50","2","2.5","5","3","0","0","0","0","0","0","0","0","0","0","0","1","0","3","0","0","0","3","3","0","0","0","0","0","0","0","0","0","0","0","0","0","1.8","0.04","0.9"
"Alec Ingold","LV","5","RB","2","2","0","2","0","0","0","0","100","0.5","1","1","0.5","1","1","0","50","50","0","0","0","0","0","0","1","0","2","0","0","0","2","1","0","0","0","1","0","100","0","0","0","0","0","0","0","2.4","0.03","0.8"
"Jakob Johnson","NE","5","RB","2","1","0","1","0","0","0","0","50","0.5","0.5","1","0","0","0","0","0","0","0","0","0","0","0","0","0","0","0","0","0","0","0","0","0","0","0","0","0","0","0","0","0","0","0","0","0","1.1","0.01","1.1"
"Jonathan Ward","ARZ","1","RB","1","1","0","11","0","1","0","0","100","-5","11","11","16","1","1","1","100","100","100","0","0","0","0","0","0","0","0","0","0","0","0","0","0","0","0","0","0","0","0","0","0","0","0","0","0","8.1","8.1","8.1"
"Alex Armah","CAR","4","RB","3","2","0","9","0","0","0","1","66.7","0.67","3","4.5","3.5","1","1","0","33.3","50","0","0","0","0","0","0","1","0","3","0","0","0","3","1","0","0","0","0","0","0","0","0","0","0","0","0","0","3.2","0.09","1.07"
"C.J. Ham","MIN","4","RB","7","6","0","78","0","1","0","0","85.7","2","11.14","13","10.67","2","1","1","28.6","16.7","100","0","0","0","0","0","1","0","0","0","0","0","0","1","0","0","0","0","0","0","0","0","0","0","0","0","0","19.8","0.15","2.83"
"Elijhaa Penny","NYG","3","RB","1","1","0","9","0","0","0","0","100","2","9","9","7","0","0","0","0","0","0","0","0","0","0","0","3","0","10","0","0","0","3.33","2.33","0","0","0","0","0","0","0","0","0","0","0","0","0","2.9","0.14","0.72"
"Derek Watt","PIT","2","RB","0","0","0","0","0","0","0","0","0","0","0","0","0","0","0","0","0","0","0","0","0","0","0","0","0","0","0","0","0","0","0","0","0","0","0","0","0","0","0","0","0","0","0","0","0","0","0",""
"Andy Janovich","CLV","5","RB","2","0","0","0","0","0","0","0","0","2.5","0","0","0","0","0","0","0","0","0","0","0","0","0","0","0","0","0","0","0","0","0","0","0","0","0","0","0","0","0","0","0","0","0","0","0","0","0",""
"Michael Burton","NO","4","RB","2","2","0","13","0","0","0","0","100","2","6.5","6.5","4.5","1","1","0","50","50","0","0","0","0","0","0","2","0","10","0","0","0","5","3","0","0","0","0","0","0","0","0","0","0","0","0","0","4.3","0.09","1.07"
"Keith Smith","ATL","5","RB","7","6","0","44","0","0","0","0","85.7","2.71","6.29","7.33","5.33","0","0","0","0","0","0","0","0","0","0","0","1","0","3","0","0","0","3","1","0","0","0","1","0","100","0","0","0","0","0","0","0","10.7","0.15","1.53"
"Kyle Juszczyk","SF","5","RB","11","7","0","60","0","4","0","0","63.6","5.64","5.45","8.57","4.43","7","5","4","63.6","71.4","100","1","1","9.1","14.3","25","7","0","15","0","0","0","2.14","1.43","0","0","0","3","0","42.9","0","1","0","14.3","0","0","0","38.5","0.24","2.75"
"Nick Bellore","SEA","4","RB","0","0","0","0","0","0","0","0","0","0","0","0","0","0","0","0","0","0","0","0","0","0","0","0","0","0","0","0","0","0","0","0","0","0","0","0","0","0","0","0","0","0","0","0","0","0","0",""
"Bruce Miller","JAX","1","RB","0","0","0","0","0","0","0","0","0","0","0","0","0","0","0","0","0","0","0","0","0","0","0","0","0","0","0","0","0","0","0","0","0","0","0","0","0","0","0","0","0","0","0","0","0","0","0",""
"Anthony Sherman","KC","5","RB","1","0","0","0","0","0","0","1","0","12","0","0","0","0","0","0","0","0","0","0","0","0","0","0","1","0","6","0","0","0","6","6","0","0","0","0","0","0","0","0","0","0","0","0","0","0.6","0.02","0.6"
"Brandon Dillon","MIN","1","TE","0","0","0","0","0","0","0","0","0","0","0","0","0","0","0","0","0","0","0","0","0","0","0","0","0","0","0","0","0","0","0","0","0","0","0","0","0","0","0","0","0","0","0","0","0","0","0",""
"Dominique Dafney","GB","5","TE","2","2","0","26","0","1","0","0","100","10","13","13","5","1","1","1","50","50","100","1","1","50","50","100","0","0","0","0","0","0","0","0","0","0","0","0","0","0","0","0","0","0","0","0","0","10.6","0.16","5.3"
"Cole Kmet","CHI","5","TE","29","20","0","149","0","1","0","1","69","4.97","5.14","7.45","5.85","4","2","1","13.8","10","100","0","0","0","0","0","1","0","-3","0","0","0","-3","0","0","0","1","1","0","100","0","1","0","100","0","0","0","40.6","0.13","1.93"
"Chris Myarick","MIA","1","TE","0","0","0","0","0","0","0","0","0","0","0","0","0","0","0","0","0","0","0","0","0","0","0","0","0","0","0","0","0","0","0","0","0","0","0","0","0","0","0","0","0","0","0","0","0","0","0",""
"Dalton Schultz","DAL","5","TE","22","19","0","183","0","1","0","1","86.4","6.32","8.32","9.63","4.16","6","4","1","27.3","21.1","100","1","0","4.5","0","0","0","0","0","0","0","0","0","0","0","0","0","0","0","0","0","0","0","0","0","0","0","43.3","0.14","2.28"
"Foster Moreau","LV","5","TE","4","3","1","76","0","1","1","0","75","11.5","19","25.33","11.67","0","0","0","0","0","0","0","0","0","0","0","0","0","0","0","0","0","0","0","0","0","0","0","0","0","0","0","0","0","0","0","0","16.6","0.24","5.53"
"Noah Fant","DEN","5","TE","31","22","0","238","0","1","0","1","71","7.39","7.68","10.82","4.86","5","3","1","16.1","13.6","100","2","1","6.5","4.5","100","0","0","0","0","0","0","0","0","0","0","0","0","0","0","0","0","0","0","0","0","0","51.8","0.22","2.35"
"Irv Smith Jr.","MIN","4","TE","20","15","0","183","0","3","0","1","75","9.4","9.15","12.2","4.27","7","4","3","35","26.7","100","4","2","20","13.3","66.7","0","0","0","0","0","0","0","0","0","0","0","0","0","0","0","0","0","0","0","0","0","51.3","0.25","3.42"
"Trevon Wesco","NYJ","4","TE","0","0","0","0","0","0","0","0","0","0","0","0","0","0","0","0","0","0","0","0","0","0","0","0","0","0","0","0","0","0","0","0","0","0","0","0","0","0","0","0","0","0","0","0","0","0","0",""
"T.J. Hockenson","DET","5","TE","31","22","0","193","0","1","0","2","71","7.19","6.23","8.77","1.91","6","4","1","19.4","18.2","100","0","0","0","0","0","1","0","0","0","0","0","0","1","0","0","1","0","0","0","0","0","0","0","0","0","0","47.3","0.19","2.06"
"Deon Yelder","KC","5","TE","8","4","0","24","0","0","0","0","50","7.5","3","6","5.25","3","1","0","37.5","25","0","1","0","12.5","0","0","0","0","0","0","0","0","0","0","0","0","0","0","0","0","0","0","0","0","0","0","0","6.4","0.07","1.6"
"Harrison Bryant","CLV","4","TE","14","8","0","74","0","0","0","1","57.1","9","5.29","9.25","4.63","5","1","0","35.7","12.5","0","0","0","0","0","0","0","0","0","0","0","0","0","0","0","0","0","0","0","0","0","0","0","0","0","0","0","15.4","0.08","1.93"
"Adam Shaheen","MIA","5","TE","9","5","0","66","0","0","0","2","55.6","4","7.33","13.2","12.8","1","0","0","11.1","0","0","1","0","11.1","0","0","0","0","0","0","0","0","0","0","0","0","0","0","0","0","0","0","0","0","0","0","0","11.6","0.08","2.32"
"Stephen Anderson","LAC","5","TE","10","8","0","106","0","0","0","0","80","4","10.6","13.25","10.13","0","0","0","0","0","0","0","0","0","0","0","0","0","0","0","0","0","0","0","0","0","0","0","0","0","0","0","0","0","0","0","0","18.6","0.21","2.33"
"Seth DeValve","ARZ","3","TE","1","0","0","0","0","0","0","0","0","33","0","0","0","0","0","0","0","0","0","0","0","0","0","0","0","0","0","0","0","0","0","0","0","0","0","0","0","0","0","0","0","0","0","0","0","0","0",""
"Austin Hooper","CLV","4","TE","26","18","0","173","0","2","0","3","69.2","8.27","6.65","9.61","2.56","7","4","2","26.9","22.2","100","3","2","11.5","11.1","100","0","0","0","0","0","0","0","0","0","0","0","0","0","0","0","0","0","0","0","0","0","47.3","0.23","2.63"
"Daniel Brown","NYJ","5","TE","2","2","0","31","0","0","0","0","100","5","15.5","15.5","10.5","0","0","0","0","0","0","0","0","0","0","0","0","0","0","0","0","0","0","0","0","0","0","0","0","0","0","0","0","0","0","0","0","5.1","0.19","2.55"
"Darren Waller","LV","5","TE","54","43","0","654","4","4","0","0","79.6","10.63","12.11","15.21","6.16","17","11","3","31.5","25.6","75","3","2","5.6","4.7","50","0","0","0","0","0","0","0","0","0","0","1","0","0","0","0","0","0","0","0","1","1","144.4","0.43","3.36"
"Eric Ebron","PIT","4","TE","22","14","0","145","0","1","0","3","63.6","7.32","6.59","10.36","4.57","5","3","1","22.7","21.4","100","2","0","9.1","0","0","0","0","0","0","0","0","0","0","0","0","0","0","0","0","0","0","0","0","0","1","1","34.5","0.22","2.46"
"Demetrius Harris","CHI","4","TE","0","0","0","0","0","0","0","0","0","0","0","0","0","0","0","0","0","0","0","0","0","0","0","0","0","0","0","0","0","0","0","0","0","0","0","0","0","0","0","0","0","0","0","0","0","0","0",""
"Jack Doyle","IND","5","TE","15","13","0","137","0","0","0","0","86.7","7.2","9.13","10.54","4.15","3","2","0","20","15.4","0","1","0","6.7","0","0","0","0","0","0","0","0","0","0","0","0","0","0","0","0","0","0","0","0","0","0","0","26.7","0.13","2.05"
"Josh Hill","NO","4","TE","1","1","0","1","0","0","0","0","100","-1","1","1","2","0","0","0","0","0","0","0","0","0","0","0","0","0","0","0","0","0","0","0","0","0","0","0","0","0","0","0","0","0","0","0","0","1.1","0.02","1.1"
"Ryan Griffin","NYJ","4","TE","2","2","0","31","0","0","0","0","100","2.5","15.5","15.5","13","0","0","0","0","0","0","0","0","0","0","0","0","0","0","0","0","0","0","0","0","0","0","0","0","0","0","0","0","0","0","0","1","5.1","0.04","2.55"
"Jordan Reed","SF","4","TE","14","7","0","63","0","2","0","2","50","10.36","4.5","9","3","6","3","2","42.9","42.9","100","2","2","14.3","28.6","100","0","0","0","0","0","0","0","0","0","0","0","0","0","0","0","0","0","0","0","0","0","25.3","0.22","3.61"
"Vance McDonald","PIT","5","TE","8","6","0","38","0","0","0","0","75","0.63","4.75","6.33","5.17","1","1","0","12.5","16.7","0","0","0","0","0","0","0","0","0","0","0","0","0","0","0","0","0","0","0","0","0","0","0","0","0","0","0","9.8","0.05","1.63"
"Zach Ertz","PHI","5","TE","25","12","1","157","0","0","0","2","48","9.08","6.28","13.08","4.33","4","0","0","16","0","0","2","0","8","0","0","0","0","0","0","0","0","0","0","0","0","0","0","0","0","0","0","0","0","0","0","1","27.7","0.11","2.31"
"Derek Carrier","LV","2","TE","0","0","0","0","0","0","0","0","0","0","0","0","0","0","0","0","0","0","0","0","0","0","0","0","0","0","0","0","0","0","0","0","0","0","0","0","0","0","0","0","0","0","0","0","0","0","0",""
"Jared Cook","NO","5","TE","24","15","1","219","0","3","0","1","62.5","12.79","9.13","14.6","4","7","5","3","29.2","33.3","100","4","3","16.7","20","100","0","0","0","0","0","0","0","0","0","0","0","0","0","0","0","0","0","0","0","0","0","54.9","0.35","3.66"
"Adam Trautman","NO","5","TE","7","7","1","71","0","0","0","0","100","1.29","10.14","10.14","8.86","1","1","0","14.3","14.3","0","0","0","0","0","0","0","0","0","0","0","0","0","0","0","0","0","0","0","0","0","0","0","0","0","0","0","14.1","0.09","2.01"
"Stephen Carlson","CLV","3","TE","0","0","0","0","0","0","0","0","0","0","0","0","0","0","0","0","0","0","0","0","0","0","0","0","0","0","0","0","0","0","0","0","0","0","0","0","0","0","0","0","0","0","0","0","0","0","0",""
"Donald Parham","LAC","5","TE","12","7","0","105","0","1","0","0","58.3","7.92","8.75","15","6.71","2","1","1","16.7","14.3","100","1","0","8.3","0","0","0","0","0","0","0","0","0","0","0","0","0","0","0","0","0","0","0","0","0","0","0","23.5","0.17","3.36"
"Nick Keizer","KC","5","TE","1","1","0","15","0","0","0","0","100","10","15","15","5","1","1","0","100","100","0","0","0","0","0","0","0","0","0","0","0","0","0","0","0","0","0","0","0","0","0","0","0","0","0","0","0","2.5","0.03","2.5"
"Tanner Hudson","TB","2","TE","1","1","0","20","0","0","0","0","100","15","20","20","5","0","0","0","0","0","0","0","0","0","0","0","0","0","0","0","0","0","0","0","0","0","0","0","0","0","0","0","0","0","0","0","0","3","0.1","3"
"Hunter Bryant","DET","5","TE","3","1","1","44","0","0","0","0","33.3","23.67","14.67","44","12","2","0","0","66.7","0","0","1","0","33.3","0","0","0","0","0","0","0","0","0","0","0","0","0","0","0","0","0","0","0","0","0","0","0","5.4","0.21","5.4"
"Dalton Keene","NE","5","TE","4","2","0","8","0","0","0","0","50","9.5","2","4","1","1","0","0","25","0","0","0","0","0","0","0","0","0","0","0","0","0","0","0","0","0","1","0","0","0","0","0","0","0","0","0","0","2.8","0.02","1.4"
"Colby Parkinson","SEA","4","TE","2","2","0","16","0","0","0","0","100","5.5","8","8","2.5","1","1","0","50","50","0","0","0","0","0","0","0","0","0","0","0","0","0","0","0","0","0","0","0","0","0","0","0","0","0","0","0","3.6","0.1","1.8"
"Dan Arnold","ARZ","5","TE","19","13","1","213","0","3","1","1","68.4","15.21","11.21","16.38","6.23","6","4","2","31.6","30.8","66.7","2","2","10.5","15.4","66.7","0","0","0","0","0","0","0","0","0","0","1","0","0","0","0","0","0","0","0","0","0","52.3","0.41","4.02"
"Anthony Firkser","TEN","5","TE","12","10","0","105","0","0","0","0","83.3","7.75","8.75","10.5","5","4","2","0","33.3","20","0","2","0","16.7","0","0","0","0","0","0","0","0","0","0","0","0","0","0","0","0","0","0","0","0","0","0","0","20.5","0.25","2.05"
"Mark Andrews","BLT","4","TE","28","20","0","247","0","1","0","1","71.4","11.11","8.82","12.35","3.95","11","5","1","39.3","25","100","4","1","14.3","5","100","0","0","0","0","0","0","0","0","0","0","0","0","0","0","0","0","0","0","0","0","0","50.7","0.31","2.54"
"Troy Fumagalli","DEN","5","TE","10","6","0","68","0","1","0","0","60","8.5","6.8","11.33","9.83","6","2","1","60","33.3","100","3","1","30","16.7","100","0","0","0","0","0","0","0","0","0","0","0","0","0","0","0","0","0","0","0","0","0","18.8","0.21","3.13"
"Ryan Izzo","NE","1","TE","1","1","0","6","0","0","0","0","100","5","6","6","1","0","0","0","0","0","0","0","0","0","0","0","0","0","0","0","0","0","0","0","0","0","0","0","0","0","0","0","0","0","0","0","0","1.6","0.04","1.6"
"Daniel Helm","SF","2","TE","0","0","0","0","0","0","0","0","0","0","0","0","0","0","0","0","0","0","0","0","0","0","0","0","0","0","0","0","0","0","0","0","0","0","0","0","0","0","0","0","0","0","0","0","0","0","0",""
"Hayden Hurst","ATL","5","TE","22","15","0","112","0","3","0","0","68.2","6.05","5.09","7.47","2.13","10","5","3","45.5","33.3","100","2","2","9.1","13.3","66.7","0","0","0","0","0","0","0","0","0","0","0","0","0","0","0","0","0","0","0","0","0","44.2","0.21","2.95"
"Dallas Goedert","PHI","4","TE","24","16","1","186","0","0","0","0","66.7","9","7.75","11.63","3.81","3","0","0","12.5","0","0","1","0","4.2","0","0","0","0","0","0","0","0","0","0","0","0","0","0","0","0","0","0","0","0","0","0","0","34.6","0.15","2.16"
"Drew Sample","CIN","5","TE","16","14","0","97","0","1","0","0","87.5","1.75","6.06","6.93","5.71","3","2","1","18.8","14.3","100","0","0","0","0","0","0","0","0","0","0","0","0","0","0","0","0","0","0","0","0","0","0","0","0","0","0","29.7","0.12","2.12"
"Durham Smythe","MIA","5","TE","14","14","0","104","0","0","0","0","100","3.36","7.43","7.43","4.07","2","2","0","14.3","14.3","0","0","0","0","0","0","0","0","0","0","0","0","0","0","0","0","0","0","0","0","0","0","0","0","0","0","0","24.4","0.14","1.74"
"Chris Herndon","NYJ","5","TE","18","15","0","154","0","2","0","1","83.3","8.17","8.56","10.27","3.93","5","3","2","27.8","20","100","3","2","16.7","13.3","100","0","0","0","0","0","0","0","0","0","0","0","0","0","0","0","0","0","0","0","0","0","42.4","0.19","2.83"
"Mike Gesicki","MIA","4","TE","33","23","0","254","0","3","0","0","69.7","10.64","7.7","11.04","2.61","10","8","3","30.3","34.8","100","4","2","12.1","8.7","66.7","0","0","0","0","0","0","0","0","0","0","0","0","0","0","0","0","0","0","0","0","0","66.4","0.33","2.89"
"Cethan Carter","CIN","5","TE","2","1","0","21","0","0","0","0","50","13.5","10.5","21","3","0","0","0","0","0","0","0","0","0","0","0","0","0","0","0","0","0","0","0","0","0","0","0","0","0","0","0","0","0","0","0","0","3.1","0.03","3.1"
"Marcus Baugh","WAS","4","TE","0","0","0","0","0","0","0","0","0","0","0","0","0","0","0","0","0","0","0","0","0","0","0","0","0","0","0","0","0","0","0","0","0","0","0","0","0","0","0","0","0","0","0","0","0","0","0",""
"Tyler Conklin","MIN","5","TE","21","16","0","178","0","1","0","1","76.2","3.29","8.48","11.13","7.56","2","2","1","9.5","12.5","100","0","0","0","0","0","0","0","0","0","0","0","0","0","0","0","1","0","0","0","0","0","0","0","0","0","0","39.8","0.15","2.49"
"Matt Sokol","LAC","1","TE","0","0","0","0","0","0","0","0","0","0","0","0","0","0","0","0","0","0","0","0","0","0","0","0","0","0","0","0","0","0","0","0","0","0","0","0","0","0","0","0","0","0","0","0","0","0","0",""
"Jace Sternberger","GB","1","TE","0","0","0","0","0","0","0","0","0","0","0","0","0","0","0","0","0","0","0","0","0","0","0","0","0","0","0","0","0","0","0","0","0","0","0","0","0","0","0","0","0","0","0","0","0","0","0",""
"Jordan Akins","HST","5","TE","20","15","0","128","0","0","0","1","75","7.2","6.4","8.53","2.73","7","5","0","35","33.3","0","2","0","10","0","0","0","0","0","0","0","0","0","0","0","0","0","0","0","0","0","0","0","0","0","0","0","27.8","0.18","1.85"
"Sean McKeon","DAL","5","TE","0","0","0","0","0","0","0","0","0","0","0","0","0","0","0","0","0","0","0","0","0","0","0","0","0","0","0","0","0","0","0","0","0","0","0","0","0","0","0","0","0","0","0","0","0","0","0",""
"Charlie Woerner","SF","3","TE","4","3","0","36","0","0","0","0","75","2.5","9","12","8.33","1","1","0","25","33.3","0","0","0","0","0","0","0","0","0","0","0","0","0","0","0","0","0","0","0","0","0","0","0","0","0","0","0","6.6","0.13","2.2"
"Ian Thomas","CAR","4","TE","11","7","0","48","0","0","0","1","63.6","7","4.36","6.86","4.57","2","0","0","18.2","0","0","1","0","9.1","0","0","0","0","0","0","0","0","0","0","0","0","0","0","0","0","0","0","0","0","0","0","0","11.8","0.07","1.69"
"Kaden Smith","NYG","5","TE","4","4","0","25","0","0","0","0","100","1.5","6.25","6.25","4.75","0","0","0","0","0","0","0","0","0","0","0","0","0","0","0","0","0","0","0","0","0","0","0","0","0","0","0","0","0","0","0","0","6.5","0.05","1.63"
"Reggie Gilliam","BUF","3","TE","0","0","0","0","0","0","0","0","0","0","0","0","0","0","0","0","0","0","0","0","0","0","0","0","0","0","0","0","0","0","0","0","0","0","0","0","0","0","0","0","0","0","0","0","0","0","0",""
"Devin Asiasi","NE","4","TE","7","2","0","39","0","1","0","1","28.6","9.43","5.57","19.5","2.5","2","1","1","28.6","50","100","0","0","0","0","0","0","0","0","0","0","0","0","0","0","0","0","0","0","0","0","0","0","0","0","0","0","11.9","0.09","5.95"
"Caleb Wilson","PHI","1","TE","0","0","0","0","0","0","0","0","0","0","0","0","0","0","0","0","0","0","0","0","0","0","0","0","0","0","0","0","0","0","0","0","0","0","0","0","0","0","0","0","0","0","0","0","0","0","0",""
"Kahale Warring","HST","5","TE","6","3","0","35","0","0","0","0","50","9.67","5.83","11.67","2.33","2","0","0","33.3","0","0","2","0","33.3","0","0","0","0","0","0","0","0","0","0","0","0","0","0","0","0","0","0","0","0","0","0","0","6.5","0.14","2.17"
"Dawson Knox","BUF","5","TE","27","15","0","177","0","2","0","1","55.6","10.11","6.56","11.8","4.67","7","4","2","25.9","26.7","100","3","1","11.1","6.7","50","0","0","0","0","0","0","0","0","0","0","1","0","0","0","0","0","0","0","0","0","0","44.7","0.19","2.98"
"Jaeden Graham","ATL","5","TE","2","1","0","7","0","0","0","0","50","1.5","3.5","7","6","0","0","0","0","0","0","0","0","0","0","0","0","0","0","0","0","0","0","0","0","0","0","0","0","0","0","0","0","0","0","0","0","1.7","0.04","1.7"
"Kevin Rader","PIT","1","TE","1","0","0","0","0","0","0","0","0","4","0","0","0","0","0","0","0","0","0","0","0","0","0","0","0","0","0","0","0","0","0","0","0","0","0","0","0","0","0","0","0","0","0","0","0","0","0",""
"Will Dissly","SEA","5","TE","12","10","0","88","0","1","0","1","83.3","3.58","7.33","8.8","6.5","1","1","1","8.3","10","100","0","0","0","0","0","0","0","0","0","0","0","0","0","0","0","0","0","0","0","0","0","0","0","0","0","0","24.8","0.13","2.48"
"Nate Becker","BUF","1","TE","1","0","0","0","0","0","0","0","0","16","0","0","0","1","0","0","100","0","0","0","0","0","0","0","0","0","0","0","0","0","0","0","0","0","0","0","0","0","0","0","0","0","0","0","0","0","0",""
"Antony Auclair","TB","2","TE","1","0","0","0","0","0","0","0","0","13","0","0","0","0","0","0","0","0","0","0","0","0","0","0","0","0","0","0","0","0","0","0","0","0","0","0","0","0","0","0","0","0","0","0","0","0","0",""
"Ross Dwelley","SF","5","TE","8","8","0","98","0","0","0","0","100","7.75","12.25","12.25","4.5","1","1","0","12.5","12.5","0","0","0","0","0","0","0","0","0","0","0","0","0","0","0","0","0","0","0","0","0","0","0","0","0","0","0","17.8","0.1","2.23"
"Pharaoh Brown","HST","4","TE","7","7","0","88","0","1","0","0","100","7.14","12.57","12.57","6","2","2","1","28.6","28.6","100","1","1","14.3","14.3","100","0","0","0","0","0","0","0","0","0","0","0","0","0","0","0","0","0","0","0","0","0","21.8","0.25","3.11"
"Colin Thompson","CAR","4","TE","0","0","0","0","0","0","0","0","0","0","0","0","0","0","0","0","0","0","0","0","0","0","0","0","0","0","0","0","0","0","0","0","0","0","0","0","0","0","0","0","0","0","0","0","0","0","0",""
"Johnny Mundt","LA","4","TE","0","0","0","0","0","0","0","0","0","0","0","0","0","0","0","0","0","0","0","0","0","0","0","0","0","0","0","0","0","0","0","0","0","0","0","0","0","0","0","0","0","0","0","0","0","0","0",""
"Robert Tonyan","GB","5","TE","17","15","0","128","0","4","0","0","88.2","6.24","7.53","8.53","3.73","7","6","4","41.2","40","100","4","3","23.5","20","75","0","0","0","0","0","0","0","0","0","0","0","0","0","0","0","0","0","0","0","0","0","51.8","0.28","3.45"
"Darrell Daniels","ARZ","3","TE","3","2","0","9","0","0","0","0","66.7","1.33","3","4.5","5","0","0","0","0","0","0","0","0","0","0","0","0","0","0","0","0","0","0","0","0","0","0","0","0","0","0","0","0","0","0","0","0","2.9","0.04","1.45"
"Mo Alie-Cox","IND","5","TE","8","7","0","66","0","0","0","0","87.5","3.63","8.25","9.43","7.57","0","0","0","0","0","0","0","0","0","0","0","0","0","0","0","0","0","0","0","0","0","0","0","0","0","0","0","0","0","0","0","0","13.6","0.1","1.94"
"Jacob Hollister","SEA","5","TE","16","9","0","80","0","2","0","2","56.3","10.56","5","8.89","1","6","2","2","37.5","22.2","100","4","2","25","22.2","100","0","0","0","0","0","0","0","0","0","0","0","0","0","0","0","0","0","0","0","0","0","29","0.15","3.22"
"Ricky Seals-Jones","KC","1","TE","0","0","0","0","0","0","0","0","0","0","0","0","0","0","0","0","0","0","0","0","0","0","0","0","0","0","0","0","0","0","0","0","0","0","0","0","0","0","0","0","0","0","0","0","0","0","0",""
"Mason Schreck","CIN","5","TE","1","0","0","0","0","0","0","1","0","2","0","0","0","0","0","0","0","0","0","0","0","0","0","0","0","0","0","0","0","0","0","0","0","0","0","0","0","0","0","0","0","0","0","0","0","0","0",""
"Eric Saubert","JAX","5","TE","3","2","0","13","0","0","0","0","66.7","3.67","4.33","6.5","3","0","0","0","0","0","0","0","0","0","0","0","0","0","0","0","0","0","0","0","0","0","0","0","0","0","0","0","0","0","0","0","0","3.3","0.06","1.65"
"Jeremy Sprinkle","WAS","5","TE","1","0","0","0","0","0","0","0","0","0","0","0","0","0","0","0","0","0","0","0","0","0","0","0","0","0","0","0","0","0","0","0","0","0","0","0","0","0","0","0","0","0","0","0","0","0","0",""
"George Kittle","SF","2","TE","14","11","1","160","0","0","0","3","78.6","8.71","11.43","14.55","7.09","1","0","0","7.1","0","0","0","0","0","0","0","0","0","0","0","0","0","0","0","0","0","0","0","0","0","0","0","0","0","0","0","0","27","0.39","2.45"
"Jonnu Smith","TEN","4","TE","16","11","0","110","0","1","0","0","68.8","6.25","6.88","10","4.27","6","3","1","37.5","27.3","100","2","1","12.5","9.1","100","1","0","3","0","0","0","3","0","0","0","0","0","0","0","0","0","0","0","0","0","0","28.3","0.15","2.36"
"Gerald Everett","LA","5","TE","23","13","0","119","0","0","0","2","56.5","7.61","5.17","9.15","5.62","4","0","0","17.4","0","0","2","0","8.7","0","0","0","0","0","0","0","0","0","0","0","0","0","0","0","0","0","0","0","0","0","0","0","24.9","0.1","1.92"
"David Njoku","CLV","5","TE","15","11","0","111","0","0","0","1","73.3","7.27","7.4","10.09","4.73","6","3","0","40","27.3","0","3","0","20","0","0","0","0","0","0","0","0","0","0","0","0","0","0","0","0","0","0","0","0","0","0","0","22.1","0.12","2.01"
"Evan Engram","NYG","5","TE","32","19","0","178","0","0","0","2","59.4","8.97","5.56","9.37","4.16","4","0","0","12.5","0","0","2","0","6.3","0","0","1","0","5","0","0","0","5","1","0","0","0","0","0","0","0","0","0","0","0","0","0","37.3","0.17","1.86"
"Garrett Griffin","NO","1","TE","0","0","0","0","0","0","0","0","0","0","0","0","0","0","0","0","0","0","0","0","0","0","0","0","0","0","0","0","0","0","0","0","0","0","0","0","0","0","0","0","0","0","0","0","0","0","0",""
"J.P. Holtz","CHI","5","TE","0","0","0","0","0","0","0","0","0","0","0","0","0","0","0","0","0","0","0","0","0","0","0","0","0","0","0","0","0","0","0","0","0","0","0","0","0","0","0","0","0","0","0","0","0","0","0",""
"Tyler Higbee","LA","5","TE","22","16","1","200","0","2","0","1","72.7","9.55","9.09","12.5","6.31","5","3","2","22.7","18.8","100","2","2","9.1","12.5","100","0","0","0","0","0","0","0","0","0","0","0","0","0","0","0","0","0","0","0","0","0","48","0.17","3"
"Nick Vannett","DEN","5","TE","6","6","0","27","0","1","0","0","100","3.67","4.5","4.5","2.17","1","1","1","16.7","16.7","100","1","1","16.7","16.7","100","0","0","0","0","0","0","0","0","0","0","0","0","0","0","0","0","0","0","0","0","1","14.7","0.11","2.45"
"Hunter Henry","LAC","3","TE","17","12","0","111","0","1","0","0","70.6","7.35","6.53","9.25","3.17","6","2","1","35.3","16.7","100","1","0","5.9","0","0","0","0","0","0","0","0","0","0","0","0","0","0","0","0","0","0","0","0","0","0","0","29.1","0.18","2.43"
"Chris Manhertz","CAR","4","TE","0","0","0","0","0","0","0","0","0","0","0","0","0","0","0","0","0","0","0","0","0","0","0","0","0","0","0","0","0","0","0","0","0","0","0","0","0","0","0","0","0","0","0","0","0","0","0",""
"Eric Tomlinson","BLT","5","TE","1","0","0","0","0","0","0","0","0","38","0","0","0","1","0","0","100","0","0","1","0","100","0","0","0","0","0","0","0","0","0","0","0","0","0","0","0","0","0","0","0","0","0","0","0","0","0",""
"Geoff Swaim","TEN","4","TE","4","3","0","34","0","1","0","0","75","9","8.5","11.33","4.67","2","2","1","50","66.7","100","1","1","25","33.3","100","0","0","0","0","0","0","0","0","0","0","0","0","0","0","0","0","0","0","0","0","0","12.4","0.09","4.13"
"James O'Shaughnessy","JAX","5","TE","13","10","0","89","0","0","0","0","76.9","5.54","6.85","8.9","3.9","0","0","0","0","0","0","0","0","0","0","0","0","0","0","0","0","0","0","0","0","0","0","0","0","0","0","0","0","0","0","0","0","18.9","0.13","1.89"
"Jesse James","DET","5","TE","6","3","0","22","0","1","0","0","50","5","3.67","7.33","5","2","2","1","33.3","66.7","100","1","1","16.7","33.3","100","0","0","0","0","0","0","0","0","0","0","0","0","0","0","0","0","0","0","0","0","0","11.2","0.09","3.73"
"MyCole Pruitt","TEN","5","TE","4","2","0","32","0","2","0","1","50","12","8","16","4","3","2","2","75","100","100","0","0","0","0","0","0","0","0","0","0","0","0","0","0","0","0","0","0","0","0","0","0","0","0","0","0","17.2","0.12","8.6"
"Blake Bell","DAL","5","TE","4","4","0","30","0","0","0","0","100","2","7.5","7.5","5.5","1","1","0","25","25","0","0","0","0","0","0","1","0","2","0","0","0","2","0","0","0","0","1","0","100","0","1","0","100","0","0","0","7.2","0.07","1.44"
"Tyler Kroft","BUF","1","TE","0","0","0","0","0","0","0","0","0","0","0","0","0","0","0","0","0","0","0","0","0","0","0","0","0","0","0","0","0","0","0","0","0","0","0","0","0","0","0","0","0","0","0","0","0","0","0",""
"Maxx Williams","ARZ","4","TE","3","3","1","59","0","0","0","0","100","3.33","19.67","19.67","16.33","1","1","0","33.3","33.3","0","0","0","0","0","0","0","0","0","0","0","0","0","0","0","0","0","0","0","0","0","0","0","0","0","0","0","8.9","0.07","2.97"
"Cameron Brate","TB","4","TE","9","8","0","101","0","0","0","0","88.9","10","11.22","12.63","2.63","2","1","0","22.2","12.5","0","1","0","11.1","0","0","0","0","0","0","0","0","0","0","0","0","0","0","0","0","0","0","0","0","0","0","0","18.1","0.16","2.26"
"Trey Burton","IND","5","TE","9","5","0","37","0","0","0","2","55.6","6.78","4.11","7.4","4.4","1","0","0","11.1","0","0","0","0","0","0","0","0","0","0","0","0","0","0","0","0","0","0","0","0","0","0","0","0","0","0","0","0","8.7","0.07","1.74"
"Logan Thomas","WAS","5","TE","49","38","0","342","1","2","0","2","77.6","7.24","6.98","9","4.79","8","5","2","16.3","13.2","100","5","2","10.2","5.3","100","1","0","0","0","0","0","0","2","0","0","0","0","0","0","0","0","0","0","0","0","0","87.2","0.25","2.24"
"Richard Rodgers","PHI","2","TE","0","0","0","0","0","0","0","0","0","0","0","0","0","0","0","0","0","0","0","0","0","0","0","0","0","0","0","0","0","0","0","0","0","0","0","0","0","0","0","0","0","0","0","0","0","0","0",""
"Darren Fells","HST","5","TE","4","2","0","37","0","1","0","0","50","8.25","9.25","18.5","12.5","2","1","1","50","50","100","1","0","25","0","0","0","0","0","0","0","0","0","0","0","0","0","0","0","0","0","0","0","0","0","0","0","11.7","0.09","5.85"
"Luke Willson","BLT","1","TE","1","1","0","12","0","0","0","0","100","10","12","12","2","0","0","0","0","0","0","0","0","0","0","0","0","0","0","0","0","0","0","0","0","0","0","0","0","0","0","0","0","0","0","0","0","2.2","0.08","2.2"
"Levine Toilolo","NYG","5","TE","2","2","0","24","0","0","0","0","100","5","12","12","7","1","1","0","50","50","0","0","0","0","0","0","0","0","0","0","0","0","0","0","0","0","0","0","0","0","0","0","0","0","0","0","0","4.4","0.05","2.2"
"Travis Kelce","KC","4","TE","44","31","0","438","2","4","0","1","70.5","10.09","9.95","14.13","5.84","8","5","4","18.2","16.1","100","4","2","9.1","6.5","50","0","0","0","0","0","0","0","0","0","0","0","0","0","0","0","0","0","0","0","1","1","104.8","0.42","3.38"
"Tyler Eifert","JAX","5","TE","18","14","0","145","0","0","0","0","77.8","7.39","8.06","10.36","3","4","2","0","22.2","14.3","0","0","0","0","0","0","0","0","0","0","0","0","0","0","0","0","0","0","0","0","0","0","0","0","0","0","0","28.5","0.14","2.04"
"Lee Smith","BUF","5","TE","4","2","0","31","0","1","0","0","50","7.5","7.75","15.5","9.5","2","1","1","50","50","100","2","1","50","50","100","0","0","0","0","0","0","0","0","0","0","0","0","0","0","0","0","0","0","0","0","0","11.1","0.08","5.55"
"Luke Stocker","ATL","5","TE","5","4","0","43","0","0","0","0","80","2","8.6","10.75","9.5","0","0","0","0","0","0","0","0","0","0","0","0","0","0","0","0","0","0","0","0","0","0","0","0","0","0","0","0","0","0","0","0","8.3","0.05","2.08"
"Kyle Rudolph","MIN","1","TE","2","0","0","0","0","0","0","0","0","10","0","0","0","1","0","0","50","0","0","0","0","0","0","0","0","0","0","0","0","0","0","0","0","0","0","0","0","0","0","0","0","0","0","0","0","0","0",""
"Jimmy Graham","CHI","5","TE","15","12","0","122","0","3","0","0","80","8.6","8.13","10.17","4.92","6","5","3","40","41.7","100","3","3","20","25","100","0","0","0","0","0","0","0","0","0","0","0","0","0","0","0","0","0","0","0","0","0","42.2","0.26","3.52"
"Rob Gronkowski","TB","4","TE","14","8","0","118","0","3","0","0","57.1","12.5","8.43","14.75","5.5","7","3","3","50","37.5","100","3","1","21.4","12.5","33.3","0","0","0","0","0","0","0","0","0","0","0","0","0","0","0","0","0","0","0","0","0","37.8","0.21","4.72"
"Greg Olsen","SEA","1","TE","2","1","0","15","0","0","0","0","50","8.5","7.5","15","3","0","0","0","0","0","0","0","0","0","0","0","0","0","0","0","0","0","0","0","0","0","0","0","0","0","0","0","0","0","0","0","0","2.5","0.21","2.5"
"Marcedes Lewis","GB","5","TE","3","3","0","51","0","0","0","0","100","6.67","17","17","10.33","1","1","0","33.3","33.3","0","0","0","0","0","0","0","0","0","0","0","0","0","0","0","0","0","0","0","0","0","0","0","0","0","0","0","8.1","0.05","2.7"
"Jason Witten","LV","5","TE","5","2","0","12","0","0","0","0","40","6.2","2.4","6","6","3","1","0","60","50","0","0","0","0","0","0","0","0","0","0","0","0","0","0","0","0","0","0","0","0","0","0","0","0","0","0","0","3.2","0.03","1.6"