player_id_lead,player_name_lead,game_id_lead,game_date,passing_yards_lead,pass_touchdowns_lead,interception_lead,air_yards_lead,incompletions_lead,pass_attempts_lead,rush_attempts_lead,rushing_yards_lead,rush_touchdowns_lead,safety_lead,fumbles_lead,fumbles_lost_lead,passing_yards_avg,pass_tds_avg,ints_avg,air_yards_avg,incompletions_avg,completions_avg,pass_attmpt_avg,rush_attmpt_avg,rushing_yards_avg,rush_tds_avg,safeties_avg,fumbles_avg,fumbles_lost_avg,Fpts
00-0000865,C.Batch,2010100302,10/3/2010 0:00,141,0,1,278,8,21,1,4,0,0,0,0,186,3,2,153,2,12,16,5,26,0,0,0,0,8.04
,,,,,,,,,,,,,,,,163.5,1.5,1.5,215.5,5,12,18.5,3,15,0,0,0,0,0
,,,,,,,,,,,,,,,,222,2,2,250,14,18,34,2,8,0,0,0,0,0
00-0003292,K.Collins,2009092007,9/20/2009 0:00,207,2,1,191,10,31,3,4,0,0,0,0,244,1,1,300,12,22,35,2,1,0,0,1,1,18.68
00-0003292,K.Collins,2009092711,9/27/2009 0:00,170,1,2,461,20,37,1,3,0,0,0,0,225.5,1.5,1,245.5,11,21,33,2.5,2.5,0,0,0.5,0.5,12.1
00-0003292,K.Collins,2009100404,10/4/2009 0:00,284,1,2,303,17,48,1,10,1,0,0,0,207,1.333333333,1.333333333,317.3333333,14,19,34.33333333,2,2.666666667,0,0,0.333333333,0.333333333,23.36
00-0003292,K.Collins,2009101112,10/11/2009 0:00,164,0,1,231,11,31,1,-1,0,0,1,1,226.25,1.25,1.5,313.75,14.75,21.5,37.75,1.75,4.5,0.25,0,0.25,0.25,7.46
00-0003292,K.Collins,2009121310,12/13/2009 0:00,154,1,0,126,8,19,1,-1,0,0,0,0,213.8,1,1.4,297.2,14,21,36.4,1.6,3.4,0.2,0,0.4,0.4,13.06
00-0003292,K.Collins,2010091904,9/19/2010 0:00,149,1,1,220,6,24,2,-1,0,0,0,0,203.8333333,1,1.166666667,268.6666667,13,19.33333333,33.5,1.5,2.666666667,0.166666667,0,0.333333333,0.333333333,11.86
00-0003292,K.Collins,2010101800,10/18/2010 0:00,110,1,0,89,5,16,1,-1,0,0,0,0,188,1,1.166666667,255.3333333,12,18.5,31.66666667,1.5,2.333333333,0.166666667,0,0.166666667,0.166666667,11.3
00-0003292,K.Collins,2010120502,12/5/2010 0:00,169,0,2,352,15,31,1,4,0,0,0,0,171.8333333,0.833333333,1,238.3333333,11.16666667,17,29.16666667,1.166666667,1.5,0.166666667,0,0.166666667,0.166666667,8.16
00-0003292,K.Collins,2010121904,12/19/2010 0:00,237,2,1,330,9,24,2,-2,0,0,0,0,171.6666667,0.666666667,1,220.1666667,10.33333333,16.83333333,28.16666667,1.166666667,1.666666667,0.166666667,0,0.166666667,0.166666667,19.28
00-0003292,K.Collins,2010122603,12/26/2010 0:00,235,2,2,517,21,37,2,-1,0,0,0,0,163.8333333,0.833333333,0.833333333,224.6666667,9,14.33333333,24.16666667,1.333333333,-0.333333333,0,0,0.166666667,0.166666667,18.3
00-0003292,K.Collins,2011010205,1/2/2011 0:00,300,2,0,261,11,39,2,2,0,0,0,0,175.6666667,1.166666667,1,272.3333333,10.66666667,13.5,25.16666667,1.5,-0.333333333,0,0,0,0,23.2
00-0003292,K.Collins,2011091102,9/11/2011 0:00,197,1,0,272,15,31,1,0,0,0,0,0,200,1.333333333,1,294.8333333,11.16666667,16.33333333,28.5,1.666666667,0.166666667,0,0,0,0,14.88
00-0003292,K.Collins,2011091804,9/18/2011 0:00,191,1,1,296,16,36,1,-1,0,0,0,0,208,1.333333333,0.833333333,303.5,12.66666667,16.16666667,29.66666667,1.5,0.333333333,0,0,0,0,13.54
,,,,,,,,,,,,,,,,221.5,1.333333333,1,338,14.5,17.5,33,1.5,0.333333333,0,0,0,0,0
00-0003739,D.Culpepper,2009121301,12/13/2009 0:00,135,0,2,234,16,34,7,11,0,0,0,0,282,1,0,348,13,23,36,3,44,0,0,0,0,7.5
00-0003739,D.Culpepper,2010010304,1/3/2010 0:00,262,2,1,294,9,33,4,9,0,0,0,0,208.5,0.5,1,291,14.5,19.5,35,5,27.5,0,0,0,0,21.38
,,,,,,,,,,,,,,,,226.3333333,1,1,292,12.66666667,20.66666667,34.33333333,4.666666667,21.33333333,0,0,0,0,0
00-0004161,J.Delhomme,2009101102,10/11/2009 0:00,153,1,1,198,7,21,3,7,0,0,0,0,220,1,2,311,8,22,32,2,10,0,0,0,1,12.82
00-0004161,J.Delhomme,2009110807,11/8/2009 0:00,201,0,0,262,12,29,2,-6,0,0,0,1,186.5,1,1.5,254.5,7.5,17.5,26.5,2.5,8.5,0,0,0,0.5,9.44
00-0004161,J.Delhomme,2009111500,11/15/2009 0:00,195,2,0,197,9,24,4,11,0,0,0,0,191.3333333,0.666666667,1,257,9,17.33333333,27.33333333,2.333333333,3.666666667,0,0,0,0.666666667,19.9
00-0004161,J.Delhomme,2009111900,11/19/2009 0:00,227,1,1,440,20,40,2,17,0,0,0,0,192.25,1,0.75,242,9,16.75,26.5,2.75,5.5,0,0,0,0.5,16.78
00-0004161,J.Delhomme,2010091200,9/12/2010 0:00,227,1,2,363,14,36,1,1,0,0,0,0,199.2,1,0.8,281.6,11.2,17.2,29.2,2.6,7.8,0,0,0,0.4,14.18
00-0004161,J.Delhomme,2010101007,10/10/2010 0:00,112,0,2,103,8,24,1,0,0,0,0,0,203.8333333,1,1,295.1666667,11.66666667,17.66666667,30.33333333,2.333333333,6.666666667,0,0,0,0.333333333,5.48
00-0004161,J.Delhomme,2010112807,11/28/2010 0:00,245,0,2,187,9,35,2,2,0,0,1,1,185.8333333,0.833333333,1,260.5,11.66666667,16.33333333,29,2.166666667,5,0,0,0,0.166666667,10
00-0004161,J.Delhomme,2010120501,12/5/2010 0:00,217,1,0,240,10,34,4,-5,0,0,0,0,201.1666667,0.666666667,1.166666667,258.6666667,12,18.16666667,31.33333333,2,4.166666667,0,0,0.166666667,0.333333333,15.18
00-0004161,J.Delhomme,2012010104,1/1/2012 0:00,211,1,0,217,9,27,1,0,0,0,0,0,203.8333333,0.833333333,1.166666667,255,11.66666667,19.33333333,32.16666667,2.333333333,4.333333333,0,0,0.166666667,0.166666667,15.44
,,,,,,,,,,,,,,,,206.5,0.666666667,1.166666667,258.3333333,11.66666667,19.83333333,32.66666667,1.833333333,2.5,0,0,0.166666667,0.166666667,0
00-0005106,B.Favre,2009100500,10/5/2009 0:00,271,3,0,296,7,31,2,-2,0,0,0,0,301,2,1,311,18,24,43,1,1,0,0,0,0,25.64
00-0005106,B.Favre,2009102504,10/25/2009 0:00,334,0,1,469,16,51,1,-1,0,0,0,0,286,2.5,0.5,303.5,12.5,24,37,1.5,-0.5,0,0,0,0,15.26
00-0005106,B.Favre,2009110105,11/1/2009 0:00,244,4,0,283,11,28,1,0,0,0,0,0,302,1.666666667,0.666666667,358.6666667,13.66666667,27.33333333,41.66666667,1.333333333,-0.666666667,0,0,0,0,28.76
00-0005106,B.Favre,2009111502,11/15/2009 0:00,344,1,0,311,9,29,1,-1,0,0,0,0,287.5,2.25,0.5,339.75,13,24.75,38.25,1.25,-0.5,0,0,0,0,20.66
00-0005106,B.Favre,2009121307,12/13/2009 0:00,192,1,1,207,12,30,2,8,0,0,0,0,298.8,2,0.4,334,12.2,23.8,36.4,1.2,-0.6,0,0,0,0,14.48
00-0005106,B.Favre,2010010307,1/3/2010 0:00,316,4,0,224,6,31,1,2,0,0,0,0,281,1.833333333,0.5,312.8333333,12.16666667,22.66666667,35.33333333,1.333333333,0.833333333,0,0,0,0,31.84
00-0005106,B.Favre,2010092605,9/26/2010 0:00,201,1,2,216,9,34,2,-2,0,0,0,0,283.5,2.166666667,0.333333333,298.3333333,10.16666667,22.83333333,33.33333333,1.333333333,1,0,0,0,0,12.84
00-0005106,B.Favre,2010101100,10/11/2010 0:00,264,3,1,508,19,34,4,1,0,0,0,0,271.8333333,1.833333333,0.666666667,285,10.5,22.66666667,33.83333333,1.333333333,1,0,0,0,0,24.66
00-0005106,B.Favre,2010101711,10/17/2010 0:00,118,1,0,138,5,19,1,0,0,0,0,0,260.1666667,2.333333333,0.666666667,291.5,11,19.33333333,31,1.833333333,1.333333333,0,0,0,0,11.72
00-0005106,B.Favre,2010110705,11/7/2010 0:00,446,2,2,361,9,47,2,1,0,0,1,1,239.1666667,1.833333333,0.666666667,267.3333333,10,18.83333333,29.5,1.833333333,1.333333333,0,0,0,0,25.94
00-0005106,B.Favre,2010111404,11/14/2010 0:00,170,1,3,161,10,31,2,-1,0,0,0,0,256.1666667,2,1,275.6666667,10,21.5,32.5,2,1.666666667,0,0,0.166666667,0.166666667,10.7
00-0005106,B.Favre,2010112106,11/21/2010 0:00,208,0,1,378,20,38,1,0,0,0,1,1,252.5,2,1.333333333,268,9.666666667,21.66666667,32.66666667,2,0.166666667,0,0,0.166666667,0.166666667,9.32
00-0005106,B.Favre,2010112803,11/28/2010 0:00,172,0,0,205,8,23,5,9,0,0,0,0,234.5,1.333333333,1.5,293.6666667,12,20.33333333,33.83333333,2,-0.166666667,0,0,0.333333333,0.333333333,10.78
,,,,,,,,,,,,,,,,229.6666667,1.166666667,1.166666667,291.8333333,11.83333333,19,32,2.5,1.666666667,0,0,0.333333333,0.333333333,0
00-0007091,M.Hasselbeck,2009101111,10/11/2009 0:00,241,4,0,244,12,30,3,23,0,0,0,0,279,3,2,303,9,25,36,1,3,0,0,1,1,30.94
00-0007091,M.Hasselbeck,2009101809,10/18/2009 0:00,112,0,1,314,18,29,1,2,0,0,0,0,260,3.5,1,273.5,10.5,21.5,33,2,13,0,0,0.5,0.5,6.68
00-0007091,M.Hasselbeck,2009110808,11/8/2009 0:00,329,1,1,170,11,51,1,5,0,0,1,2,210.6666667,2.333333333,1,287,13,17.66666667,31.66666667,1.666666667,9.333333333,0,0,0.333333333,0.333333333,17.66
00-0007091,M.Hasselbeck,2009111509,11/15/2009 0:00,315,1,2,481,24,52,2,7,0,0,0,0,240.25,2,1,257.75,12.5,23,36.5,1.5,8.25,0,0,0.5,0.75,18.3
00-0007091,M.Hasselbeck,2009112206,11/22/2009 0:00,231,0,0,127,6,25,2,4,0,0,0,1,255.2,1.8,1.2,302.4,14.8,23.6,39.6,1.6,8,0,0,0.4,0.6,11.64
00-0007091,M.Hasselbeck,2009120612,12/6/2009 0:00,198,2,0,253,9,34,4,31,0,0,0,0,251.1666667,1.5,1,273.1666667,13.33333333,22.83333333,37.16666667,1.666666667,7.333333333,0,0,0.333333333,0.666666667,22.02
00-0007091,M.Hasselbeck,2009121303,12/13/2009 0:00,247,1,1,187,10,35,2,0,0,0,0,0,237.6666667,1.333333333,0.666666667,264.8333333,13.33333333,22.83333333,36.83333333,2.166666667,12,0,0,0.166666667,0.5,15.88
00-0007091,M.Hasselbeck,2009122011,12/20/2009 0:00,259,1,3,342,15,44,1,3,0,0,0,0,238.6666667,0.833333333,0.833333333,255.3333333,13,23.83333333,37.66666667,2,8.166666667,0,0,0.166666667,0.5,14.66
00-0007091,M.Hasselbeck,2009122703,12/27/2009 0:00,198,1,4,243,14,37,1,6,0,0,0,0,263.1666667,1,1.166666667,260,12.5,26.5,40.16666667,2,8.333333333,0,0,0.166666667,0.5,11.52
00-0007091,M.Hasselbeck,2010010315,1/3/2010 0:00,175,1,1,165,14,30,2,5,0,0,0,0,241.3333333,1,1.666666667,272.1666667,13,23.16666667,37.83333333,2,8.5,0,0,0,0.166666667,13.5
00-0007091,M.Hasselbeck,2010091211,9/12/2010 0:00,170,2,1,132,4,23,2,4,1,0,0,0,218,1,1.5,219.5,11.33333333,21.33333333,34.16666667,2,8.166666667,0,0,0,0.166666667,23.2
00-0007091,M.Hasselbeck,2010091909,9/19/2010 0:00,233,1,3,336,13,35,3,21,1,0,0,0,207.8333333,1.333333333,1.666666667,220.3333333,11,21.16666667,33.83333333,2,8.166666667,0.166666667,0,0,0,21.42
00-0007091,M.Hasselbeck,2010092613,9/26/2010 0:00,179,1,1,254,11,30,3,5,0,0,0,0,213.6666667,1.166666667,2.166666667,234.1666667,11.66666667,20.33333333,34,1.833333333,6.5,0.333333333,0,0,0,13.66
00-0007091,M.Hasselbeck,2010100307,10/3/2010 0:00,191,0,1,288,15,36,1,3,0,0,0,0,202.3333333,1.166666667,2.166666667,245.3333333,11.83333333,19.33333333,33.16666667,2,7.333333333,0.333333333,0,0,0,9.94
00-0007091,M.Hasselbeck,2010101707,10/17/2010 0:00,242,1,0,260,15,40,3,-3,0,0,0,0,191,1,1.833333333,236.3333333,11.83333333,18.33333333,31.83333333,2,7.333333333,0.333333333,0,0,0,16.38
00-0007091,M.Hasselbeck,2010102409,10/24/2010 0:00,192,1,0,319,18,38,2,11,0,0,0,0,198.3333333,1,1.166666667,239.1666667,12,19.33333333,32.33333333,2.333333333,5.833333333,0.333333333,0,0,0,15.78
00-0007091,M.Hasselbeck,2010111409,11/14/2010 0:00,333,1,0,268,12,34,1,0,0,0,0,0,201.1666667,1,1,264.8333333,12.66666667,20.16666667,33.66666667,2.333333333,6.833333333,0.333333333,0,0,0,20.32
00-0007091,M.Hasselbeck,2010112107,11/21/2010 0:00,355,1,0,296,12,43,1,12,0,0,1,1,228.3333333,0.833333333,0.833333333,287.5,14,20.83333333,35.5,2.166666667,6.166666667,0.166666667,0,0,0,21.4
00-0007091,M.Hasselbeck,2010112808,11/28/2010 0:00,230,2,2,369,15,36,2,-2,0,0,0,0,248.6666667,0.833333333,0.333333333,280.8333333,13.83333333,22.66666667,36.83333333,1.833333333,4.666666667,0,0,0.166666667,0.166666667,18
00-0007091,M.Hasselbeck,2010120512,12/5/2010 0:00,229,0,2,325,11,30,1,-1,0,0,0,0,257.1666667,1,0.5,300,14.5,22.83333333,37.83333333,1.666666667,3.5,0,0,0.166666667,0.166666667,10.06
00-0007091,M.Hasselbeck,2010121209,12/12/2010 0:00,285,2,4,317,10,41,1,5,0,0,0,0,263.5,1,0.666666667,306.1666667,13.83333333,22.33333333,36.83333333,1.666666667,2.833333333,0,0,0.166666667,0.166666667,18.9
00-0007091,M.Hasselbeck,2011091103,9/11/2011 0:00,263,2,1,272,11,33,1,9,0,0,0,0,270.6666667,1.166666667,1.333333333,315.6666667,13,22.66666667,37,1.333333333,4.166666667,0,0,0.166666667,0.166666667,21.42
00-0007091,M.Hasselbeck,2011092504,9/25/2011 0:00,311,2,0,246,9,36,2,-2,0,0,1,1,282.5,1.333333333,1.5,307.8333333,11.83333333,22.83333333,36.16666667,1.166666667,3.833333333,0,0,0.166666667,0.166666667,22.24
00-0007091,M.Hasselbeck,2011100201,10/2/2011 0:00,220,3,1,141,9,20,1,5,0,0,0,0,278.8333333,1.5,1.5,304.1666667,11.33333333,23.66666667,36.5,1.333333333,3.5,0,0,0.333333333,0.333333333,23.3
00-0007091,M.Hasselbeck,2011100900,10/9/2011 0:00,227,1,1,381,18,45,1,3,0,0,0,0,256.3333333,1.833333333,1.666666667,278.3333333,10.83333333,20.16666667,32.66666667,1.333333333,2.333333333,0,0,0.166666667,0.166666667,15.38
00-0007091,M.Hasselbeck,2011103002,10/30/2011 0:00,224,1,0,215,10,33,1,-1,0,0,0,0,255.8333333,1.666666667,1.5,280.3333333,11.33333333,21.33333333,34.16666667,1.166666667,3.166666667,0,0,0.166666667,0.166666667,15.86
00-0007091,M.Hasselbeck,2011110608,11/6/2011 0:00,262,2,0,325,17,40,2,3,0,0,1,2,255,1.833333333,1.166666667,262,11.16666667,22.33333333,34.66666667,1.166666667,3.166666667,0,0,0.166666667,0.166666667,19.78
00-0007091,M.Hasselbeck,2011111301,11/13/2011 0:00,219,1,1,200,11,27,1,21,0,0,0,0,251.1666667,1.833333333,0.5,263.3333333,12.33333333,21.66666667,34.5,1.333333333,2.833333333,0,0,0.333333333,0.5,16.86
00-0007091,M.Hasselbeck,2011112706,11/27/2011 0:00,160,1,2,200,13,34,2,-2,0,0,1,1,243.8333333,1.666666667,0.5,251.3333333,12.33333333,20.66666667,33.5,1.333333333,4.833333333,0,0,0.333333333,0.5,10.2
00-0007091,M.Hasselbeck,2011120402,12/4/2011 0:00,140,0,0,223,9,25,1,-1,0,0,0,0,218.6666667,1.5,0.833333333,243.6666667,13,19.33333333,33.16666667,1.333333333,4.833333333,0,0,0.333333333,0.5,8.5
00-0007091,M.Hasselbeck,2011121802,12/18/2011 0:00,223,0,2,161,11,40,1,-1,0,0,1,1,205.3333333,1,0.666666667,257.3333333,13,20.33333333,34,1.333333333,3.833333333,0,0,0.333333333,0.5,8.82
00-0007091,M.Hasselbeck,2011122403,12/24/2011 0:00,350,1,2,495,14,40,5,2,0,0,0,0,204.6666667,0.833333333,0.833333333,220.6666667,11.83333333,20.5,33.16666667,1.333333333,3.166666667,0,0,0.5,0.666666667,19.2
00-0007091,M.Hasselbeck,2012010104,1/1/2012 0:00,297,2,0,332,13,35,1,-1,0,0,0,0,225.6666667,0.833333333,1.166666667,267.3333333,12.5,20.66666667,34.33333333,2,3.666666667,0,0,0.5,0.666666667,22.78
00-0007091,M.Hasselbeck,2012093001,9/30/2012 0:00,193,2,2,162,6,25,2,3,0,0,0,0,231.5,0.833333333,1.166666667,268.5,11.83333333,20.5,33.5,1.833333333,3,0,0,0.333333333,0.333333333,17.02
00-0007091,M.Hasselbeck,2012100704,10/7/2012 0:00,200,1,1,259,16,43,2,10,0,0,0,1,227.1666667,1,1.333333333,262.1666667,11,20.83333333,33.16666667,2,0,0,0,0.333333333,0.333333333,14
00-0007091,M.Hasselbeck,2012101100,10/11/2012 0:00,290,1,1,446,18,44,1,2,0,0,0,1,233.8333333,1,1.166666667,272,11.5,22,34.66666667,2,2,0,0,0.166666667,0.333333333,16.8
00-0007091,M.Hasselbeck,2012102107,10/21/2012 0:00,205,1,0,250,11,33,1,-2,0,0,0,1,258.8333333,1.166666667,1.333333333,309.1666667,13,23.5,37.83333333,2,2.5,0,0,0.166666667,0.5,14
00-0007091,M.Hasselbeck,2012102803,10/28/2012 0:00,236,1,0,234,7,29,2,10,0,0,0,0,255.8333333,1.333333333,1,324,13,22.66666667,36.66666667,2,2.333333333,0,0,0,0.5,17.44
00-0007091,M.Hasselbeck,2012110403,11/4/2012 0:00,194,1,1,309,14,35,2,18,0,0,3,4,236.8333333,1.333333333,0.666666667,280.5,11.83333333,22.33333333,34.83333333,1.5,3.666666667,0,0,0,0.5,11.56
00-0007091,M.Hasselbeck,2014122811,12/28/2014 0:00,155,1,0,146,6,19,4,-8,0,0,0,0,219.6666667,1.166666667,0.833333333,276.6666667,12,22,34.83333333,1.666666667,6.833333333,0,0,0.5,1.166666667,12.4
00-0007091,M.Hasselbeck,2015100404,10/4/2015 0:00,282,1,0,399,17,47,3,1,0,0,0,0,213.3333333,1,0.5,274,12,21.33333333,33.83333333,2,5,0,0,0.5,1.166666667,18.38
00-0007091,M.Hasselbeck,2015100800,10/8/2015 0:00,213,2,0,238,11,29,3,-3,0,0,0,0,227,1,0.333333333,297.3333333,12.16666667,22,34.5,2.166666667,3.5,0,0,0.5,1,19.22
00-0007091,M.Hasselbeck,2015112202,11/22/2015 0:00,213,2,2,186,7,32,3,8,0,0,0,0,214.1666667,1.166666667,0.166666667,262.6666667,11,20.83333333,32,2.5,2.666666667,0,0,0.5,0.833333333,18.32
00-0007091,M.Hasselbeck,2015112904,11/29/2015 0:00,315,2,0,300,16,42,3,-3,0,0,0,1,215.5,1.333333333,0.5,252,10.33333333,21,31.83333333,2.833333333,4.333333333,0,0,0.5,0.666666667,22.3
00-0007091,M.Hasselbeck,2015120613,12/6/2015 0:00,169,1,2,152,8,26,2,1,0,0,0,0,228.6666667,1.5,0.5,263,11.83333333,21.66666667,34,3,2.166666667,0,0,0.5,0.833333333,11.86
00-0007091,M.Hasselbeck,2015121304,12/13/2015 0:00,252,0,0,280,17,35,1,10,0,0,0,0,224.5,1.5,0.666666667,236.8333333,10.83333333,21,32.5,3,-0.666666667,0,0,0,0.166666667,14.08
00-0007091,M.Hasselbeck,2015122004,12/20/2015 0:00,147,1,1,248,12,30,1,1,0,0,1,1,240.6666667,1.333333333,0.666666667,259.1666667,12.66666667,21.83333333,35.16666667,2.5,2.333333333,0,0,0,0.166666667,10.98
,,,,,,,,,,,,,,,,218.1666667,1.333333333,0.833333333,234,11.83333333,19.66666667,32.33333333,2.166666667,2.333333333,0,0,0.166666667,0.333333333,0
00-0009311,J.Kitna,2010111408,11/14/2010 0:00,327,3,1,216,8,22,4,5,0,0,0,0,379,1,4,386,11,34,49,5,12,0,0,0,0,27.58
00-0009311,J.Kitna,2010112105,11/21/2010 0:00,147,3,0,125,6,24,4,40,1,0,0,1,353,2,2.5,301,9.5,23.5,35.5,4.5,8.5,0,0,0,0,29.88
00-0009311,J.Kitna,2010112501,11/25/2010 0:00,313,0,1,177,11,42,5,20,0,0,1,3,284.3333333,2.333333333,1.666666667,242.3333333,8.333333333,21.66666667,31.66666667,4.333333333,19,0.333333333,0,0,0.333333333,13.52
00-0009311,J.Kitna,2010120510,12/5/2010 0:00,167,1,0,221,7,25,4,28,0,0,0,0,291.5,1.75,1.5,226,9,23.75,34.25,4.5,19.25,0.25,0,0.25,1,16.48
00-0009311,J.Kitna,2010121213,12/12/2010 0:00,207,2,2,190,7,32,3,27,0,0,0,0,266.6,1.6,1.2,225,8.6,22.6,32.4,4.4,21,0.2,0,0.2,0.8,19.98
00-0009311,J.Kitna,2010121905,12/19/2010 0:00,305,2,0,220,12,37,4,11,0,0,0,0,256.6666667,1.666666667,1.333333333,219.1666667,8.333333333,22.66666667,32.33333333,4.166666667,22,0.166666667,0,0.166666667,0.666666667,24.3
00-0009311,J.Kitna,2010122500,12/25/2010 0:00,115,1,2,150,6,20,1,7,0,0,0,1,244.3333333,1.833333333,0.666666667,191.5,8.5,21.16666667,30.33333333,4,21.83333333,0.166666667,0,0.166666667,0.666666667,9.3
,,,,,,,,,,,,,,,,209,1.5,0.833333333,180.5,8.166666667,21,30,3.5,22.16666667,0.166666667,0,0.166666667,0.833333333,0
00-0010346,P.Manning,2009092100,9/21/2009 0:00,303,2,0,216,9,23,1,3,0,0,0,0,301,1,1,327,9,28,38,3,-4,0,0,0,0,23.42
00-0010346,P.Manning,2009092714,9/27/2009 0:00,379,4,1,346,10,35,2,-1,0,0,0,0,302,1.5,0.5,271.5,9,21,30.5,2,-0.5,0,0,0,0,33.06
00-0010346,P.Manning,2009100403,10/4/2009 0:00,353,2,1,247,9,41,1,-1,0,0,0,0,327.6666667,2.333333333,0.666666667,296.3333333,9.333333333,22,32,2,-0.666666667,0,0,0,0,24.02
00-0010346,P.Manning,2009102505,10/25/2009 0:00,235,3,0,351,11,34,1,-1,0,0,0,1,334,2.25,0.75,284,9.25,24.25,34.25,1.75,-0.75,0,0,0,0,23.3
00-0010346,P.Manning,2009110803,11/8/2009 0:00,318,1,1,342,15,50,1,2,0,0,0,0,314.2,2.4,0.6,297.4,9.6,24,34.2,1.6,-0.8,0,0,0,0.2,18.92
00-0010346,P.Manning,2009112200,11/22/2009 0:00,297,1,2,325,6,29,1,-1,0,0,1,1,314.8333333,2.166666667,0.666666667,304.8333333,10.5,25.66666667,36.83333333,1.5,-0.333333333,0,0,0,0.166666667,15.78
00-0010346,P.Manning,2009112903,11/29/2009 0:00,244,3,2,245,6,35,1,-2,0,0,0,0,314.1666667,2.166666667,0.833333333,304.5,10,24.5,35.33333333,1.166666667,0.166666667,0,0,0.166666667,0.333333333,22.56
00-0010346,P.Manning,2009120604,12/6/2009 0:00,270,1,0,217,13,37,2,-2,0,0,0,0,304.3333333,2.333333333,1.166666667,309.3333333,9.5,26.66666667,37.33333333,1.166666667,-0.666666667,0,0,0.166666667,0.333333333,17.6
00-0010346,P.Manning,2009121304,12/13/2009 0:00,220,4,3,355,19,42,3,-3,0,0,0,0,286.1666667,1.833333333,1,287.8333333,10,26.66666667,37.66666667,1.166666667,-0.833333333,0,0,0.166666667,0.333333333,24.5
00-0010346,P.Manning,2009121700,12/17/2009 0:00,308,4,1,290,6,30,3,-3,0,0,0,0,264,2.166666667,1.333333333,305.8333333,11.66666667,24.83333333,37.83333333,1.5,-1.166666667,0,0,0.166666667,0.333333333,30.02
00-0010346,P.Manning,2010091914,9/19/2010 0:00,255,3,0,207,6,26,3,-3,0,0,0,0,276.1666667,2.333333333,1.5,295.6666667,10.83333333,24.83333333,37.16666667,1.833333333,-1.5,0,0,0.166666667,0.166666667,24.9
00-0010346,P.Manning,2010092611,9/26/2010 0:00,325,3,0,463,16,43,2,-1,0,0,0,0,265.6666667,2.666666667,1.333333333,273.1666667,9.333333333,22.5,33.16666667,2.166666667,-2.333333333,0,0,0.166666667,0.166666667,27.9
00-0010346,P.Manning,2010100308,10/3/2010 0:00,352,2,1,377,12,46,1,-1,0,0,1,1,270.3333333,3,1,296.1666667,11,23.5,35.5,2.333333333,-2.333333333,0,0,0,0,22.98
00-0010346,P.Manning,2010101002,10/10/2010 0:00,244,0,1,384,17,44,3,-3,0,0,0,0,288.3333333,2.833333333,0.833333333,318.1666667,12,24.5,37.33333333,2.333333333,-2.166666667,0,0,0.166666667,0.166666667,11.46
00-0010346,P.Manning,2010101712,10/17/2010 0:00,307,2,0,390,13,38,1,-1,0,0,0,0,284,2.666666667,1,346,12.66666667,24.83333333,38.5,2.5,-2.333333333,0,0,0.166666667,0.166666667,23.18
00-0010346,P.Manning,2010110100,11/1/2010 0:00,268,2,0,333,19,45,4,3,0,0,0,0,298.5,2.333333333,0.5,351.8333333,11.66666667,25.66666667,37.83333333,2.166666667,-2,0,0,0.166666667,0.166666667,22.02
00-0010346,P.Manning,2010120510,12/5/2010 0:00,365,2,3,431,8,47,1,-1,0,0,0,0,291.8333333,2,0.333333333,359,13.83333333,26.16666667,40.33333333,2.333333333,-1,0,0,0.166666667,0.166666667,22.5
00-0010346,P.Manning,2010122610,12/26/2010 0:00,179,3,2,285,12,30,3,25,0,0,0,1,310.1666667,1.833333333,0.833333333,396.3333333,14.16666667,28.83333333,43.83333333,2,-0.666666667,0,0,0.166666667,0.166666667,21.66
00-0010346,P.Manning,2012090912,9/9/2012 0:00,253,2,0,216,7,26,4,3,0,0,0,0,285.8333333,1.833333333,1.166666667,366.6666667,13.5,27,41.66666667,2.166666667,3.666666667,0,0,0.166666667,0.333333333,21.42
00-0010346,P.Manning,2012091700,9/17/2012 0:00,241,1,3,315,10,37,1,-1,0,0,0,0,269.3333333,1.833333333,1,339.8333333,12.66666667,24.66666667,38.33333333,2.666666667,4.333333333,0,0,0,0.166666667,13.54
00-0010346,P.Manning,2012093008,9/30/2012 0:00,338,3,0,190,8,38,1,-1,0,0,1,1,268.8333333,2,1.333333333,328.3333333,11.5,24.33333333,37.16666667,2.333333333,4.666666667,0,0,0,0.166666667,27.42
00-0010346,P.Manning,2012100709,10/7/2012 0:00,345,3,0,372,13,44,2,9,0,0,1,1,274,2.166666667,1.333333333,295,10.66666667,25.16666667,37.16666667,2.333333333,4.666666667,0,0,0.166666667,0.333333333,28.7
00-0010346,P.Manning,2012101500,10/15/2012 0:00,309,3,1,199,5,30,3,-2,0,0,0,0,286.8333333,2.333333333,1.333333333,301.5,9.666666667,26,37,2,5.666666667,0,0,0.333333333,0.5,26.16
00-0010346,P.Manning,2012102811,10/28/2012 0:00,305,3,0,231,8,30,1,4,0,0,0,0,277.5,2.5,1,262.8333333,9.166666667,24,34.16666667,2.333333333,5.5,0,0,0.333333333,0.5,27.6
00-0010346,P.Manning,2012110404,11/4/2012 0:00,291,3,2,277,6,35,2,-2,0,0,0,0,298.5,2.5,0.666666667,253.8333333,8.5,25,34.16666667,2,2,0,0,0.333333333,0.333333333,24.44
00-0010346,P.Manning,2012111100,11/11/2012 0:00,301,1,0,286,11,38,3,4,0,0,0,0,304.8333333,2.666666667,1,264,8.333333333,26.33333333,35.66666667,1.666666667,1.166666667,0,0,0.333333333,0.333333333,19.44
00-0010346,P.Manning,2012112504,11/25/2012 0:00,285,2,1,423,14,37,1,1,0,0,0,0,314.8333333,2.666666667,0.5,259.1666667,8.5,26.83333333,35.83333333,2,2,0,0,0.333333333,0.333333333,21.5
00-0010346,P.Manning,2012120209,12/2/2012 0:00,242,3,1,268,10,38,2,-5,0,0,0,1,306,2.5,0.666666667,298,9.5,25.5,35.66666667,2,2.333333333,0,0,0.166666667,0.166666667,22.18
00-0010346,P.Manning,2012120600,12/6/2012 0:00,310,1,1,314,9,36,3,-3,0,0,0,0,288.8333333,2.5,0.833333333,280.6666667,9,24.83333333,34.66666667,2,0,0,0,0,0.166666667,18.1
00-0010346,P.Manning,2013090500,9/5/2013 0:00,462,7,0,340,15,42,2,-2,0,0,0,1,289,2.166666667,0.833333333,299.8333333,9.666666667,25.16666667,35.66666667,2,-0.166666667,0,0,0,0.166666667,48.28
00-0010346,P.Manning,2013091511,9/15/2013 0:00,292,2,0,274,13,42,3,-3,0,0,0,0,315.1666667,2.833333333,0.833333333,318,10.83333333,26,37.66666667,2.166666667,-1.166666667,0,0,0,0.333333333,22.38
00-0010346,P.Manning,2013092300,9/23/2013 0:00,374,3,0,247,5,37,3,-2,0,0,0,0,315.3333333,2.666666667,0.5,317.5,12,26.33333333,38.83333333,2.333333333,-1.333333333,0,0,0,0.333333333,29.76
00-0010346,P.Manning,2013100609,10/6/2013 0:00,414,4,1,300,8,42,4,-8,1,0,1,1,327.5,3,0.5,311,11,27.16666667,38.66666667,2.333333333,-2.333333333,0,0,0,0.333333333,38.76
00-0010346,P.Manning,2013101308,10/13/2013 0:00,295,2,1,279,13,42,5,-7,0,0,0,0,349,3.333333333,0.5,290.5,10,29,39.5,2.833333333,-3.833333333,0.166666667,0,0.166666667,0.5,21.1
00-0010346,P.Manning,2013102012,10/20/2013 0:00,386,3,1,553,19,49,1,-1,0,0,0,0,357.8333333,3.166666667,0.5,292.3333333,10.5,29.16666667,40.16666667,3.333333333,-4.166666667,0.166666667,0,0.166666667,0.333333333,29.34
00-0010346,P.Manning,2013102709,10/27/2013 0:00,354,4,3,332,11,44,4,-3,0,0,0,0,370.5,3.5,0.5,332.1666667,12.16666667,29.66666667,42.33333333,3,-3.833333333,0.166666667,0,0.166666667,0.333333333,29.86
00-0010346,P.Manning,2013111010,11/10/2013 0:00,330,4,0,204,11,36,2,-1,0,0,0,0,352.5,3,1,330.8333333,11.5,30.16666667,42.66666667,3.333333333,-4,0.166666667,0,0.166666667,0.166666667,32.1
00-0010346,P.Manning,2013111709,11/17/2013 0:00,323,1,0,268,16,40,1,0,0,0,0,0,358.8333333,3.333333333,1,319.1666667,11.16666667,29.5,41.66666667,3.166666667,-3.666666667,0.166666667,0,0.166666667,0.166666667,19.92
00-0010346,P.Manning,2013112411,11/24/2013 0:00,150,2,1,235,16,36,1,0,0,0,1,1,350.3333333,3,1,322.6666667,13,28.16666667,42.16666667,2.833333333,-3.333333333,0.166666667,0,0.166666667,0.166666667,15
00-0010346,P.Manning,2013120103,12/1/2013 0:00,403,5,2,344,11,35,3,-3,0,0,0,0,306.3333333,2.666666667,1,311.8333333,14.33333333,25.83333333,41.16666667,2.333333333,-2,0,0,0.166666667,0.166666667,36.82
00-0010346,P.Manning,2013120809,12/8/2013 0:00,382,4,0,449,19,57,3,-1,0,0,0,0,324.3333333,3.166666667,1.166666667,322.6666667,14,24.83333333,40,2,-1.333333333,0,0,0.166666667,0.166666667,34.18
00-0010346,P.Manning,2014090712,9/7/2014 0:00,269,3,0,307,14,36,4,-3,0,0,0,1,323.6666667,3.333333333,1,305.3333333,14,26.33333333,41.33333333,2.333333333,-1.333333333,0,0,0.166666667,0.166666667,24.46
00-0010346,P.Manning,2014091410,9/14/2014 0:00,220,3,0,153,5,24,1,-1,0,0,0,0,309.5,3.166666667,0.5,301.1666667,14.5,25,40,2.333333333,-1.333333333,0,0,0.166666667,0.333333333,23.7
00-0010346,P.Manning,2014092112,9/21/2014 0:00,303,2,1,432,16,48,1,-1,0,0,0,0,291.1666667,3,0.5,292.6666667,13.5,24,38,2.166666667,-1.333333333,0,0,0.166666667,0.333333333,22.02
00-0010346,P.Manning,2014100509,10/5/2014 0:00,479,4,2,453,14,47,2,-2,0,0,0,0,287.8333333,3.166666667,0.666666667,320,13.5,25.16666667,39.33333333,2.166666667,-1.5,0,0,0.166666667,0.333333333,35.96
00-0010346,P.Manning,2014101206,10/12/2014 0:00,237,3,0,286,10,32,1,0,0,0,0,0,342.6666667,3.5,0.833333333,356.3333333,13.16666667,27.16666667,41.16666667,2.333333333,-1.833333333,0,0,0,0.166666667,24.48
00-0010346,P.Manning,2014101912,10/19/2014 0:00,318,4,0,225,4,26,1,-1,0,0,0,0,315,3.166666667,0.5,346.6666667,13,27.16666667,40.66666667,2,-1.333333333,0,0,0,0.166666667,31.62
00-0010346,P.Manning,2014102300,10/23/2014 0:00,286,3,0,190,10,35,1,0,0,0,0,1,304.3333333,3.166666667,0.5,309.3333333,10.5,24.5,35.5,1.666666667,-1.333333333,0,0,0,0.166666667,25.44
00-0010346,P.Manning,2014110208,11/2/2014 0:00,438,2,2,605,21,57,2,3,0,0,0,0,307.1666667,3.166666667,0.5,289.8333333,9.833333333,25,35.33333333,1.166666667,-0.833333333,0,0,0,0.166666667,26.82
00-0010346,P.Manning,2014111607,11/16/2014 0:00,389,1,2,426,18,54,1,-1,0,0,0,0,343.5,3,0.833333333,365.1666667,12.5,27.5,40.83333333,1.333333333,-0.166666667,0,0,0,0.166666667,20.46
00-0010346,P.Manning,2014112310,11/23/2014 0:00,257,4,0,282,7,35,2,-2,0,0,0,0,357.8333333,2.833333333,1,364.1666667,12.83333333,28,41.83333333,1.333333333,-0.166666667,0,0,0,0.166666667,29.08
00-0010346,P.Manning,2014113011,11/30/2014 0:00,179,2,0,323,17,34,2,-6,0,0,0,0,320.8333333,2.833333333,0.666666667,335.6666667,11.66666667,27.5,39.83333333,1.333333333,-0.166666667,0,0,0,0.166666667,17.56
00-0010346,P.Manning,2014120710,12/7/2014 0:00,173,0,2,220,4,20,2,-2,0,0,1,1,311.1666667,2.666666667,0.666666667,341.8333333,12.83333333,26.66666667,40.16666667,1.5,-1.166666667,0,0,0,0.166666667,6.72
00-0010346,P.Manning,2014121410,12/14/2014 0:00,233,1,0,217,6,20,3,-3,0,0,0,0,287,2,1,341,12.83333333,25.33333333,39.16666667,1.666666667,-1.333333333,0,0,0.166666667,0.333333333,16.02
00-0010346,P.Manning,2014122813,12/28/2014 0:00,273,0,0,331,16,37,1,-5,0,0,0,1,278.1666667,1.666666667,1,345.5,12.16666667,23.5,36.66666667,2,-1.833333333,0,0,0.166666667,0.166666667,12.42
00-0010346,P.Manning,2015091309,9/13/2015 0:00,175,0,1,294,15,40,1,-1,0,0,0,0,250.6666667,1.333333333,0.666666667,299.8333333,11.33333333,21.33333333,33.33333333,1.833333333,-3.166666667,0,0,0.166666667,0.333333333,8.9
00-0010346,P.Manning,2015092713,9/27/2015 0:00,324,2,1,261,10,42,1,-1,0,0,1,1,215,1.166666667,0.5,277.8333333,10.83333333,19.66666667,31,1.833333333,-3.166666667,0,0,0.166666667,0.333333333,21.86
00-0010346,P.Manning,2015100411,10/4/2015 0:00,213,1,1,217,8,26,2,-2,0,0,0,0,226.1666667,0.833333333,0.666666667,274.3333333,11.33333333,20.16666667,32.16666667,1.666666667,-3,0,0,0.333333333,0.5,14.32
,,,,,,,,,,,,,,,,231.8333333,0.666666667,0.833333333,256.6666667,9.833333333,20.16666667,30.83333333,1.666666667,-2.333333333,0,0,0.333333333,0.5,0
00-0011022,D.McNabb,2009101808,10/18/2009 0:00,269,0,0,395,23,45,2,8,0,0,0,0,264,3,0,286,4,16,20,2,30,0,0,0,0,14.56
00-0011022,D.McNabb,2009102600,10/26/2009 0:00,156,1,0,132,10,25,5,-5,0,0,0,0,266.5,1.5,0,340.5,13.5,19,32.5,2,19,0,0,0,0,12.74
00-0011022,D.McNabb,2009110111,11/1/2009 0:00,240,3,0,153,6,23,1,14,0,0,0,0,229.6666667,1.333333333,0,271,12.33333333,17.66666667,30,3,11,0,0,0,0,26
00-0011022,D.McNabb,2009110811,11/8/2009 0:00,227,1,2,233,12,30,1,0,0,0,0,0,232.25,1.75,0,241.5,10.75,17.5,28.25,2.5,11.75,0,0,0,0,14.08
00-0011022,D.McNabb,2009112213,11/22/2009 0:00,244,2,1,236,8,32,4,5,0,0,1,2,231.2,1.6,0.4,239.8,11,17.2,28.6,2.2,9.4,0,0,0,0,18.26
00-0011022,D.McNabb,2009112906,11/29/2009 0:00,260,1,1,307,13,35,2,-2,0,0,0,0,233.3333333,1.666666667,0.5,239.1666667,10.5,18.16666667,29.16666667,2.5,8.666666667,0,0,0.166666667,0.333333333,16.2
00-0011022,D.McNabb,2009120600,12/6/2009 0:00,238,1,0,150,11,25,2,17,0,0,0,0,232.6666667,1.333333333,0.666666667,242.6666667,12,19,31.66666667,2.5,3.333333333,0,0,0.166666667,0.333333333,18.22
00-0011022,D.McNabb,2009121313,12/13/2009 0:00,275,2,1,295,8,26,2,5,0,0,0,0,227.5,1.5,0.666666667,201.8333333,10,17.66666667,28.33333333,2.5,4.833333333,0,0,0.166666667,0.333333333,21.5
00-0011022,D.McNabb,2009122005,12/20/2009 0:00,306,1,2,340,11,34,4,5,1,0,0,0,247.3333333,1.666666667,0.833333333,229,9.666666667,18,28.5,2,6.5,0,0,0.166666667,0.333333333,23.74
00-0011022,D.McNabb,2009122708,12/27/2009 0:00,322,3,1,315,14,35,5,29,0,0,0,0,258.3333333,1.333333333,1.166666667,260.1666667,10.5,18.66666667,30.33333333,2.5,5,0.166666667,0,0.166666667,0.333333333,29.78
00-0011022,D.McNabb,2010010303,1/3/2010 0:00,215,0,0,337,14,33,2,8,0,0,0,0,274.1666667,1.666666667,1,273.8333333,10.83333333,19.33333333,31.16666667,3.166666667,9.833333333,0.166666667,0,0.166666667,0.333333333,12.4
00-0011022,D.McNabb,2010091212,9/12/2010 0:00,171,0,0,259,17,32,1,17,0,0,0,1,269.3333333,1.333333333,0.833333333,290.6666667,11.83333333,18.66666667,31.33333333,2.833333333,10.33333333,0.166666667,0,0,0,10.54
00-0011022,D.McNabb,2010092607,9/26/2010 0:00,236,1,1,306,11,31,2,25,0,0,1,1,254.5,1.166666667,0.666666667,282.6666667,12.5,17.66666667,30.83333333,2.666666667,13.5,0.166666667,0,0,0.166666667,16.94
00-0011022,D.McNabb,2010100310,10/3/2010 0:00,125,1,1,195,10,19,5,39,0,0,0,0,254.1666667,1.166666667,0.833333333,308.6666667,12.5,18.5,31.83333333,2.666666667,14.83333333,0.166666667,0,0.166666667,0.333333333,14.9
00-0011022,D.McNabb,2010101003,10/10/2010 0:00,357,1,1,554,20,47,4,10,0,0,0,0,229.1666667,1,0.833333333,292,12.83333333,17,30.66666667,3.166666667,20.5,0.166666667,0,0.166666667,0.333333333,21.28
00-0011022,D.McNabb,2010101712,10/17/2010 0:00,246,1,2,373,14,45,2,1,0,0,0,0,237.6666667,1,0.666666667,327.6666667,14.33333333,17.83333333,32.83333333,3.166666667,21.33333333,0,0,0.166666667,0.333333333,14.94
00-0011022,D.McNabb,2010102405,10/24/2010 0:00,200,1,2,258,13,32,5,-2,0,0,0,1,225,0.666666667,0.833333333,337.3333333,14.33333333,19.33333333,34.5,2.666666667,16.66666667,0,0,0.166666667,0.333333333,11.8
00-0011022,D.McNabb,2010103104,10/31/2010 0:00,210,1,1,264,12,30,4,45,0,0,0,0,222.5,0.833333333,1.166666667,324.1666667,14.16666667,19,34.33333333,3.166666667,15,0,0,0.166666667,0.5,18.9
00-0011022,D.McNabb,2010111500,11/15/2010 0:00,295,2,3,254,11,31,1,0,0,0,0,0,229,1,1.333333333,325,13.33333333,19.33333333,34,3.666666667,19.66666667,0,0,0.166666667,0.333333333,19.8
00-0011022,D.McNabb,2010112108,11/21/2010 0:00,376,1,1,428,18,49,1,4,0,0,0,2,238.8333333,1.166666667,1.666666667,316.3333333,13.33333333,19,34,3.5,15.5,0,0,0,0.166666667,19.44
00-0011022,D.McNabb,2010112803,11/28/2010 0:00,211,1,1,218,13,35,2,7,0,0,0,0,280.6666667,1.166666667,1.666666667,355.1666667,14.66666667,22.66666667,39,2.833333333,9.666666667,0,0,0,0.5,15.14
00-0011022,D.McNabb,2010120504,12/5/2010 0:00,296,1,2,393,16,44,2,5,0,0,3,3,256.3333333,1.166666667,1.666666667,299.1666667,13.5,21.83333333,37,2.5,9.166666667,0,0,0,0.5,14.34
00-0011022,D.McNabb,2011091806,9/18/2011 0:00,228,0,0,249,12,30,4,12,0,0,1,1,264.6666667,1.166666667,1.666666667,302.5,13.83333333,21.33333333,36.83333333,2.5,9.833333333,0,0,0.5,1,12.32
00-0011022,D.McNabb,2011092506,9/25/2011 0:00,211,1,0,308,14,36,2,11,0,0,0,0,269.3333333,1,1.333333333,301,13.66666667,21.5,36.5,2.333333333,12.16666667,0,0,0.666666667,1,16.54
00-0011022,D.McNabb,2011100208,10/2/2011 0:00,202,2,1,318,11,30,1,0,0,0,0,0,269.5,1,1.166666667,308.3333333,14,22.33333333,37.5,2,6.5,0,0,0.666666667,1,18.08
00-0011022,D.McNabb,2011100905,10/9/2011 0:00,169,0,0,137,11,21,4,4,1,0,1,1,254,1,0.833333333,319,14,22.5,37.33333333,2,6.5,0,0,0.666666667,1,15.16
,,,,,,,,,,,,,,,,219.5,0.833333333,0.666666667,270.5,12.83333333,19.16666667,32.66666667,2.5,6.5,0.166666667,0,0.833333333,0.833333333,0
00-0017200,K.Warner,2009092003,9/20/2009 0:00,243,2,0,124,2,26,1,-1,0,0,0,1,288,1,2,263,13,26,41,2,-4,0,0,0,0,19.62
00-0017200,K.Warner,2009101109,10/11/2009 0:00,302,2,0,279,12,38,2,0,0,0,1,1,265.5,1.5,1,193.5,7.5,25,33.5,1.5,-2.5,0,0,0,0.5,22.08
00-0017200,K.Warner,2009102511,10/25/2009 0:00,231,1,1,264,15,36,3,-3,0,0,0,0,277.6666667,1.666666667,0.666666667,222,9,25.33333333,35,1.666666667,-1.666666667,0,0,0.333333333,0.666666667,14.94
00-0017200,K.Warner,2009110110,11/1/2009 0:00,242,2,5,329,12,44,1,8,0,0,0,0,266,1.5,0.75,232.5,10.5,24,35.25,2,-2,0,0,0.25,0.5,16.48
00-0017200,K.Warner,2009110801,11/8/2009 0:00,261,5,0,249,10,32,1,3,0,0,0,0,261.2,1.6,1.6,251.8,10.8,24.6,37,1.8,0,0,0,0.2,0.4,33.74
00-0017200,K.Warner,2009111509,11/15/2009 0:00,340,2,0,283,8,37,4,0,0,0,0,0,261.1666667,2.166666667,1.333333333,251.3333333,10.66666667,24.16666667,36.16666667,1.666666667,0.5,0,0,0.166666667,0.333333333,24.6
00-0017200,K.Warner,2009112209,11/22/2009 0:00,203,2,0,136,4,19,1,0,0,0,0,0,269.8333333,2.333333333,1,254.6666667,9.833333333,24.66666667,35.5,2,1.166666667,0,0,0.166666667,0.333333333,19.12
00-0017200,K.Warner,2009120610,12/6/2009 0:00,285,3,0,353,10,32,3,-1,0,0,0,0,263.1666667,2.333333333,1,256.6666667,10.16666667,23.16666667,34.33333333,2,1.333333333,0,0,0.166666667,0.166666667,26.3
00-0017200,K.Warner,2009122002,12/20/2009 0:00,233,2,1,274,13,37,2,-2,0,0,0,0,260.3333333,2.5,1,269,9.833333333,22.5,33.33333333,2.166666667,1.166666667,0,0,0,0,19.12
00-0017200,K.Warner,2009122710,12/27/2009 0:00,313,2,0,350,14,38,1,10,0,0,0,0,260.6666667,2.666666667,1,270.6666667,9.5,23,33.5,2,1.333333333,0,0,0,0,24.52
,,,,,,,,,,,,,,,,272.5,2.666666667,0.166666667,274.1666667,9.833333333,22.5,32.5,2,1.666666667,0,0,0,0,0
,,,,,,,,,,,,,,,,216,1,1,174,10,19,30,1,-1,0,0,0,1,0
,,,,,,,,,,,,,,,,183,0,1,358,8,22,31,1,4,0,0,0,0,0
00-0019596,T.Brady,2009092005,9/20/2009 0:00,216,0,1,379,23,47,1,2,0,0,0,0,378,2,1,279,13,39,53,1,9,0,0,0,0,10.84
00-0019596,T.Brady,2009092705,9/27/2009 0:00,277,1,0,474,17,42,3,0,0,0,0,0,297,1,1,329,18,31,50,1,5.5,0,0,0,0,18.08
00-0019596,T.Brady,2009100406,10/4/2009 0:00,258,1,0,275,11,32,5,11,1,0,0,0,290.3333333,1,0.666666667,377.3333333,17.66666667,29,47.33333333,1.666666667,3.666666667,0,0,0,0,24.42
00-0019596,T.Brady,2009101110,10/11/2009 0:00,215,2,0,267,14,33,1,-1,0,0,0,0,282.25,1,0.5,351.75,16,27,43.5,2.5,5.5,0.25,0,0,0,19.5
00-0019596,T.Brady,2009102506,10/25/2009 0:00,308,3,2,239,7,32,1,5,0,0,0,0,268.8,1.2,0.4,334.8,15.6,25.4,41.4,2.2,4.2,0.2,0,0,0,25.82
00-0019596,T.Brady,2009110805,11/8/2009 0:00,332,1,1,380,11,37,1,5,0,0,0,0,275.3333333,1.5,0.666666667,318.8333333,14.16666667,25,39.83333333,2,4.333333333,0.166666667,0,0,0,19.78
00-0019596,T.Brady,2009111512,11/15/2009 0:00,375,3,1,359,12,42,3,3,0,0,0,0,267.6666667,1.333333333,0.666666667,335.6666667,13.83333333,22.66666667,37.16666667,2,3.666666667,0.166666667,0,0,0,29.3
00-0019596,T.Brady,2009112211,11/22/2009 0:00,310,1,0,356,13,41,4,9,0,0,0,0,294.1666667,1.833333333,0.666666667,332.3333333,12,23.66666667,36.33333333,2.333333333,3.833333333,0.166666667,0,0,0,20.3
00-0019596,T.Brady,2009113000,11/30/2009 0:00,237,0,2,360,12,35,1,2,0,0,1,2,299.6666667,1.833333333,0.666666667,312.6666667,11.33333333,24.16666667,36.16666667,2.5,5.333333333,0.166666667,0,0,0,8.68
00-0019596,T.Brady,2009121308,12/13/2009 0:00,192,1,1,190,12,32,2,-2,0,0,1,1,296.1666667,1.666666667,1,326.8333333,11.5,24.16666667,36.66666667,1.833333333,3.833333333,0,0,0.166666667,0.333333333,12.48
00-0019596,T.Brady,2009122001,12/20/2009 0:00,115,1,1,273,11,23,4,-3,0,0,0,0,292.3333333,1.5,1.166666667,314,11.16666667,24.16666667,36.5,2,3.666666667,0,0,0.333333333,0.5,10.3
00-0019596,T.Brady,2009122706,12/27/2009 0:00,267,4,0,171,3,26,2,4,0,0,0,0,260.1666667,1.166666667,1,319.6666667,11.83333333,22.16666667,35,2.5,2.333333333,0,0,0.333333333,0.5,30.08
00-0019596,T.Brady,2010092603,9/26/2010 0:00,252,3,0,267,6,27,4,6,0,0,1,1,249.3333333,1.666666667,0.833333333,284.8333333,10.5,21.83333333,33.16666667,2.666666667,2.166666667,0,0,0.333333333,0.5,24.68
00-0019596,T.Brady,2010100400,10/4/2010 0:00,153,1,0,124,5,24,5,6,0,0,0,0,228.8333333,1.666666667,0.666666667,269.5,9.5,20.5,30.66666667,2.833333333,2.666666667,0,0,0.5,0.666666667,13.72
00-0019596,T.Brady,2010101702,10/17/2010 0:00,292,1,2,337,15,44,2,1,0,0,0,0,202.6666667,1.666666667,0.666666667,230.8333333,8.166666667,19,27.83333333,3,2.166666667,0,0,0.5,0.666666667,16.78
00-0019596,T.Brady,2010102410,10/24/2010 0:00,159,1,0,224,13,32,2,1,0,0,0,0,211.8333333,1.833333333,0.666666667,227,8.666666667,20,29.33333333,3.166666667,2,0,0,0.333333333,0.333333333,13.46
00-0019596,T.Brady,2010103108,10/31/2010 0:00,240,1,0,207,11,27,4,-3,0,0,0,0,206.3333333,1.833333333,0.5,232.6666667,8.833333333,20,29.33333333,3.166666667,2.5,0,0,0.166666667,0.166666667,16.3
00-0019596,T.Brady,2010110702,11/7/2010 0:00,224,2,0,207,17,36,1,1,0,0,1,1,227.1666667,1.833333333,0.333333333,221.6666667,8.833333333,20.83333333,30,3.166666667,2.5,0,0,0.166666667,0.166666667,19.06
00-0019596,T.Brady,2010111411,11/14/2010 0:00,350,3,0,368,13,43,1,3,1,0,0,0,220,1.5,0.333333333,227.6666667,11.16666667,20.16666667,31.66666667,3,2,0,0,0.333333333,0.333333333,35.3
00-0019596,T.Brady,2010112112,11/21/2010 0:00,186,2,0,172,6,25,4,-2,0,0,0,0,236.3333333,1.5,0.333333333,244.5,12.33333333,21.66666667,34.33333333,2.5,1.5,0.166666667,0,0.166666667,0.166666667,18.24
00-0019596,T.Brady,2010112500,11/25/2010 0:00,341,4,0,245,6,27,4,1,0,0,0,0,241.8333333,1.666666667,0.333333333,252.5,12.5,21.66666667,34.5,2.333333333,0.166666667,0.166666667,0,0.166666667,0.166666667,32.74
00-0019596,T.Brady,2010120600,12/6/2010 0:00,326,4,0,245,8,29,1,3,0,0,0,0,250,2.166666667,0,237.1666667,11,20.66666667,31.66666667,2.666666667,0.166666667,0.166666667,0,0.166666667,0.166666667,32.34
00-0019596,T.Brady,2010122601,12/26/2010 0:00,140,3,0,224,12,27,3,13,0,0,0,0,277.8333333,2.666666667,0,240.6666667,10.16666667,21,31.16666667,2.5,0.5,0.166666667,0,0.166666667,0.166666667,21.9
00-0019596,T.Brady,2011091200,9/12/2011 0:00,517,4,1,520,15,48,1,3,0,0,0,0,261.1666667,3,0,243.5,10.33333333,20.83333333,31.16666667,2.333333333,3.166666667,0.166666667,0,0.166666667,0.166666667,38.98
00-0019596,T.Brady,2011091811,9/18/2011 0:00,423,3,0,285,9,40,2,3,0,0,0,0,310,3.333333333,0.166666667,295.6666667,10,23,33.16666667,2.333333333,3.5,0.166666667,0,0,0,32.22
00-0019596,T.Brady,2011092502,9/25/2011 0:00,387,4,4,414,11,45,1,5,0,0,0,0,322.1666667,3.333333333,0.166666667,281.8333333,9.333333333,23.16666667,32.66666667,2.5,3.5,0,0,0,0,30.98
00-0019596,T.Brady,2011100212,10/2/2011 0:00,226,2,0,395,14,30,1,-1,0,0,0,0,355.6666667,3.666666667,0.833333333,322.1666667,10.16666667,25,36,2,4.666666667,0,0,0,0,19.94
00-0019596,T.Brady,2011100909,10/9/2011 0:00,248,1,1,303,8,32,1,3,0,0,0,0,336.5,3.333333333,0.833333333,347.1666667,11.5,24.16666667,36.5,1.5,4.333333333,0,0,0,0,16.22
00-0019596,T.Brady,2011101610,10/16/2011 0:00,289,2,2,230,12,41,4,17,0,0,1,1,323.5,2.833333333,1,356.8333333,11.5,24.5,37,1.5,4.333333333,0,0,0,0,21.26
00-0019596,T.Brady,2011110609,11/6/2011 0:00,342,2,2,462,19,49,1,5,0,0,0,0,348.3333333,2.666666667,1.333333333,357.8333333,11.5,26.5,39.33333333,1.666666667,5,0,0,0.166666667,0.166666667,23.18
00-0019596,T.Brady,2011111313,11/13/2011 0:00,329,3,0,335,13,39,3,2,0,1,0,0,319.1666667,2.333333333,1.5,348.1666667,12.16666667,25.83333333,39.5,1.666666667,5.333333333,0,0,0.166666667,0.166666667,28.36
00-0019596,T.Brady,2011112100,11/21/2011 0:00,234,2,0,122,12,27,2,10,0,0,0,0,303.5,2.333333333,1.5,356.5,12.83333333,25,39.33333333,1.833333333,5.166666667,0,0.166666667,0.166666667,0.166666667,21.36
00-0019596,T.Brady,2011112709,11/27/2011 0:00,361,3,0,260,10,34,5,28,0,0,0,0,278,2,0.833333333,307.8333333,13,22.5,36.33333333,2,6,0,0.166666667,0.166666667,0.166666667,32.24
00-0019596,T.Brady,2011120413,12/4/2011 0:00,293,2,0,344,9,38,3,7,0,0,0,0,300.5,2.166666667,0.833333333,285.3333333,12.33333333,23.83333333,37,2.666666667,10.83333333,0,0.166666667,0.166666667,0.166666667,23.42
00-0019596,T.Brady,2011121100,12/11/2011 0:00,357,3,1,228,14,37,4,8,0,0,0,0,308,2.333333333,0.666666667,292.1666667,12.5,24.83333333,38,3,11.5,0,0.166666667,0.166666667,0.166666667,29.08
00-0019596,T.Brady,2011121811,12/18/2011 0:00,320,2,0,237,10,33,6,2,1,0,0,0,319.3333333,2.5,0.5,291.8333333,12.83333333,24,37.33333333,3,10,0,0.166666667,0,0,30
00-0019596,T.Brady,2011122401,12/24/2011 0:00,304,1,0,288,19,46,9,17,2,0,0,0,315.6666667,2.5,0.166666667,254.3333333,11.33333333,23.16666667,34.66666667,3.833333333,9.5,0.166666667,0.166666667,0,0,32.86
00-0019596,T.Brady,2012090904,9/9/2012 0:00,236,2,0,261,8,31,2,1,0,0,0,0,311.5,2.166666667,0.166666667,246.5,12.33333333,23.33333333,35.83333333,4.833333333,12,0.5,0,0,0,20.54
00-0019596,T.Brady,2012091602,9/16/2012 0:00,316,1,1,466,16,45,1,-1,0,0,0,0,311.8333333,2.166666667,0.166666667,269.6666667,11.66666667,24.66666667,36.5,4.833333333,10.5,0.5,0,0,0,18.54
00-0019596,T.Brady,2012092313,9/23/2012 0:00,335,1,0,287,13,41,2,7,0,0,0,0,304.3333333,1.833333333,0.333333333,304,12.66666667,25.33333333,38.33333333,4.166666667,5.666666667,0.5,0,0,0,21.1
00-0019596,T.Brady,2012093000,9/30/2012 0:00,340,3,0,376,14,36,1,4,1,0,2,2,311.3333333,1.666666667,0.333333333,294.5,13.33333333,25.16666667,38.83333333,4,5.666666667,0.5,0,0,0,33
00-0019596,T.Brady,2012100709,10/7/2012 0:00,223,1,0,209,8,31,4,-2,1,0,0,0,308.5,1.666666667,0.166666667,319.1666667,13.33333333,25.16666667,38.66666667,3.5,5,0.666666667,0,0.333333333,0.333333333,21.72
00-0019596,T.Brady,2012102804,10/28/2012 0:00,304,4,0,243,12,35,1,3,0,0,0,0,292.3333333,1.5,0.166666667,314.5,13,25.16666667,38.33333333,3.166666667,4.333333333,0.666666667,0,0.333333333,0.333333333,31.46
00-0019596,T.Brady,2012111103,11/11/2012 0:00,237,2,0,259,15,38,1,-1,0,0,0,0,292.3333333,2,0.166666667,307,11.83333333,24.5,36.5,1.833333333,2,0.333333333,0,0.333333333,0.333333333,20.38
00-0019596,T.Brady,2012112202,11/22/2012 0:00,295,3,0,274,10,27,3,5,1,1,0,0,292.5,2,0.166666667,306.6666667,13,24.5,37.66666667,1.666666667,1.666666667,0.333333333,0,0.333333333,0.333333333,33.3
00-0019596,T.Brady,2012120207,12/2/2012 0:00,238,1,1,308,15,40,4,-1,0,0,0,0,289,2.333333333,0,274.6666667,12,22.66666667,34.66666667,2,2.666666667,0.5,0.166666667,0.333333333,0.333333333,15.42
00-0019596,T.Brady,2012121000,12/10/2012 0:00,296,4,0,365,14,35,1,6,0,0,0,1,272.8333333,2.333333333,0.166666667,278.1666667,12.33333333,22,34.5,2.333333333,1.333333333,0.5,0.166666667,0.333333333,0.333333333,30.44
00-0019596,T.Brady,2012121613,12/16/2012 0:00,443,1,2,593,25,63,3,11,1,0,1,1,265.5,2.5,0.166666667,276.3333333,12.33333333,21.83333333,34.33333333,2.333333333,1.666666667,0.333333333,0.166666667,0,0.166666667,28.82
00-0019596,T.Brady,2013090800,9/8/2013 0:00,288,2,1,384,22,52,5,-4,0,0,0,0,302.1666667,2.5,0.5,340.3333333,15.16666667,24,39.66666667,2.166666667,3.833333333,0.333333333,0.166666667,0.166666667,0.333333333,21.12
00-0019596,T.Brady,2013091200,9/12/2013 0:00,185,1,0,391,20,39,2,-2,0,0,0,0,299.5,2.166666667,0.666666667,363.8333333,16.83333333,25,42.5,2.833333333,2.666666667,0.333333333,0.166666667,0.166666667,0.333333333,14.2
00-0019596,T.Brady,2013092206,9/22/2013 0:00,220,2,1,153,9,34,5,5,0,0,0,0,290.8333333,2,0.666666667,385.8333333,17.66666667,24.33333333,42.66666667,3,2.5,0.333333333,0.166666667,0.166666667,0.333333333,19.3
00-0019596,T.Brady,2013092912,9/29/2013 0:00,316,2,0,331,11,31,5,-2,0,0,0,0,278.3333333,1.833333333,0.833333333,365.6666667,17.5,25.5,43.83333333,3.333333333,2.5,0.166666667,0,0.166666667,0.333333333,23.44
00-0019596,T.Brady,2013101310,10/13/2013 0:00,269,1,1,460,16,42,2,16,0,0,0,0,291.3333333,2,0.666666667,369.5,16.83333333,24.83333333,42.33333333,3.5,2.333333333,0.166666667,0,0.166666667,0.333333333,18.36
00-0019596,T.Brady,2013102703,10/27/2013 0:00,116,1,1,174,8,22,4,5,0,0,0,0,286.8333333,1.5,0.833333333,385.3333333,17.16666667,25.5,43.5,3.666666667,4,0.166666667,0,0.166666667,0.166666667,11.14
00-0019596,T.Brady,2013110309,11/3/2013 0:00,432,4,0,390,10,33,1,-1,0,0,1,1,232.3333333,1.5,0.666666667,315.5,14.33333333,21.66666667,36.66666667,3.833333333,3,0,0,0,0,35.18
00-0019596,T.Brady,2013111800,11/18/2013 0:00,296,1,1,265,10,40,1,3,0,0,0,0,256.3333333,1.833333333,0.5,316.5,12.33333333,20.66666667,33.5,3.166666667,3.5,0,0,0.166666667,0.166666667,18.14
00-0019596,T.Brady,2013112411,11/24/2013 0:00,344,3,0,420,16,50,2,0,0,0,0,1,274.8333333,1.833333333,0.666666667,295.5,10.66666667,22.33333333,33.66666667,3,4.333333333,0,0,0.166666667,0.166666667,27.76
00-0019596,T.Brady,2013120802,12/8/2013 0:00,418,2,1,330,18,51,2,1,0,0,0,0,295.5,2,0.5,340,11.83333333,24,36.33333333,2.5,3.5,0,0,0.166666667,0.333333333,26.82
00-0019596,T.Brady,2013122907,12/29/2013 0:00,122,1,0,124,9,23,4,-3,0,0,0,0,312.5,2,0.666666667,339.8333333,13,26,39.66666667,2,4,0,0,0.166666667,0.333333333,11.58
00-0019596,T.Brady,2014090705,9/7/2014 0:00,249,1,0,593,27,56,1,3,0,0,0,0,288,2,0.5,283.8333333,11.83333333,24.16666667,36.5,2.333333333,0.833333333,0,0,0.166666667,0.333333333,17.26
00-0019596,T.Brady,2014091404,9/14/2014 0:00,149,1,0,171,7,22,1,0,0,0,0,1,310.1666667,2,0.333333333,353.6666667,15,26.83333333,42.16666667,1.833333333,0.5,0,0,0.166666667,0.333333333,11.96
00-0019596,T.Brady,2014092105,9/21/2014 0:00,234,1,0,229,13,37,3,-7,0,0,0,1,263,1.5,0.333333333,317.1666667,14.5,25.5,40.33333333,1.833333333,0.666666667,0,0,0,0.333333333,14.66
00-0019596,T.Brady,2014100512,10/5/2014 0:00,292,2,0,319,12,35,4,13,0,0,0,0,252.6666667,1.5,0.166666667,311.1666667,15,24.66666667,39.83333333,2.166666667,-1,0,0,0,0.5,23.98
00-0019596,T.Brady,2014101201,10/12/2014 0:00,361,4,0,296,10,37,4,3,0,0,0,0,244,1.333333333,0.166666667,294.3333333,14.33333333,22.83333333,37.33333333,2.5,1.166666667,0,0,0,0.333333333,33.74
00-0019596,T.Brady,2014102605,10/26/2014 0:00,354,5,0,241,5,35,2,0,0,0,0,0,234.5,1.666666667,0,288.6666667,13,22,35,2.833333333,1.5,0,0,0,0.333333333,37.16
00-0019596,T.Brady,2014110208,11/2/2014 0:00,333,4,1,413,19,53,2,4,0,0,0,0,273.1666667,2.333333333,0,308.1666667,12.33333333,24.66666667,37,2.5,2,0,0,0,0.333333333,31.72
00-0019596,T.Brady,2014111611,11/16/2014 0:00,257,2,2,275,9,30,2,-2,0,0,0,0,287.1666667,2.833333333,0.166666667,278.1666667,11,25.33333333,36.5,2.666666667,2.166666667,0,0,0,0.333333333,19.08
00-0019596,T.Brady,2014113010,11/30/2014 0:00,245,2,0,331,13,35,1,-1,0,0,0,0,305.1666667,3,0.5,295.5,11.33333333,26,37.83333333,2.833333333,1.833333333,0,0,0,0.166666667,20.7
00-0019596,T.Brady,2014120713,12/7/2014 0:00,317,2,1,274,15,44,4,7,0,0,1,1,307,3.166666667,0.5,312.5,11.33333333,25.66666667,37.5,2.5,2.833333333,0,0,0,0,22.38
00-0019596,T.Brady,2014121408,12/14/2014 0:00,287,2,1,383,13,35,3,18,0,0,0,1,311.1666667,3.166666667,0.666666667,305,11.83333333,26.5,39,2.5,1.833333333,0,0,0.166666667,0.166666667,22.28
00-0019596,T.Brady,2014122105,12/21/2014 0:00,182,1,1,184,11,35,7,10,0,0,0,0,298.8333333,2.833333333,0.833333333,319.5,12.33333333,25.5,38.66666667,2.333333333,4.333333333,0,0,0.166666667,0.333333333,14.28
00-0019596,T.Brady,2015091000,9/10/2015 0:00,288,4,0,235,7,32,3,1,0,0,0,1,270.1666667,2.166666667,1,310,13.33333333,24.33333333,38.66666667,3.166666667,6,0,0,0.166666667,0.333333333,29.62
00-0019596,T.Brady,2015092001,9/20/2015 0:00,466,3,0,501,21,59,3,-4,0,0,1,1,262.6666667,2.166666667,0.833333333,280.3333333,11.33333333,23,35.16666667,3.333333333,5.5,0,0,0.166666667,0.5,32.24
00-0019596,T.Brady,2015092706,9/27/2015 0:00,358,2,0,188,9,42,2,4,0,0,0,0,297.5,2.333333333,0.5,318,13.33333333,26.16666667,40,3.5,5.166666667,0,0,0.333333333,0.666666667,25.72
00-0019596,T.Brady,2015101109,10/11/2015 0:00,275,2,0,150,7,27,2,3,1,0,0,0,316.3333333,2.333333333,0.5,294.1666667,12.66666667,28,41.16666667,3.666666667,6,0,0,0.333333333,0.666666667,28.3
00-0019596,T.Brady,2015101811,10/18/2015 0:00,312,3,1,228,13,37,4,0,0,0,0,0,309.3333333,2.333333333,0.333333333,273.5,11.33333333,26.66666667,38.33333333,3.333333333,5.333333333,0.166666667,0,0.166666667,0.5,26.48
00-0019596,T.Brady,2015102503,10/25/2015 0:00,355,2,0,382,20,54,4,15,1,0,0,0,313.5,2.5,0.333333333,247.6666667,11.33333333,27,38.66666667,3.5,2.333333333,0.166666667,0,0.166666667,0.333333333,32.7
00-0019596,T.Brady,2015102900,10/29/2015 0:00,356,4,0,323,12,38,1,1,0,0,0,0,342.3333333,2.666666667,0.166666667,280.6666667,12.83333333,28.83333333,41.83333333,3,3.166666667,0.333333333,0,0.166666667,0.333333333,33.34
00-0019596,T.Brady,2015110802,11/8/2015 0:00,299,2,1,275,12,39,1,-1,0,0,1,1,353.6666667,2.666666667,0.166666667,295.3333333,13.66666667,29,42.83333333,2.666666667,3.166666667,0.333333333,0,0.166666667,0.166666667,20.86
00-0019596,T.Brady,2015111509,11/15/2015 0:00,334,2,1,436,14,41,2,9,0,0,0,0,325.8333333,2.5,0.333333333,257.6666667,12.16666667,27,39.5,2.333333333,3.666666667,0.333333333,0,0.166666667,0.166666667,24.26
00-0019596,T.Brady,2015120612,12/6/2015 0:00,312,3,2,564,24,55,6,17,1,0,0,0,321.8333333,2.5,0.5,299,13,25.83333333,39.33333333,2.333333333,4.5,0.333333333,0,0.166666667,0.166666667,33.18
00-0019596,T.Brady,2015121303,12/13/2015 0:00,226,2,0,219,8,30,4,10,0,0,0,0,328,2.666666667,0.833333333,368,15.83333333,27.33333333,44,3,6.833333333,0.333333333,0,0.166666667,0.166666667,21.04
00-0019596,T.Brady,2015122702,12/27/2015 0:00,231,1,1,227,8,31,1,-1,0,0,0,0,313.6666667,2.5,0.666666667,366.5,15,27.16666667,42.83333333,3,8.5,0.333333333,0,0.166666667,0.166666667,15.14
00-0019596,T.Brady,2016010301,1/3/2016 0:00,134,0,0,185,9,21,1,-1,0,0,0,0,293,2.333333333,0.833333333,340.6666667,13,25.16666667,39,2.5,5.833333333,0.166666667,0,0.166666667,0.166666667,8.26
00-0019596,T.Brady,2016100901,10/9/2016 0:00,406,3,0,282,12,40,2,14,0,0,0,0,256,1.666666667,0.833333333,317.6666667,12.5,22.83333333,36.16666667,2.5,5.5,0.166666667,0,0.166666667,0.166666667,32.64
00-0019596,T.Brady,2016101604,10/16/2016 0:00,376,3,0,209,6,35,2,2,0,0,0,0,273.8333333,1.833333333,0.666666667,318.8333333,12.5,23.16666667,36.33333333,2.666666667,8,0.166666667,0,0,0,30.24
00-0019596,T.Brady,2016102311,10/23/2016 0:00,222,2,0,171,7,26,5,13,0,0,1,1,280.8333333,2,0.5,281,11.16666667,23.66666667,35.33333333,2.666666667,6.833333333,0.166666667,0,0,0,20.18
00-0019596,T.Brady,2016103002,10/30/2016 0:00,315,4,0,330,11,33,1,15,0,0,0,0,265.8333333,1.833333333,0.166666667,215.5,8.333333333,22,30.5,2.5,6.166666667,0,0,0.166666667,0.166666667,33.1
00-0019596,T.Brady,2016111312,11/13/2016 0:00,316,0,1,352,8,32,5,7,0,0,1,1,280.6666667,2.166666667,0.166666667,234,8.833333333,22,31,2,7,0,0,0.166666667,0.166666667,14.34
00-0019596,T.Brady,2016112009,11/20/2016 0:00,280,4,0,321,15,39,4,12,0,0,0,0,294.8333333,2,0.166666667,254.8333333,8.833333333,22.16666667,31.16666667,2.666666667,8.333333333,0,0,0.333333333,0.333333333,31.4
00-0019596,T.Brady,2016112711,11/27/2016 0:00,286,2,0,336,20,50,3,-4,0,0,0,1,319.1666667,2.666666667,0.166666667,277.5,9.833333333,24.16666667,34.16666667,3.166666667,10.5,0,0,0.333333333,0.333333333,21.04
00-0019596,T.Brady,2016120406,12/4/2016 0:00,269,1,0,277,13,46,3,1,0,0,0,0,299.1666667,2.5,0.166666667,286.5,11.16666667,24.5,35.83333333,3.333333333,7.5,0,0,0.333333333,0.5,17.86
00-0019596,T.Brady,2016121200,12/12/2016 0:00,406,3,1,336,12,38,1,-1,0,0,0,0,281.3333333,2.166666667,0.166666667,297.8333333,12.33333333,25.16666667,37.66666667,3.5,7.333333333,0,0,0.333333333,0.5,30.14
00-0019596,T.Brady,2016121810,12/18/2016 0:00,188,0,0,232,16,32,1,-1,0,0,0,1,312,2.333333333,0.333333333,325.3333333,13.16666667,26.16666667,39.66666667,2.833333333,5,0,0,0.166666667,0.333333333,9.42
00-0019596,T.Brady,2017010104,1/1/2017 0:00,276,3,0,159,8,33,1,6,0,0,0,0,290.8333333,1.666666667,0.333333333,309,14,25.16666667,39.5,2.833333333,2.333333333,0,0,0.166666667,0.5,26.64
00-0019596,T.Brady,2017090700,9/7/2017 0:00,267,0,0,567,20,36,2,0,0,0,0,1,284.1666667,2.166666667,0.166666667,276.8333333,14,25.5,39.66666667,2.166666667,2.166666667,0,0,0,0.333333333,12.68
00-0019596,T.Brady,2017091705,9/17/2017 0:00,447,3,0,281,9,39,2,9,0,0,0,0,282,1.5,0.166666667,317.8333333,14.83333333,24.16666667,39.16666667,1.833333333,0.166666667,0,0,0,0.5,33.78
00-0019596,T.Brady,2017092407,9/24/2017 0:00,378,5,0,415,10,35,1,6,0,0,0,1,308.8333333,1.666666667,0.166666667,308.6666667,13,24.16666667,37.33333333,1.666666667,2.333333333,0,0,0,0.333333333,37.72
00-0019596,T.Brady,2017100107,10/1/2017 0:00,307,2,0,341,13,45,1,2,0,0,0,0,327,2.333333333,0.166666667,331.6666667,12.5,22.83333333,35.5,1.333333333,3.166666667,0,0,0,0.5,23.48
00-0019596,T.Brady,2017100500,10/5/2017 0:00,303,1,1,248,9,40,2,5,0,0,0,0,310.5,2.166666667,0,332.5,12.66666667,24,36.66666667,1.333333333,3.666666667,0,0,0,0.5,18.62
00-0019596,T.Brady,2017101505,10/15/2017 0:00,257,2,1,480,17,38,1,-1,0,0,0,0,329.6666667,2.333333333,0.166666667,335.1666667,11.5,26.33333333,38,1.5,4.666666667,0,0,0,0.333333333,20.18
00-0019596,T.Brady,2017102212,10/22/2017 0:00,249,2,0,218,8,29,5,5,0,0,0,0,326.5,2.166666667,0.333333333,388.6666667,13,25.5,38.83333333,1.5,3.5,0,0,0,0.333333333,21.46
00-0019596,T.Brady,2017102903,10/29/2017 0:00,308,1,0,388,15,46,1,2,0,0,0,0,323.5,2.5,0.333333333,330.5,11,26.33333333,37.66666667,2,4.333333333,0,0,0,0.166666667,19.52
00-0019596,T.Brady,2017111211,11/12/2017 0:00,266,3,0,309,9,34,1,0,0,0,0,0,300.3333333,2.166666667,0.333333333,348.3333333,12,26.5,38.83333333,1.833333333,3.166666667,0,0,0,0.166666667,25.64
00-0019596,T.Brady,2017112604,11/26/2017 0:00,227,4,1,226,9,28,5,-4,0,0,0,0,281.6666667,1.833333333,0.333333333,330.6666667,11.83333333,26.5,38.66666667,1.833333333,2.166666667,0,0,0,0,26.68
00-0019596,T.Brady,2017121709,12/17/2017 0:00,298,1,1,352,12,35,2,-2,0,0,0,0,268.3333333,2.166666667,0.5,311.5,11.16666667,24.16666667,35.83333333,2.5,1.166666667,0,0,0,0,17.72
00-0019596,T.Brady,2017122404,12/24/2017 0:00,224,2,1,216,6,28,2,6,0,0,0,0,267.5,2.166666667,0.5,328.8333333,11.66666667,22.83333333,35,2.5,0,0,0,0,0,19.56
00-0019596,T.Brady,2018090905,9/9/2018 0:00,277,3,1,320,12,39,1,2,0,0,1,1,262,2.166666667,0.5,284.8333333,9.833333333,23,33.33333333,2.666666667,1.166666667,0,0,0,0,24.28
00-0019596,T.Brady,2018091612,9/16/2018 0:00,234,2,0,213,11,35,3,10,0,0,0,0,266.6666667,2.333333333,0.666666667,301.8333333,10.5,23.83333333,35,2,0.666666667,0,0,0.166666667,0.166666667,21.36
00-0019596,T.Brady,2018092313,9/23/2018 0:00,133,1,1,333,11,26,1,2,0,0,0,0,254.3333333,2.5,0.666666667,272.6666667,9.833333333,22.66666667,33.16666667,2.333333333,2,0,0,0.166666667,0.166666667,11.52
00-0019596,T.Brady,2018100400,10/4/2018 0:00,341,3,2,285,8,44,3,-1,1,0,0,0,232.1666667,2.166666667,0.833333333,276.6666667,10.16666667,20.83333333,31.83333333,2.333333333,2.333333333,0,0,0.166666667,0.166666667,32.54
00-0019596,T.Brady,2018101412,10/14/2018 0:00,340,1,0,323,11,35,3,2,1,0,0,0,251.1666667,2,1,286.5,10,23.5,34.5,2,2.833333333,0.166666667,0,0.166666667,0.166666667,26.8
00-0019596,T.Brady,2018102102,10/21/2018 0:00,277,3,1,235,10,36,1,6,0,0,0,0,258.1666667,2,0.833333333,281.6666667,9.833333333,23.83333333,34.5,2.166666667,3.5,0.333333333,0,0.166666667,0.166666667,25.68
00-0019596,T.Brady,2018102900,10/29/2018 0:00,324,0,0,343,15,44,1,8,0,0,0,0,267,2.166666667,0.833333333,284.8333333,10.5,24.5,35.83333333,2,3.5,0.333333333,0,0.166666667,0.166666667,16.76
00-0019596,T.Brady,2018110410,11/4/2018 0:00,294,1,0,266,13,35,5,-1,0,0,0,0,274.8333333,1.666666667,0.666666667,288.6666667,11,25,36.66666667,2,4.5,0.333333333,0,0,0,18.66
00-0019596,T.Brady,2018111108,11/11/2018 0:00,254,0,0,354,19,40,1,0,0,0,0,0,284.8333333,1.5,0.666666667,297.5,11.33333333,24.66666667,36.66666667,2.333333333,2.666666667,0.333333333,0,0,0,13.16
00-0019596,T.Brady,2018112505,11/25/2018 0:00,283,2,0,297,11,31,1,-1,0,0,0,0,305,1.333333333,0.5,301,12.66666667,25.83333333,39,2.333333333,2.333333333,0.333333333,0,0,0,22.22
00-0019596,T.Brady,2018120212,12/2/2018 0:00,311,1,1,123,7,32,2,5,0,0,0,0,295.3333333,1.166666667,0.166666667,303,13.16666667,23.5,36.83333333,2,2.333333333,0.166666667,0,0,0,18.94
00-0019596,T.Brady,2018120906,12/9/2018 0:00,358,3,0,360,16,43,1,3,0,0,0,0,290.5,1.166666667,0.333333333,269.6666667,12.5,23.5,36.33333333,1.833333333,2.833333333,0,0,0,0,29.62
00-0019596,T.Brady,2019091505,9/15/2019 0:00,264,2,0,264,8,28,2,1,1,0,0,0,304,1.166666667,0.166666667,290.5,13.5,23.83333333,37.5,1.833333333,2.333333333,0,0,0,0,27.66
00-0019596,T.Brady,2019092206,9/22/2019 0:00,306,2,0,287,14,42,2,-1,0,0,0,0,294,1.5,0.166666667,277.3333333,12.33333333,22.33333333,34.83333333,2,1.166666667,0.166666667,0,0,0,23.14
00-0019596,T.Brady,2019092902,9/29/2019 0:00,150,0,1,298,20,39,3,-3,0,0,0,1,296,1.666666667,0.166666667,280.8333333,12.5,23.33333333,36,1.5,1.166666667,0.166666667,0,0,0,6.7
00-0019596,T.Brady,2019101000,10/10/2019 0:00,334,0,1,280,9,41,7,6,2,0,0,1,278.6666667,1.666666667,0.333333333,271.5,12.66666667,22.83333333,35.83333333,1.833333333,0.666666667,0.166666667,0,0,0.166666667,26.96
00-0019596,T.Brady,2019111710,11/17/2019 0:00,216,0,0,319,21,47,1,-1,0,0,0,0,287.1666667,1.333333333,0.5,268.6666667,12.33333333,24.66666667,37.5,2.833333333,1.833333333,0.5,0,0,0.333333333,11.54
00-0019596,T.Brady,2019112409,11/24/2019 0:00,190,1,0,385,20,37,2,-3,0,0,0,0,271.3333333,1.166666667,0.333333333,301.3333333,14.66666667,25,40,2.666666667,0.833333333,0.5,0,0,0.333333333,14.3
00-0019596,T.Brady,2019120111,12/1/2019 0:00,326,3,1,498,22,47,1,13,0,0,0,0,243.3333333,0.833333333,0.333333333,305.5,15.33333333,23.33333333,39,2.833333333,-0.166666667,0.5,0,0,0.333333333,28.34
00-0019596,T.Brady,2019120811,12/8/2019 0:00,169,1,1,249,16,36,2,20,0,0,0,0,253.6666667,1,0.5,344.5,17.66666667,24,42.16666667,2.666666667,1.833333333,0.333333333,0,0,0.333333333,14.76
00-0019596,T.Brady,2019121501,12/15/2019 0:00,128,2,0,152,14,29,2,-2,0,0,0,0,230.8333333,0.833333333,0.666666667,338.1666667,18,22.5,41.16666667,2.666666667,5.333333333,0.333333333,0,0,0.333333333,15.92
00-0019596,T.Brady,2019122101,12/21/2019 0:00,271,1,0,167,7,33,4,4,0,0,1,1,227.1666667,1.166666667,0.5,313.8333333,17,22,39.5,2.5,5.5,0.333333333,0,0,0.166666667,17.24
,,,,,,,,,,,,,,,,216.6666667,1.333333333,0.333333333,295,16.66666667,21.16666667,38.16666667,2,5.166666667,0,0,0.166666667,0.166666667,0
00-0019599,M.Bulger,2009092008,9/20/2009 0:00,118,1,0,164,12,26,2,9,0,0,1,1,191,0,0,371,19,17,36,1,2,0,0,0,1,11.62
00-0019599,M.Bulger,2009110104,11/1/2009 0:00,176,0,1,256,17,35,3,1,0,0,0,0,154.5,0.5,0,267.5,15.5,15.5,31,1.5,5.5,0,0,0.5,1,9.14
00-0019599,M.Bulger,2009111505,11/15/2009 0:00,298,2,1,341,13,40,1,7,0,0,0,0,161.6666667,0.333333333,0.333333333,263.6666667,16,16,32.33333333,2,4,0,0,0.333333333,0.666666667,22.62
00-0019599,M.Bulger,2009112209,11/22/2009 0:00,215,0,1,294,17,37,1,3,0,0,0,0,195.75,0.75,0.5,283,15.25,18.5,34.25,1.75,4.75,0,0,0.25,0.5,10.9
,,,,,,,,,,,,,,,,199.6,0.6,0.6,285.2,15.6,18.6,34.8,1.6,4.4,0,0,0.2,0.4,0
,,,,,,,,,,,,,,,,243,2,0,376,16,23,39,2,4,0,0,0,0,0
00-0020245,M.Vick,2010091906,9/19/2010 0:00,284,2,0,384,13,34,7,37,0,0,0,0,175,1,0,159,8,16,24,11,103,0,0,1,1,26.06
00-0020245,M.Vick,2010092610,9/26/2010 0:00,291,3,0,243,13,30,4,30,1,0,0,0,229.5,1.5,0,271.5,10.5,18.5,29,9,70,0,0,0.5,0.5,35.64
00-0020245,M.Vick,2010110709,11/7/2010 0:00,218,1,0,260,12,29,10,74,1,0,0,0,250,2,0,262,11.33333333,18,29.33333333,7.333333333,56.66666667,0.333333333,0,0.333333333,0.333333333,29.12
00-0020245,M.Vick,2010111500,11/15/2010 0:00,333,4,0,274,8,28,8,80,2,0,0,1,242,1.75,0,261.5,11.5,17.75,29.25,8,61,0.5,0,0.25,0.25,51.32
00-0020245,M.Vick,2010112113,11/21/2010 0:00,258,0,0,354,14,38,11,34,1,0,0,0,260.2,2.2,0,264,10.8,18.2,29,8,64.8,0.8,0,0.2,0.4,22.72
00-0020245,M.Vick,2010112804,11/28/2010 0:00,333,2,1,345,13,43,9,44,0,0,0,0,259.8333333,1.833333333,0,279,11.33333333,19.16666667,30.5,8.5,59.66666667,0.833333333,0,0.166666667,0.333333333,27.72
00-0020245,M.Vick,2010120200,12/2/2010 0:00,302,2,1,253,10,33,10,48,1,0,0,0,286.1666667,2,0.166666667,310,12.16666667,21.33333333,33.66666667,8.166666667,49.83333333,0.833333333,0,0,0.166666667,32.88
00-0020245,M.Vick,2010121213,12/12/2010 0:00,270,2,2,277,7,25,8,16,1,0,0,0,289.1666667,2,0.333333333,288.1666667,11.66666667,21.5,33.5,8.666666667,51.66666667,1,0,0,0.166666667,27.4
00-0020245,M.Vick,2010121906,12/19/2010 0:00,242,3,1,302,12,34,10,130,1,0,2,2,285.6666667,1.833333333,0.666666667,293.8333333,10.66666667,21.33333333,32.66666667,9.333333333,49.33333333,1,0,0,0.166666667,43.68
00-0020245,M.Vick,2010122800,12/28/2010 0:00,263,1,1,487,15,41,8,63,1,0,0,0,289.6666667,2.166666667,0.833333333,300.8333333,10.66666667,22,33.5,9.333333333,58.66666667,1,0,0.333333333,0.5,28.82
00-0020245,M.Vick,2011091107,9/11/2011 0:00,187,2,0,335,17,31,10,98,0,0,0,0,278,1.666666667,1,336.3333333,11.83333333,22.83333333,35.66666667,9.333333333,55.83333333,0.833333333,0,0.333333333,0.333333333,28.28
00-0020245,M.Vick,2011091814,9/18/2011 0:00,242,2,1,235,8,28,6,25,0,0,0,0,266.1666667,2,1,333.1666667,12.33333333,21.16666667,34.5,9.166666667,66.5,0.666666667,0,0.333333333,0.333333333,22.18
00-0020245,M.Vick,2011092505,9/25/2011 0:00,176,0,1,171,6,23,7,31,0,0,0,0,251,2,1,314.8333333,11.5,19.5,32,8.666666667,63.33333333,0.666666667,0,0.333333333,0.333333333,12.14
00-0020245,M.Vick,2011100204,10/2/2011 0:00,416,2,1,503,15,46,8,75,0,0,1,1,230,1.666666667,1,301.1666667,10.83333333,18.5,30.33333333,8.166666667,60.5,0.5,0,0.333333333,0.333333333,33.14
00-0020245,M.Vick,2011100907,10/9/2011 0:00,315,2,4,258,9,39,5,90,0,0,1,1,254.3333333,1.666666667,0.833333333,338.8333333,12.16666667,20.83333333,33.83333333,8.166666667,70.33333333,0.333333333,0,0.5,0.5,27.6
00-0020245,M.Vick,2011101603,10/16/2011 0:00,237,1,1,273,12,31,7,54,0,0,0,0,266.5,1.5,1.333333333,331.5,11.66666667,21.66666667,34.66666667,7.333333333,63.66666667,0.166666667,0,0.333333333,0.333333333,20.88
00-0020245,M.Vick,2011103011,10/30/2011 0:00,279,2,0,184,7,28,7,50,0,0,0,0,262.1666667,1.5,1.333333333,295.8333333,11.16666667,20.5,33,7.166666667,62.16666667,0,0,0.333333333,0.333333333,27.16
00-0020245,M.Vick,2011110700,11/7/2011 0:00,213,0,1,278,15,37,5,34,0,0,0,0,277.5,1.5,1.333333333,270.6666667,9.5,21.66666667,32.5,6.666666667,54.16666667,0,0,0.333333333,0.333333333,13.92
00-0020245,M.Vick,2011111306,11/13/2011 0:00,128,0,1,293,14,31,8,79,0,0,0,0,272.6666667,1.166666667,1.333333333,277.8333333,10.66666667,22,34,6.5,55.66666667,0,0,0.333333333,0.333333333,15.02
00-0020245,M.Vick,2011121107,12/11/2011 0:00,208,1,1,310,14,30,2,9,0,0,0,0,264.6666667,1.166666667,1.333333333,298.1666667,12,22,35.33333333,6.666666667,63.66666667,0,0,0.333333333,0.333333333,15.22
00-0020245,M.Vick,2011121809,12/18/2011 0:00,274,1,1,229,4,20,5,32,1,0,0,0,230,1,1.333333333,266,11.83333333,19.5,32.66666667,5.666666667,52.66666667,0,0,0.166666667,0.166666667,26.16
00-0020245,M.Vick,2011122411,12/24/2011 0:00,293,2,0,281,13,31,3,10,0,0,1,1,223.1666667,0.833333333,0.833333333,261.1666667,11,17.66666667,29.5,5.666666667,43,0.166666667,0,0,0,22.72
00-0020245,M.Vick,2012010107,1/1/2012 0:00,335,3,1,440,14,39,1,3,0,0,0,0,232.5,1,0.666666667,262.5,11.16666667,17.66666667,29.5,5,35.66666667,0.166666667,0,0.166666667,0.166666667,27.7
00-0020245,M.Vick,2012090907,9/9/2012 0:00,317,2,4,558,23,56,7,32,0,0,0,0,241.8333333,1.166666667,0.833333333,305.1666667,12.33333333,18.16666667,31.33333333,4,27.83333333,0.166666667,0,0.166666667,0.166666667,22.88
00-0020245,M.Vick,2012091604,9/16/2012 0:00,371,1,2,344,7,32,10,34,1,0,0,0,259.1666667,1.5,1.333333333,351.8333333,13.66666667,19.5,34.5,4.333333333,27.5,0.166666667,0,0.166666667,0.166666667,29.24
00-0020245,M.Vick,2012092309,9/23/2012 0:00,217,0,0,378,20,37,4,28,0,0,0,0,299.6666667,1.666666667,1.5,360.3333333,12.5,20.66666667,34.66666667,4.666666667,20,0.333333333,0,0.166666667,0.166666667,14.48
00-0020245,M.Vick,2012093012,9/30/2012 0:00,241,1,0,264,10,29,6,49,0,0,0,0,301.1666667,1.5,1.333333333,371.6666667,13.5,21,35.83333333,5,23.16666667,0.333333333,0,0.166666667,0.166666667,21.54
00-0020245,M.Vick,2012100701,10/7/2012 0:00,175,2,0,323,10,30,5,16,0,0,0,1,295.6666667,1.5,1.166666667,377.5,14.5,21.66666667,37.33333333,5.166666667,26,0.166666667,0,0.166666667,0.166666667,18.6
00-0020245,M.Vick,2012101404,10/14/2012 0:00,311,2,2,424,15,45,9,59,0,0,0,0,276,1.5,1.166666667,384.5,14,22,37.16666667,5.5,27,0.166666667,0,0,0.166666667,27.34
00-0020245,M.Vick,2012102805,10/28/2012 0:00,191,1,0,144,14,35,7,42,0,0,0,1,272,1.333333333,1.333333333,381.8333333,14.16666667,22.66666667,38.16666667,6.833333333,36.33333333,0.166666667,0,0,0.166666667,17.84
00-0020245,M.Vick,2012110500,11/5/2012 0:00,272,1,1,365,16,39,6,53,0,0,1,1,251,1.166666667,0.666666667,312.8333333,12.66666667,21.33333333,34.66666667,6.833333333,38,0.166666667,0,0,0.333333333,21.18
00-0020245,M.Vick,2012123006,12/30/2012 0:00,197,1,1,242,15,35,5,25,0,0,0,0,234.5,1.166666667,0.5,316.3333333,14.16666667,21.16666667,35.83333333,6.166666667,41.16666667,0,0,0.166666667,0.5,16.38
00-0020245,M.Vick,2013090900,9/9/2013 0:00,203,2,0,261,10,25,9,54,1,0,1,1,231.1666667,1.333333333,0.666666667,293.6666667,13.33333333,21.5,35.5,6.333333333,40.66666667,0,0,0.166666667,0.5,29.52
00-0020245,M.Vick,2013091508,9/15/2013 0:00,428,2,0,419,13,36,6,23,1,0,1,1,224.8333333,1.5,0.666666667,293.1666667,13.33333333,20.83333333,34.83333333,6.833333333,41.5,0.166666667,0,0.333333333,0.666666667,35.42
00-0020245,M.Vick,2013091900,9/19/2013 0:00,201,1,2,392,13,28,5,95,0,0,0,0,267,1.5,0.666666667,309.1666667,13.83333333,21.33333333,35.83333333,7,42.66666667,0.333333333,0,0.5,0.666666667,22.54
00-0020245,M.Vick,2013092909,9/29/2013 0:00,248,0,0,214,13,27,8,41,0,0,0,0,248.6666667,1.333333333,0.666666667,303.8333333,13.5,18.83333333,33,6.333333333,48.66666667,0.333333333,0,0.5,0.666666667,17.02
00-0020245,M.Vick,2013100605,10/6/2013 0:00,105,0,0,164,8,14,7,79,0,0,0,0,258.1666667,1.166666667,0.666666667,315.5,13.33333333,17.66666667,31.66666667,6.5,48.5,0.333333333,0,0.5,0.5,15.1
00-0020245,M.Vick,2014102606,10/26/2014 0:00,153,0,1,290,15,34,8,69,0,0,0,1,230.3333333,1,0.5,282,12,15,27.5,6.666666667,52.83333333,0.333333333,0,0.333333333,0.333333333,14.02
00-0020245,M.Vick,2014110204,11/2/2014 0:00,196,1,0,227,7,28,4,18,0,0,0,0,223,0.833333333,0.5,290,12,14.83333333,27.33333333,7.166666667,60.16666667,0.333333333,0,0.333333333,0.5,16.64
00-0020245,M.Vick,2014110905,11/9/2014 0:00,132,2,0,154,8,18,8,39,0,0,0,0,221.8333333,0.666666667,0.5,284.3333333,11.5,15.83333333,27.83333333,6.333333333,54.16666667,0.166666667,0,0.166666667,0.333333333,20.18
00-0020245,M.Vick,2015100100,10/1/2015 0:00,124,1,0,178,7,26,9,33,0,0,0,0,172.5,0.666666667,0.5,240.1666667,10.66666667,13.66666667,24.83333333,6.666666667,56.83333333,0,0,0,0.166666667,15.26
00-0020245,M.Vick,2015101200,10/12/2015 0:00,203,1,1,319,11,25,1,24,0,0,0,0,159.6666667,0.666666667,0.166666667,204.5,9.666666667,14.66666667,24.5,7.333333333,46.5,0,0,0,0.166666667,16.52
,,,,,,,,,,,,,,,,152.1666667,0.833333333,0.333333333,222,9.333333333,14.5,24.16666667,6.166666667,43.66666667,0,0,0,0.166666667,0
00-0020305,A.Feeley,2011103004,10/30/2011 0:00,175,1,0,215,17,37,2,5,0,0,0,1,196,0,1,165,11,20,32,1,-1,0,0,1,1,13.5
,,,,,,,,,,,,,,,,185.5,0.5,0.5,190,14,20,34.5,1.5,2,0,0,0.5,1,0
00-0020531,D.Brees,2009092709,9/27/2009 0:00,172,0,0,273,13,29,6,8,0,0,0,0,311,3,1,278,8,25,34,1,-1,0,0,0,0,10.68
00-0020531,D.Brees,2009100409,10/4/2009 0:00,190,0,0,246,12,32,3,5,0,0,0,1,241.5,1.5,0.5,275.5,10.5,20.5,31.5,3.5,3.5,0,0,0,0,10.1
00-0020531,D.Brees,2009101804,10/18/2009 0:00,369,4,0,411,7,30,1,6,0,0,0,1,224.3333333,1,0.333333333,265.6666667,11,20.33333333,31.66666667,3.333333333,4,0,0,0,0.333333333,33.36
00-0020531,D.Brees,2009102510,10/25/2009 0:00,298,1,3,305,13,38,2,3,2,0,0,0,260.5,1.75,0.25,302,10,21,31.25,2.75,4.5,0,0,0,0.5,28.22
00-0020531,D.Brees,2009110200,11/2/2009 0:00,308,2,1,275,7,33,2,3,0,0,0,0,268,1.6,0.8,302.6,10.6,21.2,32.6,2.6,4.2,0.4,0,0,0.4,22.62
00-0020531,D.Brees,2009110807,11/8/2009 0:00,330,1,1,194,10,35,2,4,0,0,0,1,274.6666667,1.666666667,0.833333333,298,10,21.83333333,32.66666667,2.5,4,0.333333333,0,0,0.333333333,18.6
00-0020531,D.Brees,2009113000,11/30/2009 0:00,371,5,0,258,5,23,1,-1,0,0,0,0,277.8333333,1.333333333,0.833333333,284,10.33333333,21.66666667,32.83333333,2.666666667,4.833333333,0.333333333,0,0,0.5,37.74
00-0020531,D.Brees,2009121300,12/13/2009 0:00,296,3,0,219,9,40,2,-2,0,0,0,0,311,2.166666667,0.833333333,281.5,9,22,31.83333333,1.833333333,3.333333333,0.333333333,0,0,0.5,26.64
00-0020531,D.Brees,2009121900,12/19/2009 0:00,298,1,1,393,14,44,2,8,0,0,0,0,328.6666667,2.666666667,0.833333333,277,8.5,23.83333333,33.16666667,1.666666667,2.166666667,0.333333333,0,0,0.333333333,18.72
00-0020531,D.Brees,2010090900,9/9/2010 0:00,237,1,0,237,9,36,4,-6,0,0,0,1,316.8333333,2.166666667,1,274,9.666666667,24.83333333,35.5,1.833333333,2.5,0.333333333,0,0,0.166666667,14.88
00-0020531,D.Brees,2010100306,10/3/2010 0:00,275,1,0,224,15,48,1,-1,0,0,1,1,306.6666667,2.166666667,0.5,262.6666667,9,25.66666667,35.16666667,2.166666667,1,0,0,0,0.333333333,16.9
00-0020531,D.Brees,2010101009,10/10/2010 0:00,293,2,3,344,12,39,2,2,0,0,0,0,301.1666667,2,0.333333333,254.1666667,10.33333333,27,37.66666667,2,0.333333333,0,0,0.166666667,0.5,19.92
00-0020531,D.Brees,2010101708,10/17/2010 0:00,263,3,1,357,10,32,2,2,0,0,0,1,295,2.166666667,0.666666667,279.1666667,10.66666667,27.16666667,38.33333333,2,0,0,0,0.166666667,0.333333333,23.72
00-0020531,D.Brees,2010103111,10/31/2010 0:00,305,2,1,227,9,44,3,-2,0,0,0,0,277,1.833333333,0.833333333,295.6666667,11.5,27.66666667,39.83333333,2.166666667,0.5,0,0,0.166666667,0.5,22
00-0020531,D.Brees,2010112501,11/25/2010 0:00,352,1,1,481,14,38,3,-3,0,0,0,0,278.5,1.666666667,1,297,11.5,28.16666667,40.5,2.333333333,0.5,0,0,0.166666667,0.5,19.78
00-0020531,D.Brees,2010121208,12/12/2010 0:00,221,3,2,324,13,40,1,7,0,0,0,0,287.5,1.666666667,1,311.6666667,11.5,27.16666667,39.5,2.5,-1.333333333,0,0,0.166666667,0.5,22.54
00-0020531,D.Brees,2010122700,12/27/2010 0:00,302,1,2,351,12,49,2,-2,0,0,0,0,284.8333333,2,1.333333333,326.1666667,12.16666667,26.83333333,40.16666667,2,0.833333333,0,0,0.166666667,0.333333333,16.88
00-0020531,D.Brees,2011090800,9/8/2011 0:00,419,3,0,420,16,48,1,3,0,0,1,1,289.3333333,2,1.666666667,347.3333333,11.66666667,27.16666667,40.33333333,2.166666667,0.666666667,0,0,0,0.166666667,31.06
00-0020531,D.Brees,2011091808,9/18/2011 0:00,270,3,0,140,11,37,1,2,0,0,0,0,310.3333333,2.166666667,1.166666667,360,12.33333333,28.33333333,41.83333333,2,0.833333333,0,0,0.166666667,0.333333333,26
00-0020531,D.Brees,2011092501,9/25/2011 0:00,370,3,2,266,11,44,4,-1,0,0,0,0,311.5,2.166666667,1,323.8333333,12.5,29.16666667,42.66666667,1.833333333,0.833333333,0,0,0.166666667,0.166666667,27.7
00-0020531,D.Brees,2011100207,10/2/2011 0:00,351,1,2,315,11,44,3,10,0,0,0,0,322.3333333,2.333333333,1.166666667,330.3333333,12.83333333,28.66666667,42.66666667,2,1,0,0,0.166666667,0.166666667,20.04
00-0020531,D.Brees,2011101609,10/16/2011 0:00,383,1,3,406,13,45,3,21,0,0,0,0,322.1666667,2.333333333,1.333333333,302.6666667,12.33333333,30,43.66666667,2,3.166666667,0,0,0.166666667,0.166666667,21.42
00-0020531,D.Brees,2011103004,10/30/2011 0:00,269,1,2,343,12,44,1,-1,0,0,0,0,349.1666667,2,1.5,316.3333333,12.33333333,30.66666667,44.5,2.333333333,5.5,0,0,0.166666667,0.166666667,15.66
00-0020531,D.Brees,2011110605,11/6/2011 0:00,258,2,1,193,7,35,1,20,0,0,0,0,343.6666667,2,1.5,315,12.33333333,29.83333333,43.66666667,2.166666667,5.666666667,0,0,0.166666667,0.166666667,22.32
00-0020531,D.Brees,2011112800,11/28/2011 0:00,363,4,0,312,13,37,1,8,1,0,0,0,316.8333333,1.833333333,1.666666667,277.1666667,10.83333333,29,41.5,2.166666667,8.5,0,0,0,0,40.32
00-0020531,D.Brees,2011121109,12/11/2011 0:00,329,2,0,308,11,46,2,6,0,0,0,0,332.3333333,2,1.666666667,305.8333333,11.16666667,28.66666667,41.5,2.166666667,9.5,0.166666667,0,0,0,24.76
00-0020531,D.Brees,2011121805,12/18/2011 0:00,412,5,0,328,8,40,2,4,0,0,1,1,325.5,1.833333333,1.333333333,312.8333333,11.16666667,29.33333333,41.83333333,1.833333333,10.66666667,0.166666667,0,0,0,38.88
00-0020531,D.Brees,2011122600,12/26/2011 0:00,307,4,2,420,13,38,1,9,0,0,0,0,335.6666667,2.5,1,315,10.66666667,29.5,41.16666667,1.666666667,9.666666667,0.166666667,0,0.166666667,0.166666667,30.18
00-0020531,D.Brees,2012010111,1/1/2012 0:00,389,5,1,301,6,35,1,5,0,0,0,0,323,3,0.833333333,317.3333333,10.66666667,28.5,40,1.333333333,7.666666667,0.166666667,0,0.166666667,0.166666667,38.06
00-0020531,D.Brees,2012091601,9/16/2012 0:00,325,1,2,220,16,49,2,0,1,0,0,1,343,3.666666667,0.666666667,310.3333333,9.666666667,28.16666667,38.5,1.333333333,8.666666667,0.166666667,0,0.166666667,0.166666667,23
00-0020531,D.Brees,2012092305,9/23/2012 0:00,240,3,1,301,15,36,1,-1,0,0,0,0,354.1666667,3.5,0.833333333,314.8333333,11.16666667,28.83333333,40.83333333,1.5,5.333333333,0.333333333,0,0.166666667,0.333333333,23.5
00-0020531,D.Brees,2012100711,10/7/2012 0:00,370,4,1,319,15,45,2,-2,0,0,0,1,333.6666667,3.333333333,1,313,11.5,28.16666667,40.66666667,1.5,3.833333333,0.166666667,0,0.166666667,0.333333333,31.6
00-0020531,D.Brees,2012102103,10/21/2012 0:00,377,4,1,350,8,36,1,1,0,0,0,0,340.5,3.666666667,1.166666667,314.8333333,12.16666667,27.16666667,40.5,1.5,2.5,0.166666667,0,0.166666667,0.5,33.18
00-0020531,D.Brees,2012102811,10/28/2012 0:00,213,2,0,342,19,41,2,2,0,0,0,0,334.6666667,3.5,1.333333333,318.5,12.16666667,26.33333333,39.83333333,1.333333333,2,0.166666667,0,0,0.333333333,19.72
00-0020531,D.Brees,2012110500,11/5/2012 0:00,239,2,0,212,6,27,1,-1,0,0,0,0,319,3.166666667,1,305.5,13.16666667,26.16666667,40.33333333,1.5,0.833333333,0.166666667,0,0,0.333333333,20.46
00-0020531,D.Brees,2012111106,11/11/2012 0:00,298,3,1,295,10,32,1,-1,0,0,0,0,294,2.666666667,0.833333333,290.6666667,13.16666667,25,39,1.5,-0.166666667,0.166666667,0,0,0.333333333,25.82
00-0020531,D.Brees,2012112509,11/25/2012 0:00,267,3,2,341,13,41,2,-2,0,0,0,0,289.5,3,0.666666667,303.1666667,12.16666667,23.33333333,36.16666667,1.333333333,-0.333333333,0,0,0,0.166666667,23.48
00-0020531,D.Brees,2012120911,12/9/2012 0:00,354,1,2,382,15,43,1,-1,0,0,2,2,294,3,0.833333333,309.8333333,11.83333333,24.33333333,37,1.5,-0.5,0,0,0,0.166666667,17.06
00-0020531,D.Brees,2012121602,12/16/2012 0:00,307,4,0,252,12,38,1,11,0,0,0,0,291.3333333,2.5,1,320.3333333,11.83333333,23.83333333,36.66666667,1.333333333,-0.333333333,0,0,0.333333333,0.333333333,32.38
00-0020531,D.Brees,2012122306,12/23/2012 0:00,446,3,0,271,16,53,1,-1,0,0,0,2,279.6666667,2.5,0.833333333,304,12.5,23.66666667,37,1.333333333,1.333333333,0,0,0.333333333,0.333333333,30.74
00-0020531,D.Brees,2013090808,9/8/2013 0:00,357,2,1,373,8,35,3,2,0,0,0,0,318.5,2.666666667,0.833333333,292.1666667,12,26.16666667,39,1.166666667,0.833333333,0,0,0.333333333,0.666666667,24.48
00-0020531,D.Brees,2013092207,9/22/2013 0:00,319,3,1,394,15,43,6,21,1,0,0,0,338.1666667,2.666666667,1,319,12.33333333,27,40.33333333,1.5,1.333333333,0,0,0.333333333,0.666666667,34.86
00-0020531,D.Brees,2013093000,9/30/2013 0:00,413,4,0,211,8,38,4,2,0,0,0,0,341.6666667,2.666666667,1,335.5,13.16666667,28,42.16666667,2.333333333,5,0.166666667,0,0.333333333,0.666666667,35.72
00-0020531,D.Brees,2013101310,10/13/2013 0:00,236,2,1,387,18,36,2,11,0,0,0,0,366,2.833333333,0.666666667,313.8333333,12.33333333,28.66666667,41.66666667,2.666666667,5.666666667,0.166666667,0,0.333333333,0.666666667,20.54
00-0020531,D.Brees,2013102704,10/27/2013 0:00,332,5,0,278,8,34,4,-1,0,0,0,0,346.3333333,3,0.5,314.6666667,12.83333333,27.16666667,40.5,2.833333333,7.666666667,0.166666667,0,0,0.333333333,36.18
00-0020531,D.Brees,2013110303,11/3/2013 0:00,382,2,2,497,19,51,1,-1,0,0,0,0,350.5,3.166666667,0.5,319,12.16666667,27.16666667,39.83333333,3.333333333,5.666666667,0.166666667,0,0,0.333333333,24.18
00-0020531,D.Brees,2013111710,11/17/2013 0:00,305,1,1,277,11,42,1,-1,0,0,0,1,339.8333333,3,0.833333333,356.6666667,12.66666667,26,39.5,3.333333333,5.666666667,0.166666667,0,0,0,17.1
00-0020531,D.Brees,2013112100,11/21/2013 0:00,278,2,0,248,10,33,4,-6,0,0,0,0,331.1666667,2.833333333,0.833333333,340.6666667,13.16666667,26.66666667,40.66666667,3,5.166666667,0.166666667,0,0,0.166666667,21.52
00-0020531,D.Brees,2013120200,12/2/2013 0:00,147,1,0,363,15,38,1,-1,0,0,0,0,324.3333333,2.666666667,0.666666667,316.3333333,12.33333333,26,39,2.666666667,0.666666667,0,0,0,0.166666667,12.78
00-0020531,D.Brees,2013120804,12/8/2013 0:00,313,4,0,260,12,42,3,3,0,0,0,0,280,2.166666667,0.666666667,341.6666667,13.5,24.83333333,39,2.166666667,0.166666667,0,0,0,0.166666667,31.82
00-0020531,D.Brees,2013121507,12/15/2013 0:00,393,1,2,298,14,55,2,8,1,0,0,0,292.8333333,2.5,0.5,320.5,12.5,27,40,2.333333333,-1.166666667,0,0,0,0.166666667,27.52
00-0020531,D.Brees,2013122201,12/22/2013 0:00,281,1,2,295,12,44,1,9,0,0,0,0,303,1.833333333,0.833333333,323.8333333,13.5,29.16666667,43.5,2,0.333333333,0.166666667,0,0,0.166666667,17.14
00-0020531,D.Brees,2013122908,12/29/2013 0:00,381,4,0,277,7,31,2,8,1,0,0,0,286.1666667,1.666666667,0.833333333,290.1666667,12.33333333,29.16666667,42.33333333,2,2,0.166666667,0,0,0.166666667,41.04
00-0020531,D.Brees,2014090700,9/7/2014 0:00,333,1,1,326,12,42,1,2,0,0,1,1,298.8333333,2.166666667,0.666666667,290.1666667,11.66666667,28.16666667,40.5,2.166666667,3.5,0.333333333,0,0,0,18.52
00-0020531,D.Brees,2014091403,9/14/2014 0:00,237,2,1,238,11,39,1,3,0,0,0,0,308,2,0.833333333,303.1666667,12,29.16666667,42,1.666666667,4.833333333,0.333333333,0,0.166666667,0.166666667,19.78
00-0020531,D.Brees,2014092106,9/21/2014 0:00,293,2,0,227,8,35,3,-2,0,0,0,0,323,2.166666667,1,282.3333333,11.33333333,29.83333333,42.16666667,1.666666667,5.5,0.333333333,0,0.166666667,0.166666667,22.52
00-0020531,D.Brees,2014092810,9/28/2014 0:00,340,2,1,359,11,44,1,6,0,0,2,2,319.6666667,1.833333333,1,276.8333333,10.66666667,29.33333333,41,1.666666667,4.666666667,0.333333333,0,0.166666667,0.166666667,22.2
00-0020531,D.Brees,2014100505,10/5/2014 0:00,371,2,3,376,19,57,1,-1,0,0,0,0,310.8333333,2,0.833333333,287,10.16666667,28.16666667,39.16666667,1.5,4.333333333,0.166666667,0,0.5,0.5,22.74
00-0020531,D.Brees,2014101903,10/19/2014 0:00,342,2,1,348,15,44,1,13,0,0,0,0,325.8333333,2.166666667,1,300.5,11.33333333,29,41.33333333,1.5,2.666666667,0.166666667,0,0.5,0.5,24.98
00-0020531,D.Brees,2014102612,10/26/2014 0:00,311,3,0,281,5,32,1,6,0,0,0,0,319.3333333,1.833333333,1.166666667,312.3333333,12.66666667,29.66666667,43.5,1.333333333,3.5,0,0,0.5,0.5,28.04
00-0020531,D.Brees,2014103000,10/30/2014 0:00,297,1,1,212,8,33,4,2,1,0,0,1,315.6666667,2.166666667,1,304.8333333,11.5,29.33333333,41.83333333,1.333333333,4.166666667,0,0,0.333333333,0.333333333,23.08
00-0020531,D.Brees,2014110904,11/9/2014 0:00,292,3,2,387,16,46,2,7,0,0,0,1,325.6666667,2,1,300.5,11,28.83333333,40.83333333,1.833333333,4,0.166666667,0,0.333333333,0.5,24.38
00-0020531,D.Brees,2014111605,11/16/2014 0:00,255,1,0,274,8,41,1,3,0,0,0,0,325.5,2.166666667,1.333333333,327.1666667,12.33333333,29,42.66666667,1.666666667,5.5,0.166666667,0,0.333333333,0.666666667,17.5
00-0020531,D.Brees,2014112400,11/24/2014 0:00,420,3,1,311,8,44,3,15,0,0,0,0,311.3333333,2,1.166666667,313,11.83333333,29.16666667,42.16666667,1.666666667,5,0.166666667,0,0,0.333333333,32.3
00-0020531,D.Brees,2014120706,12/7/2014 0:00,235,1,1,392,19,49,1,6,0,0,1,1,319.5,2.166666667,0.833333333,302.1666667,10,29.16666667,40,2,7.666666667,0.166666667,0,0,0.333333333,15
00-0020531,D.Brees,2014121500,12/15/2014 0:00,375,3,0,274,7,36,3,2,0,0,1,1,301.6666667,2,0.833333333,309.5,10.66666667,29.33333333,40.83333333,2,6.5,0.166666667,0,0.166666667,0.5,29.2
00-0020531,D.Brees,2014122104,12/21/2014 0:00,313,1,2,416,14,46,2,8,0,0,1,1,312.3333333,2,0.833333333,308.3333333,11,29.66666667,41.5,2.333333333,5.833333333,0.166666667,0,0.333333333,0.666666667,17.32
00-0020531,D.Brees,2014122810,12/28/2014 0:00,281,1,3,371,11,38,2,-2,0,0,0,1,315,2,1,342.3333333,12,30.66666667,43.66666667,2,6.833333333,0,0,0.5,0.666666667,14.04
00-0020531,D.Brees,2015091307,9/13/2015 0:00,355,1,1,233,17,48,1,3,0,0,0,0,313.1666667,1.666666667,1.166666667,339.6666667,11.16666667,30,42.33333333,2,5.333333333,0,0,0.5,0.666666667,20.5
00-0020531,D.Brees,2015092008,9/20/2015 0:00,255,1,1,374,13,38,1,-1,0,0,2,2,329.8333333,1.666666667,1.333333333,332.8333333,12.66666667,29.5,43.5,2,5.333333333,0,0,0.5,0.666666667,14.1
00-0020531,D.Brees,2015101100,10/11/2015 0:00,335,2,1,430,16,43,1,-1,0,0,1,1,302.3333333,1.333333333,1.333333333,343.3333333,13.5,27.66666667,42.5,1.666666667,2.666666667,0,0,0.833333333,1,22.3
00-0020531,D.Brees,2015101500,10/15/2015 0:00,312,1,0,223,9,39,2,2,0,0,0,0,319,1.5,1.333333333,349.6666667,13,27.16666667,41.5,1.666666667,1.5,0,0,0.833333333,1,19.68
00-0020531,D.Brees,2015102507,10/25/2015 0:00,255,1,1,334,15,44,4,-4,0,0,0,1,308.5,1.166666667,1.333333333,341.1666667,13.33333333,27.33333333,42,1.5,1.5,0,0,0.666666667,0.833333333,14.8
00-0020531,D.Brees,2015110106,11/1/2015 0:00,511,7,1,437,9,50,1,1,0,0,1,1,298.8333333,1.166666667,1.166666667,327.5,13.5,27,41.66666667,1.833333333,-0.5,0,0,0.5,0.833333333,49.54
00-0020531,D.Brees,2015110803,11/8/2015 0:00,389,3,1,416,10,39,3,-1,1,0,0,0,337.1666667,2.166666667,0.833333333,338.5,13.16666667,29.66666667,43.66666667,1.666666667,0,0,0,0.666666667,0.833333333,35.46
00-0020531,D.Brees,2015120607,12/6/2015 0:00,282,3,1,381,16,41,1,12,0,0,0,0,342.8333333,2.5,0.833333333,369,12,29.33333333,42.16666667,2,-0.666666667,0.166666667,0,0.666666667,0.833333333,26.48
00-0020531,D.Brees,2015121308,12/13/2015 0:00,312,2,0,285,10,41,3,0,0,0,0,0,347.3333333,2.833333333,0.833333333,370.1666667,12.5,29.33333333,42.66666667,2,1.5,0.166666667,0,0.333333333,0.5,23.48
00-0020531,D.Brees,2015122100,12/21/2015 0:00,341,3,0,396,18,52,1,11,0,0,0,1,343.5,2.833333333,0.666666667,346,11.5,30.16666667,42.33333333,2.333333333,1.666666667,0.166666667,0,0.166666667,0.333333333,28.74
00-0020531,D.Brees,2015122700,12/27/2015 0:00,412,3,0,383,10,35,3,-3,0,0,0,0,348.3333333,3.166666667,0.666666667,374.8333333,13,30.83333333,44.5,2.166666667,3.166666667,0.166666667,0,0.166666667,0.5,31.18
00-0020531,D.Brees,2016010311,1/3/2016 0:00,323,1,0,373,10,42,3,-5,0,0,0,0,374.5,3.5,0.5,383,12.16666667,30.33333333,43,2,3.333333333,0.166666667,0,0.166666667,0.333333333,19.42
00-0020531,D.Brees,2016091105,9/11/2016 0:00,423,4,0,310,11,39,2,5,0,0,0,1,343.1666667,2.5,0.333333333,372.3333333,12.33333333,29,41.66666667,2.333333333,2.333333333,0.166666667,0,0,0.166666667,35.42
00-0020531,D.Brees,2016092600,9/26/2016 0:00,377,3,1,413,17,53,2,9,0,0,0,0,348.8333333,2.666666667,0.166666667,354.6666667,12.5,29,41.66666667,2.166666667,3.333333333,0,0,0,0.333333333,29.98
00-0020531,D.Brees,2016100210,10/2/2016 0:00,206,2,2,201,11,36,4,-4,0,0,0,0,364.6666667,2.666666667,0.166666667,360,12.66666667,30.83333333,43.66666667,2.333333333,2.833333333,0,0,0,0.333333333,16.84
00-0020531,D.Brees,2016103006,10/30/2016 0:00,265,1,0,239,8,35,1,1,1,0,0,0,347,2.666666667,0.5,346,12.83333333,29.5,42.83333333,2.5,2.166666667,0,0,0,0.333333333,23.7
00-0020531,D.Brees,2016110608,11/6/2016 0:00,323,3,0,308,11,39,2,-2,0,0,0,0,334.3333333,2.333333333,0.5,319.8333333,11.16666667,28.33333333,40,2.5,0.5,0.166666667,0,0,0.166666667,27.72
00-0020531,D.Brees,2016111303,11/13/2016 0:00,303,3,2,307,6,29,2,9,0,0,2,2,319.5,2.333333333,0.5,307.3333333,11.33333333,28.83333333,40.66666667,2.333333333,0.666666667,0.166666667,0,0,0.166666667,24.02
00-0020531,D.Brees,2016111700,11/17/2016 0:00,285,2,1,162,8,44,2,0,0,0,0,1,316.1666667,2.666666667,0.833333333,296.3333333,10.66666667,27,38.5,2.166666667,3,0.166666667,0,0.333333333,0.5,20.4
00-0020531,D.Brees,2016112707,11/27/2016 0:00,310,4,0,178,6,34,1,1,1,0,0,0,293.1666667,2.333333333,1,271.6666667,10.16666667,28.16666667,39.33333333,2.166666667,2.166666667,0.166666667,0,0.333333333,0.5,37.5
00-0020531,D.Brees,2016121108,12/11/2016 0:00,257,0,3,385,13,41,1,2,0,0,0,0,282,2.5,0.833333333,232.5,8.333333333,27,36.16666667,2,0.833333333,0.333333333,0,0.333333333,0.5,10.48
00-0020531,D.Brees,2016121808,12/18/2016 0:00,389,4,0,334,11,48,2,-2,0,0,0,0,290.5,2.166666667,1,263.1666667,8.666666667,27.33333333,37,1.5,1.833333333,0.333333333,0,0.333333333,0.5,34.36
00-0020531,D.Brees,2016122407,12/24/2016 0:00,299,1,0,286,11,34,4,1,0,0,0,1,311.1666667,2.666666667,1,279,9.166666667,29,39.16666667,1.666666667,1.333333333,0.166666667,0,0.333333333,0.5,18.06
00-0020531,D.Brees,2017100100,10/1/2017 0:00,268,2,0,143,11,40,4,3,0,0,0,0,307.1666667,2.333333333,1,275.3333333,9.166666667,28.16666667,38.33333333,2,1.833333333,0.166666667,0,0.333333333,0.666666667,22.02
00-0020531,D.Brees,2017101504,10/15/2017 0:00,186,2,2,141,8,30,1,1,0,0,1,1,301.3333333,2.166666667,0.666666667,248,10,29.5,40.16666667,2.333333333,0.833333333,0.166666667,0,0,0.333333333,15.54
00-0020531,D.Brees,2017102203,10/22/2017 0:00,331,1,2,265,9,38,5,-1,1,0,0,0,284.8333333,2.166666667,0.833333333,244.5,10,27,37.83333333,2.166666667,1,0.166666667,0,0.166666667,0.333333333,24.14
00-0020531,D.Brees,2017102904,10/29/2017 0:00,299,0,0,148,5,28,4,-2,0,0,0,0,288.3333333,1.666666667,1.166666667,259,10.5,26.83333333,38.5,2.833333333,0.666666667,0.166666667,0,0.166666667,0.333333333,14.76
00-0020531,D.Brees,2017110503,11/5/2017 0:00,263,2,0,204,5,27,4,2,0,0,0,0,295.3333333,1.666666667,0.666666667,219.5,9.166666667,26.5,36.33333333,3.333333333,0,0.166666667,0,0.166666667,0.333333333,21.72
00-0020531,D.Brees,2017111200,11/12/2017 0:00,184,0,0,115,7,25,2,6,1,0,1,1,274.3333333,1.333333333,0.666666667,197.8333333,8.166666667,24,32.83333333,3.666666667,0.666666667,0.166666667,0,0.166666667,0.333333333,15.96
00-0020531,D.Brees,2017111905,11/19/2017 0:00,385,2,1,303,10,40,1,2,0,0,0,0,255.1666667,1.166666667,0.666666667,169.3333333,7.5,23.16666667,31.33333333,3.333333333,1.5,0.333333333,0,0.333333333,0.333333333,25.6
00-0020531,D.Brees,2017112607,11/26/2017 0:00,246,1,0,270,10,32,1,5,0,0,0,0,274.6666667,1.166666667,0.833333333,196,7.333333333,23.16666667,31.33333333,2.833333333,1.333333333,0.333333333,0,0.333333333,0.333333333,17.34
00-0020531,D.Brees,2017120307,12/3/2017 0:00,269,1,0,186,9,34,4,-3,0,0,1,1,284.6666667,1,0.5,217.5,7.666666667,23.5,31.66666667,2.833333333,2,0.333333333,0,0.166666667,0.166666667,16.46
00-0020531,D.Brees,2017120700,12/7/2017 0:00,271,2,1,182,8,35,1,2,0,0,0,0,274.3333333,1,0.166666667,204.3333333,7.666666667,23.16666667,31,2.666666667,1.666666667,0.166666667,0,0.333333333,0.333333333,21.04
00-0020531,D.Brees,2017121705,12/17/2017 0:00,285,2,1,195,9,36,1,-1,0,0,2,2,269.6666667,1.333333333,0.333333333,210,8.166666667,23.66666667,32.16666667,2.166666667,2.333333333,0.166666667,0,0.333333333,0.333333333,19.3
00-0020531,D.Brees,2017122405,12/24/2017 0:00,239,1,1,149,6,28,4,-4,0,0,0,0,273.3333333,1.333333333,0.5,208.5,8.833333333,24.33333333,33.66666667,1.666666667,1.833333333,0.166666667,0,0.666666667,0.666666667,15.16
00-0020531,D.Brees,2017123110,12/31/2017 0:00,245,1,0,248,8,30,1,2,0,0,0,0,282.5,1.5,0.666666667,214.1666667,8.666666667,24.83333333,34.16666667,2,0.166666667,0,0,0.5,0.5,17
00-0020531,D.Brees,2018091603,9/16/2018 0:00,243,2,0,255,7,35,1,-1,0,0,2,2,259.1666667,1.333333333,0.5,205,8.333333333,23.66666667,32.5,2,0.166666667,0,0,0.5,0.5,18.62
00-0020531,D.Brees,2018092300,9/23/2018 0:00,396,3,0,273,10,49,3,7,2,0,0,0,258.6666667,1.5,0.5,202.5,7.833333333,24.66666667,33,2,-0.833333333,0,0,0.833333333,0.833333333,43.54
00-0020531,D.Brees,2018093011,9/30/2018 0:00,217,0,0,239,14,32,4,-1,0,0,0,0,279.8333333,1.833333333,0.5,217,8,27,35.5,1.833333333,0.833333333,0.333333333,0,0.666666667,0.666666667,11.58
00-0020531,D.Brees,2018100800,10/8/2018 0:00,363,3,0,160,3,29,2,1,0,0,1,2,270.8333333,1.5,0.333333333,226.5,9,25.66666667,35,2.333333333,0.333333333,0.333333333,0,0.666666667,0.666666667,27.62
00-0020531,D.Brees,2018102101,10/21/2018 0:00,212,2,0,201,8,30,4,3,0,0,0,1,283.8333333,1.666666667,0.166666667,220.6666667,8,25.66666667,33.83333333,2.5,0.666666667,0.333333333,0,0.5,0.666666667,18.78
00-0020531,D.Brees,2018110409,11/4/2018 0:00,346,4,0,340,11,36,4,16,0,0,0,0,279.3333333,1.833333333,0,229.3333333,8.333333333,25.83333333,34.16666667,2.5,1.833333333,0.333333333,0,0.5,0.833333333,34.44
00-0020531,D.Brees,2018111101,11/11/2018 0:00,265,3,0,141,3,25,2,3,1,0,0,0,296.1666667,2.333333333,0,244.6666667,8.833333333,26.33333333,35.16666667,3,4.166666667,0.333333333,0,0.5,0.833333333,31.9
00-0020531,D.Brees,2018112202,11/22/2018 0:00,171,4,1,276,6,22,4,-4,0,0,0,0,299.8333333,2.5,0,225.6666667,8.166666667,25.33333333,33.5,3.166666667,4.833333333,0.5,0,0.166666667,0.5,24.44
00-0020531,D.Brees,2018112900,11/29/2018 0:00,127,1,1,113,9,28,1,2,0,0,0,1,262.3333333,2.666666667,0.166666667,226.1666667,7.5,21.33333333,29,3.333333333,3,0.166666667,0,0.166666667,0.5,10.28
00-0020531,D.Brees,2018120907,12/9/2018 0:00,201,1,1,193,6,31,3,-1,1,0,0,0,247.3333333,2.833333333,0.333333333,205.1666667,6.666666667,21.33333333,28.33333333,2.833333333,3.5,0.166666667,0,0.166666667,0.666666667,19.94
00-0020531,D.Brees,2018121700,12/17/2018 0:00,203,0,1,214,11,35,2,-2,0,0,0,0,220.3333333,2.5,0.5,210.6666667,7.166666667,21,28.66666667,3,3.166666667,0.333333333,0,0,0.333333333,9.92
00-0020531,D.Brees,2018122313,12/23/2018 0:00,326,1,0,324,12,39,1,-1,0,0,0,0,218.8333333,2.166666667,0.666666667,212.8333333,7.666666667,21.16666667,29.5,2.666666667,2.333333333,0.333333333,0,0,0.166666667,19.94
00-0020531,D.Brees,2019111706,11/17/2019 0:00,228,3,0,175,7,35,3,0,0,0,0,1,215.5,1.666666667,0.666666667,210.1666667,7.833333333,21.5,30,2.166666667,-0.5,0.333333333,0,0,0.166666667,23.12
00-0020531,D.Brees,2019112802,11/28/2019 0:00,184,1,0,167,12,30,1,-1,0,0,0,0,209.3333333,1.666666667,0.666666667,215.8333333,8.5,22.5,31.66666667,2.333333333,-1,0.166666667,0,0,0.333333333,14.26
00-0020531,D.Brees,2019120806,12/8/2019 0:00,349,5,0,215,11,40,1,1,1,0,0,1,211.5,1.166666667,0.5,197.6666667,9.5,23,33,1.833333333,-0.5,0.166666667,0,0,0.333333333,42.06
00-0020531,D.Brees,2019122210,12/22/2019 0:00,279,3,0,258,11,38,3,-3,0,0,0,0,248.5,1.833333333,0.333333333,214.6666667,9.833333333,24.83333333,35,1.833333333,-0.666666667,0.333333333,0,0,0.333333333,25.86
00-0020531,D.Brees,2019122902,12/29/2019 0:00,253,3,0,214,11,30,1,-1,0,0,0,0,261.5,2.166666667,0.166666667,225.5,10.66666667,25.33333333,36.16666667,1.833333333,-1,0.166666667,0,0,0.333333333,25.02
,,,,,,,,,,,,,,,,269.8333333,2.666666667,0,225.5,10.66666667,24.66666667,35.33333333,1.666666667,-0.833333333,0.166666667,0,0,0.333333333,0
00-0020679,S.Hill,2009100411,10/4/2009 0:00,152,2,0,109,10,24,2,-2,0,0,0,0,144,0,0,78,7,19,26,1,17,0,0,0,0,16.88
00-0020679,S.Hill,2009101108,10/11/2009 0:00,198,0,1,275,22,38,4,53,0,0,0,0,148,1,0,93.5,8.5,16.5,25,1.5,7.5,0,0,0,0,15.22
00-0020679,Sh.Hill,2010091906,9/19/2010 0:00,335,2,2,351,18,45,3,16,0,0,0,0,164.6666667,0.666666667,0.333333333,154,13,16,29.33333333,2.333333333,22.66666667,0,0,0,0,24
00-0020679,Sh.Hill,2010092605,9/26/2010 0:00,244,1,2,268,12,44,2,4,0,0,0,0,207.25,1,0.75,203.25,14.25,18.25,33.25,2.5,21,0,0,0,0,15.16
00-0020679,Sh.Hill,2010100304,10/3/2010 0:00,331,2,2,338,18,54,4,53,0,0,0,0,214.6,1,1,216.2,13.8,20.6,35.4,2.4,17.6,0,0,0,0,27.54
00-0020679,Sh.Hill,2010101004,10/10/2010 0:00,253,4,0,272,11,32,2,9,0,0,0,0,234,1.166666667,1.166666667,236.5,14.5,22.83333333,38.5,2.666666667,23.5,0,0,0,0,30.02
00-0020679,Sh.Hill,2010111406,11/14/2010 0:00,323,1,1,363,20,50,1,1,0,0,0,1,252.1666667,1.833333333,1.166666667,268.8333333,15.16666667,23.33333333,39.5,2.833333333,22.16666667,0,0,0,0,18.02
00-0020679,Sh.Hill,2010112500,11/25/2010 0:00,285,1,2,373,17,46,4,23,0,0,0,0,280.6666667,1.666666667,1.333333333,311.1666667,16.83333333,25.83333333,43.83333333,2.666666667,22.66666667,0,0,0,0.166666667,18.7
00-0020679,Sh.Hill,2010122607,12/26/2010 0:00,222,2,0,196,12,26,1,10,0,0,0,0,295.1666667,1.833333333,1.5,327.5,16,27.83333333,45.16666667,2.666666667,17.66666667,0,0,0,0.166666667,20.88
00-0020679,Sh.Hill,2011010209,1/2/2011 0:00,258,1,1,203,10,39,2,11,0,0,1,1,276.3333333,1.833333333,1.166666667,301.6666667,15,26,42,2.333333333,16.66666667,0,0,0,0.166666667,16.42
00-0020679,Sh.Hill,2012092303,9/23/2012 0:00,172,2,0,141,2,12,1,-1,0,0,0,0,278.6666667,1.833333333,1,290.8333333,14.66666667,25.66666667,41.16666667,2.333333333,17.83333333,0,0,0.166666667,0.333333333,17.78
00-0020679,S.Hill,2014112308,11/23/2014 0:00,198,1,2,285,15,35,1,0,0,0,0,1,252.1666667,1.833333333,0.666666667,258,12,21.66666667,34.16666667,1.833333333,8.833333333,0,0,0.166666667,0.333333333,11.92
00-0020679,S.Hill,2014113007,11/30/2014 0:00,183,2,0,110,9,22,2,1,1,0,0,0,243,1.333333333,1,260.1666667,12.66666667,21,34.66666667,1.666666667,7.333333333,0,0,0.166666667,0.5,24.42
00-0020679,S.Hill,2014120708,12/7/2014 0:00,213,2,0,204,6,22,2,-1,0,0,0,0,219.6666667,1.5,0.833333333,218,10.83333333,18.33333333,30,1.833333333,7.333333333,0.166666667,0,0.166666667,0.333333333,19.42
00-0020679,S.Hill,2014121100,12/11/2014 0:00,229,0,1,285,18,39,3,11,0,0,0,0,207.6666667,1.666666667,0.5,189.8333333,9,16.5,26,1.5,3.333333333,0.166666667,0,0.166666667,0.333333333,12.26
00-0020679,S.Hill,2014122108,12/21/2014 0:00,290,2,1,294,7,32,1,0,0,0,0,0,208.8333333,1.333333333,0.666666667,204.6666667,10,17.5,28.16666667,1.833333333,3.5,0.166666667,0,0.166666667,0.333333333,21.6
00-0020679,S.Hill,2016091108,9/11/2016 0:00,236,0,0,343,15,33,2,8,0,0,0,0,214.1666667,1.5,0.666666667,219.8333333,9.5,16.83333333,27,1.666666667,1.666666667,0.166666667,0,0,0.166666667,13.24
,,,,,,,,,,,,,,,,224.8333333,1.166666667,0.666666667,253.5,11.66666667,18.16666667,30.5,1.833333333,3.166666667,0.166666667,0,0,0.166666667,0
00-0021206,J.McCown,2012010109,1/1/2012 0:00,160,1,0,211,9,24,4,30,0,0,1,1,242,1,2,255,7,19,28,9,40,0,0,0,1,15.4
00-0021206,J.McCown,2013102009,10/20/2013 0:00,204,1,0,177,6,20,4,33,0,0,0,0,201,1,1,233,8,17,26,6.5,35,0,0,0.5,1,18.46
00-0021206,J.McCown,2013110400,11/4/2013 0:00,272,2,0,338,19,41,1,20,0,0,0,0,202,1,0.666666667,214.3333333,7.333333333,16,24,5.666666667,34.33333333,0,0,0.333333333,0.666666667,23.88
00-0021206,J.McCown,2013111701,11/17/2013 0:00,216,1,0,241,12,31,2,-1,0,0,0,1,219.5,1.25,0.5,245.25,10.25,17.5,28.25,4.5,30.75,0,0,0.25,0.5,14.54
00-0021206,J.McCown,2013112407,11/24/2013 0:00,352,2,1,206,10,47,2,4,0,0,0,0,218.8,1.2,0.4,244.4,10.6,17.8,28.8,4,24.4,0,0,0.2,0.6,24.48
00-0021206,J.McCown,2013120900,12/9/2013 0:00,348,4,0,319,9,36,3,16,1,0,0,0,241,1.333333333,0.5,238,10.5,20.83333333,31.83333333,3.666666667,21,0,0,0.166666667,0.5,40.52
00-0021206,J.McCown,2014090711,9/7/2014 0:00,183,2,1,242,11,34,3,27,0,0,1,1,258.6666667,1.833333333,0.166666667,248.6666667,10.83333333,22.16666667,33.16666667,2.666666667,17,0.166666667,0,0.166666667,0.333333333,19.02
00-0021206,J.McCown,2014091409,9/14/2014 0:00,179,0,1,154,3,20,2,6,2,0,0,0,262.5,2,0.333333333,253.8333333,11.16666667,23.33333333,34.83333333,2.5,16.5,0.166666667,0,0.166666667,0.333333333,21.76
00-0021206,J.McCown,2014110906,11/9/2014 0:00,301,2,2,421,12,41,5,39,0,0,0,0,258.3333333,1.833333333,0.5,250,10.66666667,23.66666667,34.83333333,2.166666667,12,0.5,0,0.166666667,0.333333333,24.94
00-0021206,J.McCown,2014111608,11/16/2014 0:00,288,2,0,326,8,23,3,8,0,0,0,0,263.1666667,1.833333333,0.833333333,263.8333333,9.5,24.5,34.83333333,2.833333333,15.16666667,0.5,0,0.166666667,0.333333333,23.32
00-0021206,J.McCown,2014112302,11/23/2014 0:00,341,1,2,473,21,48,3,12,0,0,1,1,275.1666667,2,0.833333333,278,8.833333333,23.83333333,33.5,3,16.66666667,0.5,0,0.166666667,0.166666667,18.84
00-0021206,J.McCown,2014113008,11/30/2014 0:00,169,0,1,276,13,28,1,0,0,0,0,1,273.3333333,1.833333333,1,322.5,10.66666667,22,33.66666667,3.166666667,18,0.5,0,0.333333333,0.333333333,7.76
00-0021206,J.McCown,2014120702,12/7/2014 0:00,250,2,2,383,17,39,4,8,0,0,1,1,243.5,1.166666667,1.166666667,315.3333333,11.33333333,19.83333333,32.33333333,2.833333333,15.33333333,0.333333333,0,0.333333333,0.5,18.8
00-0021206,J.McCown,2014121403,12/14/2014 0:00,154,1,1,326,14,28,2,21,1,0,0,0,254.6666667,1.166666667,1.333333333,338.8333333,12.33333333,19.5,33.16666667,3,12.16666667,0.333333333,0,0.333333333,0.5,20.26
00-0021206,J.McCown,2014122810,12/28/2014 0:00,115,1,1,165,7,22,2,6,0,0,0,0,250.5,1.333333333,1.333333333,367.5,14.16666667,19,34.5,3,14.66666667,0.166666667,0,0.333333333,0.5,11.2
00-0021206,J.McCown,2015101105,10/11/2015 0:00,457,2,0,413,15,51,3,12,1,0,0,0,219.5,1.166666667,1.166666667,324.8333333,13.33333333,16.83333333,31.33333333,2.5,9.166666667,0.166666667,0,0.333333333,0.5,36.48
00-0021206,J.McCown,2015101805,10/18/2015 0:00,213,2,2,313,17,39,3,12,0,0,0,0,247.6666667,1.166666667,1.166666667,339.3333333,14.5,20.33333333,36,2.5,9.833333333,0.333333333,0,0.333333333,0.5,18.72
00-0021206,J.McCown,2015102501,10/25/2015 0:00,270,0,0,156,6,32,4,21,0,0,2,2,226.3333333,1.333333333,1.166666667,312.6666667,13.83333333,19.5,34.5,2.5,9.833333333,0.333333333,0,0.166666667,0.333333333,13.9
00-0021206,J.McCown,2015110108,11/1/2015 0:00,211,3,1,256,15,34,5,18,0,0,0,0,243.1666667,1.333333333,1,292.6666667,12.66666667,21.5,35.16666667,3,13.33333333,0.333333333,0,0.5,0.5,24.24
00-0021206,J.McCown,2015113000,11/30/2015 0:00,212,1,0,222,16,37,2,12,0,0,0,0,236.6666667,1.5,0.833333333,271.5,12.33333333,21.16666667,34.33333333,3.166666667,15,0.333333333,0,0.333333333,0.333333333,16.68
00-0021206,J.McCown,2016091801,9/18/2016 0:00,260,2,2,448,11,33,2,0,0,0,0,0,246.3333333,1.5,0.666666667,254.1666667,12.66666667,22.5,35.83333333,3.166666667,13.5,0.166666667,0,0.333333333,0.333333333,19.4
00-0021206,J.McCown,2016103003,10/30/2016 0:00,341,2,2,493,22,49,3,10,0,0,0,0,270.5,1.666666667,0.833333333,301.3333333,13.33333333,23.5,37.66666667,3.166666667,12.5,0.166666667,0,0.333333333,0.333333333,23.64
00-0021206,J.McCown,2016112001,11/20/2016 0:00,118,1,0,228,13,27,2,11,0,0,0,0,251.1666667,1.666666667,1.166666667,314.6666667,14.5,21.66666667,37.33333333,3.166666667,12.16666667,0,0,0.333333333,0.333333333,12.82
00-0021206,J.McCown,2017091000,9/10/2017 0:00,187,0,2,207,11,39,2,0,1,0,0,0,235.3333333,1.5,0.833333333,300.5,13.83333333,20.66666667,35.33333333,3,12,0,0,0.333333333,0.333333333,14.48
00-0021206,J.McCown,2017091709,9/17/2017 0:00,166,2,0,162,8,24,4,31,0,0,0,0,221.5,1.5,1.166666667,309,14.66666667,20.66666667,36.5,2.666666667,8.5,0.166666667,0,0,0,20.74
00-0021206,J.McCown,2017092408,9/24/2017 0:00,249,1,0,246,5,23,4,7,0,0,0,0,214,1.333333333,1,293.3333333,13.5,20.33333333,34.83333333,2.5,10.66666667,0.166666667,0,0,0,17.66
00-0021206,J.McCown,2017100108,10/1/2017 0:00,224,0,1,189,7,30,1,0,0,0,0,0,220.1666667,1.333333333,1,297.3333333,11.66666667,19.83333333,32.5,2.833333333,9.833333333,0.166666667,0,0,0,10.96
00-0021206,J.McCown,2017100801,10/8/2017 0:00,194,2,1,112,6,30,3,-3,0,0,0,1,214.1666667,1,0.833333333,254.1666667,11,20.16666667,32,2.666666667,9.833333333,0.166666667,0,0,0,16.46
00-0021206,J.McCown,2017101505,10/15/2017 0:00,354,2,2,430,13,46,3,21,0,0,1,1,189.6666667,1,0.666666667,190.6666667,8.333333333,19.83333333,28.83333333,2.666666667,7.666666667,0.166666667,0,0,0.166666667,24.26
00-0021206,J.McCown,2017102206,10/22/2017 0:00,209,3,1,201,9,27,3,1,1,0,1,1,229,1.166666667,1,224.3333333,8.333333333,22.66666667,32,2.833333333,9.333333333,0.166666667,0,0.166666667,0.333333333,27.46
00-0021206,J.McCown,2017102905,10/29/2017 0:00,257,2,0,233,6,32,1,0,0,0,0,0,232.6666667,1.666666667,0.833333333,223.3333333,8,21.16666667,30,3,9.5,0.166666667,0,0.333333333,0.5,21.28
00-0021206,J.McCown,2017110200,11/2/2017 0:00,140,1,0,126,6,20,5,13,1,0,0,0,247.8333333,1.666666667,0.833333333,235.1666667,7.666666667,22.83333333,31.33333333,2.5,4.333333333,0.166666667,0,0.333333333,0.5,19.9
00-0021206,J.McCown,2017112605,11/26/2017 0:00,295,3,0,355,15,33,2,28,0,0,0,0,229.6666667,1.666666667,0.833333333,215.1666667,7.833333333,22.16666667,30.83333333,2.666666667,5.333333333,0.333333333,0,0.333333333,0.5,29.6
00-0021206,J.McCown,2017120308,12/3/2017 0:00,331,1,0,310,10,36,7,19,2,0,0,0,241.5,2.166666667,0.666666667,242.8333333,9.166666667,21.5,31.33333333,2.833333333,10,0.333333333,0,0.333333333,0.5,34.14
00-0021206,J.McCown,2018111106,11/11/2018 0:00,135,0,2,185,15,34,1,4,0,0,0,0,264.3333333,2,0.5,275.8333333,9.833333333,22,32.33333333,3.5,13.66666667,0.666666667,0,0.333333333,0.333333333,6.8
00-0021206,J.McCown,2018112505,11/25/2018 0:00,276,1,1,365,17,44,3,25,0,0,0,0,227.8333333,1.666666667,0.5,235,10.16666667,19.66666667,30.33333333,3.166666667,10.83333333,0.666666667,0,0.166666667,0.166666667,19.54
00-0021206,J.McCown,2018120211,12/2/2018 0:00,128,0,1,250,12,30,1,3,0,0,0,0,239,1.333333333,0.5,262.3333333,11.5,21.16666667,33.16666667,3.166666667,14.83333333,0.5,0,0,0,7.42
,,,,,,,,,,,,,,,,217.5,1,0.666666667,265.1666667,12.5,19.66666667,32.83333333,3.166666667,15.33333333,0.5,0,0,0,0
00-0021231,D.Garrard,2009092003,9/20/2009 0:00,282,2,1,498,19,43,4,27,0,0,1,1,122,0,0,149,14,14,28,4,14,0,0,0,0,22.98
00-0021231,D.Garrard,2009092703,9/27/2009 0:00,214,0,0,299,12,30,5,29,1,0,1,1,202,1,0.5,323.5,16.5,18.5,35.5,4,20.5,0,0,0.5,0.5,19.46
00-0021231,D.Garrard,2009100404,10/4/2009 0:00,323,3,0,229,10,37,8,38,0,0,0,0,206,0.666666667,0.333333333,315.3333333,15,18.33333333,33.66666667,4.333333333,23.33333333,0.333333333,0,0.666666667,0.666666667,31.72
00-0021231,D.Garrard,2009101111,10/11/2009 0:00,188,0,0,276,13,31,1,1,0,0,0,0,235.25,1.25,0.25,293.75,13.75,20.5,34.5,5.25,27,0.25,0,0.5,0.5,10.62
00-0021231,D.Garrard,2009101802,10/18/2009 0:00,335,0,2,321,11,43,4,31,0,0,0,0,225.8,1,0.2,290.2,13.6,20,33.8,4.4,21.8,0.2,0,0.4,0.4,17.5
00-0021231,D.Garrard,2009110109,11/1/2009 0:00,139,0,2,255,11,27,3,22,0,0,0,1,244,0.833333333,0.5,295.3333333,13.16666667,21.66666667,35.33333333,4.333333333,23.33333333,0.166666667,0,0.333333333,0.333333333,7.76
00-0021231,D.Garrard,2009110804,11/8/2009 0:00,264,1,0,197,9,27,9,29,0,0,1,1,246.8333333,0.833333333,0.833333333,313,12.66666667,21.66666667,35.16666667,4.166666667,24.66666667,0.166666667,0,0.333333333,0.5,19.46
00-0021231,D.Garrard,2009111503,11/15/2009 0:00,221,1,0,283,10,26,6,11,1,0,0,0,243.8333333,0.666666667,0.666666667,262.8333333,11,20.83333333,32.5,5,25,0.166666667,0,0.333333333,0.5,22.94
00-0021231,D.Garrard,2009112204,11/22/2009 0:00,215,1,1,224,8,30,7,18,0,0,0,1,245,0.833333333,0.666666667,260.1666667,10.66666667,20.5,31.83333333,5.166666667,22,0.166666667,0,0.166666667,0.333333333,15.4
00-0021231,D.Garrard,2009112910,11/29/2009 0:00,307,0,0,280,11,36,2,10,0,0,0,0,227,0.5,0.833333333,259.3333333,10.33333333,19.5,30.66666667,5,18.66666667,0.166666667,0,0.166666667,0.5,16.28
00-0021231,D.Garrard,2009120605,12/6/2009 0:00,238,2,0,292,13,28,8,13,0,0,0,0,246.8333333,0.5,0.833333333,260,10,20.66666667,31.5,5.166666667,20.16666667,0.166666667,0,0.166666667,0.5,21.82
00-0021231,D.Garrard,2009121305,12/13/2009 0:00,139,0,0,224,15,26,6,26,0,0,0,0,230.6666667,0.833333333,0.5,255.1666667,10.33333333,18.16666667,29,5.833333333,17.16666667,0.166666667,0,0.166666667,0.5,11.16
00-0021231,D.Garrard,2009121700,12/17/2009 0:00,223,3,1,381,16,40,2,6,0,0,0,0,230.6666667,0.833333333,0.166666667,250,11,17.66666667,28.83333333,6.333333333,17.83333333,0.166666667,0,0.166666667,0.333333333,23.52
00-0021231,D.Garrard,2009122706,12/27/2009 0:00,185,0,2,160,4,25,4,10,1,0,0,0,223.8333333,1.166666667,0.333333333,280.6666667,12.16666667,18.5,31,5.166666667,14,0.166666667,0,0,0.166666667,15.4
00-0021231,D.Garrard,2010010302,1/3/2010 0:00,202,2,1,156,13,36,5,40,0,0,0,0,217.8333333,1,0.666666667,260.1666667,11.16666667,19,30.83333333,4.833333333,13.83333333,0.166666667,0,0,0.166666667,22.08
00-0021231,D.Garrard,2010091204,9/12/2010 0:00,170,3,0,161,5,21,7,10,0,0,0,0,215.6666667,1.166666667,0.666666667,248.8333333,12,19.16666667,31.83333333,4.5,17.5,0.166666667,0,0,0,22.8
00-0021231,D.Garrard,2010091913,9/19/2010 0:00,173,1,4,245,4,23,1,-1,0,0,1,1,192.8333333,1.666666667,0.666666667,229,11,17.66666667,29.33333333,5.333333333,17.5,0.166666667,0,0,0,8.82
00-0021231,D.Garrard,2010092610,9/26/2010 0:00,105,0,1,266,16,30,8,23,0,0,0,0,182,1.5,1.333333333,221.1666667,9.5,17.66666667,28.5,4.166666667,15.16666667,0.166666667,0,0.166666667,0.166666667,8.5
00-0021231,D.Garrard,2010100308,10/3/2010 0:00,163,2,0,159,5,22,5,44,1,0,0,0,176.3333333,1.5,1.5,228.1666667,9.666666667,18,29.16666667,4.5,14.66666667,0.166666667,0,0.166666667,0.166666667,27.92
00-0021231,D.Garrard,2010101000,10/10/2010 0:00,178,3,1,139,3,20,3,9,0,0,0,0,166.3333333,1.333333333,1.333333333,191.1666667,7.833333333,17,26.16666667,5,21,0.333333333,0,0.166666667,0.166666667,22.02
00-0021231,D.Garrard,2010103101,10/31/2010 0:00,260,4,0,207,4,21,2,2,1,0,0,0,165.1666667,1.833333333,1.166666667,187.6666667,7.666666667,16.5,25.33333333,4.833333333,20.83333333,0.166666667,0,0.166666667,0.166666667,35.6
00-0021231,D.Garrard,2010111403,11/14/2010 0:00,342,2,0,241,7,31,7,35,0,0,0,0,174.8333333,2.166666667,1,196.1666667,6.166666667,15.66666667,22.83333333,4.333333333,14.5,0.333333333,0,0.166666667,0.166666667,28.18
00-0021231,D.Garrard,2010112104,11/21/2010 0:00,254,2,3,309,11,34,2,9,0,0,0,1,203.5,2,1,209.5,6.5,17,24.5,4.333333333,18.66666667,0.333333333,0,0.166666667,0.166666667,18.06
00-0021231,D.Garrard,2010112800,11/28/2010 0:00,162,0,1,265,14,35,6,41,1,0,0,0,217,2.166666667,0.833333333,220.1666667,7.666666667,17.83333333,26.33333333,4.5,20.33333333,0.333333333,0,0,0.166666667,18.58
00-0021231,D.Garrard,2010120502,12/5/2010 0:00,126,0,0,51,5,19,10,19,1,0,0,0,226.5,2.166666667,0.833333333,220,7.333333333,19,27.16666667,4.166666667,23.33333333,0.5,0,0,0.166666667,15.94
00-0021231,D.Garrard,2010121203,12/12/2010 0:00,159,3,1,257,10,22,5,32,0,0,0,0,220.3333333,1.833333333,0.833333333,202,7.333333333,18.5,26.66666667,5,19.16666667,0.5,0,0,0.166666667,23.56
00-0021231,D.Garrard,2010121903,12/19/2010 0:00,294,2,1,372,12,37,4,8,0,0,0,0,217.1666667,1.833333333,0.833333333,221.6666667,8.5,17.66666667,27,5.333333333,23,0.5,0,0,0.166666667,22.56
00-0021231,D.Garrard,2010122608,12/26/2010 0:00,299,1,2,332,14,38,6,39,1,0,0,0,222.8333333,1.5,1,249.1666667,9.833333333,18.83333333,29.66666667,5.666666667,24,0.333333333,0,0,0.166666667,26.86
,,,,,,,,,,,,,,,,215.6666667,1.333333333,1.333333333,264.3333333,11,18.5,30.83333333,5.5,24.66666667,0.5,0,0,0.166666667,0
00-0021429,C.Palmer,2009092002,9/20/2009 0:00,185,3,2,224,6,23,2,1,1,0,0,1,247,0,2,222,10,21,33,1,2,0,0,0,0,25.5
00-0021429,C.Palmer,2009092701,9/27/2009 0:00,183,1,0,280,15,35,1,1,0,0,0,0,216,1.5,2,223,8,18,28,1.5,1.5,0.5,0,0,0.5,14.42
00-0021429,C.Palmer,2009100401,10/4/2009 0:00,230,2,1,309,20,44,3,20,0,0,0,0,205,1.333333333,1.333333333,242,10.33333333,18.66666667,30.33333333,1.333333333,1.333333333,0.333333333,0,0,0.333333333,21.2
00-0021429,C.Palmer,2009101100,10/11/2009 0:00,271,1,1,346,12,31,5,18,0,0,1,1,211.25,1.5,1.25,258.75,12.75,19.75,33.75,1.75,6,0.25,0,0,0.25,17.64
00-0021429,C.Palmer,2009101800,10/18/2009 0:00,259,1,1,362,11,35,1,2,0,0,2,2,223.2,1.4,1.2,276.2,12.6,19.4,33.2,2.4,8.4,0.2,0,0.2,0.4,14.56
00-0021429,C.Palmer,2009110802,11/8/2009 0:00,219,1,0,249,13,32,1,10,0,0,1,1,229.1666667,1.333333333,1.166666667,290.5,12.33333333,20,33.5,2.166666667,7.333333333,0.166666667,0,0.5,0.666666667,15.76
00-0021429,C.Palmer,2009111504,11/15/2009 0:00,178,0,0,238,12,30,5,-2,0,0,0,0,224.5,1.5,0.833333333,295,12.83333333,19.66666667,33.33333333,2.166666667,8.666666667,0.166666667,0,0.666666667,0.833333333,9.92
00-0021429,C.Palmer,2009112212,11/22/2009 0:00,207,0,1,225,7,22,4,7,2,0,0,0,223.3333333,1,0.5,297.3333333,13.83333333,20.16666667,34.5,2.666666667,8.166666667,0,0,0.666666667,0.666666667,22.98
00-0021429,C.Palmer,2009112902,11/29/2009 0:00,110,1,0,167,11,24,4,15,0,0,0,0,227.3333333,0.833333333,0.666666667,288.1666667,12.5,19.16666667,32.33333333,3.166666667,9.166666667,0.333333333,0,0.666666667,0.666666667,12.9
00-0021429,C.Palmer,2009120603,12/6/2009 0:00,220,1,2,239,9,28,5,7,0,0,0,0,207.3333333,0.666666667,0.5,264.5,11,17.5,29,3.333333333,8.333333333,0.333333333,0,0.666666667,0.666666667,14.5
00-0021429,C.Palmer,2009122010,12/20/2009 0:00,309,2,1,328,11,38,2,2,0,0,0,1,198.8333333,0.666666667,0.666666667,246.6666667,10.5,17.33333333,28.5,3.333333333,6.5,0.333333333,0,0.5,0.5,21.56
00-0021429,C.Palmer,2009122701,12/27/2009 0:00,139,2,1,198,7,25,2,2,0,0,0,0,207.1666667,0.833333333,0.666666667,241,10.5,17.83333333,29,3.5,6.5,0.333333333,0,0.166666667,0.333333333,15.76
00-0021429,C.Palmer,2010091202,9/12/2010 0:00,345,2,1,391,15,50,4,9,0,0,0,0,193.8333333,1,0.833333333,232.5,9.5,17.5,27.83333333,3.666666667,5.166666667,0.333333333,0,0,0.166666667,24.7
00-0021429,C.Palmer,2010091912,9/19/2010 0:00,167,0,0,305,19,35,3,-1,0,0,0,1,221.6666667,1.333333333,1,258,10,20.16666667,31.16666667,3.5,7,0.333333333,0,0,0.166666667,8.58
00-0021429,C.Palmer,2010092601,9/26/2010 0:00,195,1,2,252,16,37,5,8,0,0,0,0,215,1.333333333,0.833333333,271.3333333,12,20.5,33.33333333,3.333333333,5.666666667,0,0,0,0.333333333,13.6
00-0021429,C.Palmer,2010100301,10/3/2010 0:00,371,2,0,247,11,36,1,0,0,0,0,0,229.1666667,1.333333333,1.166666667,285.5,12.83333333,21.5,35.5,3.5,4.5,0,0,0,0.333333333,25.84
00-0021429,C.Palmer,2010101006,10/10/2010 0:00,224,2,3,287,12,36,1,3,0,0,0,0,254.3333333,1.5,0.833333333,286.8333333,13.16666667,22.83333333,36.83333333,2.833333333,3.333333333,0,0,0,0.333333333,17.26
00-0021429,C.Palmer,2010103102,10/31/2010 0:00,156,2,1,354,20,38,3,13,0,0,0,0,240.1666667,1.5,1.166666667,280,13.33333333,22.16666667,36.5,2.666666667,3.5,0,0,0,0.166666667,17.54
00-0021429,C.Palmer,2010112102,11/21/2010 0:00,230,2,2,291,13,34,2,12,0,0,0,0,243,1.5,1.166666667,306,15.5,22.16666667,38.66666667,2.833333333,5.333333333,0,0,0,0.166666667,19.4
00-0021429,C.Palmer,2010112502,11/25/2010 0:00,135,1,2,284,19,38,2,5,0,0,0,0,223.8333333,1.5,1.333333333,289.3333333,15.16666667,19.66666667,36,2.5,5.833333333,0,0,0,0.166666667,10.9
00-0021429,C.Palmer,2010121202,12/12/2010 0:00,178,1,3,223,9,32,2,0,0,0,0,0,218.5,1.666666667,1.666666667,285.8333333,15.16666667,19.83333333,36.5,2.333333333,6.833333333,0,0,0,0,11.12
00-0021429,C.Palmer,2010121902,12/19/2010 0:00,209,0,0,177,9,23,5,-1,0,0,0,0,215.6666667,1.666666667,1.833333333,281,14,20,35.66666667,1.833333333,5.5,0,0,0,0,11.26
00-0021429,C.Palmer,2010122612,12/26/2010 0:00,269,4,0,261,5,21,2,-1,0,0,0,0,188.6666667,1.333333333,1.833333333,269.3333333,13.66666667,18.16666667,33.5,2.5,5.333333333,0,0,0,0,29.66
00-0021429,C.Palmer,2011010202,1/2/2011 0:00,298,1,2,294,10,43,2,3,0,0,2,2,196.1666667,1.666666667,1.333333333,265,12.5,17.16666667,31,2.666666667,4.666666667,0,0,0,0,15.22
00-0021429,C.Palmer,2011110607,11/6/2011 0:00,332,3,3,455,13,35,5,3,0,0,0,1,219.8333333,1.5,1.5,255,10.83333333,19.5,31.83333333,2.5,3,0,0,0.333333333,0.333333333,24.58
00-0021429,C.Palmer,2011111000,11/10/2011 0:00,299,2,1,224,5,20,3,-8,0,0,0,0,236.8333333,1.666666667,1.666666667,282.3333333,10.83333333,19.5,32,3,1.5,0,0,0.333333333,0.5,21.16
00-0021429,C.Palmer,2011112000,11/20/2011 0:00,164,1,0,181,6,23,3,5,1,0,0,0,264.1666667,1.833333333,1.5,272.3333333,8.5,19,29,3.166666667,-0.666666667,0,0,0.333333333,0.5,20.06
00-0021429,C.Palmer,2011120403,12/4/2011 0:00,273,2,1,447,20,41,1,2,0,0,0,0,261.8333333,1.833333333,1,265.3333333,8,18.5,27.5,3.333333333,0.166666667,0.166666667,0,0.333333333,0.5,21.12
00-0021429,C.Palmer,2011121101,12/11/2011 0:00,181,1,2,222,7,27,2,12,0,0,1,1,272.5,2.166666667,1.166666667,310.3333333,9.833333333,19.5,30.5,2.666666667,0.666666667,0.166666667,0,0.333333333,0.5,12.44
00-0021429,C.Palmer,2012010114,1/1/2012 0:00,417,2,1,531,14,43,2,6,0,0,0,0,257.8333333,1.666666667,1.5,303.8333333,10.16666667,19.83333333,31.5,2.666666667,2.833333333,0.166666667,0,0.5,0.666666667,27.28
00-0021429,C.Palmer,2012091612,9/16/2012 0:00,373,1,1,402,23,48,2,7,0,0,0,0,277.6666667,1.833333333,1.333333333,343.3333333,10.83333333,19.33333333,31.5,2.666666667,3.333333333,0.166666667,0,0.166666667,0.333333333,21.62
00-0021429,C.Palmer,2012092312,9/23/2012 0:00,209,3,1,283,9,34,2,5,0,0,0,0,284.5,1.5,1,334.5,12.5,20.16666667,33.66666667,2.166666667,4,0.166666667,0,0.166666667,0.166666667,22.86
00-0021429,C.Palmer,2012102109,10/21/2012 0:00,298,1,1,345,18,45,6,14,1,0,0,0,269.5,1.666666667,1,344.3333333,13.16666667,21.83333333,36,2,6.166666667,0.166666667,0,0.166666667,0.166666667,25.32
00-0021429,C.Palmer,2012102809,10/28/2012 0:00,209,2,1,236,13,28,1,-1,0,0,0,0,291.8333333,1.666666667,1.166666667,371.6666667,15.16666667,23.33333333,39.66666667,2.5,7.666666667,0.166666667,0,0.166666667,0.166666667,18.26
00-0021429,C.Palmer,2012110409,11/4/2012 0:00,414,4,3,510,19,61,1,3,0,0,0,1,281.1666667,1.666666667,1.166666667,336.5,14,22.33333333,37.5,2.5,7.166666667,0.166666667,0,0.166666667,0.166666667,31.86
00-0021429,C.Palmer,2012111104,11/11/2012 0:00,368,2,1,443,15,45,1,0,0,0,0,0,320,2.166666667,1.333333333,384.5,16,25.83333333,43.16666667,2.333333333,5.666666667,0.166666667,0,0,0.166666667,24.72
00-0021429,C.Palmer,2012111809,11/18/2012 0:00,312,2,2,332,15,39,1,2,0,0,0,0,311.8333333,2.166666667,1.333333333,369.8333333,16.16666667,26,43.5,2.166666667,4.666666667,0.166666667,0,0,0.166666667,21.68
00-0021429,C.Palmer,2012120211,12/2/2012 0:00,351,2,1,474,16,51,1,3,0,0,0,1,301.6666667,2.333333333,1.5,358.1666667,14.83333333,25.66666667,42,2,3.833333333,0.166666667,0,0,0.166666667,23.34
00-0021429,C.Palmer,2012120600,12/6/2012 0:00,273,2,1,258,10,30,1,-1,0,0,0,0,325.3333333,2.166666667,1.5,390,16,27.33333333,44.83333333,1.833333333,3.5,0.166666667,0,0,0.333333333,20.82
00-0021429,C.Palmer,2012121612,12/16/2012 0:00,182,0,0,248,11,29,2,4,0,0,1,2,321.1666667,2.333333333,1.5,375.5,14.66666667,26.16666667,42.33333333,1,1,0,0,0,0.333333333,8.68
00-0021429,C.Palmer,2013091509,9/15/2013 0:00,232,1,1,367,16,38,2,-2,0,0,0,0,316.6666667,2,1.333333333,377.5,14.33333333,26.83333333,42.5,1.166666667,1.833333333,0,0,0.166666667,0.666666667,15.08
00-0021429,C.Palmer,2013092907,9/29/2013 0:00,248,1,2,328,15,38,4,6,0,0,0,0,286.3333333,1.5,1,353.6666667,13.83333333,23.83333333,38.66666667,1.333333333,1,0,0,0.166666667,0.5,15.52
00-0021429,C.Palmer,2013100608,10/6/2013 0:00,175,1,3,272,6,28,3,-3,0,0,0,0,266.3333333,1.333333333,1.166666667,334.5,13.83333333,22.5,37.5,1.833333333,2,0,0,0.166666667,0.5,10.7
00-0021429,C.Palmer,2013101700,10/17/2013 0:00,258,1,2,297,12,44,2,5,0,0,0,1,243.5,1.166666667,1.333333333,324.5,12.33333333,22,35.66666667,2.166666667,1.166666667,0,0,0.166666667,0.5,14.82
00-0021429,C.Palmer,2013102708,10/27/2013 0:00,172,2,1,223,4,18,1,9,0,0,0,0,228,1,1.5,295,11.66666667,21.33333333,34.5,2.333333333,1.5,0,0,0.166666667,0.5,17.78
00-0021429,C.Palmer,2013111009,11/10/2013 0:00,241,2,1,242,11,32,2,-2,0,0,0,0,211.1666667,1,1.5,289.1666667,10.66666667,20.33333333,32.5,2.333333333,3.166666667,0,0,0.166666667,0.5,19.44
00-0021429,C.Palmer,2013111704,11/17/2013 0:00,419,2,0,379,12,42,3,-3,0,0,0,0,221,1.333333333,1.666666667,288.1666667,10.66666667,20.66666667,33,2.333333333,2.166666667,0,0,0,0.166666667,27.46
00-0021429,C.Palmer,2013120106,12/1/2013 0:00,302,3,2,481,15,41,1,-1,0,0,0,0,252.1666667,1.5,1.5,290.1666667,10,22.16666667,33.66666667,2.5,2,0,0,0,0.166666667,24.98
00-0021429,C.Palmer,2013120810,12/8/2013 0:00,269,1,0,179,5,32,1,-1,0,0,1,1,261.1666667,1.833333333,1.5,315.6666667,10,22.66666667,34.16666667,2,0.833333333,0,0,0,0.166666667,16.66
00-0021429,C.Palmer,2013121509,12/15/2013 0:00,231,1,0,272,10,30,2,-1,0,0,0,0,276.8333333,1.833333333,1,300.1666667,9.833333333,24,34.83333333,1.666666667,1.166666667,0,0,0.166666667,0.333333333,16.14
00-0021429,C.Palmer,2013122211,12/22/2013 0:00,178,1,4,198,8,25,5,-3,0,0,0,0,272.3333333,1.833333333,0.666666667,296,9.5,22.33333333,32.5,1.666666667,0.166666667,0,0,0.166666667,0.166666667,9.82
00-0021429,C.Palmer,2013122912,12/29/2013 0:00,407,2,1,603,19,48,1,-1,0,0,0,0,273.3333333,1.666666667,1.166666667,291.8333333,10.16666667,22.33333333,33.66666667,2.333333333,-1.833333333,0,0,0.166666667,0.166666667,26.18
00-0021429,C.Palmer,2014090801,9/8/2014 0:00,304,2,0,377,12,36,4,29,0,0,0,0,301,1.666666667,1.166666667,352,11.5,23.66666667,36.33333333,2.166666667,-1.666666667,0,0,0.166666667,0.166666667,26.06
00-0021429,C.Palmer,2014101210,10/12/2014 0:00,250,2,0,359,16,44,1,-3,0,0,0,1,281.8333333,1.666666667,1.166666667,351.6666667,11.5,22.66666667,35.33333333,2.333333333,3.666666667,0,0,0.166666667,0.166666667,19.7
00-0021429,C.Palmer,2014110202,11/2/2014 0:00,249,3,1,261,11,34,2,-2,0,0,0,1,273.1666667,1.5,0.833333333,331.3333333,11.66666667,23.33333333,35.83333333,2.333333333,3.333333333,0,0,0.166666667,0.333333333,22.76
00-0021429,C.Palmer,2014110908,11/9/2014 0:00,241,0,1,325,10,36,1,1,0,0,0,0,269.8333333,1.833333333,1,345,12.66666667,22.5,36.16666667,2.5,3.166666667,0,0,0,0.333333333,11.74
00-0021429,C.Palmer,2015091307,9/13/2015 0:00,307,3,0,358,13,32,3,14,0,0,0,0,271.5,1.666666667,1.166666667,353.8333333,12.66666667,23.33333333,37.16666667,2.333333333,3.5,0,0,0,0.333333333,28.68
00-0021429,C.Palmer,2015092006,9/20/2015 0:00,185,4,1,259,6,24,2,-2,0,0,0,0,293,2,0.5,380.5,13.5,24.33333333,38.33333333,2,6.333333333,0,0,0,0.333333333,25.2
00-0021429,C.Palmer,2015092710,9/27/2015 0:00,311,2,1,375,10,31,1,1,0,0,0,0,256,2.333333333,0.5,323.1666667,11.33333333,22.5,34.33333333,2.166666667,6.166666667,0,0,0,0.333333333,22.54
00-0021429,C.Palmer,2015100410,10/4/2015 0:00,352,1,1,403,15,45,1,-1,0,0,1,1,257.1666667,2.333333333,0.666666667,322.8333333,11,21.83333333,33.5,1.666666667,1.5,0,0,0,0.333333333,18.98
00-0021429,C.Palmer,2015101108,10/11/2015 0:00,161,3,0,156,3,14,1,-1,0,0,0,0,274.1666667,2.166666667,0.833333333,330.1666667,10.83333333,22,33.66666667,1.666666667,1.833333333,0,0,0.166666667,0.333333333,21.34
00-0021429,C.Palmer,2015101802,10/18/2015 0:00,421,1,2,538,13,44,2,-1,0,0,1,1,259.5,2.166666667,0.666666667,312.6666667,9.5,20.16666667,30.33333333,1.5,2,0,0,0.166666667,0.166666667,20.74
00-0021429,C.Palmer,2015102600,10/26/2015 0:00,275,2,0,223,9,29,2,2,0,0,0,0,289.5,2.333333333,0.833333333,348.1666667,10,20.83333333,31.66666667,1.666666667,1.666666667,0,0,0.333333333,0.333333333,22.2
00-0021429,C.Palmer,2015110108,11/1/2015 0:00,374,4,1,496,13,37,3,6,0,0,1,1,284.1666667,2.166666667,0.833333333,325.6666667,9.333333333,21,31.16666667,1.5,-0.333333333,0,0,0.333333333,0.333333333,32.56
00-0021429,C.Palmer,2015111511,11/15/2015 0:00,363,3,1,525,18,48,3,-2,0,0,0,0,315.6666667,2.166666667,0.833333333,365.1666667,10.5,22,33.33333333,1.666666667,1,0,0,0.5,0.5,28.32
00-0021429,C.Palmer,2015112209,11/22/2015 0:00,317,4,2,338,8,30,1,-1,0,0,0,2,324.3333333,2.333333333,0.833333333,390.1666667,11.83333333,23.5,36.16666667,2,0.5,0,0,0.5,0.5,27.58
00-0021429,C.Palmer,2015112909,11/29/2015 0:00,271,0,0,417,16,40,3,6,1,0,0,0,318.5,2.833333333,1,379.3333333,10.66666667,22,33.66666667,2,0.5,0,0,0.333333333,0.666666667,20.44
00-0021429,C.Palmer,2015121000,12/10/2015 0:00,310,2,0,320,10,35,3,3,0,0,0,0,336.8333333,2.333333333,1,422.8333333,12.83333333,24.16666667,38,2.333333333,1.666666667,0.166666667,0,0.333333333,0.666666667,23.7
00-0021429,C.Palmer,2016091112,9/11/2016 0:00,271,2,0,377,13,37,2,1,0,0,0,0,318.3333333,2.5,0.666666667,386.5,12.33333333,23.5,36.5,2.5,2.333333333,0.166666667,0,0.166666667,0.5,21.94
00-0021429,C.Palmer,2016101700,10/17/2016 0:00,213,1,0,224,11,34,3,-1,0,0,0,1,317.6666667,2.5,0.666666667,412.1666667,13,24.16666667,37.83333333,2.5,2.166666667,0.166666667,0,0.166666667,0.5,14.42
00-0021429,C.Palmer,2016102312,10/23/2016 0:00,342,0,0,504,19,48,1,8,0,0,0,0,290.8333333,2,0.5,366.8333333,12.66666667,24.16666667,37.33333333,2.5,1,0.166666667,0,0,0.5,17.48
00-0021429,C.Palmer,2016111310,11/13/2016 0:00,376,1,2,525,16,48,1,16,0,0,1,1,287.3333333,1.5,0.333333333,363.3333333,12.83333333,24.16666667,37.33333333,2.166666667,2.666666667,0.166666667,0,0,0.5,20.64
00-0021429,C.Palmer,2016112006,11/20/2016 0:00,198,2,2,322,16,38,1,11,0,0,0,1,297.1666667,1,0.333333333,394.5,14.16666667,25.83333333,40.33333333,2.166666667,5.5,0.166666667,0,0.166666667,0.333333333,17.02
00-0021429,C.Palmer,2016112700,11/27/2016 0:00,289,2,1,416,19,45,1,0,0,0,0,0,285,1.333333333,0.666666667,378.6666667,14.16666667,25.16666667,40,1.833333333,6.333333333,0,0,0.166666667,0.5,21.56
00-0021429,C.Palmer,2016120409,12/4/2016 0:00,300,3,0,304,15,45,1,-1,0,0,0,0,281.5,1.333333333,0.833333333,394.6666667,15.66666667,25.16666667,41.66666667,1.5,5.833333333,0,0,0.166666667,0.5,26.9
00-0021429,C.Palmer,2016121106,12/11/2016 0:00,145,2,2,234,13,33,3,5,0,0,0,0,286.3333333,1.5,0.833333333,382.5,16,26.16666667,43,1.333333333,5.5,0,0,0.166666667,0.5,15.3
00-0021429,C.Palmer,2016122410,12/24/2016 0:00,284,1,0,333,10,26,1,-1,0,0,0,0,275,1.666666667,1.166666667,384.1666667,16.33333333,25.33333333,42.83333333,1.333333333,6.5,0,0,0.166666667,0.333333333,18.26
00-0021429,C.Palmer,2017091004,9/10/2017 0:00,269,1,3,451,18,48,1,2,0,0,0,1,265.3333333,1.833333333,1.166666667,355.6666667,14.83333333,23.16666667,39.16666667,1.333333333,5,0,0,0.166666667,0.333333333,13.96
00-0021429,C.Palmer,2017091702,9/17/2017 0:00,332,1,1,418,16,36,3,6,0,0,0,0,247.5,1.833333333,1.333333333,343.3333333,15.16666667,22.66666667,39.16666667,1.333333333,2.666666667,0,0,0,0.333333333,19.88
00-0021429,C.Palmer,2017092500,9/25/2017 0:00,325,2,0,373,19,48,3,7,0,0,0,0,269.8333333,1.666666667,1.166666667,359.3333333,15.16666667,22.5,38.83333333,1.666666667,1.833333333,0,0,0,0.166666667,24.7
00-0021429,C.Palmer,2017100109,10/1/2017 0:00,347,1,1,432,17,50,2,1,0,0,0,0,275.8333333,1.666666667,1,352.1666667,15.16666667,23.16666667,39.33333333,2,3,0,0,0,0.166666667,19.98
00-0021429,C.Palmer,2017101507,10/15/2017 0:00,283,3,1,244,3,22,5,-4,0,0,1,1,283.6666667,1.333333333,1.166666667,373.5,15.5,23.5,40.16666667,2.166666667,3.333333333,0,0,0,0.166666667,23.92
,,,,,,,,,,,,,,,,306.6666667,1.5,1,375.1666667,13.83333333,23.5,38.33333333,2.5,1.833333333,0,0,0.166666667,0.333333333,0
00-0021678,T.Romo,2009092014,9/20/2009 0:00,127,1,3,221,13,29,1,3,1,0,0,0,353,3,0,291,11,16,27,1,2,0,0,0,0,15.38
00-0021678,T.Romo,2009092800,9/28/2009 0:00,255,0,0,208,11,33,5,22,0,0,0,0,240,2,1.5,256,12,14.5,28,1,2.5,0.5,0,0,0,15.4
00-0021678,T.Romo,2009101104,10/11/2009 0:00,351,2,0,260,14,34,3,5,0,0,0,0,245,1.333333333,1,240,11.66666667,17,29.66666667,2.333333333,9,0.333333333,0,0,0,25.54
00-0021678,T.Romo,2009102509,10/25/2009 0:00,311,3,0,323,8,29,6,31,0,0,0,1,271.5,1.5,0.75,245,12.25,17.75,30.75,2.5,8,0.25,0,0,0,29.54
00-0021678,T.Romo,2009110103,11/1/2009 0:00,256,3,0,277,15,36,1,10,0,0,0,0,279.4,1.8,0.6,260.6,11.4,18.4,30.4,3.2,12.6,0.2,0,0,0.2,26.24
00-0021678,T.Romo,2009110811,11/8/2009 0:00,307,1,1,231,12,34,3,-3,0,0,0,0,275.5,2,0.5,263.3333333,12,18.83333333,31.33333333,2.833333333,12.16666667,0.166666667,0,0,0.166666667,17.98
00-0021678,T.Romo,2009111510,11/15/2009 0:00,251,1,1,323,14,39,3,16,0,0,1,1,267.8333333,1.666666667,0.666666667,253.3333333,12.16666667,19.66666667,32.5,3.166666667,11.33333333,0.166666667,0,0,0.166666667,16.64
00-0021678,T.Romo,2009112201,11/22/2009 0:00,158,1,1,221,11,27,2,4,0,0,0,0,288.5,1.666666667,0.333333333,270.3333333,12.33333333,21.5,34.16666667,3.5,13.5,0,0,0.166666667,0.333333333,12.72
00-0021678,T.Romo,2009112601,11/26/2009 0:00,309,2,0,223,11,29,1,-1,0,0,0,0,272.3333333,1.833333333,0.5,272.5,12.33333333,20.33333333,33.16666667,3,10.5,0,0,0.166666667,0.333333333,23.26
00-0021678,T.Romo,2009121312,12/13/2009 0:00,249,2,0,241,11,30,1,-1,0,0,0,0,265.3333333,1.833333333,0.5,266.3333333,11.83333333,20,32.33333333,2.666666667,9.5,0,0,0.166666667,0.333333333,20.86
00-0021678,T.Romo,2009121900,12/19/2009 0:00,312,1,0,253,12,34,4,21,0,0,0,0,255,1.666666667,0.5,252.6666667,12.33333333,19.66666667,32.5,1.833333333,4.166666667,0,0,0.166666667,0.166666667,21.58
00-0021678,T.Romo,2009122713,12/27/2009 0:00,286,1,1,250,11,37,1,-1,0,0,0,0,264.3333333,1.333333333,0.5,248.6666667,11.83333333,19.83333333,32.16666667,2.333333333,6,0,0,0.166666667,0.166666667,17.34
00-0021678,T.Romo,2010010303,1/3/2010 0:00,311,2,1,200,9,34,3,-3,0,0,0,0,260.8333333,1.333333333,0.5,251.8333333,11.66666667,20.5,32.66666667,2,6.333333333,0,0,0.166666667,0.166666667,22.14
00-0021678,T.Romo,2010091905,9/19/2010 0:00,365,1,2,352,15,51,1,-1,0,0,2,2,270.8333333,1.5,0.5,231.3333333,10.83333333,20.5,31.83333333,2,3.166666667,0,0,0,0,17.5
00-0021678,T.Romo,2010092608,9/26/2010 0:00,284,2,0,261,7,30,1,-1,0,0,0,0,305.3333333,1.5,0.666666667,253.1666667,11.5,23.83333333,35.83333333,1.833333333,2.333333333,0,0,0.333333333,0.333333333,22.26
00-0021678,T.Romo,2010101010,10/10/2010 0:00,406,3,3,414,12,46,1,9,0,0,0,0,301.1666667,1.5,0.666666667,259.5,10.83333333,24.66666667,36,1.833333333,2.333333333,0,0,0.333333333,0.333333333,29.14
00-0021678,T.Romo,2010101711,10/17/2010 0:00,220,3,2,68,6,32,3,31,0,0,0,0,327.3333333,1.666666667,1.166666667,288.3333333,11,26.66666667,38.66666667,1.833333333,4,0,0,0.333333333,0.333333333,24.9
00-0021678,T.Romo,2011091112,9/11/2011 0:00,342,2,1,301,12,36,3,9,0,0,1,2,312,2,1.5,257.5,10,27,38.33333333,1.666666667,5.666666667,0,0,0.333333333,0.333333333,22.58
00-0021678,T.Romo,2011092600,9/26/2011 0:00,255,0,1,219,13,36,2,-1,0,0,1,3,321.3333333,2.166666667,1.5,266,10.16666667,26.66666667,38.16666667,2,7.333333333,0,0,0.5,0.666666667,9.1
00-0021678,T.Romo,2011101610,10/16/2011 0:00,317,1,1,275,13,41,1,17,0,0,0,0,312,1.833333333,1.5,269.1666667,10.83333333,26.33333333,38.5,1.833333333,7.666666667,0,0,0.666666667,1.166666667,20.38
00-0021678,T.Romo,2011103011,10/30/2011 0:00,203,1,1,220,16,35,1,9,0,0,0,0,304,1.833333333,1.333333333,256.3333333,10.5,25,36.83333333,1.833333333,10.66666667,0,0,0.333333333,0.833333333,15.02
00-0021678,T.Romo,2011110603,11/6/2011 0:00,279,2,0,288,12,31,3,13,0,0,1,1,290.5,1.666666667,1.5,249.5,12,24.16666667,37.66666667,1.833333333,12.33333333,0,0,0.333333333,0.833333333,22.46
00-0021678,T.Romo,2011111300,11/13/2011 0:00,270,3,0,136,3,26,2,0,0,0,0,0,269.3333333,1.5,1,228.5,12,22.16666667,35.16666667,2.166666667,13,0,0,0.5,1,25.8
00-0021678,T.Romo,2011112005,11/20/2011 0:00,292,3,0,390,14,37,2,-2,0,0,0,1,277.6666667,1.5,0.666666667,239.8333333,11.5,22,34.16666667,2,7.833333333,0,0,0.5,1,25.48
00-0021678,T.Romo,2011112401,11/24/2011 0:00,226,2,2,299,10,34,1,-2,0,0,0,0,269.3333333,1.666666667,0.5,254.6666667,11.83333333,22,34.33333333,1.833333333,6,0,0,0.333333333,0.833333333,17.84
00-0021678,T.Romo,2011120411,12/4/2011 0:00,299,1,0,482,13,41,2,1,0,0,0,0,264.5,2,0.666666667,268,11.33333333,22,34,1.666666667,5.833333333,0,0,0.166666667,0.333333333,19.06
00-0021678,T.Romo,2011121700,12/17/2011 0:00,249,3,0,196,7,30,3,-1,1,0,0,1,261.5,2,0.5,302.5,11.33333333,22.16666667,34,1.833333333,3.166666667,0,0,0.166666667,0.333333333,29.86
00-0021678,T.Romo,2012010106,1/1/2012 0:00,289,2,1,191,7,37,2,3,0,0,0,0,269.1666667,2.333333333,0.333333333,298.5,9.833333333,23,33.16666667,2.166666667,1.5,0.166666667,0,0.166666667,0.5,21.86
00-0021678,T.Romo,2012090500,9/5/2012 0:00,307,3,1,253,6,29,5,12,0,0,0,0,270.8333333,2.333333333,0.5,282.3333333,9,24.66666667,34.16666667,2,-0.166666667,0.166666667,0,0,0.333333333,27.48
00-0021678,T.Romo,2012091608,9/16/2012 0:00,251,1,1,441,16,40,2,-1,0,0,0,1,277,2.333333333,0.666666667,301.8333333,9.5,24.5,34.66666667,2.5,1.833333333,0.166666667,0,0,0.333333333,14.94
00-0021678,T.Romo,2012092300,9/23/2012 0:00,283,0,1,434,13,39,4,1,0,0,0,0,270.1666667,2,0.833333333,310.3333333,9.833333333,24.5,35.16666667,2.5,2,0.166666667,0,0,0.333333333,13.42
00-0021678,T.Romo,2012100100,10/1/2012 0:00,307,1,5,366,7,43,1,0,0,0,0,1,279.6666667,1.666666667,0.666666667,332.8333333,10.33333333,25,36,3,2.5,0.166666667,0,0,0.333333333,13.28
00-0021678,T.Romo,2012102102,10/21/2012 0:00,227,1,0,253,10,34,3,11,0,0,1,1,281,1.666666667,1.5,313.5,9.333333333,25.5,36.33333333,2.833333333,2.333333333,0.166666667,0,0,0.5,16.18
00-0021678,T.Romo,2012102810,10/28/2012 0:00,437,1,4,693,21,61,2,0,1,0,0,1,277.3333333,1.333333333,1.5,323,9.833333333,25.66666667,37,2.833333333,4.333333333,0,0,0.166666667,0.5,25.48
00-0021678,T.Romo,2012111109,11/11/2012 0:00,209,2,0,186,7,26,1,-1,0,0,0,0,302,1.166666667,2,406.6666667,12.16666667,26.83333333,41,2.833333333,3.833333333,0.166666667,0,0.166666667,0.666666667,19.26
00-0021678,T.Romo,2012111804,11/18/2012 0:00,313,1,0,448,15,50,2,10,0,0,0,0,285.6666667,1,1.833333333,395.5,12.33333333,26.33333333,40.5,2.166666667,1.666666667,0.166666667,0,0.166666667,0.666666667,20.52
00-0021678,T.Romo,2012112201,11/22/2012 0:00,441,3,2,459,22,61,4,9,0,0,1,1,296,1,1.666666667,396.6666667,12.16666667,28.33333333,42.16666667,2.166666667,3.5,0.166666667,0,0.166666667,0.5,30.54
00-0021678,T.Romo,2012120213,12/2/2012 0:00,303,3,0,221,5,27,3,14,0,0,0,0,322.3333333,1.5,1.833333333,400.8333333,13.66666667,30.33333333,45.83333333,2.166666667,4.833333333,0.166666667,0,0.333333333,0.666666667,28.52
00-0021678,T.Romo,2012121611,12/16/2012 0:00,341,2,0,306,12,42,4,-4,0,0,0,0,321.6666667,1.833333333,1,376.6666667,13.33333333,28.83333333,43.16666667,2.5,7.166666667,0.166666667,0,0.333333333,0.5,24.24
00-0021678,T.Romo,2013090812,9/8/2013 0:00,263,2,1,269,12,49,2,-1,0,0,0,0,340.6666667,2,1,385.5,13.66666667,29.83333333,44.5,2.666666667,4.666666667,0.166666667,0,0.166666667,0.333333333,20.42
00-0021678,T.Romo,2013091507,9/15/2013 0:00,298,1,0,229,12,42,2,3,0,0,1,1,311.6666667,2.166666667,0.5,314.8333333,12.16666667,29.83333333,42.5,2.666666667,4.5,0,0,0.166666667,0.166666667,18.22
00-0021678,T.Romo,2013092911,9/29/2013 0:00,244,2,0,267,10,37,1,15,0,0,1,2,326.5,2,0.5,322,13,31.66666667,45.16666667,2.833333333,5.166666667,0,0,0.333333333,0.333333333,20.26
00-0021678,T.Romo,2013100609,10/6/2013 0:00,506,5,1,385,9,35,2,7,0,0,1,1,315,2.166666667,0.5,291.8333333,12.16666667,30.33333333,43,2.666666667,6,0,0,0.5,0.666666667,41.94
00-0021678,T.Romo,2013102008,10/20/2013 0:00,317,1,2,414,17,47,4,2,0,0,0,0,325.8333333,2.5,0.333333333,279.5,10,28.33333333,38.66666667,2.333333333,5.666666667,0,0,0.5,0.666666667,17.88
00-0021678,T.Romo,2013102700,10/27/2013 0:00,206,3,0,283,16,30,3,6,0,0,0,1,328.1666667,2.166666667,0.666666667,311.6666667,12,29.33333333,42,2.5,3.666666667,0,0,0.5,0.666666667,22.84
00-0021678,T.Romo,2013110302,11/3/2013 0:00,337,2,1,347,16,51,1,8,0,0,0,0,305.6666667,2.333333333,0.666666667,307.8333333,12.66666667,26.66666667,40,2.333333333,5.333333333,0,0,0.5,0.833333333,24.28
00-0021678,T.Romo,2013112410,11/24/2013 0:00,250,2,1,334,14,38,3,1,0,0,0,1,318,2.333333333,0.666666667,320.8333333,13.33333333,26.33333333,40.33333333,2.166666667,6.833333333,0,0,0.5,0.833333333,19.1
00-0021678,T.Romo,2013112801,11/28/2013 0:00,225,1,0,183,8,31,1,-1,0,0,0,1,310,2.5,0.833333333,338.3333333,13.66666667,25.16666667,39.66666667,2.333333333,6.5,0,0,0.333333333,0.833333333,14.9
00-0021678,T.Romo,2013122209,12/22/2013 0:00,226,2,1,280,9,27,1,-1,0,0,1,1,306.8333333,2.333333333,0.833333333,324.3333333,13.33333333,24.5,38.66666667,2.333333333,3.833333333,0,0,0.166666667,0.666666667,17.94
00-0021678,T.Romo,2014092109,9/21/2014 0:00,217,2,1,180,4,23,3,14,0,0,1,1,260.1666667,1.833333333,0.833333333,306.8333333,13.33333333,23.16666667,37.33333333,2.166666667,2.5,0,0,0.166666667,0.666666667,19.08
00-0021678,T.Romo,2014092810,9/28/2014 0:00,262,3,0,280,7,29,6,20,0,0,0,0,243.5,2,0.666666667,267.8333333,11.16666667,21.5,33.33333333,2,4.5,0,0,0.333333333,0.833333333,27.48
00-0021678,T.Romo,2014101211,10/12/2014 0:00,250,2,0,299,11,32,2,-1,0,0,0,0,252.8333333,2,0.666666667,267.3333333,9.666666667,22.83333333,33.16666667,2.5,6.833333333,0,0,0.333333333,0.666666667,20.9
00-0021678,T.Romo,2014101910,10/19/2014 0:00,279,3,1,336,5,23,2,5,0,0,0,0,238.3333333,2,0.5,259.3333333,8.833333333,20.66666667,30,2.666666667,5.333333333,0,0,0.333333333,0.666666667,25.66
00-0021678,T.Romo,2014102700,10/27/2014 0:00,209,1,0,202,10,27,1,1,0,0,1,1,243.1666667,2.166666667,0.5,259.6666667,7.333333333,19.66666667,27.5,2.5,6,0,0,0.333333333,0.5,14.46
00-0021678,T.Romo,2014112312,11/23/2014 0:00,275,4,0,278,7,25,1,-2,0,0,0,0,240.5,2.166666667,0.5,262.8333333,7.666666667,18.66666667,26.83333333,2.5,6.333333333,0,0,0.5,0.5,29.8
00-0021678,T.Romo,2014112701,11/27/2014 0:00,199,0,2,297,9,29,1,-1,0,0,1,1,248.6666667,2.5,0.333333333,262.5,7.333333333,18.83333333,26.5,2.5,6.166666667,0,0,0.333333333,0.333333333,7.86
00-0021678,T.Romo,2014120400,12/4/2014 0:00,205,3,0,165,5,26,2,-2,0,0,0,0,245.6666667,2.166666667,0.5,282,8.166666667,18.83333333,27.5,2.166666667,3.666666667,0,0,0.333333333,0.333333333,23
00-0021678,T.Romo,2014121413,12/14/2014 0:00,265,3,0,308,9,31,4,-1,0,0,0,0,236.1666667,2.166666667,0.5,262.8333333,7.833333333,18.66666667,27,1.5,0,0,0,0.333333333,0.333333333,25.5
00-0021678,T.Romo,2014122109,12/21/2014 0:00,218,4,0,143,2,20,3,28,0,0,0,0,238.6666667,2.333333333,0.5,264.3333333,7.5,18.83333333,26.83333333,1.833333333,0,0,0,0.333333333,0.333333333,30.52
00-0021678,T.Romo,2015091312,9/13/2015 0:00,356,3,2,158,7,45,1,-1,0,0,1,2,228.5,2.5,0.333333333,232.1666667,7,19,26.33333333,2,3.833333333,0,0,0.333333333,0.333333333,25.14
00-0021678,T.Romo,2015092012,9/20/2015 0:00,195,0,0,217,9,27,1,12,0,0,0,0,253,2.833333333,0.666666667,224.8333333,6.5,22.16666667,29.33333333,2,3.5,0,0,0.333333333,0.5,12
00-0021678,T.Romo,2015112207,11/22/2015 0:00,227,2,2,266,8,28,2,2,0,0,0,0,239.6666667,2.166666667,0.666666667,214.6666667,6.833333333,22.16666667,29.66666667,2,5.833333333,0,0,0.333333333,0.5,18.28
,,,,,,,,,,,,,,,,244.3333333,2.5,0.666666667,209.5,6.666666667,22.16666667,29.5,2.166666667,6.333333333,0,0,0.166666667,0.333333333,0
00-0022055,S.Wallace,2009092710,9/27/2009 0:00,261,1,1,368,17,44,1,0,0,0,1,1,127,1,1,152,7,15,23,4,1,0,0,0,0,15.44
00-0022055,S.Wallace,2009100403,10/4/2009 0:00,257,1,0,297,12,45,4,8,1,0,0,0,194,1,1,260,12,20.5,33.5,2.5,0.5,0,0,0.5,0.5,24.08
00-0022055,S.Wallace,2010091903,9/19/2010 0:00,229,1,1,363,14,31,1,4,0,0,0,0,215,1,0.666666667,272.3333333,12,24.66666667,37.33333333,3,3,0.333333333,0,0.333333333,0.333333333,15.56
00-0022055,S.Wallace,2010092604,9/26/2010 0:00,141,1,0,150,6,24,1,0,0,0,0,0,218.5,1,0.75,295,12.5,22.5,35.75,2.5,3.25,0.25,0,0.25,0.25,12.64
00-0022055,S.Wallace,2010100301,10/3/2010 0:00,184,1,1,162,11,30,5,5,0,0,0,1,203,1,0.6,266,11.2,21.6,33.4,2.2,2.6,0.2,0,0.2,0.2,12.86
00-0022055,S.Wallace,2011121810,12/18/2011 0:00,226,1,0,254,13,31,3,21,0,0,0,0,199.8333333,1,0.666666667,248.6666667,11.16666667,21,32.83333333,2.666666667,3,0.166666667,0,0.166666667,0.333333333,18.14
00-0022055,S.Wallace,2011122402,12/24/2011 0:00,147,1,1,238,13,33,1,5,0,0,0,0,216.3333333,1,0.5,265.6666667,12.16666667,21.5,34.16666667,2.5,6.333333333,0.166666667,0,0.166666667,0.333333333,12.38
00-0022055,S.Wallace,2012010103,1/1/2012 0:00,167,0,1,267,22,38,3,44,0,0,0,1,197.3333333,1,0.5,244,11.5,20.33333333,32.33333333,2.5,7.166666667,0.166666667,0,0,0.166666667,12.08
,,,,,,,,,,,,,,,,182.3333333,0.833333333,0.666666667,239,13.16666667,17.33333333,31.16666667,2.333333333,13.16666667,0,0,0,0.333333333,0
00-0022121,R.Grossman,2010122608,12/26/2010 0:00,182,1,1,223,19,39,1,5,0,0,0,0,322,4,2,262,15,25,42,1,-1,0,0,0,0,13.78
00-0022121,R.Grossman,2011010208,1/2/2011 0:00,336,2,1,366,17,44,1,2,0,0,1,1,252,2.5,1.5,242.5,17,22,40.5,1,2,0,0,0,0,22.64
00-0022121,R.Grossman,2011091805,9/18/2011 0:00,291,2,2,250,16,43,6,-6,0,0,0,0,280,2.333333333,1.333333333,283.6666667,17,23.33333333,41.66666667,1,2,0,0,0.333333333,0.333333333,20.04
00-0022121,R.Grossman,2011092600,9/26/2011 0:00,250,1,1,283,13,36,1,6,0,0,0,0,282.75,2.25,1.5,275.25,16.75,23.75,42,2.25,0,0,0,0.25,0.25,16.6
00-0022121,R.Grossman,2011100206,10/2/2011 0:00,143,1,2,158,12,29,5,2,0,0,0,0,276.2,2,1.4,276.8,16,23.4,40.8,2,1.2,0,0,0.2,0.2,10.92
00-0022121,R.Grossman,2011112005,11/20/2011 0:00,289,2,1,336,12,38,3,10,1,0,1,1,254,1.833333333,1.5,257,15.33333333,22,38.83333333,2.5,1.333333333,0,0,0.166666667,0.166666667,27.56
00-0022121,R.Grossman,2011112707,11/27/2011 0:00,314,2,2,336,7,35,5,-1,0,0,0,0,248.5,1.5,1.333333333,269.3333333,14.83333333,22,38.16666667,2.833333333,3.166666667,0.166666667,0,0.333333333,0.333333333,21.46
00-0022121,R.Grossman,2011121100,12/11/2011 0:00,252,2,1,280,12,32,1,0,0,0,0,0,270.5,1.666666667,1.5,288.1666667,12.83333333,23.16666667,37.5,3.5,2.166666667,0.166666667,0,0.333333333,0.333333333,20.08
00-0022121,R.Grossman,2011121803,12/18/2011 0:00,185,1,2,356,7,24,1,-1,0,0,0,0,256.5,1.666666667,1.5,273.8333333,12,22,35.5,3.5,1.833333333,0.166666667,0,0.166666667,0.166666667,12.3
,,,,,,,,,,,,,,,,238.8333333,1.5,1.5,291.5,10.5,20.33333333,32.33333333,2.666666667,2.666666667,0.166666667,0,0.166666667,0.166666667,0
00-0022164,K.Boller,2009100411,10/4/2009 0:00,108,0,1,172,10,24,2,5,0,0,0,0,164,2,1,163,14,16,31,4,31,0,0,0,0,6.82
00-0022164,K.Boller,2009101107,10/11/2009 0:00,209,0,1,201,10,31,3,1,0,0,1,1,136,1,1,167.5,12,14.5,27.5,3,18,0,0,0,0,9.46
00-0022164,K.Boller,2009112907,11/29/2009 0:00,274,1,2,302,16,44,3,26,0,0,0,0,160.3333333,0.666666667,1,178.6666667,11.33333333,16.33333333,28.66666667,3,12.33333333,0,0,0.333333333,0.333333333,18.56
,,,,,,,,,,,,,,,,188.75,0.75,1.25,209.5,12.5,18.75,32.5,3,15.75,0,0,0.25,0.25,0
00-0022177,B.Leftwich,2009092009,9/20/2009 0:00,296,3,2,453,22,50,1,0,0,0,0,0,276,1,0,466,16,25,41,3,3,0,0,0,0,24.84
00-0022177,B.Leftwich,2012111811,11/18/2012 0:00,201,0,1,415,20,39,1,31,1,0,2,3,286,2,1,459.5,19,25.5,45.5,2,1.5,0,0,0,0,16.14
,,,,,,,,,,,,,,,,257.6666667,1.333333333,1,444.6666667,19.33333333,23,43.33333333,1.666666667,11.33333333,0.333333333,0,0.666666667,1,0
00-0022787,M.Schaub,2009092007,9/20/2009 0:00,351,4,0,356,14,38,4,4,0,0,0,0,166,0,1,154,14,18,33,1,6,0,0,1,1,33.44
00-0022787,M.Schaub,2009092703,9/27/2009 0:00,300,3,1,282,8,35,1,5,0,0,0,0,258.5,2,0.5,255,14,21,35.5,2.5,5,0,0,0.5,0.5,26.5
00-0022787,M.Schaub,2009100402,10/4/2009 0:00,224,1,1,199,10,22,5,-1,0,0,0,0,272.3333333,2.333333333,0.666666667,264,12,22.66666667,35.33333333,2,5,0,0,0.333333333,0.333333333,14.86
00-0022787,M.Schaub,2009101109,10/11/2009 0:00,371,2,1,352,14,50,3,5,0,0,0,0,260.25,2,0.75,247.75,11.5,19.75,32,2.75,3.5,0,0,0.25,0.25,25.34
00-0022787,M.Schaub,2009101800,10/18/2009 0:00,392,4,1,256,11,40,3,-1,0,0,0,1,282.4,2,0.8,268.6,12,22.8,35.6,2.8,3.8,0,0,0.2,0.2,32.58
00-0022787,M.Schaub,2009102502,10/25/2009 0:00,264,2,0,303,10,30,5,9,0,0,0,0,300.6666667,2.333333333,0.833333333,266.5,11.83333333,23.66666667,36.33333333,2.833333333,3,0,0,0.166666667,0.333333333,22.46
00-0022787,M.Schaub,2009110101,11/1/2009 0:00,268,0,2,194,7,34,7,7,0,0,1,1,317,2.666666667,0.666666667,291.3333333,11.16666667,24,35.83333333,3.5,3.5,0,0,0,0.166666667,11.42
00-0022787,M.Schaub,2009110803,11/8/2009 0:00,311,1,2,297,7,41,3,21,0,0,1,1,303.1666667,2,1,264.3333333,10,24.16666667,35.16666667,4,4,0,0,0.166666667,0.333333333,18.54
00-0022787,M.Schaub,2009112300,11/23/2009 0:00,305,2,0,320,13,38,1,0,0,0,0,0,305,1.666666667,1.166666667,266.8333333,9.833333333,25.16666667,36.16666667,4.333333333,6.666666667,0,0,0.333333333,0.5,23.2
00-0022787,M.Schaub,2009112903,11/29/2009 0:00,284,2,2,323,9,42,2,6,0,0,0,0,318.5,1.833333333,1,287,10.33333333,27.5,38.83333333,3.666666667,6.833333333,0,0,0.333333333,0.5,20.96
00-0022787,M.Schaub,2009120605,12/6/2009 0:00,207,1,1,183,7,27,1,7,0,0,0,0,304,1.833333333,1.166666667,282.1666667,9.5,26.83333333,37.5,3.5,7,0,0,0.333333333,0.5,14.98
00-0022787,M.Schaub,2009121303,12/13/2009 0:00,365,2,1,298,9,39,1,-2,0,0,0,0,273.1666667,1.333333333,1.166666667,270,8.833333333,25.33333333,35.33333333,3.166666667,8.333333333,0,0,0.333333333,0.333333333,24.4
00-0022787,M.Schaub,2009122007,12/20/2009 0:00,367,1,0,368,11,39,5,-3,0,0,1,1,290,1.333333333,1.333333333,269.1666667,8.666666667,26.83333333,36.83333333,2.5,6.5,0,0,0.333333333,0.333333333,20.38
00-0022787,M.Schaub,2009122704,12/27/2009 0:00,286,2,1,227,10,31,3,-3,0,0,0,0,306.5,1.5,1,298.1666667,9.333333333,27.33333333,37.66666667,2.166666667,4.833333333,0,0,0.333333333,0.333333333,21.14
00-0022787,M.Schaub,2010010305,1/3/2010 0:00,303,2,1,332,13,38,2,1,0,0,0,1,302.3333333,1.666666667,0.833333333,286.5,9.833333333,25.33333333,36,2.166666667,0.833333333,0,0,0.166666667,0.166666667,21.22
00-0022787,M.Schaub,2010091203,9/12/2010 0:00,107,1,1,153,7,17,3,-3,0,0,0,0,302,1.666666667,1,288.5,9.833333333,25.16666667,36,2.333333333,1,0,0,0.166666667,0.333333333,9.98
00-0022787,M.Schaub,2010091900,9/19/2010 0:00,497,3,1,471,13,52,1,2,0,0,0,0,272.5,1.5,0.833333333,260.1666667,9.5,21.5,31.83333333,2.5,-0.5,0,0,0.166666667,0.333333333,34.08
00-0022787,M.Schaub,2010100309,10/3/2010 0:00,192,2,0,176,11,27,3,1,0,0,0,0,320.8333333,1.833333333,0.833333333,308.1666667,10.5,24.66666667,36,2.5,-1.333333333,0,0,0.166666667,0.333333333,18.78
00-0022787,M.Schaub,2010101008,10/10/2010 0:00,196,0,1,274,17,34,1,-1,0,0,0,0,292,1.833333333,0.666666667,287.8333333,10.83333333,22.5,34,2.833333333,-0.833333333,0,0,0.166666667,0.333333333,9.74
00-0022787,M.Schaub,2010101704,10/17/2010 0:00,305,2,0,235,8,33,1,3,0,0,0,0,263.5,1.666666667,0.833333333,272.1666667,11.83333333,20.5,33.16666667,2.166666667,-0.5,0,0,0,0.166666667,23.5
00-0022787,M.Schaub,2010110100,11/1/2010 0:00,200,1,1,171,14,36,1,1,0,0,0,0,266.6666667,1.666666667,0.666666667,273.5,11.5,21.33333333,33.5,1.833333333,0.5,0,0,0,0.166666667,14.1
00-0022787,M.Schaub,2010110703,11/7/2010 0:00,266,0,1,247,10,32,2,1,0,0,0,0,249.5,1.5,0.666666667,246.6666667,11.66666667,20.83333333,33.16666667,1.666666667,0.5,0,0,0,0,12.74
00-0022787,M.Schaub,2010111403,11/14/2010 0:00,314,2,0,215,9,31,3,14,0,0,1,1,276,1.333333333,0.666666667,262.3333333,12.16666667,22.83333333,35.66666667,1.5,1.166666667,0,0,0,0,23.96
00-0022787,M.Schaub,2010112101,11/21/2010 0:00,254,1,0,364,14,33,1,3,0,0,0,0,245.5,1.166666667,0.5,219.6666667,11.5,20.16666667,32.16666667,1.833333333,3.166666667,0,0,0.166666667,0.166666667,17.46
00-0022787,M.Schaub,2010112802,11/28/2010 0:00,178,2,0,149,10,35,2,-2,0,0,0,0,255.8333333,1,0.5,251,12,20.66666667,33.16666667,1.5,3.5,0,0,0.166666667,0.166666667,17.92
00-0022787,M.Schaub,2010121300,12/13/2010 0:00,393,3,2,639,28,61,1,8,0,0,0,0,252.8333333,1.333333333,0.333333333,230.1666667,10.83333333,22.16666667,33.33333333,1.666666667,3.333333333,0,0,0.166666667,0.166666667,29.52
00-0022787,M.Schaub,2010122609,12/26/2010 0:00,310,1,1,222,9,33,1,0,0,0,0,0,267.5,1.5,0.666666667,297.5,14.16666667,23.16666667,38,1.666666667,4.166666667,0,0,0.166666667,0.166666667,18.4
00-0022787,M.Schaub,2011010204,1/2/2011 0:00,253,1,0,161,4,22,2,1,0,0,0,0,285.8333333,1.5,0.666666667,306,13.33333333,23.5,37.5,1.666666667,4,0,0,0.166666667,0.166666667,17.22
00-0022787,M.Schaub,2011091102,9/11/2011 0:00,220,1,2,191,5,24,4,0,0,0,0,0,283.6666667,1.666666667,0.5,291.6666667,12.33333333,23,35.83333333,1.666666667,4,0,0,0.166666667,0.166666667,13.8
00-0022787,M.Schaub,2011091813,9/18/2011 0:00,230,2,0,262,8,29,2,2,0,0,0,0,268,1.5,0.833333333,287.6666667,11.66666667,22.16666667,34.66666667,1.833333333,1.666666667,0,0,0,0,20.4
00-0022787,M.Schaub,2011100202,10/2/2011 0:00,138,1,0,139,7,21,2,1,0,0,0,0,264,1.666666667,0.833333333,270.6666667,10.66666667,22.5,34,2,1.5,0,0,0,0,12.62
00-0022787,M.Schaub,2011100901,10/9/2011 0:00,416,2,2,411,24,50,1,0,0,0,0,0,257.3333333,1.5,0.833333333,269,10.16666667,20.66666667,31.66666667,2,2,0,0,0,0,25.64
00-0022787,M.Schaub,2011101608,10/16/2011 0:00,220,1,0,270,16,37,1,3,0,0,0,0,261.1666667,1.333333333,0.833333333,231,9.5,19.5,29.83333333,2,0.666666667,0,0,0,0,16.1
00-0022787,M.Schaub,2011103001,10/30/2011 0:00,225,1,0,360,13,29,1,2,1,0,0,0,246.1666667,1.333333333,0.666666667,239,10.66666667,19.16666667,30.5,2,1.166666667,0,0,0,0,22.2
00-0022787,M.Schaub,2011110601,11/6/2011 0:00,119,0,1,114,8,23,3,0,1,0,0,0,241.5,1.333333333,0.666666667,272.1666667,12.16666667,18.83333333,31.66666667,1.833333333,1.333333333,0.166666667,0,0,0,12.76
00-0022787,M.Schaub,2011111302,11/13/2011 0:00,242,2,0,99,4,15,1,1,0,0,0,0,224.6666667,1.166666667,0.5,259.3333333,12.66666667,18.33333333,31.5,1.666666667,1.333333333,0.333333333,0,0,0,20.78
00-0022787,M.Schaub,2012090903,9/9/2012 0:00,266,1,0,271,11,31,4,-2,0,0,0,0,226.6666667,1.166666667,0.5,232.1666667,12,16.66666667,29.16666667,1.5,1.166666667,0.333333333,0,0,0,17.44
00-0022787,M.Schaub,2012091607,9/16/2012 0:00,195,0,0,139,9,35,2,-3,0,0,0,0,248,1.166666667,0.5,254.1666667,12.66666667,17.66666667,30.83333333,1.833333333,0.666666667,0.333333333,0,0,0,10.5
00-0022787,M.Schaub,2012093001,9/30/2012 0:00,202,2,0,173,8,28,2,-2,0,0,0,0,211.1666667,0.833333333,0.166666667,208.8333333,10.16666667,18,28.33333333,2,0.166666667,0.333333333,0,0,0,18.88
00-0022787,M.Schaub,2012101411,10/14/2012 0:00,232,0,2,231,11,33,1,0,0,0,0,0,208.1666667,1,0.166666667,192.6666667,8.833333333,17.83333333,26.83333333,2.166666667,-0.666666667,0.333333333,0,0,0,10.28
00-0022787,M.Schaub,2012102105,10/21/2012 0:00,256,2,0,324,14,37,1,-2,0,0,0,0,209.3333333,0.833333333,0.5,171.1666667,8.5,18.5,27.5,2.166666667,-1,0.166666667,0,0,0,21.04
00-0022787,M.Schaub,2012110406,11/4/2012 0:00,268,2,0,259,8,27,1,-1,0,0,0,0,232.1666667,1.166666667,0.333333333,206.1666667,9.5,20,29.83333333,1.833333333,-1.333333333,0,0,0,0,21.62
00-0022787,M.Schaub,2012112200,11/22/2012 0:00,315,1,0,412,18,47,2,-1,0,0,0,0,236.5,1.166666667,0.333333333,232.8333333,10.16666667,21.33333333,31.83333333,1.833333333,-1.666666667,0,0,0,0,19.5
00-0022787,M.Schaub,2012120208,12/2/2012 0:00,207,2,0,199,14,35,4,5,0,0,0,0,244.6666667,1.166666667,0.333333333,256.3333333,11.33333333,22.83333333,34.5,1.5,-1.5,0,0,0,0,19.78
00-0022787,M.Schaub,2012123004,12/30/2012 0:00,275,0,2,305,10,36,2,-1,0,0,0,0,246.6666667,1.5,0.333333333,266.3333333,12.16666667,22,34.5,1.833333333,-0.166666667,0,0,0,0,11.9
00-0022787,M.Schaub,2013092903,9/29/2013 0:00,355,2,2,386,16,49,1,5,0,0,0,1,258.8333333,1.166666667,0.666666667,288.3333333,12.5,22.66666667,35.83333333,1.833333333,0,0,0,0,0,22.7
00-0022787,M.Schaub,2013120500,12/5/2013 0:00,198,1,1,272,11,29,1,7,0,0,0,0,279.3333333,1.5,0.666666667,314.1666667,13.33333333,24.5,38.5,1.833333333,0.833333333,0,0,0,0.166666667,14.62
00-0022787,M.Schaub,2013122203,12/22/2013 0:00,176,1,2,381,17,37,1,5,0,0,0,0,269.6666667,1.333333333,0.833333333,305.5,12.83333333,23.5,37.16666667,1.833333333,2.333333333,0,0,0,0.166666667,12.54
00-0022787,M.Schaub,2013122911,12/29/2013 0:00,229,0,2,284,10,34,2,7,0,0,1,1,254.3333333,1.166666667,1.166666667,325.8333333,14.33333333,23.33333333,38.83333333,1.833333333,3.333333333,0,0,0,0.166666667,9.86
00-0022787,M.Schaub,2015113000,11/30/2015 0:00,184,2,2,239,11,32,3,10,0,0,0,0,240,1,1.5,304.5,13,22.16666667,36.66666667,1.833333333,4.666666667,0,0,0.166666667,0.333333333,17.36
00-0022787,M.Schaub,2015120602,12/6/2015 0:00,293,1,2,327,12,45,1,0,0,0,0,0,236.1666667,1,1.833333333,311.1666667,12.5,21.83333333,36.16666667,1.666666667,5.5,0,0,0.166666667,0.333333333,16.72
,,,,,,,,,,,,,,,,239.1666667,1.166666667,1.833333333,314.8333333,12.83333333,23,37.66666667,1.5,5.666666667,0,0,0.166666667,0.333333333,0
00-0022803,E.Manning,2009092014,9/20/2009 0:00,330,2,0,326,12,37,1,2,0,0,0,0,256,1,1,225,8,20,29,3,-3,0,0,0,0,24.4
00-0022803,E.Manning,2009092708,9/27/2009 0:00,161,2,0,189,10,24,1,9,0,0,0,0,293,1.5,0.5,275.5,10,22.5,33,2,-0.5,0,0,0,0,18.34
00-0022803,E.Manning,2009101804,10/18/2009 0:00,178,1,1,399,16,31,1,-1,0,0,0,0,249,1.666666667,0.333333333,246.6666667,10,19.66666667,30,1.666666667,2.666666667,0,0,0,0,13.02
00-0022803,E.Manning,2009102511,10/25/2009 0:00,243,1,3,417,15,37,1,-1,0,0,0,0,231.25,1.5,0.5,284.75,11.5,18.25,30.25,1.5,1.75,0,0,0,0,13.62
00-0022803,E.Manning,2009110111,11/1/2009 0:00,222,1,2,383,16,38,3,34,0,0,0,1,233.6,1.4,1,311.2,12.2,18.4,31.6,1.4,1.2,0,0,0,0,16.28
00-0022803,E.Manning,2009112602,11/26/2009 0:00,230,0,1,306,15,40,1,3,0,0,0,1,231.6666667,1.333333333,1.166666667,323.1666667,12.83333333,18.66666667,32.66666667,1.666666667,6.666666667,0,0,0,0.166666667,10.5
00-0022803,E.Manning,2009120611,12/6/2009 0:00,241,2,1,267,13,25,2,-2,0,0,0,0,227.3333333,1.166666667,1.166666667,336.6666667,14,19.33333333,34.5,1.333333333,7.666666667,0,0,0,0.333333333,19.44
00-0022803,E.Manning,2009121313,12/13/2009 0:00,391,3,0,285,11,38,2,18,0,0,0,0,212.5,1.166666667,1.333333333,326.8333333,14.16666667,17,32.5,1.5,7,0,0,0,0.333333333,32.44
00-0022803,E.Manning,2009122705,12/27/2009 0:00,296,1,2,319,11,42,2,6,0,0,1,1,250.8333333,1.333333333,1.333333333,342.8333333,14.33333333,19.16666667,34.83333333,1.666666667,8.5,0,0,0,0.333333333,16.44
00-0022803,E.Manning,2010091206,9/12/2010 0:00,263,3,3,322,8,31,4,-2,0,0,0,0,270.5,1.333333333,1.5,329.5,13.5,21.66666667,36.66666667,1.833333333,9.666666667,0,0,0.166666667,0.5,22.32
00-0022803,E.Manning,2010091914,9/19/2010 0:00,161,2,1,329,11,25,1,6,0,0,0,0,273.8333333,1.666666667,1.5,313.6666667,12.33333333,21.83333333,35.66666667,2.333333333,9.5,0,0,0.166666667,0.5,17.04
00-0022803,E.Manning,2010092600,9/26/2010 0:00,386,0,2,421,12,48,1,2,0,1,0,0,263.6666667,1.833333333,1.333333333,304.6666667,11.5,20.66666667,33.5,2,4.833333333,0,0,0.166666667,0.333333333,16.64
00-0022803,E.Manning,2010100312,10/3/2010 0:00,195,0,0,226,12,30,3,-2,0,0,0,0,289.6666667,1.833333333,1.5,323.8333333,11,22.33333333,34.83333333,2,4.666666667,0,0.166666667,0.166666667,0.166666667,10.6
00-0022803,E.Manning,2010101008,10/10/2010 0:00,297,3,2,401,13,42,6,9,0,0,0,0,282,1.5,1.333333333,317,10.83333333,23.5,35.66666667,2.166666667,4.666666667,0,0.166666667,0.166666667,0.166666667,25.78
00-0022803,E.Manning,2010101705,10/17/2010 0:00,177,2,0,210,9,29,1,-1,0,0,0,0,266.3333333,1.5,1.666666667,336.3333333,11.16666667,23.5,36.33333333,2.833333333,3.166666667,0,0.166666667,0.166666667,0.166666667,17.98
00-0022803,E.Manning,2010102500,10/25/2010 0:00,306,4,3,343,7,35,1,-1,0,0,0,0,246.5,1.666666667,1.333333333,318.1666667,10.83333333,22,34.16666667,2.666666667,2,0,0.166666667,0,0,28.14
00-0022803,E.Manning,2010110708,11/7/2010 0:00,290,3,0,321,11,32,1,-1,0,0,1,1,253.6666667,1.833333333,1.333333333,321.6666667,10.66666667,22.83333333,34.83333333,2.166666667,2.166666667,0,0.166666667,0,0,25.5
00-0022803,E.Manning,2010111408,11/14/2010 0:00,373,2,2,379,13,48,3,17,0,0,0,0,275.1666667,2,1.166666667,320.3333333,10.66666667,24.16666667,36,2.166666667,1,0,0.166666667,0.166666667,0.166666667,25.62
00-0022803,E.Manning,2010112113,11/21/2010 0:00,147,2,3,263,10,33,2,22,0,0,1,2,273,2.333333333,1.166666667,313.3333333,10.83333333,24,36,2.5,3.5,0,0,0.166666667,0.166666667,14.08
00-0022803,E.Manning,2010112800,11/28/2010 0:00,226,2,0,259,10,24,3,-1,0,0,0,0,265,2.666666667,1.666666667,319.5,10.5,24.33333333,36.5,2.333333333,7.5,0,0,0.333333333,0.5,19.94
00-0022803,E.Manning,2010120504,12/5/2010 0:00,161,0,1,175,9,25,1,-1,0,0,0,0,253.1666667,2.5,1.333333333,295.8333333,10,22.16666667,33.5,1.833333333,5.833333333,0,0,0.333333333,0.5,8.34
00-0022803,E.Manning,2010122611,12/26/2010 0:00,301,2,4,363,12,33,1,12,0,0,0,0,250.5,2.166666667,1.5,290,10,21.33333333,32.83333333,1.833333333,5.833333333,0,0,0.333333333,0.5,20.24
00-0022803,E.Manning,2011010208,1/2/2011 0:00,243,1,1,275,11,29,4,11,0,0,0,0,249.6666667,1.833333333,1.666666667,293.3333333,10.83333333,20,32.5,1.833333333,8,0,0,0.333333333,0.5,16.82
00-0022803,E.Manning,2011091108,9/11/2011 0:00,268,0,1,325,13,32,1,2,1,0,0,0,241.8333333,1.5,1.833333333,285.6666667,10.83333333,19.33333333,32,2.333333333,10,0,0,0.166666667,0.333333333,18.92
00-0022803,E.Manning,2011091900,9/19/2011 0:00,200,2,1,265,10,29,4,-12,0,0,0,0,224.3333333,1.166666667,1.666666667,276.6666667,10.83333333,16.83333333,29.33333333,2,7.5,0.166666667,0,0.166666667,0.333333333,16.8
00-0022803,E.Manning,2011092505,9/25/2011 0:00,254,4,0,230,7,23,3,-3,0,0,0,0,233.1666667,1.166666667,1.333333333,277,10.83333333,16.5,28.66666667,2.333333333,1.833333333,0.166666667,0,0,0,28.86
00-0022803,E.Manning,2011100209,10/2/2011 0:00,321,2,0,375,13,40,3,-3,0,0,1,1,237.8333333,1.5,1.333333333,272.1666667,10.33333333,16.83333333,28.5,2.333333333,1.5,0.166666667,0,0,0,22.54
00-0022803,E.Manning,2011100904,10/9/2011 0:00,420,3,3,425,12,39,3,5,0,0,1,1,264.5,1.833333333,1.166666667,305.5,11,18.83333333,31,2.666666667,1.166666667,0.166666667,0,0.166666667,0.166666667,28.3
00-0022803,E.Manning,2011101600,10/16/2011 0:00,292,0,0,341,11,32,2,-1,0,0,0,0,284.3333333,2,1,315.8333333,11,20,32,3,0,0.166666667,0,0.333333333,0.333333333,14.58
00-0022803,E.Manning,2011103000,10/30/2011 0:00,349,2,0,400,14,45,4,-3,0,0,0,0,292.5,1.833333333,0.833333333,326.8333333,11,20.66666667,32.5,2.666666667,-2,0.166666667,0,0.333333333,0.333333333,24.66
00-0022803,E.Manning,2011110609,11/6/2011 0:00,250,2,1,390,18,39,3,11,0,0,0,0,306,2.166666667,0.666666667,339.3333333,11.16666667,22.83333333,34.66666667,3.166666667,-2.833333333,0,0,0.333333333,0.333333333,21.1
00-0022803,E.Manning,2011111312,11/13/2011 0:00,304,2,2,417,12,39,2,4,0,0,0,0,314.3333333,2.166666667,0.666666667,360.1666667,12.5,23.16666667,36.33333333,3,1,0,0,0.333333333,0.333333333,21.56
00-0022803,E.Manning,2011112800,11/28/2011 0:00,406,2,1,343,13,47,1,4,0,0,0,0,322.6666667,1.833333333,1,391.3333333,13.33333333,24.66666667,39,2.833333333,2.166666667,0,0,0.333333333,0.333333333,26.64
00-0022803,E.Manning,2011121113,12/11/2011 0:00,400,2,1,495,19,47,2,-2,0,0,0,0,336.8333333,1.833333333,1.166666667,386,13.33333333,25.66666667,40.16666667,2.5,3.333333333,0,0,0.166666667,0.166666667,25.8
00-0022803,E.Manning,2011122405,12/24/2011 0:00,225,1,1,285,17,27,1,-1,0,0,0,0,333.5,1.666666667,0.833333333,397.6666667,14.5,26.16666667,41.5,2.333333333,2.166666667,0,0,0,0,14.9
00-0022803,E.Manning,2012010106,1/1/2012 0:00,346,3,0,230,9,33,6,14,0,0,0,0,322.3333333,1.833333333,1,388.3333333,15.5,24.16666667,40.66666667,2.166666667,2.166666667,0,0,0,0,30.24
00-0022803,E.Manning,2012091600,9/16/2012 0:00,510,3,3,524,17,51,3,-2,0,0,0,0,321.8333333,2,1,360,14.66666667,23,38.66666667,2.5,5,0,0,0,0,32.2
00-0022803,E.Manning,2012092000,9/20/2012 0:00,288,1,0,241,7,34,2,5,0,0,0,0,365.1666667,2.166666667,1.333333333,382.3333333,14.5,24.83333333,40.66666667,2.5,2.833333333,0,0,0,0,19.02
00-0022803,E.Manning,2012100703,10/7/2012 0:00,259,3,1,313,11,37,2,-1,0,0,0,0,362.5,2,1,353,13.66666667,25.16666667,39.83333333,2.5,3,0,0,0,0,24.26
00-0022803,E.Manning,2012101409,10/14/2012 0:00,193,1,0,288,13,28,3,-2,0,0,0,0,338,2.166666667,1,348,13.33333333,23.83333333,38.16666667,2.666666667,2.166666667,0,0,0,0,14.52
00-0022803,E.Manning,2012102100,10/21/2012 0:00,337,1,2,327,12,40,2,4,0,0,0,0,303.5,2,0.833333333,313.5,12.33333333,21.83333333,35,2.833333333,2.166666667,0,0,0,0,18.88
00-0022803,E.Manning,2012102810,10/28/2012 0:00,192,0,1,274,13,29,1,3,0,0,0,0,322.1666667,2,1,320.5,11.5,24.66666667,37.16666667,3,3,0,0,0,0,9.98
00-0022803,E.Manning,2012111105,11/11/2012 0:00,215,0,2,322,15,46,1,1,0,0,0,0,296.5,1.5,1.166666667,327.8333333,12.16666667,23.16666667,36.5,2.166666667,1.166666667,0,0,0,0,9.7
00-0022803,E.Manning,2012112511,11/25/2012 0:00,249,3,0,261,14,30,2,12,0,0,0,0,247.3333333,1,1,294.1666667,11.83333333,22.83333333,35.66666667,1.833333333,1.666666667,0,0,0,0,26.16
00-0022803,E.Manning,2012120300,12/3/2012 0:00,280,1,0,405,13,33,1,5,0,0,0,0,240.8333333,1.333333333,1,297.5,13,21,35,1.833333333,2.833333333,0,0,0,0,18.7
00-0022803,E.Manning,2012120911,12/9/2012 0:00,259,4,2,328,11,35,2,-3,0,0,0,0,244.3333333,1,0.833333333,312.8333333,13.33333333,20.16666667,34.33333333,1.666666667,3.833333333,0,0,0,0,27.06
00-0022803,E.Manning,2012122309,12/23/2012 0:00,150,1,0,299,14,28,1,8,0,0,0,0,255.3333333,1.5,1.166666667,319.5,13,21.33333333,35.5,1.5,3.666666667,0,0,0,0,13.8
00-0022803,E.Manning,2013090812,9/8/2013 0:00,450,4,3,337,12,42,2,8,0,0,0,0,224.1666667,1.5,0.833333333,314.8333333,13.33333333,19.33333333,33.5,1.333333333,4.333333333,0,0,0,0,34.8
00-0022803,E.Manning,2013092210,9/22/2013 0:00,119,0,1,235,10,23,1,14,0,0,1,1,267.1666667,2.166666667,1.166666667,325.3333333,13.16666667,21.33333333,35.66666667,1.5,5.166666667,0,0,0,0,7.16
00-0022803,E.Manning,2013092905,9/29/2013 0:00,217,1,1,407,18,37,2,12,0,0,0,0,251.1666667,2.166666667,1,310.8333333,12.33333333,18.5,31.83333333,1.5,7.333333333,0,0,0.166666667,0.166666667,15.88
00-0022803,E.Manning,2013102100,10/21/2013 0:00,200,1,0,253,16,39,3,5,0,0,0,0,245.8333333,1.833333333,1.166666667,335.1666667,13,18.83333333,33,1.5,7.333333333,0,0,0.166666667,0.166666667,15.5
00-0022803,E.Manning,2013102705,10/27/2013 0:00,246,0,0,304,14,39,1,-1,0,0,0,0,232.5,1.833333333,1.166666667,309.8333333,13.5,19.33333333,34,1.833333333,7.333333333,0,0,0.166666667,0.166666667,12.74
00-0022803,E.Manning,2013111005,11/10/2013 0:00,140,1,1,157,9,22,3,-3,0,0,1,1,230.3333333,1.166666667,0.833333333,305.8333333,14,19.83333333,34.66666667,1.666666667,7.666666667,0,0,0.166666667,0.166666667,10.3
00-0022803,E.Manning,2013111712,11/17/2013 0:00,279,1,1,265,9,35,1,3,0,0,0,0,228.6666667,1.166666667,1,282.1666667,13.16666667,19.5,33.66666667,2,5.833333333,0,0,0.333333333,0.333333333,17.46
00-0022803,E.Manning,2013120111,12/1/2013 0:00,235,1,1,240,5,28,3,0,0,0,0,1,200.1666667,0.666666667,0.666666667,270.1666667,12.66666667,19.16666667,32.5,1.833333333,5,0,0,0.333333333,0.333333333,14.4
00-0022803,E.Manning,2013122210,12/22/2013 0:00,256,1,1,451,18,42,2,-2,0,0,0,0,219.5,0.833333333,0.666666667,271,11.83333333,20.83333333,33.33333333,2.166666667,2.666666667,0,0,0.166666667,0.333333333,16.04
00-0022803,E.Manning,2014091405,9/14/2014 0:00,277,2,2,345,11,39,1,5,0,0,1,1,226,0.833333333,0.666666667,278.3333333,11.83333333,21.66666667,34.16666667,2.166666667,0.333333333,0,0,0.166666667,0.333333333,19.58
00-0022803,E.Manning,2014092107,9/21/2014 0:00,234,2,0,195,7,28,1,-1,0,0,1,1,238.8333333,1,1,293.6666667,11,22.16666667,34.16666667,1.833333333,0.333333333,0,0,0.333333333,0.5,19.26
00-0022803,E.Manning,2014092500,9/25/2014 0:00,300,4,1,304,10,39,1,1,1,0,0,0,236.8333333,1.333333333,1,275.5,9.833333333,21.5,32.33333333,1.833333333,0.333333333,0,0,0.5,0.666666667,36.1
00-0022803,E.Manning,2014100506,10/5/2014 0:00,200,2,0,250,11,30,2,-3,0,0,0,0,263.5,1.833333333,1,300,10,24.16666667,35.16666667,1.5,1,0.166666667,0,0.333333333,0.5,18.7
00-0022803,E.Manning,2014101212,10/12/2014 0:00,151,0,0,182,10,23,2,3,0,0,1,1,250.3333333,2,0.833333333,297.5,10.33333333,23.16666667,34.33333333,1.666666667,0,0.166666667,0,0.333333333,0.5,8.34
00-0022803,E.Manning,2014101910,10/19/2014 0:00,248,3,0,233,12,33,1,11,0,0,2,2,236.3333333,1.833333333,0.666666667,287.8333333,11.16666667,21.66666667,33.5,1.5,0.5,0.166666667,0,0.5,0.5,24.02
00-0022803,E.Manning,2014110300,11/3/2014 0:00,359,2,0,537,25,52,1,18,0,0,0,0,235,2.166666667,0.5,251.5,10.16666667,21.33333333,32,1.333333333,2.666666667,0.166666667,0,0.833333333,0.833333333,27.16
00-0022803,E.Manning,2014122108,12/21/2014 0:00,391,3,0,310,7,32,3,-3,0,0,0,0,248.6666667,2.166666667,0.166666667,283.5,12.5,21.5,34.16666667,1.333333333,4.833333333,0.166666667,0,0.666666667,0.666666667,30.34
00-0022803,E.Manning,2015091312,9/13/2015 0:00,193,0,0,186,16,36,1,8,0,0,0,0,274.8333333,2.333333333,0.166666667,302.6666667,12.5,22.16666667,34.83333333,1.666666667,4.5,0.166666667,0,0.5,0.5,11.52
00-0022803,E.Manning,2015092004,9/20/2015 0:00,292,2,0,269,13,40,2,23,0,0,0,0,257,1.666666667,0,283,13.5,20.83333333,34.33333333,1.666666667,5.666666667,0,0,0.5,0.5,24.98
00-0022803,E.Manning,2015100407,10/4/2015 0:00,212,3,1,251,14,35,3,-2,0,0,0,0,272.3333333,1.666666667,0,286.1666667,13.83333333,22.16666667,36,1.666666667,10,0,0,0.5,0.5,22.28
00-0022803,E.Manning,2015101111,10/11/2015 0:00,441,3,1,338,12,54,1,11,0,0,0,0,282.5,2.166666667,0.166666667,297.6666667,14.5,23.33333333,38,1.833333333,9.166666667,0,0,0.333333333,0.333333333,32.74
00-0022803,E.Manning,2015101900,10/19/2015 0:00,189,1,2,224,12,38,1,12,0,0,1,1,314.6666667,2.166666667,0.333333333,315.1666667,14.5,26.66666667,41.5,1.833333333,9.166666667,0,0,0,0,12.76
00-0022803,E.Manning,2015102510,10/25/2015 0:00,170,0,0,176,11,24,4,-4,0,0,0,0,286.3333333,2,0.666666667,263,12.33333333,26.16666667,39.16666667,1.833333333,8.166666667,0,0,0.166666667,0.166666667,9.4
00-0022803,E.Manning,2015110807,11/8/2015 0:00,213,2,2,308,12,40,1,-1,0,0,0,1,249.5,1.5,0.666666667,240.6666667,13,24.16666667,37.83333333,2,8,0,0,0.166666667,0.166666667,16.42
00-0022803,E.Manning,2015111509,11/15/2015 0:00,361,2,0,460,20,44,1,10,0,0,0,0,252.8333333,1.833333333,1,261,12.33333333,25.16666667,38.5,2,6.5,0,0,0.166666667,0.333333333,26.44
00-0022803,E.Manning,2015120600,12/6/2015 0:00,297,1,1,283,15,34,1,2,0,0,0,0,264.3333333,1.833333333,1,292.8333333,13.5,24.66666667,39.16666667,1.833333333,4.333333333,0,0,0.166666667,0.333333333,18.08
00-0022803,E.Manning,2015121400,12/14/2015 0:00,332,4,0,230,4,30,3,-2,0,0,0,0,278.5,1.5,1,298.1666667,13.66666667,24.33333333,39,1.5,5,0,0,0.166666667,0.333333333,32.08
00-0022803,E.Manning,2015122000,12/20/2015 0:00,245,4,1,276,16,46,1,4,0,0,0,1,260.3333333,1.666666667,0.833333333,280.1666667,12.33333333,21.83333333,35,1.833333333,2.833333333,0,0,0.166666667,0.333333333,27.2
00-0022803,E.Manning,2015122706,12/27/2015 0:00,234,1,3,185,11,29,1,0,0,0,0,0,269.6666667,2.166666667,0.666666667,288.8333333,13,22.66666667,36.33333333,1.833333333,1.5,0,0,0,0.333333333,13.36
00-0022803,E.Manning,2016091805,9/18/2016 0:00,368,0,0,325,9,41,4,-4,0,0,1,1,280.3333333,2.333333333,1.166666667,290.3333333,13,23,37.16666667,1.333333333,2.166666667,0,0,0,0.333333333,16.32
00-0022803,E.Manning,2016100911,10/9/2016 0:00,199,1,0,256,17,35,1,1,0,0,0,0,306.1666667,2,0.833333333,293.1666667,12.5,24,37.33333333,1.833333333,1.666666667,0,0,0.166666667,0.333333333,15.06
00-0022803,E.Manning,2016102300,10/23/2016 0:00,196,0,0,219,13,37,2,-2,0,0,1,1,279.1666667,1.833333333,0.833333333,259.1666667,12,23,35.83333333,1.833333333,0.166666667,0,0,0.166666667,0.333333333,9.64
00-0022803,E.Manning,2016110606,11/6/2016 0:00,257,4,2,317,12,36,2,-4,0,0,0,0,262.3333333,1.666666667,0.666666667,248.5,11.66666667,24,36.33333333,2,-0.5,0,0,0.333333333,0.5,26.88
00-0022803,E.Manning,2016111400,11/14/2016 0:00,240,3,2,300,14,44,3,4,0,0,0,1,249.8333333,1.666666667,1,263,13,23.33333333,37.33333333,1.833333333,-0.833333333,0,0,0.333333333,0.5,22
00-0022803,E.Manning,2016112007,11/20/2016 0:00,227,2,0,314,15,36,4,1,0,0,0,1,249,1.5,1.166666667,267,12.66666667,23.16666667,37,2.166666667,-0.833333333,0,0,0.333333333,0.5,19.18
00-0022803,E.Manning,2016112704,11/27/2016 0:00,194,3,0,369,11,26,2,-2,0,0,0,0,247.8333333,1.666666667,0.666666667,288.5,13.33333333,24.16666667,38.16666667,2.666666667,-0.666666667,0,0,0.333333333,0.666666667,22.56
00-0022803,E.Manning,2016120410,12/4/2016 0:00,195,2,2,278,13,39,1,-1,0,0,0,0,218.8333333,2.166666667,0.666666667,295.8333333,13.66666667,21.33333333,35.66666667,2.333333333,-0.333333333,0,0,0.166666667,0.5,16.7
00-0022803,E.Manning,2016121113,12/11/2016 0:00,193,1,1,203,10,28,2,-2,0,0,0,0,218.1666667,2.333333333,1,299.5,13,22.33333333,36.33333333,2.333333333,-0.666666667,0,0,0.166666667,0.5,13.52
00-0022803,E.Manning,2017091012,9/10/2017 0:00,220,0,1,199,8,38,1,-1,0,0,0,1,217.6666667,2.5,1.166666667,296.8333333,12.5,21.16666667,34.83333333,2.333333333,-0.666666667,0,0,0,0.333333333,9.7
00-0022803,E.Manning,2017100111,10/1/2017 0:00,288,2,0,436,19,49,3,22,1,0,0,0,211.5,1.833333333,1,277.1666667,11.83333333,22.33333333,35.16666667,2.166666667,-0.166666667,0,0,0,0.5,30.72
00-0022803,E.Manning,2017101511,10/15/2017 0:00,128,1,0,68,8,19,1,0,0,0,0,0,219.5,1.666666667,0.666666667,299.8333333,12.66666667,22.66666667,36,2.166666667,2.833333333,0.166666667,0,0,0.333333333,12.12
00-0022803,E.Manning,2017111906,11/19/2017 0:00,205,0,0,238,16,35,2,5,0,0,0,0,203,1.5,0.666666667,258.8333333,11.5,21,33.16666667,1.666666667,2.666666667,0.166666667,0,0,0.166666667,11.7
00-0022803,E.Manning,2017112302,11/23/2017 0:00,113,0,1,191,12,26,1,-1,0,0,0,0,204.8333333,1,0.666666667,237,12.33333333,21.66666667,34.66666667,1.666666667,3.833333333,0.166666667,0,0,0.166666667,6.42
00-0022803,E.Manning,2017122410,12/24/2017 0:00,263,0,2,364,16,45,1,5,0,0,0,0,191.1666667,0.666666667,0.5,222.5,12.16666667,19.83333333,32.5,1.666666667,3.833333333,0.166666667,0,0,0.166666667,12.02
00-0022803,E.Manning,2017123107,12/31/2017 0:00,132,1,1,165,17,28,3,-4,0,0,0,0,202.8333333,0.5,0.666666667,249.3333333,13.16666667,21.5,35.33333333,1.5,5,0.166666667,0,0,0.166666667,10.88
00-0022803,E.Manning,2018090907,9/9/2018 0:00,224,0,1,249,13,37,1,2,0,0,0,0,188.1666667,0.666666667,0.666666667,243.6666667,14.66666667,18.33333333,33.66666667,1.833333333,4.5,0.166666667,0,0,0,11.16
00-0022803,E.Manning,2018091613,9/16/2018 0:00,279,1,0,287,11,44,3,4,0,0,0,0,177.5,0.333333333,0.833333333,212.5,13.66666667,17.16666667,31.66666667,1.5,1.166666667,0,0,0,0,18.56
00-0022803,E.Manning,2018092303,9/23/2018 0:00,297,2,0,181,4,29,1,-1,0,0,0,0,202.6666667,0.333333333,0.833333333,249,14.16666667,20.83333333,35.83333333,1.833333333,1.833333333,0,0,0,0,22.78
00-0022803,E.Manning,2018093011,9/30/2018 0:00,255,1,0,250,10,41,2,5,0,0,1,1,218,0.666666667,0.833333333,239.5,12.16666667,21.83333333,34.83333333,1.666666667,0.833333333,0,0,0,0,16.7
00-0022803,E.Manning,2018100701,10/7/2018 0:00,326,2,2,376,12,36,1,2,0,0,0,0,241.6666667,0.833333333,0.666666667,249.3333333,11.83333333,24.83333333,37.33333333,1.833333333,1.833333333,0,0,0.166666667,0.166666667,22.24
00-0022803,E.Manning,2018102200,10/22/2018 0:00,399,1,0,277,11,38,3,7,0,0,0,0,252.1666667,1.166666667,0.666666667,251.3333333,11.16666667,24,35.83333333,1.833333333,1.333333333,0,0,0.166666667,0.166666667,23.66
00-0022803,E.Manning,2018111805,11/18/2018 0:00,231,2,0,138,1,18,1,-1,0,0,0,1,296.6666667,1.166666667,0.5,270,10.16666667,26.83333333,37.5,1.833333333,3.166666667,0,0,0.166666667,0.166666667,19.14
00-0022803,E.Manning,2018122300,12/23/2018 0:00,309,1,1,224,7,33,2,0,1,0,0,0,297.8333333,1.5,0.333333333,251.5,8.166666667,25.83333333,34.33333333,1.833333333,2.666666667,0,0,0.166666667,0.333333333,24.36
00-0022803,E.Manning,2018123008,12/30/2018 0:00,301,2,1,336,16,41,1,2,0,0,0,0,302.8333333,1.5,0.5,241,7.5,24.5,32.5,1.666666667,2,0.166666667,0,0.166666667,0.333333333,22.24
00-0022803,E.Manning,2019090810,9/8/2019 0:00,306,1,0,285,14,44,1,6,0,0,0,1,303.5,1.5,0.666666667,266.8333333,9.5,24.33333333,34.5,1.666666667,2.5,0.166666667,0,0.166666667,0.333333333,18.84
00-0022803,E.Manning,2019091506,9/15/2019 0:00,250,1,2,359,17,45,1,2,0,0,0,0,312,1.5,0.666666667,272.6666667,10.16666667,24.16666667,35,1.5,2.666666667,0.166666667,0,0,0.333333333,15.2
00-0022803,E.Manning,2019120900,12/9/2019 0:00,203,2,0,264,15,30,2,-1,0,0,0,1,299.3333333,1.333333333,0.666666667,269.8333333,11,24.83333333,36.5,1.5,2.666666667,0.166666667,0,0,0.333333333,18.02
,,,,,,,,,,,,,,,,266.6666667,1.5,0.666666667,267.6666667,11.66666667,22.83333333,35.16666667,1.333333333,1.333333333,0.166666667,0,0,0.5,0
00-0022864,L.McCown,2011091103,9/11/2011 0:00,175,0,0,113,7,24,5,10,0,0,0,0,120,0,0,188,8,11,19,1,4,0,0,0,0,11
,,,,,,,,,,,,,,,,147.5,0,0,150.5,7.5,14,21.5,3,7,0,0,0,0,0
00-0022924,B.Roethlisberger,2009092011,9/20/2009 0:00,221,1,1,326,11,35,3,6,1,0,0,0,363,1,2,402,8,33,43,1,3,0,0,1,1,21.44
00-0022924,B.Roethlisberger,2009092701,9/27/2009 0:00,276,1,1,322,8,31,2,3,1,0,0,0,292,1,1.5,364,9.5,28,39,2,4.5,0.5,0,0.5,0.5,23.34
00-0022924,B.Roethlisberger,2009100412,10/4/2009 0:00,333,2,0,273,7,33,4,3,0,0,0,1,286.6666667,1,1.333333333,350,9,26,36.33333333,2,4,0.666666667,0,0.333333333,0.333333333,23.62
00-0022924,B.Roethlisberger,2009101103,10/11/2009 0:00,277,3,1,225,6,30,4,-3,0,0,0,0,298.25,1.25,1,330.75,8.5,26,35.5,2.5,3.75,0.5,0,0.25,0.5,24.78
00-0022924,B.Roethlisberger,2009101805,10/18/2009 0:00,417,2,1,350,11,35,6,11,0,0,0,0,294,1.6,1,309.6,8,25.4,34.4,2.8,2.4,0.4,0,0.2,0.4,27.78
00-0022924,B.Roethlisberger,2009102504,10/25/2009 0:00,175,1,0,184,11,25,2,1,0,0,0,0,314.5,1.666666667,1,316.3333333,8.5,25,34.5,3.333333333,3.833333333,0.333333333,0,0.166666667,0.333333333,14.1
00-0022924,B.Roethlisberger,2009110900,11/9/2009 0:00,233,3,1,289,7,29,2,-3,0,0,0,0,283.1666667,1.666666667,0.666666667,280,9,21.83333333,31.5,3.5,3.5,0.333333333,0,0,0.166666667,23.02
00-0022924,B.Roethlisberger,2009111504,11/15/2009 0:00,174,0,1,348,19,40,2,16,0,0,0,1,285.1666667,2,0.666666667,273.8333333,8.333333333,21.5,30.5,3.333333333,2,0.166666667,0,0,0.166666667,9.56
00-0022924,B.Roethlisberger,2009112205,11/22/2009 0:00,398,3,2,372,8,42,1,4,0,0,1,2,268.1666667,1.833333333,0.666666667,278.1666667,10.16666667,21.16666667,32,3.333333333,4.166666667,0,0,0,0.333333333,27.32
00-0022924,B.Roethlisberger,2009120607,12/6/2009 0:00,278,2,1,202,5,24,3,7,0,0,0,0,279,2,1,294.6666667,10.33333333,22.16666667,33.5,2.833333333,4.333333333,0,0,0.166666667,0.5,21.82
00-0022924,B.Roethlisberger,2009121000,12/10/2009 0:00,201,0,0,245,14,32,3,10,0,0,0,0,279.1666667,1.833333333,1,290.8333333,10.16666667,21.33333333,32.5,2.666666667,6,0,0,0.166666667,0.5,12.04
00-0022924,B.Roethlisberger,2009122006,12/20/2009 0:00,503,3,0,540,17,46,1,7,0,0,0,0,243.1666667,1.5,0.833333333,273.3333333,10.66666667,20.5,32,2.166666667,5.833333333,0,0,0.166666667,0.5,35.82
00-0022924,B.Roethlisberger,2009122709,12/27/2009 0:00,259,1,1,316,15,33,3,-3,0,0,0,0,297.8333333,1.833333333,0.833333333,332.6666667,11.66666667,23,35.5,2,6.833333333,0,0,0.166666667,0.5,16.06
00-0022924,B.Roethlisberger,2010010306,1/3/2010 0:00,220,3,0,154,9,27,4,17,0,0,0,1,302.1666667,1.5,0.833333333,337.1666667,13,22.33333333,36.16666667,2.166666667,6.833333333,0,0,0.166666667,0.5,24.5
00-0022924,B.Roethlisberger,2010101703,10/17/2010 0:00,257,3,1,339,10,27,1,5,0,0,0,0,309.8333333,2,0.666666667,304.8333333,11.33333333,22,34,2.5,7,0,0,0.166666667,0.5,24.78
00-0022924,B.Roethlisberger,2010102401,10/24/2010 0:00,302,2,0,400,8,27,5,1,0,0,0,0,286.3333333,2,0.5,299.3333333,11.66666667,19.33333333,31.5,2.5,7.166666667,0,0,0,0.166666667,23.18
00-0022924,B.Roethlisberger,2010103111,10/31/2010 0:00,190,0,1,201,10,27,1,-1,0,0,1,1,290.3333333,2,0.333333333,332.3333333,12.16666667,19.5,32,2.833333333,6.166666667,0,0,0,0.166666667,8.5
00-0022924,B.Roethlisberger,2010110800,11/8/2010 0:00,163,1,1,261,8,26,5,13,0,0,1,2,288.5,2,0.5,325,11.5,19.16666667,31.16666667,2.5,4.333333333,0,0,0.166666667,0.333333333,11.82
00-0022924,B.Roethlisberger,2010111411,11/14/2010 0:00,387,3,1,485,17,48,1,12,0,0,0,0,231.8333333,1.666666667,0.666666667,278.5,10,17.16666667,27.83333333,3.166666667,5.333333333,0,0,0.333333333,0.666666667,30.68
00-0022924,B.Roethlisberger,2010112103,11/21/2010 0:00,275,3,0,274,11,29,3,55,1,0,0,0,253.1666667,2,0.666666667,306.6666667,10.33333333,19.33333333,30.33333333,2.833333333,7.833333333,0,0,0.333333333,0.666666667,37.5
00-0022924,B.Roethlisberger,2010112801,11/28/2010 0:00,246,0,0,310,12,32,1,18,0,0,0,0,262.3333333,2,0.666666667,326.6666667,10.66666667,19.33333333,30.66666667,2.666666667,14.16666667,0.166666667,0,0.333333333,0.5,14.64
00-0022924,B.Roethlisberger,2010120513,12/5/2010 0:00,253,1,1,338,15,38,1,-1,0,0,0,0,260.5,1.5,0.5,321.8333333,11,20,31.5,2.666666667,16.33333333,0.166666667,0,0.333333333,0.5,16.02
00-0022924,B.Roethlisberger,2010121202,12/12/2010 0:00,258,0,0,253,11,32,3,23,0,0,0,0,252.3333333,1.333333333,0.666666667,311.5,12.16666667,20.5,33.33333333,2,16,0.166666667,0,0.333333333,0.5,15.62
00-0022924,B.Roethlisberger,2010121911,12/19/2010 0:00,264,1,0,457,18,41,2,25,0,0,0,0,263.6666667,1.333333333,0.5,320.1666667,12.33333333,21.33333333,34.16666667,2.333333333,20,0.166666667,0,0.166666667,0.333333333,20.06
00-0022924,B.Roethlisberger,2010122300,12/23/2010 0:00,320,1,0,287,9,31,6,2,1,0,0,0,280.5,1.333333333,0.333333333,352.8333333,14,22.33333333,36.66666667,1.833333333,22,0.166666667,0,0,0,26
00-0022924,B.Roethlisberger,2011010203,1/2/2011 0:00,280,2,0,155,7,22,4,24,0,0,0,0,269.3333333,1,0.166666667,319.8333333,12.66666667,21,33.83333333,2.666666667,20.33333333,0.333333333,0,0,0,24.6
00-0022924,B.Roethlisberger,2011091100,9/11/2011 0:00,280,1,3,424,16,41,1,9,0,0,1,1,270.1666667,0.833333333,0.166666667,300,12,20.5,32.66666667,2.833333333,15.16666667,0.166666667,0,0,0,15.1
00-0022924,B.Roethlisberger,2011091809,9/18/2011 0:00,298,1,0,293,8,30,5,8,0,0,0,0,275.8333333,1,0.666666667,319,12.66666667,20.83333333,34.16666667,2.833333333,13.66666667,0.166666667,0,0.166666667,0.166666667,19.72
00-0022924,B.Roethlisberger,2011092514,9/25/2011 0:00,364,1,1,320,11,37,5,15,0,0,0,0,283.3333333,1,0.5,311.5,11.5,20.83333333,32.83333333,3.5,15.16666667,0.166666667,0,0.166666667,0.166666667,22.06
00-0022924,B.Roethlisberger,2011100202,10/2/2011 0:00,206,0,1,281,12,29,2,11,0,0,0,0,301,1.166666667,0.666666667,322.6666667,11.5,21.5,33.66666667,3.833333333,13.83333333,0.166666667,0,0.166666667,0.166666667,11.34
00-0022924,B.Roethlisberger,2011101602,10/16/2011 0:00,200,1,0,401,11,23,3,9,0,0,0,0,291.3333333,1,0.833333333,293.3333333,10.5,20.33333333,31.66666667,3.833333333,11.5,0.166666667,0,0.166666667,0.166666667,15.9
00-0022924,B.Roethlisberger,2011102307,10/23/2011 0:00,361,3,0,329,12,38,2,-2,0,0,0,0,271.3333333,1,0.833333333,312.3333333,10.83333333,18.66666667,30.33333333,3.333333333,12.66666667,0,0,0.166666667,0.166666667,29.24
00-0022924,B.Roethlisberger,2011103008,10/30/2011 0:00,365,2,1,335,13,50,2,1,0,0,0,0,284.8333333,1.166666667,0.833333333,341.3333333,11.66666667,20.5,33,3,8.333333333,0,0,0.166666667,0.166666667,24.7
00-0022924,B.Roethlisberger,2011110612,11/6/2011 0:00,330,1,1,371,16,37,3,13,0,0,1,1,299,1.333333333,0.5,326.5,11.16666667,22.83333333,34.5,3.166666667,7,0,0,0,0,19.5
00-0022924,B.Roethlisberger,2011111303,11/13/2011 0:00,245,1,1,324,11,33,3,-2,0,0,0,0,304.3333333,1.333333333,0.666666667,339.5,12.5,22.5,35.66666667,2.833333333,7.833333333,0,0,0.166666667,0.166666667,15.6
00-0022924,B.Roethlisberger,2011112711,11/27/2011 0:00,193,1,1,291,9,31,4,8,0,0,0,0,284.5,1.333333333,0.666666667,340.1666667,12.5,21.83333333,35,2.5,5,0,0,0.166666667,0.166666667,14.52
00-0022924,B.Roethlisberger,2011121900,12/19/2011 0:00,330,0,3,441,16,44,1,0,0,0,0,0,282.3333333,1.5,0.666666667,341.8333333,12,22.66666667,35.33333333,2.833333333,4.5,0,0,0.166666667,0.166666667,13.2
00-0022924,B.Roethlisberger,2012090912,9/9/2012 0:00,245,2,0,359,16,38,2,4,0,0,0,1,304,1.333333333,1.166666667,348.5,12.83333333,24.83333333,38.83333333,2.5,3,0,0,0.166666667,0.166666667,20.2
00-0022924,B.Roethlisberger,2012092312,9/23/2012 0:00,384,4,0,374,11,47,1,8,0,0,1,3,284.6666667,1.166666667,1.166666667,353.5,13.5,24.16666667,38.83333333,2.5,4,0,0,0.166666667,0.333333333,32.16
00-0022924,B.Roethlisberger,2012100701,10/7/2012 0:00,207,0,0,276,15,36,3,14,0,0,0,1,287.8333333,1.5,1,360,13.16666667,24.16666667,38.33333333,2.333333333,5.166666667,0,0,0.333333333,0.833333333,11.68
00-0022924,B.Roethlisberger,2012101100,10/11/2012 0:00,363,1,1,313,15,40,1,14,0,0,0,0,267.3333333,1.333333333,0.833333333,344.1666667,13,24.33333333,38.16666667,2.333333333,5.333333333,0,0,0.166666667,0.833333333,21.92
00-0022924,B.Roethlisberger,2012102110,10/21/2012 0:00,278,1,1,281,9,37,1,-1,0,0,0,0,287,1.333333333,0.833333333,342.3333333,13.66666667,24.83333333,39.33333333,2,8,0,0,0.166666667,0.833333333,17.02
00-0022924,B.Roethlisberger,2012102808,10/28/2012 0:00,222,3,0,159,9,33,2,6,0,0,0,0,301.1666667,1.333333333,0.833333333,340.6666667,13.66666667,25.83333333,40.33333333,1.5,6.5,0,0,0.166666667,0.833333333,24.48
00-0022924,B.Roethlisberger,2012110410,11/4/2012 0:00,216,2,1,175,7,29,4,-1,0,0,0,1,283.1666667,1.833333333,0.333333333,293.6666667,12.5,25.66666667,38.5,1.666666667,7.5,0,0,0.166666667,0.833333333,17.54
00-0022924,B.Roethlisberger,2012120902,12/9/2012 0:00,285,3,1,508,18,41,5,31,0,0,0,1,278.3333333,1.833333333,0.5,263,11,25.5,37,2,6.666666667,0,0,0.166666667,0.833333333,27.5
00-0022924,B.Roethlisberger,2012121611,12/16/2012 0:00,339,2,1,361,15,40,2,2,0,0,0,0,261.8333333,1.666666667,0.666666667,285.3333333,12.16666667,23.16666667,36,2.666666667,10.5,0,0,0,0.5,23.76
00-0022924,B.Roethlisberger,2012122303,12/23/2012 0:00,220,1,2,281,12,28,2,3,0,0,1,1,283.8333333,2,0.833333333,299.5,12.16666667,23.66666667,36.66666667,2.5,8.5,0,0,0,0.333333333,13.1
00-0022924,B.Roethlisberger,2012123003,12/30/2012 0:00,134,3,0,177,8,23,2,-2,0,0,0,0,260,2,1,294.1666667,11.66666667,22,34.66666667,2.666666667,6.666666667,0,0,0.166666667,0.5,20.16
00-0022924,B.Roethlisberger,2013091600,9/16/2013 0:00,251,1,1,430,15,36,1,6,0,0,1,1,236,2.333333333,0.833333333,276.8333333,11.5,20,32.33333333,2.833333333,6.5,0,0,0.166666667,0.5,15.64
00-0022924,B.Roethlisberger,2013092213,9/22/2013 0:00,406,2,2,439,13,41,2,7,0,0,0,0,240.8333333,2,1,322,12.5,19.33333333,32.83333333,2.666666667,6.5,0,0,0.333333333,0.666666667,25.94
00-0022924,B.Roethlisberger,2013101306,10/13/2013 0:00,264,1,0,229,7,30,2,11,0,0,0,1,272.5,2,1.166666667,366,13.5,20.16666667,34.83333333,2.333333333,7.833333333,0,0,0.333333333,0.5,17.66
00-0022924,B.Roethlisberger,2013102011,10/20/2013 0:00,160,1,0,187,6,23,3,25,0,0,1,1,269,1.666666667,1,319.5,11.66666667,20.33333333,33,1.833333333,4.5,0,0,0.333333333,0.5,14.9
00-0022924,B.Roethlisberger,2013102706,10/27/2013 0:00,275,1,2,344,13,44,1,1,0,0,0,0,239.1666667,1.5,0.833333333,290.5,10.16666667,19.16666667,30.16666667,2,8.333333333,0,0,0.5,0.666666667,16.1
00-0022924,B.Roethlisberger,2013110309,11/3/2013 0:00,400,4,2,498,18,48,2,-1,0,0,0,0,248.3333333,1.5,0.833333333,301,10.33333333,21.66666667,32.83333333,1.833333333,8,0,0,0.333333333,0.5,32.9
00-0022924,B.Roethlisberger,2013111707,11/17/2013 0:00,367,4,0,286,16,45,6,12,0,0,0,0,292.6666667,1.666666667,1.166666667,354.5,12,23.83333333,37,1.833333333,8.166666667,0,0,0.333333333,0.5,34.88
00-0022924,B.Roethlisberger,2013112802,11/28/2013 0:00,257,2,0,307,16,44,1,11,0,0,0,0,312,2.166666667,1,330.5,12.16666667,25.33333333,38.5,2.666666667,9.166666667,0,0,0.166666667,0.333333333,22.38
00-0022924,B.Roethlisberger,2013122212,12/22/2013 0:00,156,1,1,247,11,27,1,13,1,0,0,0,287.1666667,2.166666667,0.666666667,308.5,12.66666667,25.66666667,39,2.5,9.833333333,0,0,0.166666667,0.333333333,19.54
00-0022924,B.Roethlisberger,2013122910,12/29/2013 0:00,179,1,2,349,10,31,4,9,0,0,0,0,269.1666667,2.166666667,0.833333333,311.5,13.33333333,24.33333333,38.5,2.333333333,10.16666667,0.166666667,0,0.166666667,0.166666667,13.06
00-0022924,B.Roethlisberger,2014090708,9/7/2014 0:00,365,1,1,325,7,31,2,8,0,0,0,0,272.3333333,2.166666667,1.166666667,338.5,14,24.66666667,39.83333333,2.5,7.5,0.166666667,0,0,0,21.4
00-0022924,B.Roethlisberger,2014092113,9/21/2014 0:00,196,2,0,114,7,29,1,1,0,0,0,0,287.3333333,2.166666667,1,335.3333333,13,23.66666667,37.66666667,2.666666667,8.666666667,0.166666667,0,0,0,18.94
00-0022924,B.Roethlisberger,2014092807,9/28/2014 0:00,314,3,0,420,10,39,2,4,0,0,0,1,253.3333333,1.833333333,0.666666667,271.3333333,11.16666667,22.66666667,34.5,2.5,9,0.166666667,0,0,0,26.96
00-0022924,B.Roethlisberger,2014100504,10/5/2014 0:00,273,1,0,208,10,36,3,-2,0,0,0,0,244.5,1.666666667,0.666666667,293.6666667,10.16666667,22.66666667,33.5,1.833333333,7.666666667,0.166666667,0,0,0.166666667,17.72
00-0022924,B.Roethlisberger,2014101203,10/12/2014 0:00,228,1,1,431,20,42,1,7,0,0,0,0,247.1666667,1.5,0.666666667,277.1666667,9.166666667,22.33333333,32.16666667,2.166666667,5.5,0.166666667,0,0,0.166666667,15.82
00-0022924,B.Roethlisberger,2014102000,10/20/2014 0:00,265,2,0,346,10,33,4,3,0,0,0,0,259.1666667,1.5,0.666666667,307.8333333,10.66666667,23.33333333,34.66666667,2.166666667,4.5,0,0,0,0.166666667,21.9
00-0022924,B.Roethlisberger,2014102611,10/26/2014 0:00,522,6,0,418,9,49,1,-1,0,0,1,1,273.5,1.666666667,0.333333333,307.3333333,10.66666667,24,35,2.166666667,3.5,0,0,0,0.166666667,46.78
00-0022924,B.Roethlisberger,2014110210,11/2/2014 0:00,340,6,0,328,12,37,2,1,0,0,0,0,299.6666667,2.5,0.166666667,322.8333333,11,26.83333333,38,2,2,0,0,0.166666667,0.333333333,40.7
00-0022924,B.Roethlisberger,2014110905,11/9/2014 0:00,343,1,2,419,9,41,1,0,0,0,1,1,323.6666667,3.166666667,0.166666667,358.5,11.83333333,27.33333333,39.33333333,2.166666667,2,0,0,0.166666667,0.333333333,17.72
00-0022924,B.Roethlisberger,2014111700,11/17/2014 0:00,207,1,1,349,10,32,3,2,0,0,0,0,328.5,2.833333333,0.5,358.3333333,11.66666667,27.5,39.66666667,2,1.333333333,0,0,0.333333333,0.333333333,14.48
00-0022924,B.Roethlisberger,2014113006,11/30/2014 0:00,435,2,2,523,23,57,1,8,0,0,0,0,317.5,2.833333333,0.666666667,381.8333333,11.66666667,26.66666667,39,2,2,0,0,0.333333333,0.333333333,27.2
00-0022924,B.Roethlisberger,2014120700,12/7/2014 0:00,350,3,0,284,14,39,1,-1,0,0,0,0,352,3,0.833333333,397.1666667,12.16666667,28.5,41.5,2,2.166666667,0,0,0.333333333,0.333333333,28.9
00-0022924,B.Roethlisberger,2014121400,12/14/2014 0:00,360,0,0,295,7,34,2,-2,0,0,0,0,366.1666667,3.166666667,0.833333333,386.8333333,12.83333333,28.83333333,42.5,1.5,1.5,0,0,0.333333333,0.333333333,17.2
00-0022924,B.Roethlisberger,2014122106,12/21/2014 0:00,220,1,0,189,7,25,4,-4,0,0,0,0,339.1666667,2.166666667,0.833333333,366.3333333,12.5,26.66666667,40,1.666666667,1.333333333,0,0,0.166666667,0.166666667,15.4
00-0022924,B.Roethlisberger,2014122809,12/28/2014 0:00,317,2,1,324,13,38,4,3,0,0,0,0,319.1666667,1.333333333,0.833333333,343.1666667,11.66666667,25.5,38,2,0.5,0,0,0.166666667,0.166666667,22.98
00-0022924,B.Roethlisberger,2015092009,9/20/2015 0:00,369,3,0,349,6,27,1,-1,0,0,0,0,314.8333333,1.5,0.666666667,327.3333333,12.33333333,24.5,37.5,2.5,1,0,0,0,0,29.66
00-0022924,B.Roethlisberger,2015111507,11/15/2015 0:00,379,3,1,344,10,33,2,-2,0,0,1,1,341.8333333,1.833333333,0.5,327.3333333,11.66666667,24.5,36.66666667,2.166666667,0.5,0,0,0,0,27.96
00-0022924,B.Roethlisberger,2015112910,11/29/2015 0:00,456,1,2,618,17,55,5,18,0,0,0,0,332.5,2,0.333333333,297.5,9.5,22.83333333,32.66666667,2.333333333,-1.166666667,0,0,0.166666667,0.166666667,25.04
00-0022924,B.Roethlisberger,2015120613,12/6/2015 0:00,364,4,0,503,15,39,1,13,0,0,0,0,350.1666667,1.666666667,0.666666667,353.1666667,10,24.66666667,35.33333333,3,2,0,0,0.166666667,0.166666667,34.86
00-0022924,B.Roethlisberger,2015121302,12/13/2015 0:00,282,0,1,286,8,39,1,6,0,0,0,0,350.8333333,2.333333333,0.666666667,387.8333333,11.33333333,24.16666667,36.16666667,2.833333333,4.5,0,0,0.166666667,0.166666667,13.88
00-0022924,B.Roethlisberger,2015122010,12/20/2015 0:00,380,3,2,418,12,54,3,-3,0,0,0,0,361.1666667,2.166666667,0.833333333,404,11.5,26.16666667,38.5,2.333333333,6.166666667,0,0,0.166666667,0.166666667,27.9
00-0022924,B.Roethlisberger,2016010303,1/3/2016 0:00,349,3,2,438,10,36,2,-2,0,0,1,1,371.6666667,2.333333333,1,419.6666667,11.33333333,28.83333333,41.16666667,2.166666667,5.166666667,0,0,0.166666667,0.166666667,25.76
00-0022924,B.Roethlisberger,2016091200,9/12/2016 0:00,300,3,1,243,9,37,1,-2,0,0,0,1,368.3333333,2.333333333,1.333333333,434.5,12,29.33333333,42.66666667,2.333333333,5,0,0,0.333333333,0.333333333,24.8
00-0022924,B.Roethlisberger,2016091806,9/18/2016 0:00,259,3,2,442,16,37,1,14,0,0,0,0,355.1666667,2.333333333,1.333333333,417.6666667,11.83333333,30.16666667,43.33333333,2.166666667,5,0,0,0.166666667,0.333333333,24.76
00-0022924,B.Roethlisberger,2016092510,9/25/2016 0:00,257,0,1,365,19,44,1,7,0,0,0,1,322.3333333,2.666666667,1.333333333,388.3333333,11.66666667,27.33333333,40.33333333,1.5,4.333333333,0,0,0.166666667,0.333333333,11.98
00-0022924,B.Roethlisberger,2016100212,10/2/2016 0:00,300,5,0,284,5,27,1,-1,0,0,0,0,304.5,2,1.5,365.3333333,12.33333333,27.33333333,41.16666667,1.5,3.333333333,0,0,0.166666667,0.5,34.9
00-0022924,B.Roethlisberger,2016110601,11/6/2016 0:00,264,1,0,532,21,44,3,3,1,0,0,1,307.5,2.833333333,1.333333333,365,11.83333333,26,39.16666667,1.5,2.166666667,0,0,0.166666667,0.5,22.86
00-0022924,B.Roethlisberger,2016111311,11/13/2016 0:00,408,3,0,325,9,46,1,1,0,0,0,0,288.1666667,2.5,1,384,13.33333333,23.16666667,37.5,1.5,3.166666667,0.166666667,0,0.166666667,0.666666667,31.42
00-0022924,B.Roethlisberger,2016121100,12/11/2016 0:00,220,0,3,259,11,31,3,-2,0,0,0,0,298,2.5,0.666666667,365.1666667,13.16666667,25.33333333,39.16666667,1.333333333,3.666666667,0.166666667,0,0,0.5,8.6
00-0022924,B.Roethlisberger,2016121812,12/18/2016 0:00,286,1,0,378,14,35,4,-5,0,0,0,0,284.6666667,2,1,367.8333333,13.5,23.66666667,38.16666667,1.666666667,3.666666667,0.166666667,0,0,0.333333333,17.94
00-0022924,B.Roethlisberger,2016122500,12/25/2016 0:00,279,3,2,233,5,31,1,-1,0,0,0,0,289.1666667,1.666666667,0.666666667,357.1666667,13.16666667,24,37.83333333,2.166666667,0.5,0.166666667,0,0,0.333333333,24.06
00-0022924,B.Roethlisberger,2017091003,9/10/2017 0:00,263,2,1,228,11,36,3,-8,0,0,0,1,292.8333333,2.166666667,0.833333333,335.1666667,10.83333333,24,35.66666667,2.166666667,-0.833333333,0.166666667,0,0,0.166666667,18.72
00-0022924,B.Roethlisberger,2017091706,9/17/2017 0:00,243,2,0,384,12,35,2,-2,0,0,0,0,286.6666667,1.666666667,1,325.8333333,11.83333333,24.33333333,37.16666667,2.5,-2,0.166666667,0,0,0.333333333,20.52
00-0022924,B.Roethlisberger,2017092403,9/24/2017 0:00,235,1,0,480,17,39,1,6,0,0,0,0,283.1666667,1.833333333,1,301.1666667,10.33333333,24.33333333,35.66666667,2.333333333,-2.833333333,0,0,0,0.166666667,17
00-0022924,B.Roethlisberger,2017100102,10/1/2017 0:00,216,1,1,296,11,30,1,-1,0,0,0,1,254.3333333,1.5,1,327,11.66666667,21.83333333,34.5,2.333333333,-2,0,0,0,0.166666667,13.54
00-0022924,B.Roethlisberger,2017100807,10/8/2017 0:00,312,0,5,475,16,54,1,1,0,0,0,0,253.6666667,1.666666667,0.666666667,333.1666667,11.66666667,22,34.33333333,2,-1.833333333,0,0,0,0.333333333,10.58
00-0022924,B.Roethlisberger,2017101509,10/15/2017 0:00,252,1,1,232,7,25,2,-2,0,0,0,0,258,1.5,1.5,349.3333333,12,24,37.5,1.5,-0.833333333,0,0,0,0.333333333,15.88
00-0022924,B.Roethlisberger,2017102208,10/22/2017 0:00,224,2,0,311,10,24,3,-3,0,0,0,0,253.5,1.166666667,1.333333333,349.1666667,12.33333333,22.83333333,36.5,1.666666667,-1,0,0,0,0.333333333,19.66
00-0022924,B.Roethlisberger,2017102910,10/29/2017 0:00,317,1,1,384,13,31,3,-2,0,0,0,0,247,1.166666667,1.166666667,363,12.16666667,21.16666667,34.5,1.666666667,-0.166666667,0,0,0,0.166666667,18.48
00-0022924,B.Roethlisberger,2017111203,11/12/2017 0:00,236,2,1,239,11,31,2,5,0,0,0,0,259.3333333,1,1.333333333,363,12.33333333,20.16666667,33.83333333,1.833333333,-0.166666667,0,0,0,0.166666667,19.94
00-0022924,B.Roethlisberger,2017111600,11/16/2017 0:00,307,4,0,399,14,45,1,10,0,0,0,1,259.5,1.166666667,1.5,322.8333333,11.33333333,19.66666667,32.5,2,-0.333333333,0,0,0,0.166666667,31.28
00-0022924,B.Roethlisberger,2017112611,11/26/2017 0:00,351,4,2,306,10,45,3,25,0,0,0,0,274.6666667,1.666666667,1.333333333,340,11.83333333,21.83333333,35,2,1.5,0,0,0,0.166666667,33.54
00-0022924,B.Roethlisberger,2017120400,12/4/2017 0:00,290,2,1,374,15,40,1,4,0,0,0,0,281.1666667,2.333333333,0.833333333,311.8333333,10.83333333,21.83333333,33.5,2.333333333,5.5,0,0,0,0.166666667,22
00-0022924,B.Roethlisberger,2017121013,12/10/2017 0:00,506,2,0,505,20,64,1,5,0,0,0,1,287.5,2.5,0.833333333,335.5,12.16666667,23,36,2.166666667,6.5,0,0,0,0.166666667,30.74
00-0022924,B.Roethlisberger,2017121709,12/17/2017 0:00,281,2,1,249,7,30,3,10,0,0,0,0,334.5,2.5,0.833333333,367.8333333,13.83333333,28,42.66666667,1.833333333,7.833333333,0,0,0,0.333333333,22.24
00-0022924,B.Roethlisberger,2017122500,12/25/2017 0:00,226,2,0,151,9,29,1,-1,0,0,0,0,328.5,2.666666667,0.833333333,345.3333333,12.83333333,28.83333333,42.5,1.833333333,9.833333333,0,0,0,0.333333333,19.94
00-0022924,B.Roethlisberger,2018090901,9/9/2018 0:00,335,1,3,382,15,41,3,16,0,0,0,0,326.8333333,2.666666667,0.666666667,330.6666667,12.5,29,42.16666667,1.666666667,8.833333333,0,0,0,0.333333333,19
00-0022924,B.Roethlisberger,2018091605,9/16/2018 0:00,452,3,0,537,21,60,2,9,1,0,0,1,331.5,2.166666667,1.166666667,327.8333333,12.66666667,27.66666667,41.5,2,9.833333333,0,0,0,0.166666667,38.98
00-0022924,B.Roethlisberger,2018092400,9/24/2018 0:00,353,3,1,267,7,38,4,-1,0,0,0,0,348.3333333,2,0.833333333,366.3333333,14.5,28.66666667,44,1.833333333,7.166666667,0.166666667,0,0,0.333333333,28.02
00-0022924,B.Roethlisberger,2018093012,9/30/2018 0:00,274,1,1,332,19,47,1,-1,0,0,1,1,358.8333333,2.166666667,0.833333333,348.5,13.16666667,29.66666667,43.66666667,2.333333333,6.333333333,0.166666667,0,0,0.333333333,15.86
00-0022924,B.Roethlisberger,2018100707,10/7/2018 0:00,250,3,1,234,9,29,2,16,0,0,0,0,320.1666667,2,1,319.6666667,13,26.83333333,40.83333333,2.333333333,5.333333333,0.166666667,0,0.166666667,0.333333333,25.6
00-0022924,B.Roethlisberger,2018101401,10/14/2018 0:00,369,1,0,401,14,46,1,-1,0,0,0,1,315,2.166666667,1,317.1666667,13.33333333,26.33333333,40.66666667,2.166666667,6.333333333,0.166666667,0,0.166666667,0.333333333,20.66
00-0022924,B.Roethlisberger,2018102807,10/28/2018 0:00,257,2,1,291,11,36,2,6,0,0,1,2,338.8333333,2,1,358.8333333,14.16666667,28.33333333,43.5,2.166666667,6.333333333,0.166666667,0,0.166666667,0.5,18.88
00-0022924,B.Roethlisberger,2018110400,11/4/2018 0:00,270,2,0,298,19,47,2,4,1,0,0,0,325.8333333,2.166666667,0.666666667,343.6666667,13.5,28.5,42.66666667,2,4.666666667,0.166666667,0,0.333333333,0.833333333,28.2
00-0022924,B.Roethlisberger,2018110800,11/8/2018 0:00,328,5,0,129,3,25,3,27,0,0,0,1,295.5,2,0.666666667,303.8333333,13.16666667,26.66666667,40.5,2,3.833333333,0.166666667,0,0.333333333,0.666666667,37.82
00-0022924,B.Roethlisberger,2018111810,11/18/2018 0:00,314,2,3,387,15,45,2,1,1,0,0,0,291.3333333,2.333333333,0.5,280.8333333,12.5,25.33333333,38.33333333,1.833333333,8.5,0.166666667,0,0.333333333,0.833333333,26.66
00-0022924,B.Roethlisberger,2018112509,11/25/2018 0:00,462,1,2,395,13,56,2,18,0,0,2,2,298,2.5,0.833333333,290,11.83333333,25.33333333,38,2,8.833333333,0.333333333,0,0.166666667,0.666666667,23.28
00-0022924,B.Roethlisberger,2018121610,12/16/2018 0:00,235,2,2,369,10,34,2,-3,0,0,0,0,333.3333333,2.166666667,1,316.8333333,12.5,29,42.5,2,9.166666667,0.333333333,0,0.5,1,18.1
00-0022924,B.Roethlisberger,2018122313,12/23/2018 0:00,380,3,0,461,16,49,2,4,0,0,1,2,311,2.333333333,1.333333333,311.5,11.83333333,27.33333333,40.5,2.166666667,8.833333333,0.333333333,0,0.5,0.833333333,28.6
00-0022924,B.Roethlisberger,2018123009,12/30/2018 0:00,287,1,1,258,13,45,3,3,0,0,0,1,331.5,2.5,1.166666667,339.8333333,12.66666667,28.83333333,42.66666667,2.166666667,8.5,0.333333333,0,0.5,0.833333333,16.78
00-0022924,B.Roethlisberger,2019090812,9/8/2019 0:00,276,0,1,465,19,47,1,7,0,0,0,1,334.3333333,2.333333333,1.333333333,333.1666667,11.66666667,29.33333333,42.33333333,2.333333333,8.333333333,0.166666667,0,0.5,1,12.74
,,,,,,,,,,,,,,,,325.6666667,1.5,1.5,389.1666667,14.33333333,30.16666667,46,2,5,0.166666667,0,0.5,1,0
00-0022942,P.Rivers,2009092013,9/20/2009 0:00,436,2,2,522,17,44,4,10,0,0,0,1,252,1,1,247,11,24,36,1,-1,0,0,1,1,26.44
00-0022942,P.Rivers,2009092713,9/27/2009 0:00,303,0,0,313,15,33,1,5,1,0,0,0,344,1.5,1.5,384.5,14,24.5,40,2.5,4.5,0,0,0.5,1,21.62
00-0022942,P.Rivers,2009100412,10/4/2009 0:00,254,3,0,307,15,36,1,1,0,0,0,0,330.3333333,1,1,360.6666667,14.33333333,22.33333333,37.66666667,2,4.666666667,0.333333333,0,0.333333333,0.666666667,25.26
00-0022942,P.Rivers,2009101900,10/19/2009 0:00,274,1,0,278,11,31,1,1,0,0,0,1,311.25,1.5,0.75,347.25,14.5,22,37.25,1.75,3.75,0.25,0,0.25,0.5,17.06
00-0022942,P.Rivers,2009102503,10/25/2009 0:00,217,3,0,255,12,29,2,18,0,0,0,0,303.8,1.4,0.6,333.4,13.8,21.6,36,1.6,3.2,0.2,0,0.2,0.6,25.48
00-0022942,P.Rivers,2009110108,11/1/2009 0:00,249,1,1,375,8,25,4,-2,0,0,0,0,289.3333333,1.666666667,0.5,320.3333333,13.5,20.83333333,34.83333333,1.666666667,5.666666667,0.166666667,0,0.166666667,0.5,15.76
00-0022942,P.Rivers,2009110809,11/8/2009 0:00,209,3,2,357,10,36,1,15,0,0,0,0,288.8333333,1.666666667,0.5,341.6666667,13,19.5,33,2.166666667,5.5,0.166666667,0,0,0.333333333,22.86
00-0022942,P.Rivers,2009111511,11/15/2009 0:00,231,2,0,143,5,25,1,-1,0,0,0,0,251,1.833333333,0.5,314.1666667,11.83333333,19.33333333,31.66666667,1.666666667,6.333333333,0.166666667,0,0,0.166666667,20.14
00-0022942,P.Rivers,2009112909,11/29/2009 0:00,317,2,0,283,6,27,1,4,0,0,0,0,239,2.166666667,0.5,285.8333333,10.16666667,19.66666667,30.33333333,1.666666667,5.333333333,0,0,0,0.166666667,24.08
00-0022942,P.Rivers,2009120609,12/6/2009 0:00,373,2,0,326,7,25,4,0,0,0,0,0,249.5,2,0.5,281.8333333,8.666666667,19.66666667,28.83333333,1.666666667,5.833333333,0,0,0,0.166666667,25.92
00-0022942,P.Rivers,2009121312,12/13/2009 0:00,272,1,1,359,10,32,3,1,0,0,0,0,266,2.166666667,0.5,289.8333333,8,19.33333333,27.83333333,2.166666667,5.666666667,0,0,0,0,16.98
00-0022942,P.Rivers,2009122010,12/20/2009 0:00,288,3,2,417,11,36,1,0,0,0,0,0,275.1666667,1.833333333,0.666666667,307.1666667,7.666666667,20,28.33333333,2.333333333,2.833333333,0,0,0,0,24.52
00-0022942,P.Rivers,2009122500,12/25/2009 0:00,264,2,0,265,6,27,1,-1,0,0,0,0,281.6666667,2.166666667,0.833333333,314.1666667,8.166666667,21.16666667,30.16666667,1.833333333,3.166666667,0,0,0,0,21.46
00-0022942,P.Rivers,2010091301,9/13/2010 0:00,298,2,0,330,17,39,3,5,0,0,0,0,290.8333333,2,0.5,298.8333333,7.5,20.66666667,28.66666667,1.833333333,0.5,0,0,0,0,23.42
00-0022942,P.Rivers,2010092613,9/26/2010 0:00,455,2,2,605,21,52,1,2,0,0,1,1,302,2,0.5,330,9.5,21,31,2.166666667,1.5,0,0,0,0,26.4
00-0022942,P.Rivers,2010101011,10/10/2010 0:00,431,2,0,454,15,42,1,14,0,0,0,0,325,2,0.833333333,383.6666667,12,22.33333333,35.16666667,2.166666667,1.166666667,0,0,0.166666667,0.166666667,29.64
00-0022942,P.Rivers,2010102410,10/24/2010 0:00,336,1,1,286,14,49,6,9,0,0,2,2,334.6666667,2,0.833333333,405,13.33333333,23.83333333,38,1.666666667,3.5,0,0,0.166666667,0.166666667,18.34
00-0022942,P.Rivers,2010103107,10/31/2010 0:00,305,2,1,121,8,36,2,3,0,0,0,0,345.3333333,2,0.833333333,392.8333333,14,26,40.83333333,2.166666667,4.833333333,0,0,0.5,0.5,22.5
00-0022942,P.Rivers,2010110703,11/7/2010 0:00,295,4,1,243,5,23,4,-7,0,0,0,0,348.1666667,1.833333333,0.666666667,343.5,13.5,26.66666667,40.83333333,2.333333333,5.333333333,0,0,0.5,0.5,29.1
00-0022942,P.Rivers,2010112200,11/22/2010 0:00,233,4,1,158,8,24,4,6,0,0,0,0,353.3333333,2.166666667,0.833333333,339.8333333,13.33333333,26,40.16666667,2.833333333,4.333333333,0,0,0.5,0.5,27.92
00-0022942,P.Rivers,2010112811,11/28/2010 0:00,185,0,0,114,4,23,3,7,0,0,0,0,342.5,2.5,1,311.1666667,11.83333333,24.83333333,37.66666667,3,4.5,0,0,0.5,0.5,11.1
00-0022942,P.Rivers,2010120509,12/5/2010 0:00,280,1,1,435,15,39,1,5,0,0,0,0,297.5,2.166666667,0.666666667,229.3333333,9,23.16666667,32.83333333,3.333333333,5.333333333,0,0,0.333333333,0.333333333,17.7
00-0022942,P.Rivers,2010121212,12/12/2010 0:00,226,2,1,140,4,23,2,5,0,0,0,1,272.3333333,2,0.833333333,226.1666667,9,22.5,32.33333333,3.333333333,3.833333333,0,0,0.333333333,0.333333333,18.54
00-0022942,P.Rivers,2010122612,12/26/2010 0:00,256,1,1,305,12,40,1,2,0,0,0,0,254,2.166666667,0.833333333,201.8333333,7.333333333,19.83333333,28,2.666666667,3.166666667,0,0,0,0.166666667,16.44
00-0022942,P.Rivers,2011010213,1/2/2011 0:00,313,0,1,440,15,37,1,1,0,0,0,0,245.8333333,2,0.833333333,232.5,8,19.83333333,28.66666667,2.5,3,0,0,0,0.166666667,14.62
00-0022942,P.Rivers,2011091111,9/11/2011 0:00,335,2,2,315,13,48,3,-3,0,0,0,1,248.8333333,1.333333333,0.833333333,265.3333333,9.666666667,20.5,31,2,4.333333333,0,0,0,0.166666667,21.1
00-0022942,P.Rivers,2011091811,9/18/2011 0:00,378,2,2,318,9,40,2,12,0,0,0,0,265.8333333,1,1,291.5,10.5,23.5,35,1.833333333,2.833333333,0,0,0,0.333333333,25.32
00-0022942,P.Rivers,2011092509,9/25/2011 0:00,266,0,2,301,12,38,3,-2,0,0,0,1,298,1.333333333,1.333333333,325.5,11.33333333,25.16666667,37.83333333,1.666666667,3.666666667,0,0,0,0.333333333,10.44
00-0022942,P.Rivers,2011100213,10/2/2011 0:00,307,1,0,212,10,31,5,18,0,0,0,1,295.6666667,1.166666667,1.5,303.1666667,10.83333333,25.33333333,37.66666667,2,2.5,0,0,0,0.5,20.08
00-0022942,P.Rivers,2011100910,10/9/2011 0:00,250,1,1,217,9,28,3,10,1,0,0,0,309.1666667,1,1.333333333,315.1666667,11.83333333,25.83333333,39,2.5,4.666666667,0,0,0,0.5,23
00-0022942,P.Rivers,2011102301,10/23/2011 0:00,179,1,2,301,14,32,1,-1,0,0,0,0,308.1666667,1,1.333333333,300.5,11.33333333,24.33333333,37,2.833333333,6,0.166666667,0,0,0.5,12.06
00-0022942,P.Rivers,2011103100,10/31/2011 0:00,369,0,2,462,13,41,3,1,0,0,0,0,285.8333333,1.166666667,1.5,277.3333333,11.16666667,23.5,36.16666667,2.833333333,5.666666667,0.166666667,0,0,0.5,15.86
00-0022942,P.Rivers,2011110610,11/6/2011 0:00,385,4,3,406,17,46,1,-1,0,0,0,1,291.5,0.833333333,1.5,301.8333333,11.16666667,22.33333333,35,2.833333333,6.333333333,0.166666667,0,0,0.333333333,30.3
00-0022942,P.Rivers,2011111000,11/10/2011 0:00,274,2,1,456,21,45,1,4,0,0,0,0,292.6666667,1.166666667,1.666666667,316.5,12.5,21.83333333,36,2.666666667,4.166666667,0.166666667,0,0,0.5,21.36
00-0022942,P.Rivers,2011112710,11/27/2011 0:00,188,1,0,278,17,36,1,1,0,0,0,0,294,1.5,1.5,342.3333333,14,21.66666667,37.16666667,2.333333333,5.166666667,0.166666667,0,0,0.333333333,14.62
00-0022942,P.Rivers,2012010114,1/1/2012 0:00,310,3,1,287,6,26,3,-3,0,0,0,0,274.1666667,1.5,1.5,353.3333333,15.16666667,21.33333333,38,1.666666667,2.333333333,0.166666667,0,0,0.166666667,26.1
00-0022942,P.Rivers,2012091001,9/10/2012 0:00,231,1,0,242,9,33,1,-2,0,0,0,0,284.1666667,1.833333333,1.5,365,14.66666667,21.5,37.66666667,1.666666667,0.166666667,0,0,0,0.166666667,16.04
00-0022942,P.Rivers,2012091611,9/16/2012 0:00,284,3,1,262,7,32,1,9,0,0,0,0,292.8333333,1.833333333,1.166666667,355.1666667,13.83333333,22.83333333,37.83333333,1.666666667,0,0,0,0,0.166666667,26.26
00-0022942,P.Rivers,2012092310,9/23/2012 0:00,173,0,2,291,15,38,2,2,0,0,1,1,278.6666667,2.333333333,1,321.8333333,12.83333333,22.5,36.33333333,1.333333333,1.333333333,0,0,0,0.166666667,7.12
00-0022942,P.Rivers,2012093002,9/30/2012 0:00,209,2,1,165,4,23,3,0,0,0,0,0,243.3333333,1.666666667,0.833333333,302.6666667,12.5,21.66666667,35,1.5,1.833333333,0,0,0.166666667,0.166666667,18.36
00-0022942,P.Rivers,2012110100,11/1/2012 0:00,220,2,1,160,1,20,2,-2,0,0,0,0,232.5,1.666666667,0.833333333,254.1666667,9.666666667,20.83333333,31.33333333,1.833333333,1.166666667,0,0,0.166666667,0.166666667,18.6
00-0022942,P.Rivers,2012111101,11/11/2012 0:00,337,3,2,369,6,37,2,5,0,0,0,0,237.8333333,1.833333333,1,234.5,7,20.66666667,28.66666667,2,0.666666667,0,0,0.166666667,0.166666667,26.98
00-0022942,P.Rivers,2012120212,12/2/2012 0:00,280,0,1,285,20,47,2,20,0,0,0,0,242.3333333,1.833333333,1.166666667,248.1666667,7,22.33333333,30.5,1.833333333,2,0,0,0.166666667,0.166666667,15.2
00-0022942,P.Rivers,2012120902,12/9/2012 0:00,200,3,0,308,20,41,3,3,0,0,0,0,250.5,1.666666667,1.333333333,255.3333333,8.833333333,22.66666667,32.83333333,2,5.666666667,0,0,0.166666667,0.166666667,23.3
00-0022942,P.Rivers,2012121609,12/16/2012 0:00,121,1,0,110,7,23,3,4,0,0,0,0,236.5,1.666666667,1.166666667,263,11,22.16666667,34.33333333,2.333333333,4.666666667,0,0,0.166666667,0.166666667,12.24
00-0022942,P.Rivers,2012122314,12/23/2012 0:00,165,2,0,233,11,22,5,4,0,0,0,0,227.8333333,1.833333333,0.833333333,232.8333333,9.666666667,21.33333333,31.83333333,2.5,5,0,0,0,0,18
00-0022942,P.Rivers,2012123013,12/30/2012 0:00,151,2,0,131,4,17,3,-3,0,0,0,0,220.5,1.833333333,0.666666667,244.1666667,10.83333333,20.16666667,31.66666667,2.833333333,5.666666667,0,0,0,0,16.74
00-0022942,P.Rivers,2013090901,9/9/2013 0:00,195,4,1,246,12,27,1,18,0,0,0,0,209,1.833333333,0.5,239.3333333,11.33333333,19.33333333,31.16666667,3,5.5,0,0,0,0,27.6
00-0022942,P.Rivers,2013091508,9/15/2013 0:00,419,3,0,368,10,46,3,11,0,0,1,1,185.3333333,2,0.333333333,218.8333333,12.33333333,16.83333333,29.5,2.833333333,7.666666667,0,0,0,0,31.86
00-0022942,P.Rivers,2013101400,10/14/2013 0:00,237,1,0,229,11,33,1,-1,0,0,0,0,208.5,2.5,0.166666667,232.6666667,10.66666667,18.5,29.33333333,3,6.166666667,0,0,0.166666667,0.166666667,16.38
00-0022942,P.Rivers,2013102004,10/20/2013 0:00,285,1,0,155,4,26,2,4,0,0,0,0,214.6666667,2.166666667,0.166666667,219.5,9.166666667,18.66666667,28,2.666666667,5.5,0,0,0.166666667,0.166666667,18.8
00-0022942,P.Rivers,2013110305,11/3/2013 0:00,341,2,2,352,15,46,2,14,0,0,0,0,242,2.166666667,0.166666667,227,8.666666667,19.66666667,28.5,2.5,5.5,0,0,0.166666667,0.166666667,24.04
00-0022942,P.Rivers,2013111010,11/10/2013 0:00,218,1,0,244,10,29,5,7,0,0,0,0,271.3333333,2.166666667,0.5,246.8333333,9.333333333,22.66666667,32.5,2,7.166666667,0,0,0.166666667,0.166666667,16.42
00-0022942,P.Rivers,2013111705,11/17/2013 0:00,298,1,1,316,10,33,2,6,0,0,0,0,282.5,2,0.5,265.6666667,10.33333333,23.66666667,34.5,2.333333333,8.833333333,0,0,0.166666667,0.166666667,18.52
00-0022942,P.Rivers,2013112405,11/24/2013 0:00,378,3,0,297,12,38,1,1,0,0,0,0,299.6666667,1.5,0.5,277.3333333,10,25,35.5,2.5,6.833333333,0,0,0.166666667,0.166666667,30.22
00-0022942,P.Rivers,2013120110,12/1/2013 0:00,252,1,1,242,13,37,1,4,0,0,2,2,292.8333333,1.5,0.5,265.5,10.33333333,23.33333333,34.16666667,2.166666667,5.166666667,0,0,0,0,14.48
00-0022942,P.Rivers,2013121200,12/12/2013 0:00,166,2,0,204,8,20,3,9,0,0,0,0,295.3333333,1.5,0.666666667,267.6666667,10.66666667,23.5,34.83333333,2.166666667,6,0,0,0.333333333,0.333333333,18.54
00-0022942,P.Rivers,2013122213,12/22/2013 0:00,201,1,1,175,9,29,4,-3,0,0,0,0,275.5,1.666666667,0.666666667,275.8333333,11.33333333,21.83333333,33.83333333,2.333333333,6.833333333,0,0,0.333333333,0.333333333,13.74
00-0022942,P.Rivers,2013122914,12/29/2013 0:00,229,3,1,256,10,33,3,2,0,0,0,0,252.1666667,1.5,0.5,246.3333333,10.33333333,20.16666667,31,2.666666667,4,0,0,0.333333333,0.333333333,23.36
00-0022942,P.Rivers,2014090801,9/8/2014 0:00,238,1,1,340,14,36,2,10,0,0,0,0,254,1.833333333,0.666666667,248.3333333,10.33333333,20.66666667,31.66666667,2.333333333,3.166666667,0,0,0.333333333,0.333333333,16.52
00-0022942,P.Rivers,2014091408,9/14/2014 0:00,284,3,0,240,9,37,11,17,0,0,0,0,244,1.833333333,0.666666667,252.3333333,11,20.5,32.16666667,2.333333333,3.833333333,0,0,0.333333333,0.333333333,28.06
00-0022942,P.Rivers,2014092100,9/21/2014 0:00,256,2,0,207,7,25,2,11,0,0,0,0,228.3333333,1.833333333,0.666666667,242.8333333,10.5,20.83333333,32,4,6.5,0,0,0.333333333,0.333333333,22.34
00-0022942,P.Rivers,2014092808,9/28/2014 0:00,377,3,0,312,10,39,1,0,0,0,0,0,229,2,0.5,237,9.5,20,30,4.166666667,7.666666667,0,0,0,0,30.08
00-0022942,P.Rivers,2014100510,10/5/2014 0:00,288,3,1,270,7,28,2,3,0,0,0,0,264.1666667,2.166666667,0.5,255,9.833333333,22.83333333,33.16666667,3.833333333,6.166666667,0,0,0,0,25.82
00-0022942,P.Rivers,2014101209,10/12/2014 0:00,313,3,0,399,12,34,5,13,0,0,0,1,278.6666667,2.5,0.5,270.8333333,9.5,23,33,3.5,7.166666667,0,0,0,0,27.82
00-0022942,P.Rivers,2014102300,10/23/2014 0:00,252,3,2,360,9,41,1,17,0,0,0,0,292.6666667,2.5,0.333333333,294.6666667,9.833333333,23,33.16666667,3.833333333,9,0,0,0,0.166666667,24.78
00-0022942,P.Rivers,2014110205,11/2/2014 0:00,138,0,3,241,8,23,1,3,0,0,0,0,295,2.833333333,0.5,298,9,24.5,34,3.666666667,10.16666667,0,0,0,0.166666667,5.82
00-0022942,P.Rivers,2014111609,11/16/2014 0:00,193,1,0,206,12,34,1,-1,0,0,0,0,270.6666667,2.333333333,1,298.1666667,8.833333333,21.83333333,31.66666667,2,7.833333333,0,0,0,0.166666667,14.62
00-0022942,P.Rivers,2014112308,11/23/2014 0:00,291,1,1,130,3,33,3,-1,0,0,1,1,260.1666667,2.166666667,1,298,9.666666667,22.5,33.16666667,1.833333333,5.833333333,0,0,0,0.166666667,16.54
00-0022942,P.Rivers,2014113000,11/30/2014 0:00,383,3,1,308,10,45,4,19,0,0,1,1,245.8333333,1.833333333,1.166666667,267.6666667,8.5,22.5,32.16666667,2.166666667,5.666666667,0,0,0.166666667,0.333333333,30.22
00-0022942,P.Rivers,2014120713,12/7/2014 0:00,189,1,1,213,12,33,3,8,0,0,0,1,261.6666667,1.833333333,1.166666667,274,9,24.83333333,35,2.5,8.333333333,0,0,0.333333333,0.5,13.36
00-0022942,P.Rivers,2014121410,12/14/2014 0:00,232,1,2,246,15,41,1,3,0,0,0,0,241,1.5,1.333333333,243,9,24.5,34.83333333,2.166666667,7.5,0,0,0.333333333,0.5,14.58
00-0022942,P.Rivers,2014122804,12/28/2014 0:00,291,0,2,413,12,34,1,2,0,0,0,0,237.6666667,1.166666667,1.333333333,224,10,23.5,34.83333333,2.166666667,5.166666667,0,0,0.333333333,0.5,12.84
00-0022942,P.Rivers,2015091308,9/13/2015 0:00,404,2,2,157,5,42,2,-2,0,0,0,0,263.1666667,1.166666667,1.166666667,252.6666667,10.66666667,24.83333333,36.66666667,2.166666667,5,0,0,0.333333333,0.5,24.96
00-0022942,P.Rivers,2015092002,9/20/2015 0:00,241,2,1,178,4,26,1,5,0,0,0,0,298.3333333,1.333333333,1.5,244.5,9.5,27,38,2.333333333,4.833333333,0,0,0.333333333,0.5,20.14
00-0022942,P.Rivers,2015100408,10/4/2015 0:00,358,3,0,229,15,38,1,-1,0,0,0,0,290,1.5,1.5,252.5,9.666666667,25.66666667,36.83333333,2,5.833333333,0,0,0.166666667,0.333333333,29.22
00-0022942,P.Rivers,2015110101,11/1/2015 0:00,301,3,0,204,8,36,1,0,0,0,0,0,285.8333333,1.5,1.333333333,239.3333333,10.5,23.83333333,35.66666667,1.5,2.5,0,0,0,0.166666667,27.04
00-0022942,P.Rivers,2015112211,11/22/2015 0:00,178,0,1,278,10,30,4,8,0,0,0,0,304.5,1.833333333,1.166666667,237.8333333,9.833333333,25.16666667,36.16666667,1.166666667,1.166666667,0,0,0,0,9.92
00-0022942,P.Rivers,2015112906,11/29/2015 0:00,300,4,0,289,14,43,5,9,0,0,0,0,295.5,1.666666667,1,243.1666667,9,24.33333333,34.33333333,1.666666667,2,0,0,0,0,31.9
00-0022942,P.Rivers,2015121305,12/13/2015 0:00,263,0,1,394,18,43,1,4,0,0,0,0,297,2.333333333,0.666666667,222.5,9.333333333,25.83333333,35.83333333,2.333333333,3.166666667,0,0,0,0,12.92
00-0022942,P.Rivers,2016010313,1/3/2016 0:00,228,2,1,290,13,35,2,5,0,0,0,1,273.5,2,0.5,262,11.5,24,36,2.166666667,4.166666667,0,0,0,0,18.62
00-0022942,P.Rivers,2016091104,9/11/2016 0:00,243,1,0,218,11,36,2,9,0,0,0,0,271.3333333,2,0.5,280.6666667,13,24,37.5,2.333333333,4.166666667,0,0,0,0.166666667,17.62
00-0022942,P.Rivers,2016091812,9/18/2016 0:00,220,4,0,169,7,24,1,10,0,0,0,0,252.1666667,1.666666667,0.5,278.8333333,12.33333333,24.33333333,37.16666667,2.5,5.833333333,0,0,0,0.166666667,28.8
00-0022942,P.Rivers,2016092511,9/25/2016 0:00,330,0,0,258,13,39,1,2,0,0,2,2,238.6666667,1.833333333,0.5,273,12.16666667,22.5,35.16666667,2.5,7.5,0,0,0,0.166666667,14.4
00-0022942,P.Rivers,2016100210,10/2/2016 0:00,321,2,1,340,14,43,1,0,0,0,1,1,264,1.833333333,0.333333333,269.6666667,12.66666667,23.66666667,36.66666667,2,6.5,0,0,0.333333333,0.5,21.84
00-0022942,P.Rivers,2016102309,10/23/2016 0:00,371,1,1,376,16,44,1,-2,0,0,0,0,267.5,1.5,0.5,278.1666667,12.66666667,23.5,36.66666667,1.333333333,5,0,0,0.5,0.666666667,20.64
00-0022942,P.Rivers,2016110610,11/6/2016 0:00,275,2,0,186,9,33,3,-3,0,0,0,0,285.5,1.666666667,0.5,275.1666667,12.33333333,24,36.83333333,1.333333333,4,0,0,0.5,0.666666667,21.7
00-0022942,P.Rivers,2016120411,12/4/2016 0:00,225,2,2,230,8,25,3,18,0,0,0,0,293.3333333,1.666666667,0.333333333,257.8333333,11.66666667,24.5,36.5,1.5,2.666666667,0,0,0.5,0.5,19.8
00-0022942,P.Rivers,2016122403,12/24/2016 0:00,322,2,1,409,21,45,1,0,0,0,0,0,290.3333333,1.833333333,0.666666667,259.8333333,11.16666667,22.83333333,34.66666667,1.666666667,4.166666667,0,0,0.5,0.5,22.88
00-0022942,P.Rivers,2017010114,1/1/2017 0:00,269,2,2,240,14,38,1,1,0,0,0,0,307.3333333,1.5,0.833333333,299.8333333,13.5,23.83333333,38.16666667,1.666666667,2.5,0,0,0.5,0.5,19.86
00-0022942,P.Rivers,2017091708,9/17/2017 0:00,331,1,0,291,8,39,1,0,0,0,0,0,297.1666667,1.833333333,1.166666667,296.8333333,13.66666667,23.16666667,38,1.666666667,2.333333333,0,0,0.166666667,0.166666667,20.24
00-0022942,P.Rivers,2017100805,10/8/2017 0:00,258,3,1,285,22,44,4,5,0,0,0,0,298.8333333,1.666666667,1,288.6666667,12.66666667,23.66666667,37.33333333,1.666666667,2.333333333,0,0,0,0,24.82
00-0022942,P.Rivers,2017101510,10/15/2017 0:00,268,1,0,215,11,36,2,-4,0,0,1,1,280,2,1,273.5,13.66666667,22.66666667,37.33333333,2.166666667,3.5,0,0,0,0,16.32
00-0022942,P.Rivers,2017111204,11/12/2017 0:00,235,2,1,338,15,37,2,-1,0,0,0,0,278.8333333,1.833333333,1,278.3333333,14,22.83333333,37.83333333,2,3.333333333,0,0,0.166666667,0.166666667,19.3
00-0022942,P.Rivers,2017112301,11/23/2017 0:00,434,3,0,308,6,33,5,-5,0,0,0,0,280.5,1.833333333,0.833333333,296.3333333,15.16666667,23.83333333,39.83333333,1.833333333,0.166666667,0,0,0.166666667,0.166666667,31.86
00-0022942,P.Rivers,2017120310,12/3/2017 0:00,344,1,0,364,12,43,2,-2,0,0,0,1,299.1666667,2,0.666666667,279.5,12.66666667,24.5,37.83333333,2.5,-0.666666667,0,0,0.166666667,0.166666667,19.56
00-0022942,P.Rivers,2017122406,12/24/2017 0:00,290,1,0,355,18,40,1,0,0,0,0,0,311.6666667,1.833333333,0.333333333,300.1666667,12.33333333,26,38.66666667,2.666666667,-1.166666667,0,0,0.166666667,0.333333333,18.6
00-0022942,P.Rivers,2017123113,12/31/2017 0:00,387,3,0,317,9,37,1,5,0,0,0,0,304.8333333,1.833333333,0.333333333,310.8333333,14,24.5,38.83333333,2.666666667,-1.166666667,0,0,0.166666667,0.333333333,30.98
00-0022942,P.Rivers,2018091601,9/16/2018 0:00,256,3,0,101,4,27,3,5,0,0,0,1,326.3333333,1.833333333,0.166666667,316.1666667,11.83333333,25.66666667,37.66666667,2.166666667,-1.166666667,0,0,0.166666667,0.333333333,24.74
00-0022942,P.Rivers,2018093010,9/30/2018 0:00,250,3,1,261,13,39,4,-3,0,0,0,1,324.3333333,2.166666667,0.166666667,297.1666667,10.66666667,25.33333333,36.16666667,2.333333333,0.333333333,0,0,0,0.333333333,22.7
00-0022942,P.Rivers,2018100708,10/7/2018 0:00,339,2,0,185,5,27,3,-2,0,0,0,0,326.8333333,2.333333333,0.166666667,284.3333333,10.33333333,26,36.5,2.666666667,0,0,0,0,0.5,24.36
00-0022942,P.Rivers,2018102100,10/21/2018 0:00,306,2,0,219,7,26,1,-1,0,0,0,0,311,2.166666667,0.166666667,263.8333333,10.16666667,25.16666667,35.5,2.333333333,0.5,0,0,0,0.5,23.14
00-0022942,P.Rivers,2018111109,11/11/2018 0:00,223,2,1,233,7,26,1,1,0,0,0,0,304.6666667,2.333333333,0.166666667,239.6666667,9.333333333,23.16666667,32.66666667,2.166666667,0.666666667,0,0,0,0.333333333,19.02
00-0022942,P.Rivers,2018111808,11/18/2018 0:00,401,2,2,333,13,43,1,-4,0,0,0,0,293.5,2.5,0.333333333,219.3333333,7.5,22.5,30.33333333,2.166666667,0.833333333,0,0,0,0.333333333,24.64
00-0022942,P.Rivers,2018112508,11/25/2018 0:00,259,3,0,119,1,29,1,3,0,0,0,0,295.8333333,2.333333333,0.666666667,222,8.166666667,22.5,31.33333333,2.166666667,-0.666666667,0,0,0,0.333333333,25.66
00-0022942,P.Rivers,2018120909,12/9/2018 0:00,220,1,0,238,10,29,2,7,0,0,0,0,296.3333333,2.333333333,0.666666667,225,7.666666667,23.33333333,31.66666667,1.833333333,-1,0,0,0,0.166666667,16.5
00-0022942,P.Rivers,2018122201,12/22/2018 0:00,181,0,2,222,12,37,1,1,0,0,1,1,291.3333333,2,0.5,221.1666667,7.166666667,22.33333333,30,1.5,0.666666667,0,0,0,0,7.34
00-0022942,P.Rivers,2018123013,12/30/2018 0:00,176,1,2,190,8,24,1,0,0,0,0,0,265,1.666666667,0.833333333,227.3333333,8.333333333,22.5,31.66666667,1.166666667,1.166666667,0,0,0.166666667,0.166666667,12.04
00-0022942,P.Rivers,2019090807,9/8/2019 0:00,333,3,1,234,8,34,1,6,0,0,0,0,243.3333333,1.5,1.166666667,222.5,8.5,21.66666667,31.33333333,1.166666667,1.333333333,0,0,0.166666667,0.166666667,27.92
00-0022942,P.Rivers,2019091502,9/15/2019 0:00,293,0,1,378,14,36,1,12,0,0,0,0,261.6666667,1.666666667,1.166666667,222.6666667,8.666666667,22.83333333,32.66666667,1.166666667,2.166666667,0,0,0.166666667,0.166666667,14.92
00-0022942,P.Rivers,2019092210,9/22/2019 0:00,318,2,0,471,15,46,2,9,0,0,0,0,243.6666667,1.333333333,1,230.1666667,8.833333333,21.66666667,31.5,1.166666667,4.833333333,0,0,0.166666667,0.166666667,24.62
00-0022942,P.Rivers,2019092906,9/29/2019 0:00,310,2,0,225,6,30,1,0,0,0,0,0,253.5,1.166666667,1,288.8333333,11.16666667,22.16666667,34.33333333,1.333333333,5.833333333,0,0,0.166666667,0.166666667,23.4
00-0022942,P.Rivers,2019100610,10/6/2019 0:00,211,0,2,212,13,47,1,-3,0,0,1,2,268.5,1.333333333,1,286.6666667,10.5,23,34.5,1.166666667,4.666666667,0,0,0.166666667,0.166666667,7.14
00-0022942,P.Rivers,2019101311,10/13/2019 0:00,320,2,2,481,16,44,1,0,0,0,0,0,273.5,1.333333333,1,285,10.66666667,24.5,36.16666667,1.166666667,4,0,0,0.166666667,0.333333333,21.8
00-0022942,P.Rivers,2019110310,11/3/2019 0:00,294,0,0,238,7,28,3,0,0,0,0,0,297.5,1.5,1,333.5,12,26.5,39.5,1.166666667,4,0,0,0.166666667,0.333333333,14.76
00-0022942,P.Rivers,2019120809,12/8/2019 0:00,314,3,0,237,6,22,1,0,0,0,0,0,291,1,0.833333333,334.1666667,11.83333333,25.83333333,38.5,1.5,3,0,0,0.166666667,0.333333333,27.56
00-0022942,P.Rivers,2019122908,12/29/2019 0:00,281,2,2,314,13,46,1,5,0,0,0,0,294.5,1.5,0.666666667,310.6666667,10.5,25,36.16666667,1.5,1,0,0,0.166666667,0.333333333,20.74
,,,,,,,,,,,,,,,,288.3333333,1.5,1,284.5,10.16666667,25,36.16666667,1.333333333,0.333333333,0,0,0.166666667,0.333333333,0
00-0023436,A.Smith,2009110106,11/1/2009 0:00,198,1,1,226,12,32,1,10,0,0,1,1,206,3,1,207,5,15,21,2,16,0,0,0,0,13.92
00-0023436,A.Smith,2009110810,11/8/2009 0:00,286,2,3,260,13,45,2,11,0,0,0,0,202,2,1,216.5,8.5,17,26.5,1.5,13,0,0,0.5,0.5,20.54
00-0023436,A.Smith,2009111200,11/12/2009 0:00,118,0,1,125,6,23,2,2,0,0,0,0,230,2,1.666666667,231,10,21,32.66666667,1.666666667,12.33333333,0,0,0.333333333,0.333333333,6.92
00-0023436,A.Smith,2009112203,11/22/2009 0:00,227,3,1,331,16,33,1,2,0,0,0,0,202,1.5,1.5,204.5,9,19.75,30.25,1.75,9.75,0,0,0.25,0.25,23.28
00-0023436,A.Smith,2009112910,11/29/2009 0:00,232,2,0,163,14,41,3,8,0,0,0,0,207,1.8,1.4,229.8,10.4,19,30.8,1.6,8.2,0,0,0.2,0.2,21.08
00-0023436,A.Smith,2009120612,12/6/2009 0:00,310,2,0,310,18,45,1,1,0,0,0,0,211.1666667,1.833333333,1.166666667,218.6666667,11,20.33333333,32.5,1.833333333,8.166666667,0,0,0.166666667,0.166666667,23.5
00-0023436,A.Smith,2009121400,12/14/2009 0:00,144,2,2,246,14,35,4,2,0,0,0,1,228.5,1.666666667,1,235.8333333,13.16666667,22.33333333,36.5,1.666666667,5.666666667,0,0,0.166666667,0.166666667,13.96
00-0023436,A.Smith,2009122005,12/20/2009 0:00,177,1,3,256,12,35,1,1,0,0,1,1,219.5,1.833333333,1.166666667,239.1666667,13.5,22.33333333,37,2.166666667,4.333333333,0,0,0,0.166666667,10.18
00-0023436,A.Smith,2009122711,12/27/2009 0:00,230,1,0,172,11,31,3,-3,0,0,0,0,201.3333333,1.666666667,1.166666667,238.5,13.33333333,20.83333333,35.33333333,2,2.666666667,0,0,0.166666667,0.333333333,15.9
00-0023436,A.Smith,2010010309,1/3/2010 0:00,226,1,0,251,11,27,4,1,0,0,0,0,220,1.833333333,1,246.3333333,14.16666667,21.5,36.66666667,2.166666667,1.833333333,0,0,0.166666667,0.333333333,16.14
00-0023436,A.Smith,2010092000,9/20/2010 0:00,275,1,2,224,7,32,4,28,0,0,1,2,219.8333333,1.5,0.833333333,233,13.33333333,21.5,35.66666667,2.666666667,1.666666667,0,0,0.166666667,0.333333333,16.8
00-0023436,A.Smith,2010100305,10/3/2010 0:00,185,1,2,162,9,31,1,1,0,0,0,0,227,1.333333333,1.166666667,243.1666667,12.16666667,20.83333333,34.16666667,2.833333333,5,0,0,0.333333333,0.666666667,12.5
00-0023436,A.Smith,2010101012,10/10/2010 0:00,309,3,2,309,12,39,3,16,0,0,0,0,206.1666667,1.166666667,1.5,218.5,10.66666667,19.66666667,31.83333333,2.833333333,5,0,0,0.333333333,0.666666667,26.96
00-0023436,A.Smith,2010101710,10/17/2010 0:00,196,2,0,199,16,32,4,-2,0,0,0,0,233.6666667,1.333333333,1.5,229,10.33333333,20.66666667,32.5,2.666666667,7.333333333,0,0,0.333333333,0.5,18.64
00-0023436,A.Smith,2010121209,12/12/2010 0:00,255,3,0,92,10,27,4,12,0,0,0,0,236.8333333,1.5,1,219.5,11,20,32,3.166666667,6.833333333,0,0,0.166666667,0.333333333,26.4
00-0023436,A.Smith,2010121600,12/16/2010 0:00,165,0,1,206,9,29,1,6,0,0,0,0,241,1.833333333,1,206.1666667,10.83333333,19.5,31.33333333,3.333333333,9.333333333,0,0,0.166666667,0.333333333,9.2
00-0023436,A.Smith,2011010214,1/2/2011 0:00,276,2,0,323,14,29,1,-1,0,0,0,0,230.8333333,1.666666667,1.166666667,198.6666667,10.5,20,31.66666667,2.833333333,10.16666667,0,0,0.166666667,0.333333333,21.94
00-0023436,A.Smith,2011091110,9/11/2011 0:00,124,0,0,124,5,20,7,22,1,0,0,0,231,1.833333333,0.833333333,215.1666667,11.66666667,18.66666667,31.16666667,2.333333333,5.333333333,0,0,0,0,16.16
00-0023436,A.Smith,2011091810,9/18/2011 0:00,179,2,1,163,7,24,3,21,0,0,0,0,220.8333333,1.666666667,0.5,208.8333333,11,17.83333333,29.33333333,3.333333333,8.833333333,0.166666667,0,0,0,19.26
00-0023436,Alex Smith,2011100204,10/2/2011 0:00,291,2,0,257,12,33,1,-1,0,0,0,1,199.1666667,1.5,0.333333333,184.5,10.16666667,16.33333333,26.83333333,3.333333333,9.666666667,0.166666667,0,0,0,21.54
00-0023436,Alex Smith,2011101604,10/16/2011 0:00,125,1,1,224,14,32,2,5,0,0,0,0,215,1.5,0.333333333,194.1666667,9.5,17.16666667,27,2.833333333,9.833333333,0.166666667,0,0,0.166666667,11.5
00-0023436,Alex Smith,2011103009,10/30/2011 0:00,177,1,0,206,9,24,4,22,0,0,0,0,193.3333333,1.166666667,0.5,216.1666667,10.16666667,17.16666667,27.83333333,2.5,8.666666667,0.166666667,0,0,0.166666667,16.28
00-0023436,Alex Smith,2011110604,11/6/2011 0:00,200,1,0,192,7,24,4,9,0,0,1,1,195.3333333,1.333333333,0.333333333,216.1666667,10.16666667,16.5,27,3,11.33333333,0.166666667,0,0,0.166666667,14.9
00-0023436,Alex Smith,2011111312,11/13/2011 0:00,242,1,1,268,10,30,6,27,0,0,0,0,182.6666667,1.166666667,0.333333333,194.3333333,9,16.83333333,26.16666667,3.5,13,0.166666667,0,0.166666667,0.333333333,18.38
00-0023436,Alex Smith,2011112008,11/20/2011 0:00,267,2,1,283,17,38,7,17,0,0,0,0,202.3333333,1.333333333,0.5,218.3333333,9.833333333,17.5,27.83333333,3.333333333,13.83333333,0,0,0.166666667,0.333333333,22.38
00-0023436,Alex Smith,2011112402,11/24/2011 0:00,140,0,1,161,8,24,2,12,0,0,0,0,217,1.333333333,0.5,238.3333333,11.5,18.16666667,30.16666667,4,13.16666667,0,0,0.166666667,0.333333333,8.8
00-0023436,Alex Smith,2011120412,12/4/2011 0:00,274,2,0,228,6,23,2,10,0,0,0,1,191.8333333,1,0.666666667,222.3333333,10.83333333,17.16666667,28.66666667,4.166666667,15.33333333,0,0,0.166666667,0.166666667,21.96
00-0023436,Alex Smith,2011121110,12/11/2011 0:00,175,0,0,291,19,37,1,-3,0,0,0,0,216.6666667,1.166666667,0.5,223,9.5,17.16666667,27.16666667,4.166666667,16.16666667,0,0,0.166666667,0.333333333,9.7
00-0023436,Alex Smith,2011121900,12/19/2011 0:00,187,1,0,204,13,31,3,12,0,0,0,0,216.3333333,1,0.5,237.1666667,11.16666667,17.66666667,29.33333333,3.666666667,12,0,0,0.166666667,0.333333333,15.68
00-0023436,Alex Smith,2011122412,12/24/2011 0:00,179,0,0,252,12,26,5,22,0,0,0,0,214.1666667,1,0.5,239.1666667,12.16666667,17.83333333,30.5,3.5,12.5,0,0,0,0.166666667,12.36
00-0023436,Alex Smith,2012010112,1/1/2012 0:00,219,1,0,138,10,31,5,4,1,0,0,0,203.6666667,0.833333333,0.333333333,236.5,12.5,17,29.83333333,3.333333333,11.66666667,0,0,0,0.166666667,22.16
00-0023436,A.Smith,2012090909,9/9/2012 0:00,211,2,0,184,6,26,5,13,0,0,0,1,195.6666667,0.666666667,0.166666667,212.3333333,11.33333333,17.16666667,28.66666667,3,9.5,0.166666667,0,0,0.166666667,19.74
00-0023436,A.Smith,2012091613,9/16/2012 0:00,226,2,0,170,11,31,4,7,0,0,0,1,207.5,1,0,216.1666667,11,18,29,3.5,9.666666667,0.166666667,0,0,0.333333333,19.74
00-0023436,A.Smith,2012092302,9/23/2012 0:00,204,1,1,235,10,35,4,26,0,0,0,0,199.5,1,0,206.5,11.83333333,18.5,30.33333333,3.833333333,9.166666667,0.166666667,0,0,0.333333333,16.76
00-0023436,A.Smith,2012093006,9/30/2012 0:00,143,0,0,258,9,21,2,12,0,0,0,0,204.3333333,1.166666667,0.166666667,197.1666667,10.33333333,19.5,30,4.333333333,14,0.166666667,0,0,0.333333333,9.92
00-0023436,A.Smith,2012100710,10/7/2012 0:00,303,3,0,237,6,24,3,49,0,0,0,0,197,1,0.166666667,206.1666667,9.666666667,18.5,28.33333333,4.166666667,14,0.166666667,0,0,0.333333333,32.02
00-0023436,A.Smith,2012101409,10/14/2012 0:00,200,0,3,277,8,30,2,5,0,0,0,1,217.6666667,1.5,0.166666667,203.6666667,8.666666667,19.16666667,28,3.833333333,18.5,0.166666667,0,0,0.333333333,7.5
00-0023436,A.Smith,2012101800,10/18/2012 0:00,140,1,1,172,8,23,5,11,0,0,0,0,214.5,1.333333333,0.666666667,226.8333333,8.333333333,18.83333333,27.83333333,3.333333333,18.66666667,0,0,0,0.5,12.7
00-0023436,A.Smith,2012102900,10/29/2012 0:00,229,2,0,91,1,18,1,6,0,0,0,0,202.6666667,1.166666667,0.833333333,224.8333333,8.666666667,17.83333333,27.33333333,3.333333333,18.33333333,0,0,0,0.333333333,20.76
00-0023436,A.Smith,2013090806,9/8/2013 0:00,173,2,0,160,13,34,4,25,0,0,0,0,203.1666667,1.166666667,0.833333333,211.6666667,7,17.33333333,25.16666667,2.833333333,18.16666667,0,0,0,0.166666667,20.42
00-0023436,A.Smith,2013091507,9/15/2013 0:00,223,2,0,201,13,34,8,57,0,0,0,0,198,1.333333333,0.666666667,199.1666667,7.5,16.83333333,25,2.833333333,18,0,0,0,0.166666667,25.62
00-0023436,A.Smith,2013091900,9/19/2013 0:00,273,0,0,194,12,34,10,33,0,0,0,0,211.3333333,1.666666667,0.666666667,189.6666667,8.166666667,18.33333333,27.16666667,3.833333333,25.5,0,0,0,0.166666667,17.22
00-0023436,A.Smith,2013092905,9/29/2013 0:00,288,3,2,297,15,41,7,37,0,0,0,0,206.3333333,1.166666667,0.666666667,182.5,9.166666667,19,28.83333333,5,22.83333333,0,0,0,0.166666667,28.22
00-0023436,A.Smith,2013100607,10/6/2013 0:00,245,0,1,320,18,39,3,10,0,0,0,0,221,1.666666667,0.5,185.8333333,10.33333333,19.83333333,30.66666667,5.833333333,28.16666667,0,0,0,0,12.8
00-0023436,A.Smith,2013101304,10/13/2013 0:00,128,0,0,160,17,31,4,29,0,0,1,2,238.5,1.5,0.5,210.5,12,20.83333333,33.33333333,5.5,28,0,0,0,0,9.02
00-0023436,A.Smith,2013102005,10/20/2013 0:00,227,0,1,209,10,33,6,28,1,0,0,0,221.6666667,1.166666667,0.5,222,14.66666667,20.33333333,35.5,6,31.83333333,0,0,0.166666667,0.333333333,19.88
00-0023436,A.Smith,2013102702,10/27/2013 0:00,225,2,0,192,12,36,6,40,0,0,0,0,230.6666667,0.833333333,0.666666667,230.1666667,14.16666667,20.5,35.33333333,6.333333333,32.33333333,0.166666667,0,0.166666667,0.333333333,24
00-0023436,A.Smith,2013110300,11/3/2013 0:00,124,0,0,159,10,29,4,7,0,0,0,0,231,0.833333333,0.666666667,228.6666667,14,21,35.66666667,6,29.5,0.166666667,0,0.166666667,0.333333333,8.66
00-0023436,A.Smith,2013111709,11/17/2013 0:00,230,2,0,334,24,45,5,52,0,0,1,1,206.1666667,0.833333333,0.666666667,222.8333333,13.66666667,20.5,34.83333333,5,25.16666667,0.166666667,0,0.166666667,0.333333333,24.4
00-0023436,A.Smith,2013112405,11/24/2013 0:00,294,3,1,250,11,38,2,-3,0,0,1,1,196.5,0.666666667,0.333333333,229,15.16666667,20,35.5,4.666666667,27.66666667,0.166666667,0,0.333333333,0.5,24.46
00-0023436,A.Smith,2013120103,12/1/2013 0:00,293,2,1,409,15,42,4,46,0,0,0,0,204.6666667,1.166666667,0.333333333,217.3333333,14,21,35.33333333,4.5,25.5,0.166666667,0,0.5,0.666666667,26.32
00-0023436,A.Smith,2013120808,12/8/2013 0:00,137,2,0,113,6,20,2,7,0,0,0,0,232.1666667,1.5,0.5,258.8333333,13.66666667,23,37.16666667,4.5,28.33333333,0.166666667,0,0.333333333,0.333333333,17.18
00-0023436,A.Smith,2013121511,12/15/2013 0:00,287,5,0,132,3,20,4,17,0,0,0,0,217.1666667,1.833333333,0.333333333,242.8333333,13,21.66666667,35,3.833333333,24.83333333,0,0,0.333333333,0.333333333,36.18
00-0023436,A.Smith,2013122205,12/22/2013 0:00,153,0,2,238,10,28,6,47,0,0,0,0,227.5,2.333333333,0.333333333,232.8333333,11.5,20.5,32.33333333,3.5,21,0,0,0.333333333,0.333333333,11.82
00-0023436,A.Smith,2014090704,9/7/2014 0:00,202,1,3,357,13,35,6,36,0,0,0,0,232.3333333,2.333333333,0.666666667,246,11.5,20,32.16666667,3.833333333,27.66666667,0,0,0.333333333,0.333333333,15.68
00-0023436,A.Smith,2014091410,9/14/2014 0:00,255,0,0,271,13,39,5,42,0,0,0,1,227.6666667,2.166666667,1.166666667,249.8333333,9.666666667,19.66666667,30.5,4,25,0,0,0.166666667,0.166666667,16.4
00-0023436,A.Smith,2014092111,9/21/2014 0:00,186,3,0,85,6,25,2,17,0,0,0,0,221.1666667,1.666666667,1,253.3333333,10,19.66666667,30.66666667,4.5,32.5,0,0,0,0.166666667,24.14
00-0023436,A.Smith,2014092900,9/29/2014 0:00,248,3,0,113,6,26,4,8,0,0,0,0,203.3333333,1.833333333,0.833333333,199.3333333,8.5,18.5,27.83333333,4.166666667,27.66666667,0,0,0,0.166666667,25.72
00-0023436,A.Smith,2014100511,10/5/2014 0:00,175,2,1,192,13,31,1,6,0,0,0,0,221.8333333,2,0.833333333,199.3333333,8.5,19.5,28.83333333,4.5,27.83333333,0,0,0,0.166666667,17.6
00-0023436,A.Smith,2014101909,10/19/2014 0:00,221,1,0,129,9,28,6,29,0,0,0,0,203.1666667,1.5,1,209.3333333,10.16666667,19.5,30.66666667,4,26,0,0,0,0.166666667,18.74
00-0023436,A.Smith,2014102604,10/26/2014 0:00,226,0,0,56,4,28,4,24,0,0,0,0,214.5,1.666666667,0.666666667,191.1666667,10,20,30.66666667,4,23,0,0,0,0.166666667,14.44
00-0023436,A.Smith,2014110901,11/9/2014 0:00,177,0,0,227,12,29,4,25,1,0,0,1,218.5,1.5,0.166666667,141,8.5,20.83333333,29.5,3.666666667,21,0,0,0,0.166666667,17.58
00-0023436,A.Smith,2014111604,11/16/2014 0:00,108,0,0,66,5,16,2,-1,0,0,1,2,205.5,1.5,0.166666667,133.6666667,8.333333333,19.33333333,27.83333333,3.5,18.16666667,0.166666667,0,0,0.166666667,5.22
00-0023436,A.Smith,2014112000,11/20/2014 0:00,234,2,0,162,16,36,2,5,0,0,0,1,192.5,1,0.166666667,130.5,8.166666667,18,26.33333333,3.5,15.16666667,0.166666667,0,0.166666667,0.5,19.86
00-0023436,A.Smith,2014113011,11/30/2014 0:00,153,2,1,170,7,23,5,6,0,0,1,1,190.1666667,0.833333333,0.166666667,138.6666667,9.833333333,18,28,3.166666667,14.66666667,0.166666667,0,0.166666667,0.666666667,15.72
00-0023436,A.Smith,2014120709,12/7/2014 0:00,293,1,1,196,12,39,4,26,0,0,1,1,186.5,0.833333333,0.166666667,135,8.833333333,17.66666667,26.66666667,3.833333333,14.66666667,0.166666667,0,0.333333333,0.833333333,19.32
00-0023436,A.Smith,2014121407,12/14/2014 0:00,297,2,0,259,12,30,3,17,0,0,1,1,198.5,0.833333333,0.333333333,146.1666667,9.333333333,18.83333333,28.5,3.5,14.16666667,0.166666667,0,0.5,1,23.58
00-0023436,A.Smith,2014122106,12/21/2014 0:00,311,0,0,270,14,45,2,14,0,0,1,1,210.3333333,1.166666667,0.333333333,180,10.66666667,17.83333333,28.83333333,3.333333333,13,0.166666667,0,0.666666667,1.166666667,15.84
00-0023436,A.Smith,2015091306,9/13/2015 0:00,243,3,0,193,11,33,9,15,0,0,0,0,232.6666667,1.166666667,0.333333333,187.1666667,11,20.16666667,31.5,3,11.16666667,0,0,0.833333333,1.166666667,26.22
00-0023436,A.Smith,2015091700,9/17/2015 0:00,191,0,2,118,7,25,3,15,0,0,1,1,255.1666667,1.666666667,0.333333333,208.3333333,12,22,34.33333333,4.166666667,13.83333333,0,0,0.666666667,0.833333333,9.14
00-0023436,A.Smith,2015092800,9/28/2015 0:00,290,1,1,262,15,40,6,33,0,0,0,0,248,1.333333333,0.666666667,201,10.5,21.33333333,32.5,4.333333333,15.5,0,0,0.833333333,0.833333333,20.9
00-0023436,A.Smith,2015100403,10/4/2015 0:00,381,0,0,257,14,44,5,25,0,0,1,1,270.8333333,1.166666667,0.666666667,216.3333333,11.83333333,22.83333333,35.33333333,4.5,20,0,0,0.666666667,0.666666667,19.74
00-0023436,A.Smith,2015101101,10/11/2015 0:00,181,1,0,188,14,30,3,21,0,0,0,0,285.5,1,0.5,226.5,12.16666667,23.5,36.16666667,4.666666667,19.83333333,0,0,0.666666667,0.666666667,16.34
00-0023436,A.Smith,2015101803,10/18/2015 0:00,282,1,0,337,15,37,2,10,0,0,0,0,266.1666667,0.833333333,0.5,214.6666667,12.5,23.16666667,36.16666667,4.666666667,20.5,0,0,0.5,0.5,19.28
00-0023436,A.Smith,2015102504,10/25/2015 0:00,251,1,0,208,11,32,3,5,0,0,0,0,261.3333333,1,0.5,225.8333333,12.66666667,21.66666667,34.83333333,4.666666667,19.83333333,0,0,0.333333333,0.333333333,17.54
00-0023436,A.Smith,2015110100,11/1/2015 0:00,145,2,0,70,8,26,5,78,1,0,0,0,262.6666667,0.666666667,0.5,228.3333333,12.66666667,21.5,34.66666667,3.666666667,18.16666667,0,0,0.333333333,0.333333333,30.6
00-0023436,A.Smith,2015111510,11/15/2015 0:00,204,1,0,184,14,31,6,33,0,0,0,0,255,1,0.166666667,220.3333333,12.83333333,21.83333333,34.83333333,4,28.66666667,0.166666667,0,0.166666667,0.166666667,18.46
00-0023436,A.Smith,2015112211,11/22/2015 0:00,253,0,0,148,5,25,7,33,0,0,0,0,240.6666667,1,0,207.3333333,12.66666667,20.66666667,33.33333333,4,28.66666667,0.166666667,0,0.166666667,0.166666667,16.42
00-0023436,A.Smith,2015112908,11/29/2015 0:00,255,2,0,286,11,30,6,35,0,0,0,0,219.3333333,1,0,189.1666667,11.16666667,19,30.16666667,4.333333333,30,0.166666667,0,0,0,24.7
00-0023436,A.Smith,2015120610,12/6/2015 0:00,162,2,0,123,6,22,5,23,1,0,2,2,231.6666667,1.166666667,0,205.5,10.66666667,19.5,30.16666667,4.833333333,32.33333333,0.166666667,0,0,0,23.78
00-0023436,A.Smith,2015121305,12/13/2015 0:00,191,1,1,239,7,23,5,40,0,0,0,0,211.6666667,1.333333333,0,169.8333333,9.166666667,18.5,27.66666667,5.333333333,34.5,0.333333333,0,0.333333333,0.333333333,17.64
00-0023436,A.Smith,2015122006,12/20/2015 0:00,171,1,0,112,4,25,4,17,0,0,0,1,201.6666667,1.333333333,0.166666667,175,8.5,17.5,26.16666667,5.666666667,40.33333333,0.333333333,0,0.333333333,0.333333333,14.54
00-0023436,A.Smith,2015122704,12/27/2015 0:00,125,2,1,194,6,22,6,54,0,0,0,0,206,1.166666667,0.166666667,182,7.833333333,18,26,5.5,30.16666667,0.166666667,0,0.333333333,0.5,20.4
00-0023436,A.Smith,2016010306,1/3/2016 0:00,156,2,2,242,8,24,9,61,0,0,0,0,192.8333333,1.333333333,0.333333333,183.6666667,6.5,17.66666667,24.5,5.5,33.66666667,0.166666667,0,0.333333333,0.5,21.34
00-0023436,A.Smith,2016091104,9/11/2016 0:00,363,2,1,311,10,45,4,15,1,0,0,0,176.6666667,1.666666667,0.666666667,199.3333333,7,16.66666667,24.33333333,5.833333333,38.33333333,0.166666667,0,0.333333333,0.5,32.02
00-0023436,A.Smith,2016091803,9/18/2016 0:00,186,0,0,316,17,37,2,2,0,0,0,0,194.6666667,1.666666667,0.833333333,203.5,6.833333333,19.16666667,26.83333333,5.5,35,0.333333333,0,0.333333333,0.5,10.64
00-0023436,A.Smith,2016092512,9/25/2016 0:00,237,1,0,203,8,33,3,-3,0,0,0,0,198.6666667,1.333333333,0.833333333,235.6666667,8.666666667,19.83333333,29.33333333,5,31.5,0.166666667,0,0,0.166666667,16.18
00-0023436,A.Smith,2016100212,10/2/2016 0:00,287,2,1,301,19,50,1,2,0,0,0,1,206.3333333,1.333333333,0.666666667,229.6666667,8.833333333,21.5,31,4.666666667,24.33333333,0.166666667,0,0,0.166666667,20.68
00-0023436,A.Smith,2016101609,10/16/2016 0:00,224,0,0,155,3,22,3,-1,0,0,0,0,225.6666667,1.5,0.833333333,261.1666667,11.33333333,23,35.16666667,4.166666667,21.83333333,0.166666667,0,0,0.166666667,11.86
00-0023436,A.Smith,2016102304,10/23/2016 0:00,214,2,0,210,6,23,4,7,0,0,0,0,242.1666667,1.166666667,0.666666667,254.6666667,10.83333333,23.66666667,35.16666667,3.666666667,12.66666667,0.166666667,0,0,0.166666667,20.26
00-0023436,A.Smith,2016103005,10/30/2016 0:00,127,1,0,165,10,19,2,9,0,0,0,0,251.8333333,1.166666667,0.333333333,249.3333333,10.5,24.16666667,35,2.833333333,3.666666667,0.166666667,0,0,0.166666667,12.98
00-0023436,A.Smith,2016111301,11/13/2016 0:00,178,0,1,275,12,38,4,13,0,0,0,1,212.5,1,0.166666667,225,10.5,20,30.66666667,2.5,2.666666667,0,0,0,0.166666667,9.42
00-0023436,A.Smith,2016112005,11/20/2016 0:00,261,1,1,215,6,31,2,10,1,0,1,2,211.1666667,1,0.333333333,218.1666667,9.666666667,20.83333333,30.83333333,2.833333333,4.5,0,0,0,0.333333333,21.44
00-0023436,A.Smith,2016112709,11/27/2016 0:00,220,1,0,180,17,43,2,2,0,0,0,0,215.1666667,1,0.5,220.1666667,9.333333333,20.66666667,30.5,2.666666667,6.666666667,0.166666667,0,0.166666667,0.666666667,16
00-0023436,A.Smith,2016120400,12/4/2016 0:00,270,1,0,212,4,25,3,-3,0,0,0,0,204,0.833333333,0.333333333,200,9,20,29.33333333,2.833333333,6.666666667,0.166666667,0,0.166666667,0.5,17.5
00-0023436,A.Smith,2016120800,12/8/2016 0:00,264,1,1,210,8,26,4,3,0,0,0,0,211.6666667,1,0.333333333,209.5,9.166666667,20.33333333,29.83333333,2.833333333,6.333333333,0.166666667,0,0.166666667,0.5,16.86
00-0023436,A.Smith,2016121805,12/18/2016 0:00,163,0,1,213,12,28,4,11,1,0,0,0,220,0.833333333,0.5,209.5,9.5,20.33333333,30.33333333,2.833333333,5.666666667,0.166666667,0,0.166666667,0.5,15.62
00-0023436,A.Smith,2016122501,12/25/2016 0:00,244,1,1,151,10,36,4,46,1,0,0,2,226,0.666666667,0.666666667,217.5,9.833333333,21.33333333,31.83333333,3.166666667,6,0.333333333,0,0.166666667,0.5,24.36
00-0023436,A.Smith,2017010114,1/1/2017 0:00,264,2,1,161,6,28,6,21,1,0,0,0,237,0.833333333,0.666666667,196.8333333,9.5,21.33333333,31.5,3.166666667,11.5,0.5,0,0.166666667,0.666666667,28.66
00-0023436,A.Smith,2017090700,9/7/2017 0:00,368,4,0,260,7,35,5,3,0,0,0,0,237.5,1,0.666666667,187.8333333,9.5,20.83333333,31,3.833333333,13.33333333,0.5,0,0,0.333333333,34.02
00-0023436,A.Smith,2017091704,9/17/2017 0:00,251,1,0,150,7,28,4,21,0,0,0,0,262.1666667,1.5,0.666666667,201.1666667,7.833333333,21.16666667,29.66666667,4.333333333,13.5,0.5,0,0,0.333333333,19.14
00-0023436,A.Smith,2017092412,9/24/2017 0:00,155,2,0,102,5,21,2,9,0,0,0,2,259,1.5,0.666666667,190.8333333,8.333333333,21.16666667,30.16666667,4.5,17.5,0.5,0,0,0.333333333,16.1
00-0023436,A.Smith,2017100200,10/2/2017 0:00,293,1,0,290,9,36,7,24,1,0,0,0,240.8333333,1.666666667,0.5,172.8333333,7.833333333,21,29.33333333,4.166666667,18.5,0.5,0,0,0.666666667,27.12
00-0023436,A.Smith,2017100811,10/8/2017 0:00,324,3,0,336,8,37,5,19,0,0,0,1,262.5,1.833333333,0.333333333,185.6666667,7.333333333,23,30.66666667,4.666666667,20.66666667,0.5,0,0,0.666666667,28.86
00-0023436,A.Smith,2017101509,10/15/2017 0:00,246,1,0,297,15,34,5,13,0,0,0,0,275.8333333,2.166666667,0.166666667,216.5,7,23.66666667,30.83333333,4.833333333,16.16666667,0.333333333,0,0,0.5,18.14
00-0023436,A.Smith,2017101900,10/19/2017 0:00,342,3,0,292,11,36,1,0,0,0,0,0,272.8333333,2,0,239.1666667,8.5,23.33333333,31.83333333,4.666666667,14.83333333,0.166666667,0,0,0.5,28.68
00-0023436,A.Smith,2017103000,10/30/2017 0:00,202,1,0,292,17,31,4,33,0,0,0,0,268.5,1.833333333,0,244.5,9.166666667,22.83333333,32,4,14.33333333,0.166666667,0,0,0.5,18.38
00-0023436,A.Smith,2017110509,11/5/2017 0:00,263,2,1,233,8,34,5,19,0,0,0,0,260.3333333,1.833333333,0,268.1666667,10.83333333,21.66666667,32.5,4,16.33333333,0.166666667,0,0,0.5,22.42
00-0023436,A.Smith,2017111906,11/19/2017 0:00,230,0,2,278,11,40,5,27,0,0,0,0,278.3333333,1.833333333,0.166666667,290,11.33333333,23.16666667,34.66666667,4.5,18,0.166666667,0,0,0.166666667,12.9
00-0023436,A.Smith,2017112603,11/26/2017 0:00,199,1,1,172,12,36,5,35,0,0,0,0,267.8333333,1.666666667,0.5,288,11.66666667,23.16666667,35.33333333,4.166666667,18.5,0,0,0,0.166666667,17.46
00-0023436,A.Smith,2017120308,12/3/2017 0:00,366,4,0,420,14,33,1,70,0,0,0,0,247,1.333333333,0.666666667,260.6666667,12.33333333,22.16666667,35.16666667,4.166666667,21.16666667,0,0,0,0,40.64
00-0023436,A.Smith,2017121006,12/10/2017 0:00,268,0,1,312,13,34,5,24,0,0,0,0,267,1.833333333,0.666666667,281.1666667,12.16666667,22.16666667,35,3.5,30.66666667,0,0,0,0,15.12
00-0023436,A.Smith,2017121601,12/16/2017 0:00,231,2,0,103,7,30,3,13,0,0,0,0,254.6666667,1.333333333,0.833333333,284.5,12.5,21.33333333,34.66666667,4.166666667,34.66666667,0,0,0,0,21.54
00-0023436,A.Smith,2017122403,12/24/2017 0:00,304,1,0,344,14,39,4,13,0,0,0,0,259.5,1.5,0.833333333,253,10.83333333,22.83333333,34.5,4,31.33333333,0,0,0,0,20.46
00-0023436,A.Smith,2018090909,9/9/2018 0:00,255,2,0,101,9,30,8,14,0,0,1,1,266.3333333,1.333333333,0.666666667,271.5,11.83333333,22.83333333,35.33333333,3.833333333,30.33333333,0,0,0,0,21.6
00-0023436,A.Smith,2018091608,9/16/2018 0:00,292,0,0,326,11,44,4,14,0,0,1,1,270.5,1.666666667,0.333333333,242,11.5,21.83333333,33.66666667,4.333333333,28.16666667,0,0,0.166666667,0.166666667,15.08
00-0023436,A.Smith,2018092309,9/23/2018 0:00,220,2,1,202,7,20,7,20,0,0,0,0,286,1.5,0.166666667,267.6666667,11.33333333,23.5,35,4.166666667,24.66666667,0,0,0.333333333,0.333333333,20.8
00-0023436,A.Smith,2018100800,10/8/2018 0:00,275,0,1,355,15,39,2,7,1,0,0,0,261.6666667,1.166666667,0.333333333,231.3333333,10.16666667,22.33333333,32.83333333,5.166666667,16.33333333,0,0,0.333333333,0.333333333,19.7
00-0023436,A.Smith,2018101408,10/14/2018 0:00,163,2,0,260,14,35,6,13,0,0,0,0,262.8333333,1.166666667,0.333333333,238.5,10.5,22.83333333,33.66666667,4.666666667,13.5,0.166666667,0,0.333333333,0.333333333,18.82
00-0023436,A.Smith,2018102110,10/21/2018 0:00,178,1,0,280,11,25,4,16,0,0,0,0,251.5,1.166666667,0.333333333,264.6666667,11.66666667,22.5,34.5,5.166666667,13.5,0.166666667,0,0.333333333,0.333333333,15.72
00-0023436,A.Smith,2018102806,10/28/2018 0:00,178,1,0,235,12,32,3,13,0,0,0,0,230.5,1.166666667,0.333333333,254,11.16666667,20.66666667,32.16666667,5.166666667,14,0.166666667,0,0.333333333,0.333333333,15.42
00-0023436,A.Smith,2018110406,11/4/2018 0:00,306,1,1,386,15,46,1,22,0,0,0,0,217.6666667,1,0.333333333,276.3333333,11.66666667,20.5,32.5,4.333333333,13.83333333,0.166666667,0,0.166666667,0.166666667,20.44
00-0023436,A.Smith,2018111107,11/11/2018 0:00,178,1,0,226,8,27,2,16,0,0,0,0,220,1.166666667,0.5,286.3333333,12.33333333,20,32.83333333,3.833333333,15.16666667,0.166666667,0,0,0,15.72
00-0023436,A.Smith,2018111806,11/18/2018 0:00,135,0,2,279,13,27,4,33,0,0,0,0,213,1,0.333333333,290.3333333,12.5,21.16666667,34,3,14.5,0.166666667,0,0,0,9.7
,,,,,,,,,,,,,,,,189.6666667,1,0.5,277.6666667,12.16666667,19.33333333,32,3.333333333,18.83333333,0,0,0,0,0
00-0023459,A.Rodgers,2009092002,9/20/2009 0:00,261,1,0,398,17,38,4,43,0,0,1,1,184,1,0,327,11,17,28,3,7,0,0,0,0,20.74
00-0023459,A.Rodgers,2009092707,9/27/2009 0:00,269,2,0,391,10,23,8,38,1,0,0,0,222.5,1,0,362.5,14,19,33,3.5,25,0,0,0.5,0.5,31.56
00-0023459,A.Rodgers,2009100500,10/5/2009 0:00,384,2,1,264,10,37,2,16,0,0,0,0,238,1.333333333,0,372,12.66666667,17,29.66666667,5,29.33333333,0.333333333,0,0.333333333,0.333333333,26.96
00-0023459,A.Rodgers,2009101801,10/18/2009 0:00,358,2,1,290,6,36,3,9,0,0,0,1,274.5,1.5,0.25,345,12,19.25,31.5,4.25,26,0.25,0,0.25,0.25,24.22
00-0023459,A.Rodgers,2009102501,10/25/2009 0:00,246,3,0,153,5,20,4,23,0,0,0,0,291.2,1.6,0.4,334,10.8,21.2,32.4,4,22.6,0.2,0,0.2,0.4,27.14
00-0023459,A.Rodgers,2009110105,11/1/2009 0:00,287,3,0,449,15,41,5,52,0,0,0,1,283.6666667,1.833333333,0.333333333,303.8333333,9.833333333,20.16666667,30.33333333,4,22.66666667,0.166666667,0,0.166666667,0.333333333,30.68
00-0023459,A.Rodgers,2009110806,11/8/2009 0:00,266,2,3,416,15,35,3,26,1,0,0,0,300.8333333,2.166666667,0.333333333,324.1666667,10.5,21.66666667,32.5,4.333333333,30.16666667,0.166666667,0,0.166666667,0.5,27.24
00-0023459,A.Rodgers,2009111510,11/15/2009 0:00,189,1,0,174,10,35,5,15,1,0,0,1,301.6666667,2.333333333,0.833333333,327.1666667,10.16666667,21,32,4.166666667,27.33333333,0.333333333,0,0,0.333333333,21.06
00-0023459,A.Rodgers,2009112203,11/22/2009 0:00,344,2,0,294,13,45,7,13,0,0,0,0,288.3333333,2.166666667,0.833333333,291,10.16666667,23,34,3.666666667,23.5,0.333333333,0,0,0.5,26.06
00-0023459,A.Rodgers,2009112600,11/26/2009 0:00,348,3,0,289,11,39,1,5,0,0,0,0,281.6666667,2.166666667,0.666666667,296,10.66666667,24,35.33333333,4.5,23,0.333333333,0,0,0.5,29.42
00-0023459,A.Rodgers,2009120700,12/7/2009 0:00,263,3,2,344,12,40,4,30,0,0,1,1,280,2.333333333,0.5,295.8333333,11.5,23.83333333,35.83333333,4.166666667,22.33333333,0.333333333,0,0,0.333333333,25.52
00-0023459,A.Rodgers,2009121302,12/13/2009 0:00,180,0,0,172,8,24,4,-6,0,0,1,1,282.8333333,2.333333333,0.833333333,327.6666667,12.66666667,25.66666667,39.16666667,4.166666667,23.5,0.333333333,0,0.166666667,0.5,8.6
00-0023459,A.Rodgers,2009122006,12/20/2009 0:00,383,3,0,516,22,48,3,22,1,0,0,0,265,1.833333333,0.833333333,281.5,11.5,24,36.33333333,4,13.83333333,0.333333333,0,0.333333333,0.5,38.52
00-0023459,A.Rodgers,2009122703,12/27/2009 0:00,237,1,0,268,11,23,1,9,0,0,0,1,284.5,2,0.333333333,298.1666667,12.66666667,25.5,38.5,4,13.16666667,0.333333333,0,0.333333333,0.5,16.38
00-0023459,A.Rodgers,2010010311,1/3/2010 0:00,235,1,0,239,5,26,2,2,1,0,0,0,292.5,2,0.333333333,313.8333333,12.83333333,23.33333333,36.5,3.333333333,12.16666667,0.166666667,0,0.333333333,0.5,22.6
00-0023459,A.Rodgers,2010091210,9/12/2010 0:00,188,2,2,321,9,30,5,9,0,0,0,0,274.3333333,1.833333333,0.333333333,304.6666667,11.5,21.5,33.33333333,2.5,10.33333333,0.333333333,0,0.333333333,0.5,17.42
00-0023459,A.Rodgers,2010091901,9/19/2010 0:00,255,2,0,280,10,29,5,20,1,0,0,1,247.6666667,1.666666667,0.666666667,310,11.16666667,20,31.83333333,3.166666667,11,0.333333333,0,0.333333333,0.5,28.2
00-0023459,A.Rodgers,2010092700,9/27/2010 0:00,316,1,1,397,10,45,2,20,1,0,1,1,246.3333333,1.5,0.333333333,299.3333333,10.83333333,18.83333333,30,3.333333333,9.333333333,0.5,0,0.166666667,0.5,25.64
00-0023459,A.Rodgers,2010100304,10/3/2010 0:00,181,3,2,281,3,17,3,20,0,0,0,0,269,1.666666667,0.5,336.8333333,11.16666667,21.83333333,33.5,3,13.66666667,0.666666667,0,0.166666667,0.5,22.24
00-0023459,A.Rodgers,2010101003,10/10/2010 0:00,293,1,1,335,17,45,4,30,0,0,1,1,235.3333333,1.666666667,0.833333333,297.6666667,8,19.5,28.33333333,3,13.33333333,0.5,0,0.166666667,0.5,19.72
00-0023459,A.Rodgers,2010101700,10/17/2010 0:00,313,1,1,351,14,33,4,14,1,0,0,0,244.6666667,1.666666667,1,308.8333333,9,22,32,3.5,16.83333333,0.5,0,0.333333333,0.5,25.92
00-0023459,A.Rodgers,2010102412,10/24/2010 0:00,295,2,2,349,11,34,3,14,0,0,0,0,257.6666667,1.666666667,1.166666667,327.5,10.5,21.5,33.16666667,3.833333333,18.83333333,0.5,0,0.333333333,0.5,22.2
00-0023459,A.Rodgers,2010103106,10/31/2010 0:00,170,0,0,336,19,34,3,5,0,0,0,0,275.5,1.666666667,1.166666667,332.1666667,10.83333333,21.83333333,33.83333333,3.5,19.66666667,0.5,0,0.333333333,0.5,10.3
00-0023459,A.Rodgers,2010110711,11/7/2010 0:00,289,3,0,213,7,34,5,41,0,0,0,1,261.3333333,1.333333333,1.166666667,341.5,12.33333333,21.16666667,34.66666667,3.166666667,17.16666667,0.333333333,0,0.333333333,0.333333333,29.66
00-0023459,A.Rodgers,2010112106,11/21/2010 0:00,301,4,0,251,9,31,3,21,0,0,0,0,256.8333333,1.666666667,1,310.8333333,11.83333333,20,32.83333333,3.666666667,20.66666667,0.166666667,0,0.166666667,0.333333333,33.14
00-0023459,A.Rodgers,2010112805,11/28/2010 0:00,344,1,0,315,9,35,12,51,1,0,0,2,276.8333333,1.833333333,0.666666667,305.8333333,12.83333333,21.66666667,35.16666667,3.666666667,20.83333333,0.166666667,0,0.166666667,0.333333333,29.86
00-0023459,A.Rodgers,2010120506,12/5/2010 0:00,298,3,0,270,9,30,4,39,0,0,0,0,285.3333333,1.833333333,0.5,302.5,11.5,21.5,33.5,5,24.33333333,0.333333333,0,0,0.5,30.82
00-0023459,A.Rodgers,2010122611,12/26/2010 0:00,404,4,0,380,12,37,2,26,0,0,1,1,282.8333333,2.166666667,0.333333333,289,10.66666667,22,33,5,28.5,0.166666667,0,0,0.5,36.76
00-0023459,A.Rodgers,2011010210,1/2/2011 0:00,229,1,1,253,8,28,7,21,0,0,1,1,301,2.5,0,294.1666667,10.83333333,22.66666667,33.5,4.833333333,30.5,0.166666667,0,0.166666667,0.666666667,16.26
00-0023459,A.Rodgers,2011090800,9/8/2011 0:00,312,3,0,329,8,35,4,1,0,0,0,0,310.8333333,2.666666667,0.166666667,280.3333333,9,23.33333333,32.5,5.5,33.16666667,0.166666667,0,0.333333333,0.833333333,27.58
00-0023459,A.Rodgers,2011091807,9/18/2011 0:00,308,2,0,234,11,30,5,13,0,0,0,0,314.6666667,2.666666667,0.166666667,299.6666667,9.166666667,23.33333333,32.66666667,5.333333333,26.5,0.166666667,0,0.333333333,0.666666667,24.62
00-0023459,A.Rodgers,2011092511,9/25/2011 0:00,297,3,1,232,9,38,1,3,0,0,0,0,315.8333333,2.333333333,0.166666667,296.8333333,9.5,22.83333333,32.5,5.666666667,25.16666667,0.166666667,0,0.333333333,0.666666667,26.18
00-0023459,A.Rodgers,2011100211,10/2/2011 0:00,408,4,1,315,8,38,9,36,2,0,0,0,308,2.666666667,0.333333333,283,9.5,23.16666667,33,3.833333333,17.16666667,0,0,0.333333333,0.333333333,49.92
00-0023459,A.Rodgers,2011100911,10/9/2011 0:00,396,2,0,391,13,39,1,-1,0,0,0,0,326.3333333,2.833333333,0.5,290.5,9.333333333,24.5,34.33333333,4.666666667,16.66666667,0.333333333,0,0.333333333,0.333333333,26.74
00-0023459,A.Rodgers,2011101605,10/16/2011 0:00,310,3,1,330,10,28,7,15,0,0,0,0,325,2.5,0.5,292.3333333,9.5,24.66666667,34.66666667,4.5,12.16666667,0.333333333,0,0.166666667,0.166666667,27.9
00-0023459,A.Rodgers,2011102309,10/23/2011 0:00,335,3,0,258,5,29,2,8,0,0,0,0,338.5,2.833333333,0.5,305.1666667,9.833333333,24.33333333,34.66666667,4.5,11.16666667,0.333333333,0,0,0,29.2
00-0023459,A.Rodgers,2011110610,11/6/2011 0:00,247,4,0,248,5,26,8,52,0,0,0,0,342.3333333,2.833333333,0.5,293.3333333,9.333333333,23.83333333,33.66666667,4.166666667,12.33333333,0.333333333,0,0,0,34.08
00-0023459,A.Rodgers,2011111400,11/14/2011 0:00,250,4,0,183,7,30,6,21,0,0,0,1,332.1666667,3.166666667,0.5,295.6666667,8.333333333,24.16666667,33,4.666666667,18.83333333,0.333333333,0,0,0,30.1
00-0023459,A.Rodgers,2011112007,11/20/2011 0:00,299,3,1,322,10,34,5,28,0,0,0,0,324.3333333,3.333333333,0.333333333,287.5,8,23.33333333,31.66666667,5.5,21.83333333,0.333333333,0,0,0.166666667,28.76
00-0023459,A.Rodgers,2011112400,11/24/2011 0:00,307,2,0,245,11,33,1,-1,0,0,0,0,306.1666667,3.166666667,0.333333333,288.6666667,8.333333333,22.33333333,31,4.833333333,20.5,0,0,0,0.166666667,23.18
00-0023459,A.Rodgers,2011120410,12/4/2011 0:00,369,4,1,480,17,46,4,32,0,0,0,0,291.3333333,3.166666667,0.333333333,264.3333333,8,21.66666667,30,4.833333333,20.5,0,0,0,0.166666667,35.96
00-0023459,A.Rodgers,2011121807,12/18/2011 0:00,235,1,0,427,17,34,3,32,1,0,0,0,301.1666667,3.333333333,0.333333333,289.3333333,9.166666667,23.5,33,4.333333333,23.33333333,0,0,0,0.166666667,25.6
00-0023459,A.Rodgers,2011122500,12/25/2011 0:00,283,5,0,252,8,29,4,18,0,0,0,0,284.5,3,0.333333333,317.5,11.16666667,22.33333333,33.83333333,4.5,27.33333333,0.166666667,0,0,0.166666667,36.12
00-0023459,A.Rodgers,2012090909,9/9/2012 0:00,303,2,1,347,13,44,5,27,0,0,0,0,290.5,3.166666667,0.333333333,318.1666667,11.66666667,22.33333333,34.33333333,3.833333333,21.66666667,0.166666667,0,0,0.166666667,24.82
00-0023459,A.Rodgers,2012091300,9/13/2012 0:00,219,1,1,240,9,32,3,-6,0,0,1,1,299.3333333,2.833333333,0.5,345.5,12.66666667,23.5,36.66666667,3.666666667,22.66666667,0.166666667,0,0,0,13.16
00-0023459,A.Rodgers,2012092400,9/24/2012 0:00,223,0,0,198,13,39,2,17,0,0,0,0,286,2.5,0.5,331.8333333,12.5,23.33333333,36.33333333,3.333333333,17,0.166666667,0,0.166666667,0.166666667,13.62
00-0023459,A.Rodgers,2012093010,9/30/2012 0:00,319,4,1,323,9,41,5,13,0,0,0,0,272,2.166666667,0.5,324,12.83333333,24,37.33333333,3.5,20,0.166666667,0,0.166666667,0.166666667,32.06
00-0023459,A.Rodgers,2012100702,10/7/2012 0:00,243,3,1,248,10,32,5,57,0,0,0,0,263.6666667,2.166666667,0.5,297.8333333,11.5,24.5,36.5,3.666666667,16.83333333,0.166666667,0,0.166666667,0.166666667,29.42
00-0023459,A.Rodgers,2012101411,10/14/2012 0:00,338,6,0,408,13,37,2,17,0,0,0,0,265,2.5,0.666666667,268,10.33333333,25.16666667,36.16666667,4,21,0,0,0.166666667,0.166666667,42.22
00-0023459,A.Rodgers,2012102104,10/21/2012 0:00,342,3,0,319,6,36,2,0,0,0,0,0,274.1666667,2.666666667,0.666666667,294,11.16666667,25.66666667,37.5,3.666666667,20.83333333,0,0,0.166666667,0.166666667,28.68
00-0023459,A.Rodgers,2012102800,10/28/2012 0:00,186,2,0,221,13,35,3,4,0,0,0,0,280.6666667,2.833333333,0.5,289.3333333,10,25.66666667,36.16666667,3.166666667,16.33333333,0,0,0.166666667,0.166666667,18.84
00-0023459,A.Rodgers,2012110401,11/4/2012 0:00,218,4,1,253,15,30,8,33,0,0,0,0,275.1666667,3,0.333333333,286.1666667,10.66666667,25.66666667,36.66666667,3.166666667,18,0,0,0,0,30.02
00-0023459,A.Rodgers,2012111801,11/18/2012 0:00,236,2,1,183,7,27,1,3,0,0,0,0,274.3333333,3.666666667,0.5,295.3333333,11,23.66666667,35.16666667,4.166666667,20.66666667,0,0,0,0,19.74
00-0023459,A.Rodgers,2012112511,11/25/2012 0:00,219,1,1,162,10,25,3,22,0,0,0,0,260.5,3.333333333,0.5,272,10.66666667,21.66666667,32.83333333,3.5,19,0,0,0,0,16.96
00-0023459,A.Rodgers,2012120201,12/2/2012 0:00,286,1,1,351,7,35,4,15,0,0,0,0,256.5,3,0.5,257.6666667,10.66666667,20.5,31.66666667,3.166666667,13.16666667,0,0,0,0,18.94
00-0023459,A.Rodgers,2012120913,12/9/2012 0:00,173,0,0,226,10,24,3,32,1,0,0,1,247.8333333,2.166666667,0.666666667,248.1666667,9.666666667,21,31.33333333,3.5,12.83333333,0,0,0,0,18.12
00-0023459,A.Rodgers,2012121600,12/16/2012 0:00,291,3,0,319,13,36,4,14,0,0,0,0,219.6666667,1.666666667,0.666666667,232.6666667,10.33333333,18.33333333,29.33333333,3.666666667,18.16666667,0.166666667,0,0,0.166666667,28.04
00-0023459,A.Rodgers,2012122300,12/23/2012 0:00,342,3,0,346,11,38,4,11,1,0,0,0,237.1666667,1.833333333,0.666666667,249,10.33333333,18.5,29.5,3.833333333,19.83333333,0.166666667,0,0,0.166666667,35.78
00-0023459,A.Rodgers,2013090811,9/8/2013 0:00,333,3,1,341,14,36,2,13,0,0,0,0,257.8333333,1.666666667,0.5,264.5,9.666666667,20.66666667,30.83333333,3.166666667,16.16666667,0.333333333,0,0,0.166666667,28.62
00-0023459,A.Rodgers,2013091504,9/15/2013 0:00,480,4,0,250,8,42,3,-3,0,0,1,1,274,1.833333333,0.5,290.8333333,10.83333333,21,32.33333333,3.333333333,17.83333333,0.333333333,0,0,0.166666667,36.9
00-0023459,A.Rodgers,2013092201,9/22/2013 0:00,244,1,2,333,15,43,3,24,0,0,0,0,317.5,2.333333333,0.333333333,305.5,10.5,24.33333333,35.16666667,3.333333333,13.66666667,0.333333333,0,0.166666667,0.333333333,17.16
00-0023459,A.Rodgers,2013100602,10/6/2013 0:00,274,1,0,293,10,30,5,8,0,0,0,0,310.5,2.333333333,0.5,302.5,11.83333333,24.16666667,36.5,3.166666667,15.16666667,0.333333333,0,0.166666667,0.333333333,18.76
00-0023459,A.Rodgers,2013101300,10/13/2013 0:00,315,1,1,306,14,32,5,21,0,0,0,0,327.3333333,2.5,0.5,313.6666667,11.83333333,25.16666667,37.5,3.5,11.16666667,0.166666667,0,0.166666667,0.166666667,20.7
00-0023459,A.Rodgers,2013102003,10/20/2013 0:00,260,3,0,284,11,36,4,12,0,0,0,0,331.3333333,2.166666667,0.666666667,311.5,12,24.16666667,36.83333333,3.666666667,12.33333333,0.166666667,0,0.166666667,0.166666667,26.6
00-0023459,A.Rodgers,2013102710,10/27/2013 0:00,285,2,0,163,5,29,6,31,0,0,0,0,317.6666667,2.166666667,0.666666667,301.1666667,12,23.83333333,36.5,3.666666667,12.5,0,0,0.166666667,0.166666667,25.5
00-0023459,A.Rodgers,2013122901,12/29/2013 0:00,318,2,2,348,12,39,1,5,0,0,0,0,309.6666667,2,0.5,271.5,10.5,24.33333333,35.33333333,4.333333333,15.5,0,0,0.166666667,0.166666667,22.22
00-0023459,A.Rodgers,2014091411,9/14/2014 0:00,346,3,0,338,17,42,6,28,0,0,0,2,282.6666667,1.666666667,0.833333333,287.8333333,11.16666667,22.83333333,34.83333333,4,16.83333333,0,0,0,0,29.64
00-0023459,A.Rodgers,2014092801,9/28/2014 0:00,302,4,0,237,6,28,1,8,0,0,0,0,299.6666667,2,0.5,288.6666667,11.5,22.66666667,34.66666667,4.5,17.5,0,0,0,0.333333333,31.88
00-0023459,A.Rodgers,2014101204,10/12/2014 0:00,264,3,0,346,18,42,7,34,0,0,0,0,304.3333333,2.5,0.5,279.3333333,10.83333333,23,34.33333333,3.833333333,17.5,0,0,0,0.333333333,28.96
00-0023459,A.Rodgers,2014101904,10/19/2014 0:00,255,3,0,100,3,22,3,21,0,0,0,0,295.8333333,2.833333333,0.333333333,286,11.5,24.16666667,36,4.166666667,19.66666667,0,0,0,0.333333333,27.3
00-0023459,A.Rodgers,2014102612,10/26/2014 0:00,418,1,2,230,9,39,2,21,1,0,0,0,295,2.833333333,0.333333333,255.3333333,10.16666667,23.16666667,33.66666667,4,21.16666667,0,0,0,0.333333333,29.82
00-0023459,A.Rodgers,2014111603,11/16/2014 0:00,341,3,0,329,14,36,3,32,0,0,0,0,317.1666667,2.666666667,0.666666667,266.5,10.83333333,23.83333333,35.33333333,3.333333333,19.5,0.166666667,0,0,0.333333333,31.84
00-0023459,A.Rodgers,2014112305,11/23/2014 0:00,209,2,0,310,10,29,6,34,0,0,0,0,321,2.833333333,0.333333333,263.3333333,11.16666667,23.33333333,34.83333333,3.666666667,24,0.166666667,0,0,0.333333333,22.76
00-0023459,A.Rodgers,2014113010,11/30/2014 0:00,368,2,0,380,14,38,5,22,0,0,0,0,298.1666667,2.666666667,0.333333333,258.6666667,10,22.33333333,32.66666667,3.666666667,25,0.166666667,0,0,0,27.92
00-0023459,A.Rodgers,2014120800,12/8/2014 0:00,327,3,0,340,12,36,5,28,0,0,0,0,309.1666667,2.333333333,0.333333333,282.5,11.33333333,22.66666667,34.33333333,4.333333333,27.33333333,0.166666667,0,0,0,30.88
00-0023459,A.Rodgers,2014121402,12/14/2014 0:00,185,0,2,378,23,42,3,27,0,0,0,0,319.6666667,2.333333333,0.333333333,281.5,10.33333333,22.66666667,33.33333333,4,26.33333333,0.166666667,0,0,0,11.1
00-0023459,A.Rodgers,2014122802,12/28/2014 0:00,226,2,0,128,5,22,2,14,1,0,0,0,308,1.833333333,0.666666667,327.8333333,13.66666667,22.33333333,36.66666667,4,27.33333333,0.166666667,0,0,0,27.44
00-0023459,A.Rodgers,2015091300,9/13/2015 0:00,189,3,0,150,4,22,8,35,0,0,0,0,276,2,0.333333333,310.8333333,13,20.5,33.83333333,4,26.16666667,0.166666667,0,0,0,26.06
00-0023459,A.Rodgers,2015092013,9/20/2015 0:00,249,2,0,240,8,33,6,23,0,0,1,1,250.6666667,2,0.333333333,281,11.33333333,19.83333333,31.5,4.833333333,26.66666667,0.166666667,0,0,0,22.26
00-0023459,A.Rodgers,2015092800,9/28/2015 0:00,333,5,0,280,11,35,2,16,0,0,0,0,257.3333333,2,0.333333333,269.3333333,11,20.83333333,32.16666667,4.833333333,24.83333333,0.166666667,0,0.166666667,0.166666667,37.92
00-0023459,A.Rodgers,2015100409,10/4/2015 0:00,224,1,0,246,10,32,3,33,0,0,0,0,251.5,2.5,0.333333333,252.6666667,10.5,20.83333333,31.66666667,4.333333333,23.83333333,0.166666667,0,0.166666667,0.166666667,19.26
00-0023459,A.Rodgers,2015101107,10/11/2015 0:00,241,2,2,149,9,30,8,39,0,0,0,0,234.3333333,2.166666667,0.333333333,237,10.16666667,20.5,31,4,24.66666667,0.166666667,0,0.166666667,0.166666667,22.54
00-0023459,A.Rodgers,2015101809,10/18/2015 0:00,255,2,0,266,13,29,2,14,0,0,0,0,243.6666667,2.5,0.333333333,198.8333333,7.833333333,20.83333333,29,4.833333333,26.66666667,0.166666667,0,0.166666667,0.166666667,22.6
00-0023459,A.Rodgers,2015110801,11/8/2015 0:00,369,4,1,447,22,48,4,22,0,0,0,0,248.5,2.5,0.333333333,221.8333333,9.166666667,20.66666667,30.16666667,4.833333333,26.66666667,0,0,0.166666667,0.166666667,34.96
00-0023459,A.Rodgers,2015111501,11/15/2015 0:00,333,2,0,497,25,60,2,8,0,0,0,1,278.5,2.666666667,0.5,271.3333333,12.16666667,21.83333333,34.5,4.166666667,24.5,0,0,0.166666667,0.166666667,24.12
00-0023459,A.Rodgers,2015112205,11/22/2015 0:00,212,2,0,330,18,34,3,6,0,0,0,0,292.5,2.666666667,0.5,314.1666667,15,23.5,39,3.5,22,0,0,0,0.166666667,20.08
00-0023459,A.Rodgers,2015112602,11/26/2015 0:00,202,1,1,271,20,43,4,33,0,0,0,0,272.3333333,2.166666667,0.5,322.5,16.16666667,22.16666667,38.83333333,3.666666667,20.33333333,0,0,0,0.166666667,17.38
00-0023459,A.Rodgers,2015120300,12/3/2015 0:00,273,2,1,400,10,35,5,27,1,0,0,0,268.6666667,2.166666667,0.666666667,326.6666667,17.83333333,22.16666667,40.66666667,3.833333333,20.33333333,0,0,0,0.166666667,29.62
00-0023459,A.Rodgers,2015121312,12/13/2015 0:00,218,2,0,202,13,35,3,27,0,0,0,0,274,2.166666667,0.5,368.5,18,23,41.5,3.333333333,18.33333333,0.166666667,0,0,0.166666667,22.42
00-0023459,A.Rodgers,2015122009,12/20/2015 0:00,204,1,1,362,16,39,1,-1,0,0,0,0,267.8333333,2.166666667,0.5,357.8333333,18,24,42.5,3.5,20.5,0.166666667,0,0,0.166666667,14.06
00-0023459,A.Rodgers,2015122710,12/27/2015 0:00,151,1,1,270,12,28,3,19,0,0,0,0,240.3333333,1.666666667,0.5,343.6666667,17,23.5,41,3,16.66666667,0.166666667,0,0,0.166666667,13.94
00-0023459,A.Rodgers,2016010310,1/3/2016 0:00,291,1,1,394,15,44,3,12,0,0,0,0,210,1.5,0.666666667,305.8333333,14.83333333,20.16666667,35.66666667,3.166666667,18.5,0.166666667,0,0,0,18.84
00-0023459,A.Rodgers,2016091103,9/11/2016 0:00,199,2,0,331,13,33,4,16,1,0,0,0,223.1666667,1.333333333,0.833333333,316.5,14.33333333,22.16666667,37.33333333,3.166666667,19.5,0.166666667,0,0,0,26.56
00-0023459,A.Rodgers,2016091813,9/18/2016 0:00,213,1,1,309,15,36,3,29,1,0,1,1,222.6666667,1.5,0.666666667,326.5,13.16666667,21.83333333,35.66666667,3.166666667,16.66666667,0.333333333,0,0,0,22.42
00-0023459,A.Rodgers,2016092503,9/25/2016 0:00,205,4,0,217,9,24,5,22,0,0,0,0,212.6666667,1.333333333,0.666666667,311.3333333,14,21.16666667,35.83333333,2.833333333,17,0.333333333,0,0.166666667,0.166666667,29.4
00-0023459,A.Rodgers,2016100911,10/9/2016 0:00,259,2,2,406,20,45,5,15,0,0,0,1,210.5,1.666666667,0.666666667,313.8333333,13.33333333,20,34,3.166666667,16.16666667,0.333333333,0,0.166666667,0.166666667,19.86
00-0023459,A.Rodgers,2016101610,10/16/2016 0:00,294,1,1,290,10,42,3,7,0,0,1,2,219.6666667,1.833333333,0.833333333,321.1666667,14,20.16666667,35,3.833333333,18.83333333,0.333333333,0,0.166666667,0.333333333,16.46
00-0023459,A.Rodgers,2016102000,10/20/2016 0:00,326,3,0,311,17,56,2,7,0,0,0,0,243.5,1.833333333,0.833333333,324.5,13.66666667,22.83333333,37.33333333,3.833333333,16.83333333,0.333333333,0,0.333333333,0.666666667,28.74
00-0023459,A.Rodgers,2016103001,10/30/2016 0:00,246,4,0,274,10,38,7,62,0,0,0,1,249.3333333,2.166666667,0.666666667,310.6666667,14,24.66666667,39.33333333,3.666666667,16,0.333333333,0,0.333333333,0.666666667,34.04
00-0023459,A.Rodgers,2016110609,11/6/2016 0:00,297,3,1,496,16,43,6,43,0,0,0,0,257.1666667,2.5,0.666666667,301.1666667,13.5,26,40.16666667,4.166666667,23.66666667,0.166666667,0,0.333333333,0.833333333,30.18
00-0023459,A.Rodgers,2016111307,11/13/2016 0:00,371,2,2,523,18,51,3,27,1,0,0,0,271.1666667,2.833333333,0.666666667,332.3333333,13.66666667,27,41.33333333,4.666666667,26,0,0,0.166666667,0.666666667,32.54
00-0023459,A.Rodgers,2016112011,11/20/2016 0:00,351,3,0,230,15,41,3,33,0,0,1,1,298.8333333,2.5,1,383.3333333,15.16666667,29.66666667,45.83333333,4.333333333,26.83333333,0.166666667,0,0.166666667,0.666666667,31.34
00-0023459,A.Rodgers,2016112800,11/28/2016 0:00,313,2,0,292,9,39,6,26,0,0,0,0,314.1666667,2.666666667,0.666666667,354,14.33333333,30.16666667,45.16666667,4,29.83333333,0.166666667,0,0.333333333,0.666666667,26.12
00-0023459,A.Rodgers,2016120404,12/4/2016 0:00,209,2,0,381,10,30,3,16,0,0,0,0,317.3333333,2.833333333,0.5,354.3333333,14.16666667,30,44.66666667,4.5,33,0.166666667,0,0.166666667,0.333333333,20.96
00-0023459,A.Rodgers,2016121111,12/11/2016 0:00,246,3,0,211,5,23,3,-6,0,0,0,0,297.8333333,2.666666667,0.5,366,13,26.83333333,40.33333333,4.666666667,34.5,0.166666667,0,0.166666667,0.333333333,24.24
00-0023459,A.Rodgers,2016121802,12/18/2016 0:00,252,0,0,402,11,30,3,19,0,0,0,0,297.8333333,2.5,0.5,355.5,12.16666667,25.16666667,37.83333333,4,23.16666667,0.166666667,0,0.166666667,0.166666667,14.98
00-0023459,A.Rodgers,2016122404,12/24/2016 0:00,347,4,0,331,10,38,2,13,1,0,0,0,290.3333333,2,0.333333333,339.8333333,11.33333333,24,35.66666667,3.5,19.16666667,0.166666667,0,0.166666667,0.166666667,40.18
00-0023459,A.Rodgers,2017010102,1/1/2017 0:00,300,4,0,282,12,39,10,42,0,0,0,0,286.3333333,2.333333333,0,307.8333333,10,23.5,33.5,3.333333333,16.83333333,0.166666667,0,0.166666667,0.166666667,35.2
00-0023459,A.Rodgers,2017091010,9/10/2017 0:00,311,1,1,298,13,42,7,21,0,0,0,0,277.8333333,2.5,0,316.5,9.5,23.66666667,33.16666667,4.5,18.33333333,0.166666667,0,0,0,20.54
00-0023459,A.Rodgers,2017091713,9/17/2017 0:00,343,2,1,280,16,50,2,8,0,0,0,0,277.5,2.333333333,0.166666667,317.5,10.16666667,23.33333333,33.66666667,4.666666667,17.5,0.166666667,0,0,0,24.52
00-0023459,A.Rodgers,2017092411,9/24/2017 0:00,313,3,1,258,13,42,4,23,0,0,0,0,299.8333333,2.333333333,0.333333333,300.6666667,11.16666667,25.5,37,4.5,16.16666667,0.166666667,0,0,0,28.82
00-0023459,A.Rodgers,2017092800,9/28/2017 0:00,179,4,0,205,8,26,1,-1,0,0,0,0,311,2.333333333,0.5,308.5,12.5,27.16666667,40.16666667,4.666666667,21,0.166666667,0,0,0,26.06
00-0023459,A.Rodgers,2017100810,10/8/2017 0:00,221,3,0,225,10,29,4,32,0,0,0,0,298.8333333,3,0.5,275.6666667,12,27,39.5,4.333333333,17.66666667,0.166666667,0,0,0,27.04
00-0023459,A.Rodgers,2017121701,12/17/2017 0:00,290,3,3,353,15,44,6,43,0,0,1,1,277.8333333,2.833333333,0.5,258,12,25.5,38,4.666666667,20.83333333,0,0,0,0,26.9
00-0023459,A.Rodgers,2018090912,9/9/2018 0:00,286,3,0,285,10,30,1,15,0,0,0,0,276.1666667,2.666666667,1,269.8333333,12.5,25.33333333,38.83333333,4,21,0,0,0.166666667,0.166666667,27.94
00-0023459,A.Rodgers,2018091602,9/16/2018 0:00,281,1,0,300,11,41,3,8,0,0,0,0,272,3,0.833333333,267.6666667,12,24,36.83333333,3,20,0,0,0.166666667,0.166666667,19.04
00-0023459,A.Rodgers,2018092309,9/23/2018 0:00,265,2,0,334,17,44,2,13,0,0,1,1,261.6666667,2.833333333,0.666666667,271,11.16666667,23.5,35.33333333,3.166666667,20,0,0,0.166666667,0.166666667,21.9
00-0023459,A.Rodgers,2018093003,9/30/2018 0:00,298,1,1,423,17,40,5,31,0,0,0,1,253.6666667,2.666666667,0.5,283.6666667,11.83333333,23.33333333,35.66666667,2.833333333,18.33333333,0,0,0.333333333,0.333333333,20.02
00-0023459,A.Rodgers,2018100704,10/7/2018 0:00,442,3,0,456,20,52,3,10,0,0,0,0,273.5,2.166666667,0.666666667,320,13.33333333,24,38,3.5,23.66666667,0,0,0.333333333,0.5,33.68
00-0023459,A.Rodgers,2018101500,10/15/2018 0:00,425,2,0,379,20,45,3,34,0,0,0,0,310.3333333,2.166666667,0.666666667,358.5,15,26.16666667,41.83333333,3.333333333,20,0,0,0.333333333,0.5,31.4
00-0023459,A.Rodgers,2018102810,10/28/2018 0:00,286,1,0,257,12,30,1,5,0,0,0,0,332.8333333,2,0.166666667,362.8333333,15.83333333,26,42,2.833333333,18.5,0,0,0.166666667,0.333333333,18.94
00-0023459,A.Rodgers,2018110410,11/4/2018 0:00,259,2,0,397,19,43,4,8,0,0,0,0,332.8333333,1.666666667,0.166666667,358.1666667,16.16666667,25.66666667,42,2.833333333,16.83333333,0,0,0.166666667,0.333333333,22.16
00-0023459,A.Rodgers,2018111103,11/11/2018 0:00,199,2,0,193,9,28,6,21,0,0,0,0,329.1666667,1.833333333,0.166666667,374.3333333,17.5,24.66666667,42.33333333,3,16.83333333,0,0,0.166666667,0.333333333,21.06
00-0023459,A.Rodgers,2018111500,11/15/2018 0:00,332,2,0,347,9,30,1,3,0,0,0,0,318.1666667,1.833333333,0.166666667,350.8333333,16.16666667,23.33333333,39.66666667,3.666666667,18.16666667,0,0,0,0.166666667,24.58
00-0023459,A.Rodgers,2018120203,12/2/2018 0:00,233,1,0,424,19,50,3,20,0,0,0,0,323.8333333,2,0,338.1666667,14.83333333,23.16666667,38,3,13.5,0,0,0,0,18.32
00-0023459,A.Rodgers,2018120903,12/9/2018 0:00,196,2,0,273,11,32,3,44,0,0,0,0,289,1.666666667,0,332.8333333,14.66666667,23,37.66666667,3,15.16666667,0,0,0,0,23.24
00-0023459,A.Rodgers,2018121603,12/16/2018 0:00,274,0,1,461,16,42,3,25,0,0,0,0,250.8333333,1.666666667,0,315.1666667,13.16666667,22.33333333,35.5,3,16.83333333,0,0,0,0,15.46
00-0023459,A.Rodgers,2018122309,12/23/2018 0:00,442,2,0,383,18,55,6,34,2,0,0,0,248.8333333,1.5,0.166666667,349.1666667,13.83333333,23.5,37.5,3.333333333,20.16666667,0,0,0,0,44.08
00-0023459,A.Rodgers,2019090500,9/5/2019 0:00,203,1,0,300,12,30,3,8,0,0,0,0,279.3333333,1.5,0.166666667,346.8333333,13.66666667,25.66666667,39.5,3.666666667,24.5,0.333333333,0,0,0,15.92
00-0023459,A.Rodgers,2019091503,9/15/2019 0:00,209,2,0,259,12,34,1,0,0,0,1,1,280,1.333333333,0.166666667,364.6666667,14.16666667,25.5,39.83333333,3.166666667,22.33333333,0.333333333,0,0,0,18.36
00-0023459,A.Rodgers,2019092202,9/22/2019 0:00,235,1,0,258,12,29,1,-1,0,0,0,0,259.5,1.333333333,0.166666667,350,14.66666667,25.66666667,40.5,3.166666667,21.83333333,0.333333333,0,0.166666667,0.166666667,16.3
00-0023459,A.Rodgers,2019092600,9/26/2019 0:00,422,2,1,374,17,52,5,46,0,0,0,0,259.8333333,1.333333333,0.166666667,322.3333333,13.5,23.33333333,37,2.833333333,18.33333333,0.333333333,0,0.166666667,0.166666667,31.48
00-0023459,A.Rodgers,2019100611,10/6/2019 0:00,238,0,0,247,12,34,4,-1,0,0,0,0,297.5,1.333333333,0.333333333,339.1666667,14.5,25.5,40.33333333,3.166666667,18.66666667,0.333333333,0,0.166666667,0.166666667,12.42
00-0023459,A.Rodgers,2019101400,10/14/2019 0:00,283,2,1,376,14,39,3,10,0,0,0,0,291.5,1.333333333,0.166666667,303.5,13.83333333,25,39,3.333333333,14.33333333,0.333333333,0,0.166666667,0.166666667,22.32
00-0023459,A.Rodgers,2019102004,10/20/2019 0:00,429,5,0,268,6,31,2,6,1,0,0,0,265,1.333333333,0.333333333,302.3333333,13.16666667,22.83333333,36.33333333,2.833333333,10.33333333,0,0,0.166666667,0.166666667,46.76
00-0023459,A.Rodgers,2019102712,10/27/2019 0:00,305,3,0,236,10,33,6,29,0,0,0,0,302.6666667,2,0.333333333,297,12.16666667,24,36.5,2.666666667,10,0.166666667,0,0.166666667,0.166666667,30.1
00-0023459,A.Rodgers,2019110310,11/3/2019 0:00,161,1,0,299,12,35,2,7,0,0,0,0,318.6666667,2.166666667,0.333333333,293.1666667,11.83333333,24.16666667,36.33333333,3.5,14.83333333,0.166666667,0,0,0,14.14
00-0023459,A.Rodgers,2019111003,11/10/2019 0:00,233,0,0,338,12,29,1,7,0,0,0,0,306.3333333,2.166666667,0.333333333,300,11.83333333,25.16666667,37.33333333,3.666666667,16.16666667,0.166666667,0,0,0,13.02
00-0023459,A.Rodgers,2019112410,11/24/2019 0:00,104,1,0,230,13,33,3,13,0,0,0,0,274.8333333,1.833333333,0.166666667,294,11,22.33333333,33.5,3,9.666666667,0.166666667,0,0,0,12.46
00-0023459,A.Rodgers,2019120107,12/1/2019 0:00,243,4,0,272,12,33,3,24,0,0,0,1,252.5,2,0.166666667,291.1666667,11.16666667,22,33.33333333,2.833333333,12,0.166666667,0,0,0,30.12
00-0023459,A.Rodgers,2019120803,12/8/2019 0:00,195,1,0,219,10,28,5,16,0,0,0,0,245.8333333,2.333333333,0,273.8333333,10.83333333,21.5,32.33333333,2.833333333,14.33333333,0.166666667,0,0,0.166666667,16.4
00-0023459,A.Rodgers,2019121503,12/15/2019 0:00,203,1,0,293,17,33,3,23,0,0,0,0,206.8333333,1.666666667,0,265.6666667,11.5,20.33333333,31.83333333,3.333333333,16,0,0,0,0.166666667,17.42
00-0023459,A.Rodgers,2019122300,12/23/2019 0:00,216,0,1,266,13,40,3,-3,0,0,2,3,189.8333333,1.333333333,0,275.1666667,12.66666667,19.16666667,31.83333333,2.833333333,15,0,0,0,0.166666667,7.34
00-0023459,A.Rodgers,2019122905,12/29/2019 0:00,323,2,1,770,27,55,2,1,0,0,0,1,199,1.166666667,0.166666667,269.6666667,12.83333333,19.66666667,32.66666667,3,13.33333333,0,0,0.333333333,0.666666667,22.02
,,,,,,,,,,,,,,,,214,1.5,0.333333333,341.6666667,15.33333333,21.33333333,37,3.166666667,12.33333333,0,0,0.333333333,0.833333333,0
00-0023460,J.Campbell,2009092008,9/20/2009 0:00,237,0,0,237,12,34,7,28,0,0,1,1,211,1,1,92,6,19,26,1,16,0,0,0,2,14.28
00-0023460,J.Campbell,2009092702,9/27/2009 0:00,340,2,1,419,12,40,1,21,0,0,0,1,224,0.5,0.5,164.5,9,20.5,30,4,22,0,0,0.5,1.5,24.7
00-0023460,J.Campbell,2009100407,10/4/2009 0:00,170,2,3,204,7,22,7,20,0,0,0,0,262.6666667,1,0.666666667,249.3333333,10,22.66666667,33.33333333,3,21.66666667,0,0,0.333333333,1.333333333,16.8
00-0023460,J.Campbell,2009101102,10/11/2009 0:00,127,1,0,132,6,21,2,4,0,0,0,1,239.5,1.25,1.25,238,9.25,20,30.5,4,21.25,0,0,0.25,1,11.48
00-0023460,J.Campbell,2009102600,10/26/2009 0:00,284,2,1,195,13,43,4,8,0,0,0,0,217,1.2,1,216.8,8.6,19,28.6,3.6,17.8,0,0,0.2,1,22.16
00-0023460,J.Campbell,2009110800,11/8/2009 0:00,196,1,1,155,6,22,5,40,0,0,0,0,228.1666667,1.333333333,1,213.1666667,9.333333333,20.66666667,31,3.666666667,16.16666667,0,0,0.166666667,0.833333333,17.84
00-0023460,J.Campbell,2009111507,11/15/2009 0:00,193,1,0,140,9,26,2,15,0,0,0,0,225.6666667,1.333333333,1,223.6666667,9.333333333,20,30.33333333,4.333333333,20.16666667,0,0,0.166666667,0.5,16.22
00-0023460,J.Campbell,2009112906,11/29/2009 0:00,231,2,2,273,13,37,2,2,1,0,0,0,218.3333333,1.5,1,207.5,8.833333333,19.16666667,29,3.5,18,0,0,0,0.333333333,24.44
00-0023460,J.Campbell,2009120608,12/6/2009 0:00,367,3,1,304,11,42,1,-1,0,0,1,1,200.1666667,1.5,1.166666667,183.1666667,9,18.33333333,28.5,3.666666667,14.83333333,0.166666667,0,0,0.166666667,27.58
00-0023460,J.Campbell,2009121311,12/13/2009 0:00,222,2,0,215,12,28,4,20,0,0,0,0,233,1.666666667,0.833333333,199.8333333,9.666666667,21.33333333,31.83333333,2.666666667,11.33333333,0.166666667,0,0.166666667,0.333333333,21.88
00-0023460,J.Campbell,2009122100,12/21/2009 0:00,192,1,2,156,11,28,2,36,0,0,0,0,248.8333333,1.833333333,0.833333333,213.6666667,10.66666667,21.5,33,3,14,0.166666667,0,0.166666667,0.166666667,16.28
00-0023460,J.Campbell,2009122713,12/27/2009 0:00,199,0,1,127,14,39,4,13,0,0,0,1,233.5,1.666666667,1,207.1666667,10.33333333,19.16666667,30.5,2.666666667,18.66666667,0.166666667,0,0.166666667,0.166666667,10.26
00-0023460,J.Campbell,2010010314,1/3/2010 0:00,281,2,0,282,14,42,3,8,0,0,0,0,234,1.5,1,202.5,11.66666667,20.66666667,33.33333333,2.5,14.16666667,0.166666667,0,0.166666667,0.333333333,23.04
00-0023460,J.Campbell,2010091205,9/12/2010 0:00,180,1,1,240,14,37,6,33,0,0,0,0,248.6666667,1.666666667,1,226.1666667,12.5,22.5,36,2.666666667,13,0.166666667,0,0.166666667,0.333333333,16.5
00-0023460,J.Campbell,2010101011,10/10/2010 0:00,159,1,0,94,5,18,4,7,0,0,0,1,240.1666667,1.5,0.833333333,220.6666667,12.66666667,22.5,36,3.333333333,18.16666667,0,0,0.166666667,0.333333333,13.06
00-0023460,J.Campbell,2010102411,10/24/2010 0:00,204,2,0,199,8,20,1,15,0,0,0,0,205.5,1.166666667,0.666666667,185.6666667,11.66666667,19.66666667,32,3.833333333,19.5,0,0,0,0.333333333,20.66
00-0023460,J.Campbell,2010103110,10/31/2010 0:00,310,2,0,267,12,27,4,4,0,0,0,0,202.5,1.166666667,0.666666667,183,11,19,30.66666667,3.333333333,18.66666667,0,0,0,0.333333333,23.8
00-0023460,J.Campbell,2010110710,11/7/2010 0:00,229,1,1,379,12,32,2,0,0,0,0,0,222.1666667,1.333333333,0.333333333,201.5,11.16666667,19,30.5,3.666666667,13.33333333,0,0,0,0.333333333,15.16
00-0023460,J.Campbell,2010120509,12/5/2010 0:00,117,1,0,135,6,16,7,37,1,0,1,1,227.1666667,1.5,0.333333333,243.5,10.83333333,18.16666667,29.33333333,3.333333333,11.16666667,0,0,0,0.166666667,20.38
00-0023460,J.Campbell,2010121912,12/19/2010 0:00,238,1,2,220,9,26,5,41,0,0,0,0,199.8333333,1.333333333,0.333333333,219,9.5,15.16666667,25,4,16,0.166666667,0,0.166666667,0.333333333,18.62
00-0023460,J.Campbell,2010122610,12/26/2010 0:00,231,1,0,189,12,41,3,10,0,0,0,0,209.5,1.333333333,0.5,215.6666667,8.666666667,14,23.16666667,3.833333333,17.33333333,0.166666667,0,0.166666667,0.333333333,17.24
00-0023460,J.Campbell,2011010206,1/2/2011 0:00,155,1,0,243,9,24,4,33,0,0,0,0,221.5,1.333333333,0.5,231.5,9.833333333,16.66666667,27,3.666666667,17.83333333,0.166666667,0,0.166666667,0.166666667,16.5
00-0023460,J.Campbell,2011091201,9/12/2011 0:00,105,1,0,181,9,22,6,2,1,0,1,1,213.3333333,1.166666667,0.5,238.8333333,10,17.16666667,27.66666667,4.166666667,20.83333333,0.166666667,0,0.166666667,0.166666667,16.4
00-0023460,J.Campbell,2011091801,9/18/2011 0:00,323,2,1,388,9,33,3,3,1,0,0,0,179.1666667,1,0.5,224.5,9.5,16.83333333,26.83333333,4.5,20.5,0.333333333,0,0.333333333,0.333333333,29.22
00-0023460,J.Campbell,2011092508,9/25/2011 0:00,156,0,0,229,8,26,3,10,0,0,0,0,194.8333333,1.166666667,0.5,226,9,17.5,27,4.666666667,21,0.5,0,0.333333333,0.333333333,10.24
00-0023460,J.Campbell,2011100212,10/2/2011 0:00,344,1,2,306,12,39,4,29,0,0,0,0,201.3333333,1,0.5,241.6666667,9.333333333,18.83333333,28.66666667,4,16.5,0.333333333,0,0.166666667,0.166666667,21.66
00-0023460,J.Campbell,2012111900,11/19/2012 0:00,107,1,1,171,6,21,1,13,0,0,0,0,219,1,0.5,256,9.833333333,20.5,30.83333333,3.833333333,14.5,0.333333333,0,0.166666667,0.166666667,11.58
00-0023460,J.Campbell,2013102702,10/27/2013 0:00,293,2,0,335,14,36,3,17,0,0,0,0,198.3333333,1,0.666666667,253,8.833333333,18,27.5,3.5,15,0.333333333,0,0.166666667,0.166666667,24.42
00-0023460,J.Campbell,2013110308,11/3/2013 0:00,262,3,0,239,12,35,3,20,0,0,0,0,221.3333333,1.166666667,0.666666667,268.3333333,9.666666667,19.16666667,29.5,3.333333333,12.33333333,0.333333333,0,0.166666667,0.166666667,27.48
00-0023460,J.Campbell,2013120802,12/8/2013 0:00,391,3,0,329,14,43,2,27,0,0,0,0,247.5,1.5,0.666666667,278,10.16666667,20.83333333,31.66666667,2.833333333,15.33333333,0.166666667,0,0,0,33.34
00-0023460,J.Campbell,2013121501,12/15/2013 0:00,257,1,2,344,14,38,1,17,0,0,0,0,258.8333333,1.666666667,0.5,268.1666667,11,21.83333333,33.33333333,2.666666667,19.33333333,0,0,0,0,16.98
00-0023460,J.Campbell,2013122206,12/22/2013 0:00,178,0,1,325,20,39,2,21,0,0,0,0,275.6666667,1.833333333,0.833333333,287.3333333,12,22.5,35.33333333,2.333333333,20.5,0,0,0,0,11.22
00-0023460,J.Campbell,2013122910,12/29/2013 0:00,240,1,1,373,17,41,1,6,0,0,0,0,248,1.666666667,0.666666667,290.5,13.33333333,21.33333333,35.33333333,2,19.16666667,0,0,0,0,16.2
,,,,,,,,,,,,,,,,270.1666667,1.666666667,0.666666667,324.1666667,15.16666667,22.83333333,38.66666667,2,18,0,0,0,0,0
00-0023502,C.Frye,2010010313,1/3/2010 0:00,172,1,0,220,7,24,1,2,0,0,0,0,333,0,3,334,16,26,45,2,13,0,0,0,0,14.08
,,,,,,,,,,,,,,,,252.5,0.5,1.5,277,11.5,21.5,34.5,1.5,7.5,0,0,0,0,0
00-0023541,K.Orton,2009092012,9/20/2009 0:00,263,1,0,242,18,37,2,0,0,0,0,0,243,1,0,215,11,17,28,1,3,0,0,0,0,17.52
00-0023541,K.Orton,2009092712,9/27/2009 0:00,157,1,0,155,10,23,1,-1,0,0,0,0,253,1,0,228.5,14.5,18,32.5,1.5,1.5,0,0,0,0,13.18
00-0023541,K.Orton,2009100410,10/4/2009 0:00,243,2,0,286,9,29,3,0,0,0,0,0,221,1,0,204,13,16.33333333,29.33333333,1.333333333,0.666666667,0,0,0,0,20.72
00-0023541,K.Orton,2009101900,10/19/2009 0:00,221,2,0,187,9,28,5,11,0,0,0,0,226.5,1.25,0,224.5,12,17.25,29.25,1.75,0.5,0,0,0,0,20.94
00-0023541,K.Orton,2009110100,11/1/2009 0:00,152,0,0,152,13,36,1,11,0,0,1,1,225.4,1.4,0,217,11.4,17.6,29,2.4,2.6,0,0,0,0,9.18
00-0023541,K.Orton,2009111507,11/15/2009 0:00,193,2,0,239,7,18,1,3,0,0,0,0,213.1666667,1.166666667,0,206.1666667,11.66666667,18.5,30.16666667,2.166666667,4,0,0,0.166666667,0.166666667,19.02
00-0023541,K.Orton,2009112602,11/26/2009 0:00,245,1,1,192,9,28,1,-1,0,0,0,0,204.8333333,1.333333333,0,210.1666667,11,17.5,28.5,2.166666667,4,0,0,0.166666667,0.166666667,15.7
00-0023541,K.Orton,2009121304,12/13/2009 0:00,277,2,1,212,11,41,2,11,0,0,0,0,201.8333333,1.333333333,0.166666667,201.8333333,9.5,17.33333333,27,2,3.833333333,0,0,0.166666667,0.166666667,22.18
00-0023541,K.Orton,2009122009,12/20/2009 0:00,278,1,0,282,15,34,4,11,0,0,0,0,221.8333333,1.5,0.333333333,211.3333333,9.666666667,20,30,2.166666667,5.833333333,0,0,0.166666667,0.166666667,19.22
00-0023541,K.Orton,2009122708,12/27/2009 0:00,189,3,1,194,12,40,1,7,0,0,0,0,227.6666667,1.333333333,0.333333333,210.6666667,10.66666667,19.83333333,30.83333333,2.333333333,7.666666667,0,0,0.166666667,0.166666667,22.26
00-0023541,K.Orton,2010010312,1/3/2010 0:00,431,1,3,494,21,56,2,16,0,0,0,0,222.3333333,1.5,0.5,211.8333333,11.16666667,21.16666667,32.83333333,1.666666667,7,0,0,0.166666667,0.166666667,22.84
00-0023541,K.Orton,2010091204,9/12/2010 0:00,295,1,1,315,11,33,2,12,0,0,0,0,268.8333333,1.666666667,1,268.8333333,12.5,22.66666667,36.16666667,1.833333333,7.833333333,0,0,0,0,19
00-0023541,K.Orton,2010091909,9/19/2010 0:00,307,2,0,256,10,35,3,-5,0,0,0,0,285.8333333,1.5,1.166666667,281.5,13.16666667,24.33333333,38.66666667,2,9.333333333,0,0,0,0,22.78
00-0023541,K.Orton,2010092611,9/26/2010 0:00,476,1,1,444,19,57,2,11,0,0,0,2,296.1666667,1.666666667,1,292.1666667,13.33333333,25.5,39.83333333,2.333333333,8.666666667,0,0,0,0,24.14
00-0023541,K.Orton,2010100303,10/3/2010 0:00,341,2,1,273,14,50,3,11,0,0,0,0,329.3333333,1.5,1,330.8333333,14.66666667,26.83333333,42.5,2.333333333,8.666666667,0,0,0,0.333333333,24.74
00-0023541,K.Orton,2010101709,10/17/2010 0:00,209,1,0,516,20,34,3,22,0,0,0,0,339.8333333,1.666666667,1.166666667,329.3333333,14.5,29.5,45.16666667,2.166666667,8.666666667,0,0,0,0.333333333,17.56
00-0023541,K.Orton,2010102411,10/24/2010 0:00,198,2,1,280,16,29,2,21,0,0,0,1,343.1666667,1.333333333,1,383,15.83333333,27.33333333,44.16666667,2.5,11.16666667,0,0,0,0.333333333,19.02
00-0023541,K.Orton,2010103100,10/31/2010 0:00,362,1,1,304,10,38,3,18,0,0,0,0,304.3333333,1.5,0.666666667,347.3333333,15,24,39.66666667,2.5,12,0,0,0,0.5,22.28
00-0023541,K.Orton,2010111407,11/14/2010 0:00,296,4,0,327,11,33,1,-1,0,0,0,0,315.5,1.5,0.666666667,345.5,14.83333333,25,40.5,2.666666667,13,0,0,0,0.5,30.74
00-0023541,K.Orton,2010112200,11/22/2010 0:00,217,1,1,315,13,38,1,4,0,0,0,0,313.6666667,1.833333333,0.666666667,357.3333333,15,24.5,40.16666667,2.333333333,13.66666667,0,0,0,0.5,15.08
00-0023541,K.Orton,2010121211,12/12/2010 0:00,155,0,3,296,19,40,2,5,0,0,1,1,270.5,1.833333333,0.666666667,335.8333333,14,22.33333333,37,2.166666667,12.5,0,0,0,0.166666667,5.7
00-0023541,K.Orton,2011091201,9/12/2011 0:00,304,1,1,381,20,45,1,13,0,0,0,2,239.5,1.5,1,339.6666667,14.83333333,19.5,35.33333333,2,11.5,0,0,0.166666667,0.333333333,17.46
00-0023541,K.Orton,2011091812,9/18/2011 0:00,195,2,0,196,10,25,1,-2,0,0,1,1,255.3333333,1.5,1.166666667,317.1666667,14.83333333,21.16666667,37.16666667,1.666666667,10,0,0,0.166666667,0.666666667,17.6
00-0023541,K.Orton,2011100211,10/2/2011 0:00,273,3,3,329,7,32,2,7,0,0,1,1,254.8333333,1.5,1,303.1666667,13.83333333,21.66666667,36.5,1.5,6.166666667,0,0,0.333333333,0.666666667,22.62
00-0023541,K.Orton,2011121807,12/18/2011 0:00,299,0,0,243,8,31,4,-5,0,0,0,0,240,1.833333333,1.333333333,307.3333333,13.33333333,20.83333333,35.5,1.333333333,4.333333333,0,0,0.5,0.833333333,14.46
00-0023541,K.Orton,2011122404,12/24/2011 0:00,300,1,2,275,13,36,1,2,0,0,0,0,240.5,1.166666667,1.333333333,293.3333333,12.83333333,21,35.16666667,1.833333333,3.666666667,0,0,0.5,0.833333333,17.2
00-0023541,K.Orton,2012010113,1/1/2012 0:00,180,0,0,251,14,29,1,-1,0,0,0,0,254.3333333,1.166666667,1.5,286.6666667,12.83333333,20.5,34.83333333,1.833333333,3.333333333,0,0,0.5,0.833333333,10.1
00-0023541,K.Orton,2013122903,12/29/2013 0:00,358,2,2,361,14,46,1,8,0,0,0,0,258.5,1.166666667,1,279.1666667,12,20,33,1.666666667,2.333333333,0,0,0.333333333,0.666666667,24.12
00-0023541,K.Orton,2014100502,10/5/2014 0:00,308,1,1,250,12,43,1,0,0,0,0,2,267.5,1.333333333,1.166666667,275.8333333,11,21,33.16666667,1.666666667,1.5,0,0,0.333333333,0.333333333,16.32
00-0023541,K.Orton,2014101901,10/19/2014 0:00,283,2,1,351,10,42,1,-1,0,0,2,2,286.3333333,1.166666667,1.333333333,284.8333333,11.33333333,23.5,36.16666667,1.666666667,1.833333333,0,0,0.166666667,0.5,19.22
00-0023541,K.Orton,2014102606,10/26/2014 0:00,238,4,0,205,7,17,2,6,0,0,0,0,288,1,1,288.5,11.83333333,25,37.83333333,1.5,0.5,0,0,0.333333333,0.666666667,29.12
00-0023541,K.Orton,2014110901,11/9/2014 0:00,259,1,0,271,19,48,2,3,0,0,1,1,277.8333333,1.666666667,1,282.1666667,11.66666667,22.83333333,35.5,1.166666667,2.333333333,0,0,0.333333333,0.666666667,16.66
00-0023541,K.Orton,2014111300,11/13/2014 0:00,193,0,0,251,17,39,2,2,0,1,0,0,271,1.666666667,0.666666667,281.5,12.66666667,24.16666667,37.5,1.333333333,2.5,0,0,0.5,0.833333333,10.92
00-0023541,K.Orton,2014112301,11/23/2014 0:00,230,2,0,234,8,32,1,10,0,0,0,0,273.1666667,1.666666667,0.666666667,281.5,13.16666667,25.33333333,39.16666667,1.5,3,0,0.166666667,0.5,0.833333333,21.2
00-0023541,K.Orton,2014120710,12/7/2014 0:00,355,1,2,374,17,57,1,1,1,0,1,2,251.8333333,1.666666667,0.333333333,260.3333333,12.16666667,24.33333333,36.83333333,1.5,3.333333333,0,0.166666667,0.5,0.833333333,23.3
00-0023541,K.Orton,2014121402,12/14/2014 0:00,158,0,1,200,12,27,3,-4,0,0,0,0,259.6666667,1.666666667,0.5,281,13,25.66666667,39.16666667,1.5,3.5,0.166666667,0.166666667,0.666666667,0.833333333,7.92
00-0023541,K.Orton,2014122807,12/28/2014 0:00,176,1,0,160,7,23,2,-3,0,0,0,0,238.8333333,1.333333333,0.5,255.8333333,13.33333333,22.83333333,36.66666667,1.833333333,3,0.166666667,0.166666667,0.333333333,0.5,13.74
,,,,,,,,,,,,,,,,228.5,0.833333333,0.5,248.3333333,13.33333333,23.83333333,37.66666667,1.833333333,1.5,0.166666667,0.166666667,0.333333333,0.5,0
00-0023578,D.Orlovsky,2011122200,12/22/2011 0:00,244,1,0,403,17,40,1,2,0,0,0,0,353,2,1,278,6,30,37,1,-1,0,0,0,0,16.96
00-0023578,D.Orlovsky,2012010105,1/1/2012 0:00,264,1,2,279,11,40,1,7,0,0,0,0,298.5,1.5,0.5,340.5,11.5,26.5,38.5,1,0.5,0,0,0,0,16.26
,,,,,,,,,,,,,,,,287,1.333333333,1,320,11.33333333,26.66666667,39,1,2.666666667,0,0,0,0,0
00-0023645,D.Anderson,2009101805,10/18/2009 0:00,122,1,1,205,14,24,1,-1,0,0,0,0,269,1,1,392,20,26,47,2,2,1,0,0,0,10.78
00-0023645,D.Anderson,2009122702,12/27/2009 0:00,121,1,0,164,9,17,1,-1,0,0,0,0,195.5,1,1,298.5,17,17.5,35.5,1.5,0.5,0.5,0,0,0,11.74
00-0023645,D.Anderson,2010091208,9/12/2010 0:00,297,1,0,419,20,41,1,9,0,0,1,2,170.6666667,1,0.666666667,253.6666667,14.33333333,14.33333333,29.33333333,1.333333333,0,0.333333333,0,0,0,17.78
00-0023645,D.Anderson,2010110705,11/7/2010 0:00,179,1,0,268,11,26,3,16,0,0,0,0,202.25,1,0.5,295,15.75,16.25,32.25,1.25,2.25,0.25,0,0.25,0.5,15.76
00-0023645,D.Anderson,2010112900,11/29/2010 0:00,196,0,1,290,18,35,1,0,0,0,0,0,197.6,1,0.4,289.6,14.8,16,31,1.6,5,0.2,0,0.2,0.4,9.84
00-0023645,D.Anderson,2014090711,9/7/2014 0:00,230,2,0,236,9,33,3,10,0,0,0,0,197.3333333,0.833333333,0.5,289.6666667,15.33333333,16,31.66666667,1.5,4.166666667,0.166666667,0,0.166666667,0.333333333,21.2
00-0023645,D.Anderson,2014121403,12/14/2014 0:00,277,1,0,440,15,40,5,14,0,0,0,0,190.8333333,1,0.333333333,263.6666667,13.5,15.66666667,29.33333333,1.666666667,5.5,0,0,0.166666667,0.333333333,19.48
00-0023645,D.Anderson,2016101000,10/10/2016 0:00,278,0,2,278,8,28,1,4,0,0,0,0,216.6666667,1,0.166666667,302.8333333,13.66666667,18.33333333,32,2.333333333,8,0,0,0.166666667,0.333333333,12.52
00-0023645,D.Anderson,2018102900,10/29/2018 0:00,290,0,1,410,16,39,1,-1,0,0,0,1,242.8333333,0.833333333,0.5,321.8333333,13.5,20,33.83333333,2.333333333,8.833333333,0,0,0.166666667,0.333333333,12.5
,,,,,,,,,,,,,,,,241.6666667,0.666666667,0.666666667,320.3333333,12.83333333,20,33.5,2.333333333,7.166666667,0,0,0,0.166666667,0
00-0023662,M.Cassel,2009100405,10/4/2009 0:00,127,2,0,206,17,32,5,25,0,0,0,0,241,1,2,270,13,24,39,5,34,0,0,0,0,18.58
00-0023662,M.Cassel,2009101104,10/11/2009 0:00,253,2,0,260,18,41,4,28,0,0,0,0,184,1.5,1,238,15,19.5,35.5,5,29.5,0,0,0,0,23.92
00-0023662,M.Cassel,2009101807,10/18/2009 0:00,186,0,0,184,15,32,6,16,0,0,0,0,207,1.666666667,0.666666667,245.3333333,16,20.66666667,37.33333333,4.666666667,29,0,0,0,0,12.04
00-0023662,M.Cassel,2009110804,11/8/2009 0:00,262,2,0,281,16,39,2,3,0,0,0,0,201.75,1.25,0.5,230,15.75,19.75,36,5,25.75,0,0,0,0,21.78
00-0023662,M.Cassel,2009111508,11/15/2009 0:00,216,0,1,302,15,35,4,-3,0,0,0,1,213.8,1.4,0.4,240.2,15.8,20.4,36.6,4.4,21.2,0,0,0,0,9.34
00-0023662,M.Cassel,2009112205,11/22/2009 0:00,248,2,0,315,15,30,1,-1,0,0,0,0,214.1666667,1.166666667,0.5,250.5,15.66666667,20.16666667,36.33333333,4.333333333,17.16666667,0,0,0,0.166666667,20.82
00-0023662,M.Cassel,2009112909,11/29/2009 0:00,178,1,1,166,11,31,6,22,0,1,0,0,215.3333333,1.333333333,0.166666667,258,16,18.66666667,34.83333333,3.666666667,11.33333333,0,0,0,0.166666667,15.32
00-0023662,M.Cassel,2009121306,12/13/2009 0:00,224,0,4,337,11,41,1,1,0,0,0,0,223.8333333,1.166666667,0.333333333,251.3333333,15,19.33333333,34.66666667,3.833333333,10.83333333,0,0.166666667,0,0.166666667,8.06
00-0023662,M.Cassel,2009122003,12/20/2009 0:00,331,2,0,452,17,39,2,10,0,0,0,0,219,0.833333333,1,264.1666667,13.83333333,19.83333333,34.66666667,3.333333333,6.333333333,0,0.166666667,0,0.166666667,25.24
00-0023662,M.Cassel,2009122701,12/27/2009 0:00,180,1,2,321,12,36,3,21,0,0,0,0,243.1666667,1.166666667,1,308.8333333,14.16666667,20.66666667,35.83333333,2.666666667,5.333333333,0,0.166666667,0,0.166666667,14.3
00-0023662,M.Cassel,2010010312,1/3/2010 0:00,207,0,1,261,10,24,1,0,0,0,0,0,229.5,1,1.333333333,315.5,13.5,20.5,35.33333333,2.833333333,8.333333333,0,0.166666667,0,0.166666667,10.28
00-0023662,M.Cassel,2010091903,9/19/2010 0:00,176,0,2,187,10,28,4,5,0,0,0,0,228,1,1.333333333,308.6666667,12.66666667,19.5,33.5,2.333333333,8.833333333,0,0.166666667,0,0,8.54
00-0023662,M.Cassel,2010092609,9/26/2010 0:00,250,3,1,232,9,26,2,7,0,0,0,0,216,0.666666667,1.666666667,287.3333333,11.83333333,19.66666667,33.16666667,2.833333333,9.833333333,0,0.166666667,0,0,24.7
00-0023662,M.Cassel,2010101002,10/10/2010 0:00,156,0,0,207,13,29,1,1,0,0,0,0,228,1,1.666666667,298.3333333,11.5,19.16666667,32.33333333,2.166666667,7.333333333,0,0,0,0,9.34
00-0023662,M.Cassel,2010101704,10/17/2010 0:00,201,3,0,162,9,29,1,8,0,0,0,0,216.6666667,1,1,276.6666667,11.83333333,17.5,30.33333333,2.166666667,7.333333333,0,0,0,0,23.84
00-0023662,M.Cassel,2010103103,10/31/2010 0:00,152,1,0,222,10,24,2,13,0,0,0,0,195,1.166666667,1,228.3333333,10.5,17.16666667,28.66666667,2,7,0,0,0,0,14.38
00-0023662,M.Cassel,2010110710,11/7/2010 0:00,216,2,1,282,14,35,3,14,0,0,0,0,190.3333333,1.166666667,0.666666667,211.8333333,10.16666667,15.83333333,26.66666667,1.833333333,5.666666667,0,0,0,0,20.04
00-0023662,M.Cassel,2010111407,11/14/2010 0:00,469,4,0,527,20,53,2,3,0,0,0,1,191.8333333,1.5,0.666666667,215.3333333,10.83333333,17,28.5,2.166666667,8,0,0,0,0,37.06
00-0023662,M.Cassel,2010112808,11/28/2010 0:00,233,4,0,253,10,32,5,28,0,0,1,1,240.6666667,2.166666667,0.333333333,272,12.5,19.83333333,32.66666667,1.833333333,7.666666667,0,0,0,0.166666667,30.12
00-0023662,M.Cassel,2010120503,12/5/2010 0:00,196,1,0,167,13,30,2,5,0,0,0,0,237.8333333,2.333333333,0.166666667,275.5,12.66666667,20.83333333,33.66666667,2.333333333,11.16666667,0,0,0.166666667,0.333333333,15.34
00-0023662,M.Cassel,2010121900,12/19/2010 0:00,184,1,1,189,13,29,6,17,0,0,0,0,244.5,2.5,0.166666667,268.8333333,12.66666667,21,33.83333333,2.5,11.83333333,0,0,0.166666667,0.333333333,15.06
00-0023662,M.Cassel,2010122603,12/26/2010 0:00,314,3,0,271,10,34,3,20,0,0,0,0,241.6666667,2.166666667,0.333333333,273.3333333,13.33333333,20.16666667,33.83333333,3.333333333,13.33333333,0,0,0.166666667,0.333333333,29.56
00-0023662,M.Cassel,2011092509,9/25/2011 0:00,176,2,1,159,6,24,1,1,0,0,0,0,268.6666667,2.5,0.333333333,281.5,13.33333333,21.83333333,35.5,3.5,14.5,0,0,0.166666667,0.333333333,17.14
00-0023662,M.Cassel,2011100208,10/2/2011 0:00,260,1,0,208,11,29,4,20,0,0,0,0,262,2.5,0.333333333,261,12,21.33333333,33.66666667,3.166666667,12.33333333,0,0,0.166666667,0.333333333,19.4
00-0023662,M.Cassel,2011100902,10/9/2011 0:00,257,4,0,206,8,29,5,12,0,0,0,1,227.1666667,2,0.333333333,207.8333333,10.5,18.83333333,29.66666667,3.5,15.16666667,0,0,0.166666667,0.166666667,29.48
00-0023662,M.Cassel,2011102308,10/23/2011 0:00,161,0,2,347,13,30,2,-2,0,0,0,0,231.1666667,2,0.333333333,200,10.16666667,18.66666667,29.16666667,3.5,12.5,0,0,0,0.166666667,7.24
00-0023662,M.Cassel,2011103100,10/31/2011 0:00,261,1,2,378,10,31,2,14,0,0,0,0,225.3333333,1.833333333,0.666666667,230,10.16666667,18.33333333,29.16666667,3.5,11.33333333,0,0,0,0.166666667,16.84
00-0023662,M.Cassel,2011110602,11/6/2011 0:00,253,0,0,307,19,39,9,38,0,0,0,0,238.1666667,1.833333333,0.833333333,261.5,9.666666667,19,29.5,2.833333333,10.83333333,0,0,0,0.166666667,16.92
00-0023662,M.Cassel,2012090908,9/9/2012 0:00,258,1,2,259,10,33,4,20,1,0,0,0,228,1.333333333,0.833333333,267.5,11.16666667,18.33333333,30.33333333,3.833333333,13.83333333,0,0,0,0.166666667,23.32
00-0023662,M.Cassel,2012091605,9/16/2012 0:00,301,2,1,475,17,41,2,25,0,0,0,0,241.6666667,1.166666667,1,284.1666667,11.83333333,19,31.83333333,4.333333333,17,0.166666667,0,0,0.166666667,24.54
00-0023662,M.Cassel,2012092305,9/23/2012 0:00,248,0,1,306,16,43,1,2,0,0,1,1,248.5,1.333333333,1.166666667,328.6666667,12.83333333,19.83333333,33.83333333,4,17.83333333,0.166666667,0,0,0.166666667,11.12
00-0023662,M.Cassel,2012102809,10/28/2012 0:00,218,1,1,192,9,30,7,35,0,0,0,0,247,0.666666667,1.333333333,345.3333333,14.16666667,20.66666667,36.16666667,3.333333333,16.16666667,0.166666667,0,0.166666667,0.166666667,18.22
00-0023662,M.Cassel,2012110100,11/1/2012 0:00,181,0,1,244,9,29,6,37,0,0,1,1,256.5,0.833333333,1.166666667,319.5,13.5,21.5,36.16666667,4.166666667,22.33333333,0.166666667,0,0.166666667,0.166666667,11.94
00-0023662,M.Cassel,2012111200,11/12/2012 0:00,154,0,1,273,13,25,2,12,0,0,0,0,243.1666667,0.666666667,1,297.1666667,13.33333333,21.5,35.83333333,4.833333333,26.16666667,0.166666667,0,0.333333333,0.333333333,9.36
00-0023662,M.Cassel,2013092906,9/29/2013 0:00,248,2,0,227,9,25,2,5,0,0,0,0,226.6666667,0.666666667,1.166666667,291.5,12.33333333,20,33.5,3.666666667,21.83333333,0.166666667,0,0.333333333,0.333333333,21.42
00-0023662,M.Cassel,2013101305,10/13/2013 0:00,241,1,1,284,10,43,2,7,0,0,0,0,225,0.833333333,0.833333333,286.1666667,12.16666667,19.16666667,32.16666667,3.333333333,19.33333333,0,0,0.333333333,0.333333333,16.34
00-0023662,M.Cassel,2013120104,12/1/2013 0:00,243,1,1,242,11,32,1,0,0,0,0,0,215,0.666666667,0.833333333,254.3333333,11,20.66666667,32.5,3.333333333,16.33333333,0,0,0.333333333,0.333333333,15.72
00-0023662,M.Cassel,2013120800,12/8/2013 0:00,265,2,0,358,21,38,2,6,0,0,0,2,214.1666667,0.833333333,0.833333333,243.6666667,10.16666667,19.66666667,30.66666667,3.333333333,16,0,0,0.166666667,0.166666667,20.2
00-0023662,M.Cassel,2013121505,12/15/2013 0:00,382,2,1,331,8,35,3,19,1,0,0,0,222,1,0.666666667,271.3333333,12.16666667,19.16666667,32,2.5,11.16666667,0,0,0.166666667,0.5,33.18
00-0023662,M.Cassel,2013122202,12/22/2013 0:00,114,1,3,296,11,27,3,16,0,0,0,0,255.5,1.333333333,0.666666667,285.8333333,12,20.33333333,33,2,8.166666667,0.166666667,0,0,0.333333333,10.16
00-0023662,M.Cassel,2013122906,12/29/2013 0:00,189,1,1,203,12,33,4,5,0,0,0,0,248.8333333,1.5,1,289.6666667,11.66666667,20.66666667,33.33333333,2.166666667,8.833333333,0.166666667,0,0,0.333333333,14.06
00-0023662,M.Cassel,2014090709,9/7/2014 0:00,170,2,0,120,8,25,3,-2,0,0,0,0,239,1.333333333,1.166666667,285.6666667,12.16666667,21.33333333,34.66666667,2.5,8.833333333,0.166666667,0,0,0.333333333,17.6
00-0023662,M.Cassel,2014091404,9/14/2014 0:00,202,1,4,287,13,36,3,16,0,0,0,0,227.1666667,1.5,1,258.3333333,11.83333333,18.83333333,31.66666667,2.666666667,7.333333333,0.166666667,0,0,0.333333333,12.68
00-0023662,M.Cassel,2015102510,10/25/2015 0:00,227,1,3,261,7,27,1,4,0,0,0,0,220.3333333,1.5,1.5,265.8333333,12.16666667,18.66666667,32.33333333,3,10,0.166666667,0,0,0.333333333,13.48
00-0023662,M.Cassel,2015110810,11/8/2015 0:00,299,3,1,287,12,38,2,17,0,0,0,0,214,1.333333333,2,249.6666667,9.833333333,18.66666667,30.5,2.833333333,9.666666667,0.166666667,0,0,0,27.66
00-0023662,M.Cassel,2015111502,11/15/2015 0:00,186,0,1,293,9,29,1,2,0,0,0,0,200.1666667,1.5,2,242.3333333,10.5,18.5,31,2.666666667,9.333333333,0,0,0,0,9.64
00-0023662,M.Cassel,2015120700,12/7/2015 0:00,222,0,0,264,12,28,2,-3,0,0,1,1,212.1666667,1.333333333,1.666666667,241.8333333,10.16666667,19.5,31.33333333,2.333333333,7,0,0,0,0,10.58
00-0023662,M.Cassel,2015121312,12/13/2015 0:00,114,0,1,254,15,29,3,6,0,0,0,0,217.6666667,1.166666667,1.5,252,10.16666667,18.83333333,30.5,2,5.666666667,0,0,0.166666667,0.166666667,7.16
00-0023662,M.Cassel,2017010110,1/1/2017 0:00,150,1,1,196,9,26,2,2,0,0,0,0,208.3333333,0.833333333,1.666666667,274.3333333,11.33333333,18.16666667,31.16666667,2,7,0,0,0.166666667,0.166666667,12.2
,,,,,,,,,,,,,,,,199.6666667,0.833333333,1.166666667,259.1666667,10.66666667,17.66666667,29.5,1.833333333,4.666666667,0,0,0.166666667,0.166666667,0
00-0023682,R.Fitzpatrick,2009102507,10/25/2009 0:00,123,1,0,253,11,22,7,10,0,0,0,0,116,1,1,220,15,10,26,7,20,0,0,0,0,12.92
00-0023682,R.Fitzpatrick,2009112204,11/22/2009 0:00,297,1,2,351,10,30,1,5,0,0,0,0,119.5,1,0.5,236.5,13,10.5,24,7,15,0,0,0,0,17.38
00-0023682,R.Fitzpatrick,2009112901,11/29/2009 0:00,246,1,1,179,8,26,7,50,1,0,0,0,178.6666667,1,1,274.6666667,12,13,26,5,11.66666667,0,0,0,0,26.84
00-0023682,R.Fitzpatrick,2010010300,1/3/2010 0:00,155,3,0,235,9,25,1,7,0,0,0,0,195.5,1,1,250.75,11,14,26,5.5,21.25,0.25,0,0,0,21.9
00-0023682,R.Fitzpatrick,2010092603,9/26/2010 0:00,247,2,2,245,6,28,3,18,0,0,0,0,187.4,1.4,0.8,247.6,10.6,14.4,25.8,4.6,18.4,0.2,0,0,0,20.68
00-0023682,R.Fitzpatrick,2010100300,10/3/2010 0:00,128,2,0,304,15,27,7,74,0,0,0,0,197.3333333,1.5,1,247.1666667,9.833333333,15.33333333,26.16666667,4.333333333,18.33333333,0.166666667,0,0,0,23.52
00-0023682,R.Fitzpatrick,2010101000,10/10/2010 0:00,220,3,0,270,10,30,2,4,0,0,0,1,199.3333333,1.666666667,0.833333333,261.1666667,9.833333333,15.66666667,26.33333333,4.333333333,27.33333333,0.166666667,0,0,0,23.2
00-0023682,R.Fitzpatrick,2010102402,10/24/2010 0:00,374,4,2,427,12,43,4,20,0,0,1,2,215.5,2,0.833333333,264,9.666666667,17.16666667,27.66666667,3.5,26.33333333,0.166666667,0,0,0.166666667,31.96
00-0023682,R.Fitzpatrick,2010103103,10/31/2010 0:00,223,1,1,366,23,48,6,43,0,0,0,1,228.3333333,2.5,0.833333333,276.6666667,10,19,29.83333333,4,28.83333333,0.166666667,0,0.166666667,0.5,18.22
00-0023682,R.Fitzpatrick,2010110704,11/7/2010 0:00,299,1,2,463,18,51,2,9,0,0,0,0,224.5,2.5,0.833333333,307.8333333,12.5,20.16666667,33.5,3.833333333,27.66666667,0,0,0.166666667,0.666666667,17.86
00-0023682,R.Fitzpatrick,2010111406,11/14/2010 0:00,146,1,0,279,12,24,1,1,0,0,1,1,248.5,2.166666667,1.166666667,345.8333333,14,22.66666667,37.83333333,4,28,0,0,0.166666667,0.666666667,11.94
00-0023682,R.Fitzpatrick,2010112102,11/21/2010 0:00,316,4,2,234,11,34,1,11,0,0,0,0,231.6666667,2,0.833333333,351.5,15,21.33333333,37.16666667,3.666666667,25.16666667,0,0,0.333333333,0.833333333,30.74
00-0023682,R.Fitzpatrick,2010112801,11/28/2010 0:00,265,1,1,375,20,44,2,4,0,0,1,1,263,2.333333333,1.166666667,339.8333333,14.33333333,22.83333333,38.33333333,2.666666667,14.66666667,0,0,0.333333333,0.833333333,16
00-0023682,R.Fitzpatrick,2010120500,12/5/2010 0:00,158,1,1,206,9,25,4,5,0,0,1,1,270.5,2,1.333333333,357.3333333,16,23.33333333,40.66666667,2.666666667,14.66666667,0,0,0.5,0.833333333,11.82
00-0023682,R.Fitzpatrick,2010121201,12/12/2010 0:00,142,1,0,134,9,23,4,49,0,0,0,0,234.5,1.5,1.166666667,320.5,15.5,21,37.66666667,2.666666667,12.16666667,0,0,0.5,0.666666667,17.58
00-0023682,R.Fitzpatrick,2010121901,12/19/2010 0:00,223,2,1,240,9,26,3,19,0,0,0,1,221,1.5,1,281.8333333,13.16666667,19.33333333,33.5,2.333333333,13.16666667,0,0,0.5,0.5,19.82
00-0023682,R.Fitzpatrick,2010122601,12/26/2010 0:00,251,0,3,428,16,37,2,14,0,0,0,0,208.3333333,1.666666667,0.833333333,244.6666667,11.66666667,16.83333333,29.33333333,2.5,14.83333333,0,0,0.5,0.666666667,11.44
00-0023682,R.Fitzpatrick,2011091104,9/11/2011 0:00,208,4,0,239,8,25,3,3,0,0,0,0,225.8333333,1.5,1.333333333,269.5,12.33333333,17.83333333,31.5,2.666666667,17,0,0,0.333333333,0.5,27.62
00-0023682,R.Fitzpatrick,2011091801,9/18/2011 0:00,264,3,1,262,16,45,3,23,0,0,0,0,207.8333333,1.5,1,270.3333333,11.83333333,17.16666667,30,3,15.66666667,0,0,0.333333333,0.5,26.86
00-0023682,R.Fitzpatrick,2011092502,9/25/2011 0:00,369,2,2,370,11,40,4,-6,0,0,0,0,207.6666667,1.833333333,1,251.5,11.16666667,18,30.16666667,3.166666667,18.83333333,0,0,0.166666667,0.333333333,23.16
00-0023682,R.Fitzpatrick,2011100200,10/2/2011 0:00,199,0,0,299,14,34,1,5,0,0,0,0,242.8333333,2,1.166666667,278.8333333,11.5,20,32.66666667,3.166666667,17,0,0,0,0.166666667,11.46
00-0023682,R.Fitzpatrick,2011100907,10/9/2011 0:00,193,1,1,83,5,27,3,7,0,0,0,0,252.3333333,1.833333333,1.166666667,306.3333333,12.33333333,21,34.5,2.666666667,9.666666667,0,0,0,0.166666667,14.42
00-0023682,R.Fitzpatrick,2011101600,10/16/2011 0:00,235,2,2,210,7,29,3,8,0,0,0,0,247.3333333,1.666666667,1.166666667,280.1666667,11.66666667,21.83333333,34.66666667,2.666666667,7.666666667,0,0,0,0,19.2
00-0023682,R.Fitzpatrick,2011103007,10/30/2011 0:00,262,2,1,157,5,27,3,4,0,0,0,0,244.6666667,2,1,243.8333333,10.16666667,22.16666667,33.33333333,2.833333333,6.666666667,0,0,0,0,20.88
00-0023682,R.Fitzpatrick,2011110600,11/6/2011 0:00,191,1,2,269,13,30,3,11,0,0,0,0,253.6666667,1.666666667,1.166666667,230.1666667,9.666666667,22.83333333,33.66666667,2.833333333,6.833333333,0,0,0,0,13.74
00-0023682,R.Fitzpatrick,2011111300,11/13/2011 0:00,131,1,3,199,8,30,3,20,0,0,0,0,241.5,1.333333333,1.333333333,231.3333333,9.166666667,20.66666667,31.16666667,2.833333333,4.833333333,0,0,0,0,11.24
00-0023682,R.Fitzpatrick,2011112002,11/20/2011 0:00,209,0,2,153,15,37,7,16,0,0,0,0,201.8333333,1.166666667,1.5,202.8333333,8.666666667,19.33333333,29.5,2.666666667,9.166666667,0,0,0,0,10.96
00-0023682,R.Fitzpatrick,2011112700,11/27/2011 0:00,264,3,0,402,13,39,5,34,0,0,0,0,203.5,1.166666667,1.833333333,178.5,8.833333333,19.33333333,30,3.666666667,11,0,0,0,0,28.96
00-0023682,R.Fitzpatrick,2011120402,12/4/2011 0:00,288,1,0,357,16,45,4,-6,0,0,1,1,215.3333333,1.5,1.666666667,231.6666667,10.16666667,20.16666667,32,4,15.5,0,0,0,0,16.92
00-0023682,R.Fitzpatrick,2011121112,12/11/2011 0:00,176,0,2,326,19,34,5,26,0,0,0,0,224.1666667,1.333333333,1.333333333,256.1666667,11.66666667,21.66666667,34.66666667,4.166666667,13.16666667,0,0,0.166666667,0.166666667,10.64
00-0023682,R.Fitzpatrick,2011121801,12/18/2011 0:00,316,2,3,359,13,47,2,7,0,0,0,0,209.8333333,1,1.5,284.3333333,14,20.33333333,35.83333333,4.5,16.83333333,0,0,0.166666667,0.166666667,21.34
00-0023682,R.Fitzpatrick,2011122400,12/24/2011 0:00,196,0,0,115,12,27,3,22,0,0,0,0,230.6666667,1.166666667,1.666666667,299.3333333,14,23,38.66666667,4.333333333,16.16666667,0,0,0.166666667,0.166666667,13.04
00-0023682,R.Fitzpatrick,2012010101,1/1/2012 0:00,307,2,4,398,13,46,5,36,0,0,0,0,241.5,1,1.166666667,285.3333333,14.66666667,22.33333333,38.16666667,4.333333333,16.5,0,0,0.166666667,0.166666667,22.88
00-0023682,R.Fitzpatrick,2012090902,9/9/2012 0:00,195,3,3,306,11,32,2,8,0,0,1,1,257.8333333,1.333333333,1.5,326.1666667,14.33333333,23.83333333,39.66666667,4,19.83333333,0,0,0.166666667,0.166666667,19.6
00-0023682,R.Fitzpatrick,2012091605,9/16/2012 0:00,178,2,0,119,9,19,4,34,0,0,0,0,246.3333333,1.333333333,2,310.1666667,14,22.5,38.5,3.5,15.5,0,0,0.333333333,0.333333333,21.52
00-0023682,R.Fitzpatrick,2012092307,9/23/2012 0:00,201,3,0,141,11,32,6,10,0,0,0,0,228,1.5,2,270.5,12.83333333,19.33333333,34.16666667,3.5,22.16666667,0,0,0.166666667,0.166666667,24.04
00-0023682,R.Fitzpatrick,2012093000,9/30/2012 0:00,350,4,4,469,13,39,3,14,0,0,0,0,232.1666667,2,1.666666667,239.6666667,11.5,20.66666667,33.83333333,3.666666667,19.5,0,0,0.166666667,0.166666667,30.4
00-0023682,R.Fitzpatrick,2012100710,10/7/2012 0:00,126,0,1,243,9,26,2,1,0,0,1,1,237.8333333,2.333333333,1.833333333,258,11.5,19.16666667,32.5,3.833333333,20.66666667,0,0,0.166666667,0.166666667,6.14
00-0023682,R.Fitzpatrick,2012101407,10/14/2012 0:00,153,0,0,187,13,31,3,5,0,0,0,0,226.1666667,2.333333333,2,279.3333333,11,19.33333333,32.33333333,3.666666667,17.16666667,0,0,0.333333333,0.333333333,9.62
00-0023682,R.Fitzpatrick,2012102107,10/21/2012 0:00,225,3,1,140,7,35,2,23,0,0,0,0,200.5,2,1.333333333,244.1666667,11,17.5,29.83333333,3.333333333,12,0,0,0.333333333,0.333333333,25.3
00-0023682,R.Fitzpatrick,2012110406,11/4/2012 0:00,239,0,0,251,13,38,3,18,0,0,0,0,205.5,2,1,216.5,10.33333333,19,30.33333333,3.333333333,14.5,0,0,0.166666667,0.166666667,14.36
00-0023682,R.Fitzpatrick,2012111103,11/11/2012 0:00,337,2,1,289,12,40,3,12,0,0,0,1,215.6666667,1.666666667,1,238.5,11,21.5,33.5,3.166666667,11.83333333,0,0,0.166666667,0.166666667,23.68
00-0023682,R.Fitzpatrick,2012111500,11/15/2012 0:00,168,0,0,112,10,27,3,15,0,0,0,2,238.3333333,1.5,1.166666667,263.1666667,11.16666667,22.5,34.83333333,2.666666667,12.16666667,0,0,0.166666667,0.333333333,9.22
00-0023682,R.Fitzpatrick,2012112502,11/25/2012 0:00,180,1,1,246,15,33,3,12,0,0,1,1,208,0.833333333,0.5,203.6666667,10.66666667,21.66666667,32.83333333,2.666666667,12.33333333,0,0,0.166666667,0.666666667,13.4
00-0023682,R.Fitzpatrick,2012120206,12/2/2012 0:00,112,2,1,136,7,17,5,18,1,0,0,0,217,1,0.5,204.1666667,11.66666667,21.83333333,34,2.833333333,14.16666667,0,0,0.166666667,0.666666667,22.28
00-0023682,R.Fitzpatrick,2012120908,12/9/2012 0:00,232,1,1,255,7,31,3,5,0,0,0,0,210.1666667,1.333333333,0.666666667,195.6666667,10.66666667,20.33333333,31.66666667,3.166666667,16.33333333,0.166666667,0,0.166666667,0.666666667,15.78
00-0023682,R.Fitzpatrick,2012121610,12/16/2012 0:00,217,1,2,424,14,37,3,8,0,0,0,0,211.3333333,1,0.666666667,214.8333333,10.66666667,19.66666667,31,3.333333333,13.33333333,0.166666667,0,0.166666667,0.666666667,14.48
00-0023682,R.Fitzpatrick,2012122302,12/23/2012 0:00,240,1,1,319,14,35,4,18,0,0,2,2,207.6666667,1.166666667,1,243.6666667,10.83333333,19,30.83333333,3.333333333,11.66666667,0.166666667,0,0.166666667,0.666666667,15.4
00-0023682,R.Fitzpatrick,2013092908,9/29/2013 0:00,108,1,0,119,5,8,2,-2,0,0,0,0,191.5,1,1,248.6666667,11.16666667,17.83333333,30,3.5,12.66666667,0.166666667,0,0.5,0.833333333,11.12
00-0023682,R.Fitzpatrick,2013100607,10/6/2013 0:00,247,1,1,340,18,40,6,50,1,0,0,0,181.5,1.166666667,1,249.8333333,10.33333333,15.5,26.83333333,3.333333333,9.833333333,0.166666667,0,0.5,0.5,26.88
00-0023682,R.Fitzpatrick,2013101309,10/13/2013 0:00,171,0,2,241,10,29,6,33,0,0,0,0,192.6666667,1.166666667,1,265.5,10.83333333,16.16666667,28,3.833333333,16.16666667,0.333333333,0,0.333333333,0.333333333,11.14
00-0023682,R.Fitzpatrick,2013111007,11/10/2013 0:00,264,2,0,271,11,33,3,13,1,0,0,2,202.5,0.833333333,1.166666667,283,11.33333333,17.5,30,4,18.66666667,0.166666667,0,0.333333333,0.333333333,26.86
00-0023682,R.Fitzpatrick,2013111400,11/14/2013 0:00,222,1,0,182,6,28,4,26,0,0,0,0,207.8333333,1,1,285.6666667,12,17.33333333,30.33333333,4,20,0.333333333,0,0.333333333,0.666666667,18.48
00-0023682,R.Fitzpatrick,2013112409,11/24/2013 0:00,320,2,0,325,12,42,5,26,0,0,0,1,208.6666667,1,0.666666667,245.3333333,10.66666667,17.5,28.83333333,4.166666667,23,0.333333333,0,0.333333333,0.666666667,25.4
00-0023682,R.Fitzpatrick,2013120102,12/1/2013 0:00,201,1,3,321,13,37,8,54,1,0,0,0,222,1.166666667,0.5,246.3333333,10.33333333,19.16666667,30,4.333333333,24.33333333,0.333333333,0,0,0.5,23.44
00-0023682,R.Fitzpatrick,2013120809,12/8/2013 0:00,172,1,0,266,10,23,1,4,0,0,1,1,237.5,1.166666667,1,280,11.66666667,22.16666667,34.83333333,5.333333333,33.66666667,0.5,0,0,0.5,13.28
00-0023682,R.Fitzpatrick,2013121509,12/15/2013 0:00,402,4,2,459,17,55,3,22,0,0,0,0,225,1.166666667,0.833333333,267.6666667,10.33333333,20.83333333,32,4.5,26,0.333333333,0,0.166666667,0.666666667,35.28
00-0023682,R.Fitzpatrick,2013122204,12/22/2013 0:00,181,1,1,220,8,26,3,1,0,0,0,0,263.5,1.833333333,0.833333333,304,11.5,24,36.33333333,4,24.16666667,0.333333333,0,0.166666667,0.666666667,13.34
00-0023682,R.Fitzpatrick,2013122911,12/29/2013 0:00,166,0,1,226,8,24,2,-2,0,0,0,1,249.6666667,1.666666667,1,295.5,11,23.16666667,35.16666667,4,22.16666667,0.166666667,0,0.166666667,0.333333333,7.44
00-0023682,R.Fitzpatrick,2014090703,9/7/2014 0:00,206,1,0,166,8,22,4,10,0,0,0,0,240.3333333,1.5,1.166666667,302.8333333,11.33333333,22,34.5,3.666666667,17.5,0.166666667,0,0.166666667,0.5,16.24
00-0023682,R.Fitzpatrick,2014092107,9/21/2014 0:00,289,1,3,279,10,33,7,34,1,0,0,1,221.3333333,1.333333333,1.166666667,276.3333333,10.66666667,19.33333333,31.16666667,3.5,14.83333333,0.166666667,0,0.166666667,0.333333333,23.96
00-0023682,R.Fitzpatrick,2014092802,9/28/2014 0:00,268,1,2,286,10,37,6,14,0,0,1,1,236,1.333333333,1.166666667,269.3333333,10.16666667,19.16666667,30.5,3.333333333,11.5,0.166666667,0,0.166666667,0.5,16.12
00-0023682,R.Fitzpatrick,2014100501,10/5/2014 0:00,154,0,1,156,8,25,3,3,0,0,0,0,252,1.333333333,1.5,272.6666667,10.16666667,21.16666667,32.83333333,4.166666667,13.16666667,0.166666667,0,0.166666667,0.5,8.46
00-0023682,R.Fitzpatrick,2014100900,10/9/2014 0:00,212,1,0,189,8,23,1,5,0,0,1,1,210.6666667,0.666666667,1.333333333,222.1666667,8.666666667,17.83333333,27.83333333,4.166666667,10,0.166666667,0,0.166666667,0.5,14.98
00-0023682,R.Fitzpatrick,2014102000,10/20/2014 0:00,262,2,1,344,10,32,5,16,0,0,1,1,215.8333333,0.666666667,1.166666667,217,8.666666667,17.5,27.33333333,3.833333333,10.66666667,0.166666667,0,0.333333333,0.666666667,21.08
00-0023682,R.Fitzpatrick,2014102608,10/26/2014 0:00,227,1,0,305,16,35,4,12,0,0,0,0,231.8333333,1,1.166666667,236.6666667,9,18.5,28.66666667,4.333333333,13.66666667,0.166666667,0,0.5,0.666666667,17.28
00-0023682,R.Fitzpatrick,2014110203,11/2/2014 0:00,203,2,1,257,13,27,6,49,0,0,1,1,235.3333333,1,1.166666667,259.8333333,10.33333333,19.33333333,30.83333333,4.333333333,14,0.166666667,0,0.5,0.666666667,22.02
00-0023682,R.Fitzpatrick,2014113002,11/30/2014 0:00,358,6,0,301,9,33,2,10,0,0,1,1,221,1.166666667,0.833333333,256.1666667,10.83333333,18.16666667,29.83333333,4.166666667,16.5,0,0,0.666666667,0.666666667,41.32
00-0023682,R.Fitzpatrick,2014120703,12/7/2014 0:00,135,0,0,144,6,19,8,19,1,0,0,1,236,2,0.5,258.6666667,10.66666667,18,29.16666667,3.5,15.83333333,0,0,0.666666667,0.666666667,15.3
00-0023682,R.Fitzpatrick,2015091305,9/13/2015 0:00,179,2,1,254,8,24,2,-1,0,0,1,1,232.8333333,2,0.333333333,256.6666667,10.33333333,17.5,28.16666667,4.333333333,18.5,0.166666667,0,0.666666667,0.833333333,16.06
00-0023682,R.Fitzpatrick,2015092100,9/21/2015 0:00,244,2,1,377,11,34,1,6,0,0,0,0,227.3333333,2.166666667,0.5,267.5,10.33333333,17.5,28.33333333,4.5,17.5,0.166666667,0,0.666666667,0.833333333,20.36
00-0023682,R.Fitzpatrick,2015092702,9/27/2015 0:00,283,2,3,499,20,58,4,13,0,0,1,2,224.3333333,2.166666667,0.5,273,10.5,17.66666667,28.66666667,3.833333333,15.83333333,0.166666667,0,0.5,0.666666667,18.62
00-0023682,R.Fitzpatrick,2015100400,10/4/2015 0:00,218,1,1,286,12,29,9,34,0,0,0,0,233.6666667,2.333333333,1,305.3333333,11.16666667,20.33333333,32.5,3.833333333,16,0.166666667,0,0.666666667,1,18.12
00-0023682,R.Fitzpatrick,2015101801,10/18/2015 0:00,253,2,1,190,6,26,4,31,1,0,2,2,236.1666667,2.166666667,1,310.1666667,11,20.83333333,32.83333333,4.333333333,13.5,0.166666667,0,0.5,0.833333333,27.22
00-0023682,R.Fitzpatrick,2015102503,10/25/2015 0:00,295,2,0,331,17,39,5,29,0,0,0,0,218.6666667,1.5,1.166666667,291.6666667,10.5,20,31.66666667,4.666666667,17,0.333333333,0,0.666666667,1,25.7
00-0023682,R.Fitzpatrick,2015110805,11/8/2015 0:00,272,2,0,222,13,34,4,0,0,0,0,0,245.3333333,1.833333333,1.166666667,322.8333333,12.33333333,21.5,35,4.166666667,18.66666667,0.166666667,0,0.666666667,0.833333333,21.88
00-0023682,R.Fitzpatrick,2015111200,11/12/2015 0:00,193,2,2,407,17,34,3,30,0,0,0,0,260.8333333,1.833333333,1,317.5,13.16666667,22.5,36.66666667,4.5,18.83333333,0.166666667,0,0.5,0.666666667,19.72
00-0023682,R.Fitzpatrick,2015112203,11/22/2015 0:00,216,1,2,466,18,39,5,12,1,0,0,0,252.3333333,1.833333333,1.166666667,322.5,14.16666667,21.33333333,36.66666667,4.833333333,22.83333333,0.166666667,0,0.5,0.666666667,20.84
00-0023682,R.Fitzpatrick,2015112905,11/29/2015 0:00,277,4,0,359,15,37,5,21,0,0,0,0,241.1666667,1.666666667,1,317,13.83333333,18.66666667,33.5,5,22.66666667,0.333333333,0,0.333333333,0.333333333,32.18
00-0023682,R.Fitzpatrick,2015120600,12/6/2015 0:00,390,2,0,310,14,50,5,22,0,0,0,0,251,2.166666667,0.833333333,329.1666667,14.33333333,19.66666667,34.83333333,4.333333333,20.5,0.333333333,0,0.333333333,0.333333333,28.8
00-0023682,R.Fitzpatrick,2015121301,12/13/2015 0:00,263,3,0,272,15,36,3,23,0,0,0,0,273.8333333,2.166666667,0.666666667,349.1666667,15.66666667,22.5,38.83333333,4.5,19,0.166666667,0,0,0,27.82
00-0023682,R.Fitzpatrick,2015121900,12/19/2015 0:00,299,1,1,311,12,39,5,13,0,0,0,0,268.5,2.333333333,0.666666667,339.3333333,15.33333333,22.33333333,38.33333333,4.166666667,18,0.166666667,0,0,0,19.26
00-0023682,R.Fitzpatrick,2015122702,12/27/2015 0:00,296,3,0,431,15,41,2,13,0,0,0,2,273,2.166666667,0.833333333,354.1666667,15.16666667,23.16666667,39.16666667,4.333333333,20.16666667,0.166666667,0,0,0,26.14
00-0023682,R.Fitzpatrick,2016010300,1/3/2016 0:00,181,2,3,417,18,37,2,12,0,0,0,0,290.1666667,2.333333333,0.5,358.1666667,14.83333333,25,40.33333333,4.166666667,17.33333333,0.166666667,0,0,0.333333333,16.44
00-0023682,R.Fitzpatrick,2016091106,9/11/2016 0:00,189,2,1,197,15,35,4,15,0,0,0,0,284.3333333,2.5,0.666666667,350,14.83333333,24.5,40,3.666666667,17.33333333,0,0,0,0.333333333,19.06
00-0023682,R.Fitzpatrick,2016091500,9/15/2016 0:00,374,1,0,408,10,34,5,21,0,0,1,1,269.6666667,2.166666667,0.833333333,323,14.83333333,24,39.66666667,3.5,16.33333333,0,0,0,0.333333333,23.06
00-0023682,R.Fitzpatrick,2016092512,9/25/2016 0:00,188,0,6,390,18,44,3,22,0,0,1,1,267,2,0.833333333,339.3333333,14.16666667,22,37,3.5,16.16666667,0,0,0.166666667,0.5,5.72
00-0023682,R.Fitzpatrick,2016100206,10/2/2016 0:00,261,1,3,393,15,41,2,5,0,0,0,0,254.5,1.5,1.833333333,359,14.66666667,21.83333333,38.33333333,3.5,16,0,0,0.333333333,0.666666667,14.94
00-0023682,R.Fitzpatrick,2016100906,10/9/2016 0:00,255,1,0,260,13,38,1,9,0,0,0,0,248.1666667,1.5,2.166666667,372.6666667,15.16666667,21.33333333,38.66666667,3,14.66666667,0,0,0.333333333,0.666666667,18.1
00-0023682,R.Fitzpatrick,2016101700,10/17/2016 0:00,174,0,1,232,14,31,1,2,0,0,0,0,241.3333333,1.166666667,2.166666667,344.1666667,14.83333333,21.16666667,38.16666667,2.833333333,14,0,0,0.333333333,0.333333333,9.16
00-0023682,R.Fitzpatrick,2016102306,10/23/2016 0:00,117,1,0,80,5,13,1,-1,0,0,0,0,240.1666667,0.833333333,1.833333333,313.3333333,14.16666667,21.16666667,37.16666667,2.666666667,12.33333333,0,0,0.333333333,0.333333333,11.58
00-0023682,R.Fitzpatrick,2016103003,10/30/2016 0:00,228,1,0,352,18,34,4,13,0,0,0,0,228.1666667,0.666666667,1.666666667,293.8333333,12.5,19.33333333,33.5,2.166666667,9.666666667,0,0,0.333333333,0.333333333,17.42
00-0023682,R.Fitzpatrick,2016110604,11/6/2016 0:00,193,1,2,240,9,28,3,26,0,0,0,0,203.8333333,0.666666667,1.666666667,284.5,13.83333333,18,33.5,2,8.333333333,0,0,0.166666667,0.166666667,15.32
00-0023682,R.Fitzpatrick,2016112711,11/27/2016 0:00,269,2,0,308,10,32,2,1,0,0,1,1,204.6666667,0.833333333,1,259.5,12.33333333,17.5,30.83333333,2,9,0,0,0,0,20.86
00-0023682,R.Fitzpatrick,2016122406,12/24/2016 0:00,136,0,2,307,11,21,1,3,0,0,0,0,206,1,0.5,245.3333333,11.5,17.33333333,29.33333333,2,8.333333333,0,0,0.166666667,0.166666667,6.74
00-0023682,R.Fitzpatrick,2017010106,1/1/2017 0:00,210,2,0,290,10,30,2,0,0,0,0,0,186.1666667,0.833333333,0.833333333,253.1666667,11.16666667,14.5,26.5,2,7.333333333,0,0,0.166666667,0.166666667,19.4
00-0023682,R.Fitzpatrick,2017101507,10/15/2017 0:00,290,3,2,340,8,32,3,10,0,0,0,0,192.1666667,1.166666667,0.666666667,262.8333333,10.5,15.16666667,26.33333333,2.166666667,7,0,0,0.166666667,0.166666667,25.6
00-0023682,R.Fitzpatrick,2017111205,11/12/2017 0:00,187,1,1,354,16,34,4,9,0,0,0,0,221,1.5,1,306.1666667,11,17.5,29.5,2.5,8.833333333,0,0,0.166666667,0.166666667,14.38
00-0023682,R.Fitzpatrick,2017111911,11/19/2017 0:00,275,2,0,329,15,37,3,9,0,0,0,0,214.1666667,1.5,1.166666667,306.5,10.66666667,17.66666667,29.5,2.5,8.166666667,0,0,0.166666667,0.166666667,22.9
00-0023682,R.Fitzpatrick,2017112600,11/26/2017 0:00,283,0,0,345,17,44,2,20,0,0,0,0,227.8333333,1.666666667,0.833333333,321.3333333,11.66666667,18.5,31,2.5,5.333333333,0,0,0.166666667,0.166666667,16.32
00-0023682,R.Fitzpatrick,2018090906,9/9/2018 0:00,417,4,0,341,7,28,12,36,1,0,0,1,230.1666667,1.333333333,0.833333333,327.5,12.83333333,19.33333333,33,2.5,8.5,0,0,0,0,44.28
00-0023682,R.Fitzpatrick,2018091606,9/16/2018 0:00,402,4,1,318,5,33,1,-1,0,0,1,1,277,2,0.5,333.1666667,12.16666667,21.5,34.16666667,4.333333333,14,0.166666667,0,0,0.166666667,32.98
00-0023682,R.Fitzpatrick,2018092400,9/24/2018 0:00,411,3,3,556,17,50,5,27,0,0,1,1,309,2.333333333,0.666666667,337.8333333,11.33333333,22.66666667,34.66666667,4.166666667,13.83333333,0.166666667,0,0.166666667,0.333333333,30.14
00-0023682,R.Fitzpatrick,2018102803,10/28/2018 0:00,194,2,0,190,4,15,1,18,0,0,0,1,329.1666667,2.333333333,0.833333333,373.8333333,12.83333333,24,37.66666667,4.5,16.66666667,0.166666667,0,0.333333333,0.5,19.56
00-0023682,R.Fitzpatrick,2018110402,11/4/2018 0:00,243,4,2,353,14,40,5,23,0,0,0,0,330.3333333,2.5,0.666666667,346.5,10.83333333,23,34.5,4,18.16666667,0.166666667,0,0.333333333,0.666666667,29.02
00-0023682,R.Fitzpatrick,2018111107,11/11/2018 0:00,406,0,2,431,10,41,8,35,0,0,1,2,325,2.833333333,1,350.5,10.66666667,23.33333333,35,4.333333333,20.5,0.166666667,0,0.333333333,0.666666667,18.74
00-0023682,R.Fitzpatrick,2018111805,11/18/2018 0:00,167,0,3,162,5,21,4,14,1,0,0,0,345.5,2.833333333,1.333333333,364.8333333,9.5,23.66666667,34.5,5.333333333,23,0.166666667,0,0.5,1,14.08
00-0023682,R.Fitzpatrick,2019090803,9/8/2019 0:00,185,1,1,402,14,29,1,8,0,0,0,0,303.8333333,2.166666667,1.833333333,335,9.166666667,22.33333333,33.33333333,4,19.33333333,0.166666667,0,0.5,0.833333333,14.2
00-0023682,R.Fitzpatrick,2019101305,10/13/2019 0:00,132,1,0,181,5,17,2,5,0,0,0,0,267.6666667,1.666666667,1.833333333,349,10.66666667,20.16666667,32.66666667,4,20.83333333,0.166666667,0,0.333333333,0.666666667,12.78
00-0023682,R.Fitzpatrick,2019102001,10/20/2019 0:00,282,1,1,335,10,34,6,13,1,0,1,1,221.1666667,1.333333333,1.333333333,286.5,8.666666667,17.16666667,27.16666667,3.5,17.16666667,0.166666667,0,0.166666667,0.5,23.58
00-0023682,R.Fitzpatrick,2019102800,10/28/2019 0:00,190,2,2,299,11,34,5,17,0,0,1,1,235.8333333,1.166666667,1.5,310.6666667,9.666666667,19.16666667,30.33333333,4.333333333,16.33333333,0.333333333,0,0.333333333,0.5,17.3
00-0023682,R.Fitzpatrick,2019110304,11/3/2019 0:00,288,3,0,343,12,36,5,2,0,0,0,0,227,0.833333333,1.5,301.6666667,9.166666667,18.66666667,29.33333333,4.333333333,15.33333333,0.333333333,0,0.5,0.666666667,26.72
00-0023682,R.Fitzpatrick,2019111008,11/10/2019 0:00,169,0,1,173,11,33,4,23,1,0,1,1,207.3333333,1.333333333,1.166666667,287,9.5,17.83333333,28.5,3.833333333,9.833333333,0.333333333,0,0.333333333,0.333333333,16.06
00-0023682,R.Fitzpatrick,2019111704,11/17/2019 0:00,323,0,0,300,13,45,1,0,0,0,1,1,207.6666667,1.333333333,0.833333333,288.8333333,10.5,19.16666667,30.5,3.833333333,11.33333333,0.333333333,0,0.5,0.5,14.92
00-0023682,R.Fitzpatrick,2019112404,11/24/2019 0:00,214,2,2,331,15,38,5,45,1,0,0,0,230.6666667,1.166666667,0.666666667,271.8333333,10.33333333,22.16666667,33.16666667,3.833333333,10,0.333333333,0,0.666666667,0.666666667,28.06
00-0023682,R.Fitzpatrick,2019120106,12/1/2019 0:00,365,3,1,351,11,39,3,2,0,0,0,0,244.3333333,1.333333333,1,296.8333333,12,23.66666667,36.66666667,4.333333333,16.66666667,0.5,0,0.666666667,0.666666667,28.8
00-0023682,R.Fitzpatrick,2019120807,12/8/2019 0:00,245,0,1,318,15,37,7,65,0,0,0,0,258.1666667,1.666666667,1,299.5,12.16666667,24.33333333,37.5,3.833333333,14.83333333,0.333333333,0,0.5,0.5,18.3
00-0023682,R.Fitzpatrick,2019121505,12/15/2019 0:00,279,2,0,324,18,41,4,33,0,0,0,0,267.3333333,1.333333333,0.833333333,302.6666667,12.83333333,24.33333333,38,4.166666667,22.83333333,0.333333333,0,0.333333333,0.333333333,25.46
00-0023682,R.Fitzpatrick,2019122208,12/22/2019 0:00,419,4,1,507,20,52,5,9,0,0,0,1,265.8333333,1.166666667,0.833333333,299.5,13.83333333,24.16666667,38.83333333,4,28,0.333333333,0,0.333333333,0.333333333,34.66
00-0023682,R.Fitzpatrick,2019122910,12/29/2019 0:00,320,1,0,376,13,41,5,15,1,0,0,0,307.5,1.833333333,0.833333333,355.1666667,15.33333333,25.83333333,42,4.166666667,25.66666667,0.166666667,0,0.166666667,0.333333333,27.3
,,,,,,,,,,,,,,,,307,2,0.833333333,367.8333333,15.33333333,25.16666667,41.33333333,4.833333333,28.16666667,0.333333333,0,0,0.166666667,0
00-0024218,V.Young,2009110810,11/8/2009 0:00,172,0,0,228,7,19,5,14,1,0,0,0,125,1,0,100,3,15,18,12,30,0,0,0,0,17.28
00-0024218,V.Young,2009111506,11/15/2009 0:00,210,1,1,182,7,25,5,29,0,0,0,0,148.5,0.5,0,164,5,13.5,18.5,8.5,22,0.5,0,0,0,17.3
00-0024218,V.Young,2009112300,11/23/2009 0:00,116,1,0,220,9,21,11,73,0,0,0,0,169,0.666666667,0.333333333,170,5.666666667,14.66666667,20.66666667,7.333333333,24.33333333,0.333333333,0,0,0,18.94
00-0024218,V.Young,2009112908,11/29/2009 0:00,387,1,0,480,16,43,4,8,0,0,1,1,155.75,0.75,0.25,182.5,6.5,14,20.75,8.25,36.5,0.25,0,0,0,22.28
00-0024218,V.Young,2009120604,12/6/2009 0:00,241,2,1,424,18,43,4,16,0,0,1,1,202,0.8,0.2,242,8.4,16.6,25.2,7.4,30.8,0.2,0,0.2,0.2,20.24
00-0024218,V.Young,2009121310,12/13/2009 0:00,132,1,0,88,2,8,1,44,0,0,0,0,208.5,1,0.333333333,272.3333333,10,17.83333333,28.16666667,6.833333333,28.33333333,0.166666667,0,0.333333333,0.333333333,16.68
00-0024218,V.Young,2009122008,12/20/2009 0:00,236,3,1,243,12,27,2,24,0,0,0,0,209.6666667,1,0.333333333,270.3333333,9.833333333,16.33333333,26.5,5,30.66666667,0.166666667,0,0.333333333,0.333333333,25.84
00-0024218,V.Young,2010010315,1/3/2010 0:00,171,0,1,245,8,26,2,-2,0,0,0,0,220.3333333,1.5,0.5,272.8333333,10.66666667,16.66666667,27.83333333,4.5,32.33333333,0,0,0.333333333,0.333333333,8.64
00-0024218,V.Young,2010091205,9/12/2010 0:00,154,2,0,105,4,17,7,30,0,0,0,1,213.8333333,1.333333333,0.5,283.3333333,10.83333333,16.66666667,28,4,27.16666667,0,0,0.333333333,0.333333333,19.16
00-0024218,V.Young,2010092600,9/26/2010 0:00,118,1,0,181,6,16,3,6,0,0,0,0,220.1666667,1.5,0.5,264.1666667,10,16.83333333,27.33333333,3.333333333,20,0,0,0.333333333,0.5,12.32
00-0024218,V.Young,2010100303,10/3/2010 0:00,173,1,0,266,11,28,1,18,0,0,0,0,175.3333333,1.5,0.5,214.3333333,8.333333333,14,22.83333333,3.166666667,19.66666667,0,0,0.166666667,0.333333333,15.72
00-0024218,V.Young,2010101010,10/10/2010 0:00,173,2,0,312,13,25,4,22,0,0,0,1,164,1.333333333,0.333333333,188,7.166666667,12.83333333,20.33333333,2.666666667,20,0,0,0,0.166666667,19.12
00-0024218,V.Young,2010103107,10/31/2010 0:00,253,2,0,348,11,21,2,3,0,0,0,0,170.8333333,1.5,0.333333333,225.3333333,9,13.83333333,23.16666667,3.166666667,16.33333333,0,0,0,0.333333333,21.42
00-0024218,V.Young,2010112108,11/21/2010 0:00,165,0,0,145,4,16,3,20,0,0,0,0,173.6666667,1.333333333,0.166666667,242.8333333,8.833333333,13.16666667,22.16666667,3.166666667,12.83333333,0,0,0,0.333333333,11.6
00-0024218,V.Young,2011112011,11/20/2011 0:00,258,2,3,367,10,36,6,5,0,0,0,0,172.6666667,1.333333333,0,226.1666667,8.166666667,12.33333333,20.5,3.333333333,16.5,0,0,0,0.333333333,18.82
00-0024218,V.Young,2011112709,11/27/2011 0:00,400,1,1,582,21,48,6,40,0,0,0,0,190,1.333333333,0.5,269.8333333,9.166666667,14,23.66666667,3.166666667,12.33333333,0,0,0,0.166666667,26
00-0024218,V.Young,2011120100,12/1/2011 0:00,208,1,4,320,8,29,5,32,0,0,0,0,237,1.333333333,0.666666667,336.6666667,11.66666667,16.66666667,29,3.666666667,18,0,0,0,0.166666667,14.52
,,,,,,,,,,,,,,,,242.8333333,1.333333333,1.333333333,345.6666667,11.16666667,16.66666667,29.16666667,4.333333333,20.33333333,0,0,0,0.166666667,0
,,,,,,,,,,,,,,,,220,0,0,284,10,21,31,1,0,0,0,0,0,0
00-0024226,J.Cutler,2009092011,9/20/2009 0:00,236,2,0,217,11,38,2,-2,0,0,0,1,277,1,4,371,14,17,35,3,16,0,0,0,0,19.24
00-0024226,J.Cutler,2009092710,9/27/2009 0:00,247,3,1,200,5,27,2,-1,0,0,0,0,256.5,1.5,2,294,12.5,22,36.5,2.5,7,0,0,0,0.5,23.78
00-0024226,J.Cutler,2009100400,10/4/2009 0:00,141,2,0,210,10,28,3,8,1,0,0,0,253.3333333,2,1.666666667,262.6666667,10,21.66666667,33.33333333,2.333333333,4.333333333,0,0,0,0.333333333,23.44
00-0024226,J.Cutler,2009101812,10/18/2009 0:00,300,2,2,432,14,43,3,34,0,0,0,0,225.25,2,1.25,249.5,10,20.75,32,2.5,5.25,0.25,0,0,0.25,24.4
00-0024226,J.Cutler,2009102500,10/25/2009 0:00,251,1,3,307,7,36,3,4,0,0,1,1,240.2,2,1.4,286,10.8,22,34.2,2.6,11,0.2,0,0,0.2,13.44
00-0024226,J.Cutler,2009110102,11/1/2009 0:00,225,0,1,161,12,30,5,32,0,0,0,0,242,1.833333333,1.666666667,289.5,10.16666667,22.66666667,34.5,2.666666667,9.833333333,0.166666667,0,0.166666667,0.333333333,14.2
00-0024226,J.Cutler,2009110801,11/8/2009 0:00,369,3,1,455,17,47,3,17,0,0,0,0,233.3333333,1.666666667,1.166666667,254.5,9.833333333,22.66666667,33.66666667,3,12.5,0.166666667,0,0.166666667,0.333333333,30.46
00-0024226,J.Cutler,2009111200,11/12/2009 0:00,307,0,4,319,16,49,1,2,0,0,0,0,255.5,1.833333333,1.333333333,294.1666667,10.83333333,23,35.16666667,3.166666667,15.66666667,0.166666667,0,0.166666667,0.166666667,11.48
00-0024226,J.Cutler,2009112213,11/22/2009 0:00,171,1,1,304,17,42,2,11,0,0,0,0,265.5,1.333333333,1.833333333,314,12.66666667,24.33333333,38.83333333,3,16.16666667,0.166666667,0,0.166666667,0.166666667,13.94
00-0024226,J.Cutler,2009112904,11/29/2009 0:00,147,1,2,140,3,23,3,16,0,0,0,0,270.5,1.166666667,2,329.6666667,13.83333333,25.33333333,41.16666667,2.833333333,16.66666667,0,0,0.166666667,0.166666667,12.48
00-0024226,J.Cutler,2009120602,12/6/2009 0:00,143,1,0,164,9,17,2,-2,0,0,0,1,245,1,2,281,12,23.83333333,37.83333333,2.833333333,13.66666667,0,0,0.166666667,0.166666667,11.52
00-0024226,J.Cutler,2009121302,12/13/2009 0:00,209,2,2,382,11,36,1,-1,0,0,0,0,227,1,1.5,257.1666667,12.33333333,20.83333333,34.66666667,2.666666667,12.66666667,0,0,0,0.166666667,17.26
00-0024226,J.Cutler,2009122800,12/28/2009 0:00,273,4,1,360,14,35,3,10,0,0,0,0,224.3333333,1.333333333,1.666666667,294,12.16666667,21.83333333,35.66666667,2,7.166666667,0,0,0,0.166666667,29.92
00-0024226,J.Cutler,2010010304,1/3/2010 0:00,276,4,0,350,14,36,1,5,0,0,0,0,208.3333333,1.5,1.666666667,278.1666667,11.66666667,20.33333333,33.66666667,2,6,0,0,0,0.166666667,30.54
00-0024226,J.Cutler,2010091207,9/12/2010 0:00,372,2,1,309,11,35,5,22,0,0,2,3,203.1666667,2.166666667,1,283.3333333,11.33333333,19.16666667,31.5,2,6.5,0,0,0,0.166666667,24.08
00-0024226,J.Cutler,2010091905,9/19/2010 0:00,277,3,0,259,8,29,5,3,0,0,0,0,236.6666667,2.333333333,1,284.1666667,10.33333333,19,30.33333333,2.5,8.333333333,0,0,0.333333333,0.666666667,26.38
00-0024226,J.Cutler,2010092700,9/27/2010 0:00,186,1,1,232,10,26,2,21,0,0,0,1,258.3333333,2.666666667,0.666666667,304,11.16666667,19.5,31.33333333,2.833333333,6.166666667,0,0,0.333333333,0.666666667,14.54
00-0024226,J.Cutler,2010101707,10/17/2010 0:00,290,0,0,416,22,39,2,19,0,0,0,0,265.5,2.666666667,0.833333333,315.3333333,11.33333333,20.66666667,32.83333333,2.833333333,10,0,0,0.333333333,0.666666667,16.5
00-0024226,J.Cutler,2010102405,10/24/2010 0:00,281,1,4,352,10,40,1,0,0,0,1,1,279,2.333333333,0.5,321,13.16666667,19.66666667,33.33333333,3,13.33333333,0,0,0.333333333,0.666666667,13.24
00-0024226,J.Cutler,2010110704,11/7/2010 0:00,188,2,0,244,13,30,5,39,0,0,0,0,280.3333333,1.833333333,1,319.6666667,12.5,20.66666667,34.16666667,2.666666667,11.66666667,0,0,0.5,0.833333333,22.42
00-0024226,J.Cutler,2010111404,11/14/2010 0:00,237,3,2,314,11,35,5,24,0,0,0,0,265.6666667,1.5,1,302,12.33333333,19.83333333,33.16666667,3.333333333,17.33333333,0,0,0.5,0.833333333,24.88
00-0024226,J.Cutler,2010111800,11/18/2010 0:00,156,0,1,200,8,25,4,28,0,0,0,0,243.1666667,1.666666667,1.166666667,302.8333333,12.33333333,19.66666667,33.16666667,3.333333333,17.66666667,0,0,0.166666667,0.333333333,11.04
00-0024226,J.Cutler,2010112804,11/28/2010 0:00,247,4,0,189,7,21,7,17,0,0,0,0,223,1.166666667,1.333333333,293,12.33333333,18.83333333,32.5,3.166666667,21.83333333,0,0,0.166666667,0.333333333,30.58
00-0024226,J.Cutler,2010120505,12/5/2010 0:00,234,1,0,171,5,26,5,12,0,0,0,0,233.1666667,1.666666667,1.166666667,285.8333333,11.83333333,18.66666667,31.66666667,4,21.16666667,0,0,0.166666667,0.166666667,17.56
00-0024226,J.Cutler,2010121200,12/12/2010 0:00,152,0,2,220,12,26,2,21,0,0,1,1,223.8333333,1.833333333,1.166666667,245,9,19.33333333,29.5,4.5,20,0,0,0.166666667,0.166666667,8.18
00-0024226,J.Cutler,2010122000,12/20/2010 0:00,194,3,1,225,9,24,1,-1,0,0,0,1,202.3333333,1.666666667,0.833333333,223,9.333333333,17,27.16666667,4.666666667,23.5,0,0,0.166666667,0.166666667,20.66
00-0024226,J.Cutler,2010122600,12/26/2010 0:00,215,3,1,325,11,25,4,3,1,0,0,0,203.3333333,1.833333333,1,219.8333333,8.666666667,16.5,26.16666667,4,16.83333333,0,0,0.166666667,0.333333333,28.9
00-0024226,J.Cutler,2011010210,1/2/2011 0:00,168,0,2,294,16,39,2,8,0,0,0,0,199.6666667,1.833333333,0.833333333,221.6666667,8.666666667,15,24.5,3.833333333,13.33333333,0.166666667,0,0.166666667,0.333333333,8.52
00-0024226,J.Cutler,2011091808,9/18/2011 0:00,244,1,0,227,26,45,1,12,0,0,0,1,201.6666667,1.833333333,1,237.3333333,10,15.83333333,26.83333333,3.5,10,0.166666667,0,0.166666667,0.333333333,16.96
00-0024226,J.Cutler,2011092511,9/25/2011 0:00,302,2,2,422,14,37,3,2,0,0,0,0,201.1666667,1.333333333,1,243.6666667,13.16666667,16.66666667,30.83333333,2.5,9.166666667,0.166666667,0,0.166666667,0.5,21.28
00-0024226,J.Cutler,2011100205,10/2/2011 0:00,102,0,1,127,7,17,1,2,0,0,0,0,212.5,1.5,1.333333333,285.5,14.66666667,16.66666667,32.66666667,2.166666667,7.5,0.166666667,0,0.166666667,0.5,6.28
00-0024226,J.Cutler,2011101000,10/10/2011 0:00,249,1,0,247,10,38,2,3,0,0,0,0,204.1666667,1.5,1.166666667,270,13.83333333,16.16666667,31.16666667,2,4.333333333,0.166666667,0,0,0.333333333,17.26
00-0024226,J.Cutler,2011102305,10/23/2011 0:00,226,1,2,249,13,32,1,-1,0,0,0,0,213.3333333,1.166666667,1,273.6666667,14,18.5,33.5,2.166666667,5,0.166666667,0,0,0.166666667,13.94
00-0024226,J.Cutler,2011110700,11/7/2011 0:00,208,2,0,329,13,31,1,0,0,0,1,1,215.1666667,0.833333333,1.166666667,261,14.33333333,19.16666667,34.66666667,1.666666667,4.333333333,0,0,0,0.166666667,18.32
00-0024226,J.Cutler,2011111307,11/13/2011 0:00,123,0,0,203,10,19,4,18,0,0,0,0,221.8333333,1.166666667,0.833333333,266.8333333,13.83333333,18.66666667,33.33333333,1.5,3,0,0,0.166666667,0.333333333,9.72
00-0024226,J.Cutler,2011112010,11/20/2011 0:00,286,2,1,368,11,29,5,11,1,0,0,0,201.6666667,1,0.833333333,262.8333333,11.16666667,17,29,2,4,0,0,0.166666667,0.166666667,28.54
00-0024226,J.Cutler,2012090900,9/9/2012 0:00,333,2,1,400,13,35,4,-4,0,0,0,0,199,1,0.666666667,253.8333333,10.66666667,16.33333333,27.66666667,2.333333333,5.5,0.166666667,0,0.166666667,0.166666667,22.92
00-0024226,J.Cutler,2012091300,9/13/2012 0:00,126,1,4,326,12,27,1,12,0,0,0,0,237.5,1.333333333,0.666666667,299.3333333,11.66666667,18.33333333,30.66666667,2.833333333,4.5,0.166666667,0,0.166666667,0.166666667,9.24
00-0024226,J.Cutler,2012092301,9/23/2012 0:00,183,0,1,217,13,31,4,18,0,0,0,0,217,1.333333333,1.333333333,312.5,12,15.5,28.83333333,2.666666667,6,0.166666667,0,0.166666667,0.166666667,11.12
00-0024226,J.Cutler,2012100100,10/1/2012 0:00,275,2,0,282,6,24,3,0,0,0,0,0,209.8333333,1.166666667,1.166666667,307.1666667,12,15.5,28.66666667,3.166666667,9.166666667,0.166666667,0,0.166666667,0.166666667,22
00-0024226,J.Cutler,2012100708,10/7/2012 0:00,292,2,1,351,15,39,2,22,0,0,0,0,221,1.166666667,1.166666667,299.3333333,10.83333333,15.5,27.5,3.5,9.166666667,0.166666667,0,0,0,23.88
00-0024226,J.Cutler,2012102200,10/22/2012 0:00,150,1,0,219,15,31,3,34,0,0,0,0,249.1666667,1.5,1.333333333,324,11.66666667,17.83333333,30.83333333,3.166666667,9.833333333,0.166666667,0,0,0,16.4
00-0024226,J.Cutler,2012102806,10/28/2012 0:00,186,1,1,265,8,28,1,4,0,0,0,0,226.5,1.333333333,1.166666667,299.1666667,12.33333333,17.66666667,31.16666667,2.833333333,13.66666667,0,0,0,0,13.84
00-0024226,J.Cutler,2012110403,11/4/2012 0:00,229,3,0,189,7,26,1,12,0,0,0,0,202,1.166666667,1.166666667,276.6666667,11.5,17.33333333,30,2.333333333,15,0,0,0,0,25.36
00-0024226,J.Cutler,2012112505,11/25/2012 0:00,188,1,1,222,7,31,3,9,0,0,0,0,219.1666667,1.5,0.5,253.8333333,10.66666667,18.66666667,29.83333333,2.333333333,15,0,0,0,0,14.42
00-0024226,J.Cutler,2012120200,12/2/2012 0:00,233,2,0,295,9,26,4,27,0,0,0,1,220,1.666666667,0.5,254.6666667,9.666666667,19.66666667,29.83333333,2.166666667,13.5,0,0,0,0,22.02
00-0024226,J.Cutler,2012120905,12/9/2012 0:00,260,1,2,487,20,44,2,16,0,0,0,0,213,1.666666667,0.5,256.8333333,10.16666667,19.5,30.16666667,2.333333333,18,0,0,0,0.166666667,17
00-0024226,J.Cutler,2012121600,12/16/2012 0:00,135,1,1,167,8,21,1,9,0,0,0,1,207.6666667,1.5,0.666666667,279.5,11,19.33333333,31,2.333333333,17,0,0,0,0.166666667,11.3
00-0024226,J.Cutler,2012122312,12/23/2012 0:00,146,1,0,350,14,26,3,8,0,0,0,0,205.1666667,1.5,0.833333333,270.8333333,9.833333333,18.66666667,29.33333333,2,12.83333333,0,0,0,0.333333333,13.64
00-0024226,J.Cutler,2012123008,12/30/2012 0:00,257,1,0,350,13,31,5,29,0,0,0,0,198.5,1.5,0.666666667,285,10.83333333,17.5,29,2.333333333,13.5,0,0,0,0.333333333,20.18
00-0024226,J.Cutler,2013090802,9/8/2013 0:00,242,2,1,231,10,32,3,16,0,0,0,0,203.1666667,1.166666667,0.666666667,311.8333333,11.83333333,17.33333333,29.83333333,3,16.33333333,0,0,0,0.333333333,21.28
00-0024226,J.Cutler,2013091503,9/15/2013 0:00,290,3,2,280,8,38,3,9,0,0,0,0,212.1666667,1.333333333,0.666666667,313.3333333,12.33333333,17,30,3,17.5,0,0,0,0.333333333,25.5
00-0024226,J.Cutler,2013092213,9/22/2013 0:00,159,1,0,205,10,30,4,11,0,0,0,1,221.6666667,1.5,1,310.8333333,12.16666667,18.83333333,32,2.833333333,14.5,0,0,0,0.166666667,13.46
00-0024226,J.Cutler,2013092902,9/29/2013 0:00,317,2,3,568,17,47,1,9,0,0,0,0,204.8333333,1.5,0.666666667,263.8333333,10.5,18.5,29.66666667,3.166666667,13.66666667,0,0,0,0.333333333,21.58
00-0024226,J.Cutler,2013100600,10/6/2013 0:00,358,2,0,301,9,33,4,27,0,0,0,0,235.1666667,1.666666667,1,330.6666667,12,21,34,3.166666667,13.66666667,0,0,0,0.166666667,28.02
00-0024226,J.Cutler,2013101000,10/10/2013 0:00,256,2,0,288,11,34,3,20,0,0,0,0,270.5,1.833333333,1,322.5,11.16666667,23,35.16666667,3.333333333,16.83333333,0,0,0,0.166666667,23.24
00-0024226,J.Cutler,2013121501,12/15/2013 0:00,265,3,2,315,7,31,3,11,0,0,1,1,270.3333333,2,1,312.1666667,10.83333333,23.83333333,35.66666667,3,15.33333333,0,0,0,0.166666667,23.7
00-0024226,J.Cutler,2013122207,12/22/2013 0:00,222,1,1,323,12,33,2,15,0,0,0,0,274.1666667,2.166666667,1.166666667,326.1666667,10.33333333,24,35.5,3,14.5,0,0,0.166666667,0.333333333,16.38
00-0024226,J.Cutler,2014091413,9/14/2014 0:00,176,4,0,306,11,34,5,25,0,0,0,0,262.8333333,1.833333333,1,333.3333333,11,22.66666667,34.66666667,2.833333333,15.5,0,0,0.166666667,0.333333333,28.54
00-0024226,J.Cutler,2014092200,9/22/2014 0:00,225,2,0,267,15,38,5,14,0,0,0,0,265.6666667,2.333333333,1,350.1666667,11.16666667,23.16666667,35.33333333,3,17.83333333,0,0,0.166666667,0.166666667,21.4
00-0024226,J.Cutler,2014092801,9/28/2014 0:00,256,2,2,270,10,34,3,29,0,0,0,1,250.3333333,2.333333333,0.5,300,10.83333333,22.5,33.83333333,3.666666667,18.66666667,0,0,0.166666667,0.166666667,21.14
00-0024226,J.Cutler,2014100500,10/5/2014 0:00,289,2,2,195,6,36,3,22,1,0,0,0,233.3333333,2.333333333,0.833333333,294.8333333,11,22.16666667,34,3.5,19,0,0,0.166666667,0.333333333,28.76
00-0024226,J.Cutler,2014101200,10/12/2014 0:00,381,1,0,319,12,38,5,11,0,0,0,0,238.8333333,2.333333333,1.166666667,279.3333333,10.16666667,23,34.33333333,3.5,19.33333333,0.166666667,0,0.166666667,0.333333333,23.34
00-0024226,J.Cutler,2014101902,10/19/2014 0:00,190,1,1,307,12,34,2,3,0,0,1,3,258.1666667,2,0.833333333,280,11,23.66666667,35.5,3.833333333,19.33333333,0.166666667,0,0,0.166666667,10.9
00-0024226,J.Cutler,2014102605,10/26/2014 0:00,227,3,1,245,9,30,1,6,0,0,0,0,252.8333333,2,0.833333333,277.3333333,11,23.83333333,35.66666667,3.833333333,17.33333333,0.166666667,0,0.166666667,0.666666667,23.68
00-0024226,J.Cutler,2014110910,11/9/2014 0:00,272,1,2,246,13,37,2,0,0,0,0,0,261.3333333,1.833333333,1,267.1666667,10.66666667,23.33333333,35,3.166666667,14.16666667,0.166666667,0,0.166666667,0.666666667,15.88
00-0024226,J.Cutler,2014111601,11/16/2014 0:00,330,3,2,334,10,43,5,21,0,0,0,0,269.1666667,1.666666667,1.333333333,263.6666667,10.33333333,23.16666667,34.83333333,2.666666667,11.83333333,0.166666667,0,0.166666667,0.666666667,28.3
00-0024226,J.Cutler,2014112700,11/27/2014 0:00,280,2,2,341,15,48,1,-1,0,0,0,0,281.5,1.833333333,1.333333333,274.3333333,10.33333333,24.66666667,36.33333333,3,10.5,0.166666667,0,0.166666667,0.5,20.1
00-0024226,J.Cutler,2014120400,12/4/2014 0:00,341,2,1,389,13,46,2,9,1,0,1,1,280,1.833333333,1.333333333,298.6666667,11.83333333,25.16666667,38.33333333,2.666666667,6.666666667,0,0,0.166666667,0.5,29.54
00-0024226,J.Cutler,2014121500,12/15/2014 0:00,194,2,3,289,11,31,1,20,0,0,0,0,273.3333333,2,1.5,310.3333333,12,26.16666667,39.66666667,2.166666667,6.333333333,0.166666667,0,0.333333333,0.666666667,17.76
00-0024226,J.Cutler,2014122806,12/28/2014 0:00,172,0,0,124,13,36,3,39,0,0,0,0,274,2.166666667,1.833333333,307.3333333,11.83333333,25.5,39.16666667,2,9.166666667,0.166666667,0,0.166666667,0.166666667,13.78
00-0024226,J.Cutler,2015091300,9/13/2015 0:00,225,1,1,280,16,35,4,31,0,0,0,0,264.8333333,1.666666667,1.666666667,287.1666667,12.5,26,40.16666667,2.333333333,14.66666667,0.166666667,0,0.166666667,0.166666667,18.1
00-0024226,J.Cutler,2015092006,9/20/2015 0:00,120,1,1,72,0,9,3,24,0,0,0,0,257,1.666666667,1.5,292.8333333,13,25.33333333,39.83333333,2.666666667,19.83333333,0.166666667,0,0.166666667,0.166666667,13.2
00-0024226,J.Cutler,2015100401,10/4/2015 0:00,284,2,1,279,14,42,1,0,0,0,0,1,222,1.333333333,1.333333333,249.1666667,11.33333333,21.5,34.16666667,2.333333333,20.33333333,0.166666667,0,0.166666667,0.166666667,20.36
00-0024226,J.Cutler,2015101101,10/11/2015 0:00,252,2,0,343,19,45,4,15,0,0,0,1,222.6666667,1.333333333,1.166666667,238.8333333,11.16666667,20.83333333,33.16666667,2.333333333,20.5,0.166666667,0,0.166666667,0.333333333,21.58
00-0024226,J.Cutler,2015101800,10/18/2015 0:00,353,1,1,350,14,41,2,12,0,0,0,0,207.8333333,1.333333333,1,231.1666667,12.16666667,19.83333333,33,2.666666667,21.5,0,0,0,0.333333333,21.32
00-0024226,J.Cutler,2015110104,11/1/2015 0:00,211,1,0,339,11,33,2,11,1,0,0,0,234.3333333,1.166666667,0.666666667,241.3333333,12.66666667,21.33333333,34.66666667,2.833333333,20.16666667,0,0,0,0.333333333,22.54
00-0024226,J.Cutler,2015110900,11/9/2015 0:00,345,2,1,426,12,40,3,-2,0,0,0,0,240.8333333,1.333333333,0.666666667,277.1666667,12.33333333,21.16666667,34.16666667,2.666666667,15.5,0.166666667,0,0,0.333333333,23.6
00-0024226,J.Cutler,2015111504,11/15/2015 0:00,258,3,0,95,5,24,3,24,0,0,0,0,260.8333333,1.5,0.666666667,301.5,11.66666667,22.66666667,35,2.5,10,0.166666667,0,0,0.333333333,27.72
00-0024226,J.Cutler,2015112200,11/22/2015 0:00,265,0,1,321,13,32,3,29,0,0,0,0,283.8333333,1.833333333,0.5,305.3333333,12.5,24.5,37.5,2.5,10,0.166666667,0,0,0.333333333,15.5
00-0024226,J.Cutler,2015112602,11/26/2015 0:00,200,1,0,193,12,31,4,9,0,0,0,0,280.6666667,1.5,0.5,312.3333333,12.33333333,23,35.83333333,2.833333333,14.83333333,0.166666667,0,0,0.166666667,15.9
00-0024226,J.Cutler,2015120605,12/6/2015 0:00,202,0,1,315,12,31,4,10,0,0,0,1,272,1.333333333,0.5,287.3333333,11.16666667,21.83333333,33.5,2.833333333,13.83333333,0.166666667,0,0,0,10.08
00-0024226,J.Cutler,2015121306,12/13/2015 0:00,315,2,0,376,12,31,1,5,0,0,0,0,246.8333333,1.166666667,0.5,281.5,10.83333333,20.5,31.83333333,3.166666667,13.5,0.166666667,0,0,0.166666667,24.1
00-0024226,J.Cutler,2015122002,12/20/2015 0:00,231,2,1,313,10,37,1,1,0,0,0,0,264.1666667,1.333333333,0.5,287.6666667,11,20,31.5,3,12.5,0,0,0,0.166666667,19.34
00-0024226,J.Cutler,2015122708,12/27/2015 0:00,156,1,0,108,7,27,2,21,0,0,0,0,245.1666667,1.333333333,0.5,268.8333333,10.66666667,19.83333333,31,2.666666667,13,0,0,0,0.166666667,15.34
00-0024226,J.Cutler,2016010309,1/3/2016 0:00,245,2,3,238,3,23,1,11,0,0,0,0,228.1666667,1,0.5,271,11,20,31.5,2.5,12.5,0,0,0,0.166666667,18.9
00-0024226,J.Cutler,2016091102,9/11/2016 0:00,216,1,1,304,12,29,2,12,0,0,0,0,224.8333333,1.333333333,0.833333333,257.1666667,9.333333333,19.83333333,30,2.166666667,9.5,0,0,0,0.166666667,15.84
00-0024226,J.Cutler,2016103100,10/31/2016 0:00,252,1,0,353,11,31,1,2,0,0,0,0,227.5,1.333333333,1,275.6666667,9.333333333,19.33333333,29.66666667,1.833333333,10,0,0,0,0.166666667,17.28
00-0024226,J.Cutler,2016111306,11/13/2016 0:00,182,1,2,205,12,30,1,7,0,0,0,0,235.8333333,1.5,0.833333333,282,9.166666667,19.66666667,29.66666667,1.333333333,8.666666667,0,0,0,0,12.98
00-0024226,J.Cutler,2016112007,11/20/2016 0:00,252,1,1,279,12,30,1,3,0,0,0,0,213.6666667,1.333333333,1.166666667,253.5,9.166666667,19.16666667,29.5,1.333333333,9,0,0,0,0,16.38
00-0024226,J.Cutler,2017091708,9/17/2017 0:00,230,1,0,321,9,33,2,-1,0,0,0,0,217.1666667,1.166666667,1.166666667,247.8333333,9.5,17.66666667,28.33333333,1.333333333,9.333333333,0,0,0,0,16.1
00-0024226,J.Cutler,2017092408,9/24/2017 0:00,220,1,1,452,17,44,1,9,0,0,0,0,229.5,1.166666667,1.166666667,283.3333333,9.833333333,18.33333333,29.33333333,1.333333333,5.666666667,0,0,0,0,15.7
00-0024226,J.Cutler,2017100100,10/1/2017 0:00,164,0,1,147,7,28,1,5,0,0,0,1,225.3333333,1,0.833333333,319,12.16666667,19.83333333,32.83333333,1.333333333,5.333333333,0,0,0,0,8.06
00-0024226,J.Cutler,2017101500,10/15/2017 0:00,151,2,1,208,13,33,1,-1,0,0,0,0,216.6666667,0.833333333,0.833333333,292.8333333,11.33333333,20.5,32.66666667,1.166666667,4.166666667,0,0,0,0.166666667,15.94
00-0024226,J.Cutler,2017110510,11/5/2017 0:00,311,3,0,214,8,42,1,0,0,0,0,0,199.8333333,1,1,268.6666667,11.66666667,20.33333333,33,1.166666667,3.666666667,0,0,0,0.166666667,27.44
00-0024226,J.Cutler,2017111300,11/13/2017 0:00,213,2,1,327,14,37,1,-1,0,0,0,0,221.3333333,1.333333333,0.666666667,270.1666667,11,23.33333333,35,1.166666667,2.5,0,0,0,0.166666667,18.42
00-0024226,J.Cutler,2017120306,12/3/2017 0:00,235,2,2,336,11,31,1,1,0,0,1,1,214.8333333,1.5,0.666666667,278.1666667,11.33333333,24.16666667,36.16666667,1.166666667,1.833333333,0,0,0,0.166666667,17.5
00-0024226,J.Cutler,2017121100,12/11/2017 0:00,263,3,0,294,13,38,4,4,0,0,0,1,215.6666667,1.666666667,1,280.6666667,11.66666667,23.16666667,35.83333333,1,2.166666667,0,0,0.166666667,0.333333333,24.92
00-0024226,J.Cutler,2017121700,12/17/2017 0:00,274,0,3,421,18,49,2,8,0,0,0,2,222.8333333,2,0.833333333,254.3333333,11,23,34.83333333,1.5,1.333333333,0,0,0.166666667,0.5,9.76
00-0024226,J.Cutler,2017122403,12/24/2017 0:00,286,1,0,395,19,38,2,-1,0,0,2,2,241.1666667,2,1.166666667,300,12.83333333,24.33333333,38.33333333,1.666666667,1.833333333,0,0,0.166666667,0.666666667,16.34
,,,,,,,,,,,,,,,,263.6666667,1.833333333,1,331.1666667,13.83333333,24.33333333,39.16666667,1.833333333,1.833333333,0,0,0.5,1,0
00-0024264,K.Clemens,2011121800,12/18/2011 0:00,229,1,0,251,11,36,2,9,0,0,0,0,111,0,0,204,10,12,22,3,2,0,0,0,0,17.06
00-0024264,K.Clemens,2012010112,1/1/2012 0:00,226,1,1,364,16,31,2,18,1,0,0,0,170,0.5,0,227.5,10.5,18.5,29,2.5,5.5,0,0,0,0,22.84
00-0024264,K.Clemens,2013102800,10/28/2013 0:00,132,0,2,227,14,30,2,11,0,0,0,0,188.6666667,0.666666667,0.333333333,273,12.33333333,17,29.66666667,2.333333333,9.666666667,0.333333333,0,0,0,7.38
00-0024264,K.Clemens,2013110304,11/3/2013 0:00,210,1,0,275,14,34,1,16,0,0,0,0,174.5,0.5,0.75,261.5,12.75,16.25,29.75,2.25,10,0.25,0,0,0,17
00-0024264,K.Clemens,2013111004,11/10/2013 0:00,247,2,0,116,7,16,3,2,0,0,0,0,181.6,0.6,0.6,264.2,13,17,30.6,2,11.2,0.2,0,0,0,21.08
00-0024264,K.Clemens,2013112407,11/24/2013 0:00,167,1,0,256,12,22,3,-3,0,0,0,0,192.5,0.833333333,0.5,239.5,12,15.66666667,28.16666667,2.166666667,9.666666667,0.166666667,0,0,0,13.38
00-0024264,K.Clemens,2013120108,12/1/2013 0:00,218,1,1,395,17,37,3,21,0,0,0,0,201.8333333,1,0.5,248.1666667,12.33333333,15.33333333,28.16666667,2.166666667,8.833333333,0.166666667,0,0,0,16.82
00-0024264,K.Clemens,2013120810,12/8/2013 0:00,181,0,2,218,9,27,2,10,0,0,0,0,200,1,0.666666667,272.1666667,13.33333333,14.33333333,28.33333333,2.333333333,10.83333333,0.166666667,0,0,0,9.24
00-0024264,K.Clemens,2013121507,12/15/2013 0:00,158,2,0,130,6,20,3,5,0,0,0,0,192.5,0.833333333,0.833333333,247.8333333,12.16666667,14.66666667,27.66666667,2.333333333,9.5,0,0,0,0,17.82
00-0024264,K.Clemens,2013122208,12/22/2013 0:00,158,0,0,136,4,20,4,0,0,0,0,0,196.8333333,1.166666667,0.5,231.6666667,10.83333333,14.66666667,26,2.5,8.5,0,0,0,0,9.32
00-0024264,K.Clemens,2013122915,12/29/2013 0:00,157,1,2,213,7,30,2,2,0,0,0,0,188.1666667,1,0.5,208.5,9.166666667,14,23.66666667,3,5.833333333,0,0,0,0,11.48
,,,,,,,,,,,,,,,,173.1666667,0.833333333,0.833333333,224.6666667,9.166666667,16,26,2.833333333,5.833333333,0,0,0,0,0
00-0024279,T.Jackson,2010121301,12/13/2010 0:00,118,0,1,243,14,30,4,8,0,0,0,0,187,2,3,217,4,15,22,2,22,0,0,0,0,7.52
00-0024279,T.Jackson,2011091110,9/11/2011 0:00,193,2,1,268,14,35,4,13,0,0,0,0,152.5,1,2,230,9,15,26,3,15,0,0,0,0,19.02
00-0024279,T.Jackson,2011091809,9/18/2011 0:00,159,0,0,169,9,29,3,12,0,0,0,0,166,1.333333333,1.666666667,242.6666667,10.66666667,16.66666667,29,3.333333333,14.33333333,0,0,0,0,10.56
00-0024279,T.Jackson,2011092512,9/25/2011 0:00,171,0,1,274,12,31,4,20,1,0,0,0,164.25,1,1.25,224.25,10.25,17.5,29,3.25,13.75,0,0,0,0,16.84
00-0024279,T.Jackson,2011100210,10/2/2011 0:00,319,3,2,350,10,37,2,16,0,0,0,0,165.6,0.8,1.2,234.2,10.6,17.6,29.4,3.4,15,0.2,0,0,0,27.36
00-0024279,T.Jackson,2011100904,10/9/2011 0:00,166,1,1,118,6,22,4,17,0,0,0,0,191.1666667,1.166666667,1.333333333,253.5,10.5,18.83333333,30.66666667,3.166666667,15.16666667,0.166666667,0,0,0,14.34
00-0024279,T.Jackson,2011103010,10/30/2011 0:00,323,0,1,430,18,40,1,2,0,0,0,0,187.6666667,1,1,237,10.83333333,18.83333333,30.66666667,3.5,14.33333333,0.166666667,0,0,0,15.12
00-0024279,T.Jackson,2011110603,11/6/2011 0:00,221,0,3,302,10,30,2,3,0,0,0,0,221.8333333,1,1,268.1666667,11.5,19.83333333,32.33333333,3,13.33333333,0.166666667,0,0,0,9.14
00-0024279,T.Jackson,2011111311,11/13/2011 0:00,217,0,0,225,10,27,5,3,0,0,0,1,226.5,0.666666667,1.333333333,273.8333333,10.83333333,19.33333333,31.5,2.666666667,11.66666667,0.166666667,0,0,0,10.98
00-0024279,T.Jackson,2011112009,11/20/2011 0:00,148,1,2,222,8,24,2,10,0,0,0,0,236.1666667,0.666666667,1.333333333,283.1666667,11,18.83333333,31.16666667,3,10.16666667,0.166666667,0,0,0.166666667,11.92
00-0024279,T.Jackson,2011120100,12/1/2011 0:00,190,1,0,135,3,16,2,4,0,0,0,0,232.3333333,0.833333333,1.5,274.5,10.33333333,18.16666667,30,2.666666667,8.5,0,0,0,0.166666667,15
00-0024279,T.Jackson,2011121200,12/12/2011 0:00,224,1,0,223,11,32,5,4,0,0,0,0,210.8333333,0.5,1.166666667,238.6666667,9.166666667,16.16666667,26.5,2.666666667,6.5,0,0,0,0.166666667,16.36
00-0024279,T.Jackson,2011121804,12/18/2011 0:00,227,1,0,266,12,31,3,-2,0,0,0,0,220.5,0.5,1,256.1666667,10,17.16666667,28.16666667,2.833333333,4.333333333,0,0,0,0.166666667,15.88
00-0024279,T.Jackson,2011122412,12/24/2011 0:00,163,1,0,247,12,27,3,5,0,0,0,0,204.5,0.666666667,0.833333333,228.8333333,9,16.83333333,26.66666667,3.166666667,3.666666667,0,0,0,0.166666667,14.02
00-0024279,T.Jackson,2012010115,1/1/2012 0:00,222,1,1,390,13,35,1,3,0,0,0,0,194.8333333,0.833333333,0.333333333,219.6666667,9.333333333,16.5,26.16666667,3.333333333,4,0,0,0,0.166666667,15.18
00-0024279,T.Jackson,2013092212,9/22/2013 0:00,129,1,0,97,1,8,3,2,1,0,0,0,195.6666667,1,0.5,247.1666667,9.833333333,17.16666667,27.5,2.666666667,4,0,0,0,0,18.36
,,,,,,,,,,,,,,,,192.5,1,0.166666667,226.3333333,8.666666667,16,24.83333333,2.833333333,2.666666667,0.166666667,0,0,0,0
00-0024296,C.Whitehurst,2011010215,1/2/2011 0:00,192,1,0,227,14,36,8,30,0,0,1,1,113,1,2,287,9,12,23,2,2,0,0,0,0,16.68
00-0024296,C.Whitehurst,2011100904,10/9/2011 0:00,149,1,0,195,8,19,2,6,0,0,0,0,152.5,1,1,257,11.5,17,29.5,5,16,0,0,0.5,0.5,13.56
00-0024296,C.Whitehurst,2014092803,9/28/2014 0:00,177,1,1,281,10,23,5,40,0,0,1,1,151.3333333,1,0.666666667,236.3333333,10.33333333,15,26,4,12.66666667,0,0,0.333333333,0.333333333,16.08
00-0024296,C.Whitehurst,2014100508,10/5/2014 0:00,194,2,0,274,8,21,2,-1,0,0,0,0,157.75,1,0.75,247.5,10.25,14.25,25.25,4.25,19.5,0,0,0.5,0.5,18.66
00-0024296,C.Whitehurst,2014101208,10/12/2014 0:00,233,0,0,193,11,28,2,1,0,0,0,0,165,1.2,0.6,252.8,9.8,14,24.4,3.8,15.4,0,0,0.4,0.4,12.42
00-0024296,C.Whitehurst,2014101908,10/19/2014 0:00,160,2,1,222,8,26,2,10,0,0,0,0,176.3333333,1,0.5,242.8333333,10,14.5,25,3.5,13,0,0,0.333333333,0.333333333,17.4
00-0024296,C.Whitehurst,2014121411,12/14/2014 0:00,203,0,0,248,13,23,2,9,0,0,0,0,184.1666667,1.166666667,0.333333333,232,9.833333333,15.33333333,25.5,3.5,14.33333333,0,0,0.333333333,0.333333333,12.02
00-0024296,C.Whitehurst,2014121800,12/18/2014 0:00,287,1,0,304,10,34,3,12,0,0,0,0,186,1,0.333333333,235.5,9.666666667,13.33333333,23.33333333,2.5,10.83333333,0,0,0.166666667,0.166666667,19.68
00-0024296,C.Whitehurst,2016100901,10/9/2016 0:00,182,1,1,195,9,24,2,1,0,0,0,0,209,1,0.333333333,253.6666667,10,15.5,25.83333333,2.666666667,11.83333333,0,0,0.166666667,0.166666667,13.38
,,,,,,,,,,,,,,,,209.8333333,1,0.333333333,239.3333333,9.833333333,15.83333333,26,2.166666667,5.333333333,0,0,0,0,0
00-0024408,B.Gradkowski,2009112601,11/26/2009 0:00,200,1,0,345,17,35,3,30,0,0,0,0,183,2,1,337,14,17,32,6,8,0,0,0,0,18
00-0024408,B.Gradkowski,2009120607,12/6/2009 0:00,308,3,0,409,13,33,3,20,0,0,0,0,191.5,1.5,0.5,341,15.5,17.5,33.5,4.5,19,0,0,0,0,29.32
00-0024408,B.Gradkowski,2009121311,12/13/2009 0:00,153,0,0,199,8,18,3,16,0,0,0,0,230.3333333,2,0.333333333,363.6666667,14.66666667,18.33333333,33.33333333,4,19.33333333,0,0,0,0,10.72
00-0024408,B.Gradkowski,2010091910,9/19/2010 0:00,162,1,1,245,10,22,4,0,0,0,0,0,211,1.5,0.25,322.5,13,16.25,29.5,3.75,18.5,0,0,0,0,12.48
00-0024408,B.Gradkowski,2010092612,9/26/2010 0:00,255,1,1,396,16,34,4,13,0,0,0,0,201.2,1.4,0.4,307,12.4,15.2,28,3.8,14.8,0,0,0,0,17.5
00-0024408,B.Gradkowski,2010100309,10/3/2010 0:00,278,2,2,268,12,38,3,16,0,0,0,0,210.1666667,1.333333333,0.5,321.8333333,13,15.5,29,3.833333333,14.5,0,0,0,0,21.72
,,,,,,,,,,,,,,,,226,1.333333333,0.666666667,310.3333333,12.66666667,16.66666667,30,3.333333333,15.83333333,0,0,0,0,0
00-0024812,T.Palko,2011112711,11/27/2011 0:00,167,0,3,204,7,28,1,0,0,0,0,0,236,0,3,278,10,25,38,1,-6,0,0,0,0,6.68
00-0024812,T.Palko,2011120401,12/4/2011 0:00,157,1,0,171,12,29,1,1,0,0,0,1,201.5,0,3,241,8.5,21.5,33,1,-3,0,0,0,0,12.38
00-0024812,T.Palko,2011121102,12/11/2011 0:00,195,1,1,274,15,32,1,12,0,0,0,0,186.6666667,0.333333333,2,217.6666667,9.666666667,20,31.66666667,1,-1.666666667,0,0,0,0.333333333,15
,,,,,,,,,,,,,,,,188.75,0.5,1.75,231.75,11,19,31.75,1,1.75,0,0,0,0.25,0
00-0025388,J.Russell,2009092004,9/20/2009 0:00,109,0,0,305,17,24,3,-3,0,0,0,0,208,1,2,428,15,12,29,2,6,0,0,0,0,7.06
00-0025388,J.Russell,2009100402,10/4/2009 0:00,128,0,0,335,20,32,1,1,0,0,1,1,158.5,0.5,1,366.5,16,9.5,26.5,2.5,1.5,0,0,0,0,7.22
00-0025388,J.Russell,2009101808,10/18/2009 0:00,224,1,2,166,9,28,5,8,0,0,0,0,148.3333333,0.333333333,0.666666667,356,17.33333333,10.33333333,28.33333333,2,1.333333333,0,0,0.333333333,0.333333333,14.76
00-0025388,J.Russell,2009110108,11/1/2009 0:00,109,0,1,211,7,22,1,1,0,0,0,0,167.25,0.5,1,308.5,15.25,12,28.25,2.75,3,0,0,0.25,0.25,6.46
00-0025388,J.Russell,2010010313,1/3/2010 0:00,102,0,1,155,4,14,2,5,0,0,0,0,155.6,0.4,1,289,13.6,12.4,27,2.4,2.6,0,0,0.2,0.2,6.58
,,,,,,,,,,,,,,,,146.6666667,0.333333333,1,266.6666667,12,11.83333333,24.83333333,2.333333333,3,0,0,0.166666667,0.166666667,0
00-0025409,B.Quinn,2009092012,9/20/2009 0:00,161,0,1,268,12,31,3,4,0,0,1,1,205,1,1,278,13,21,35,2,21,0,0,0,1,7.84
00-0025409,B.Quinn,2009112202,11/22/2009 0:00,304,4,0,354,12,33,2,4,0,0,0,0,183,0.5,1,273,12.5,19.5,33,2.5,12.5,0,0,0.5,1,31.56
00-0025409,B.Quinn,2009120609,12/6/2009 0:00,271,3,0,364,19,44,3,8,0,0,0,0,223.3333333,1.666666667,0.666666667,300,12.33333333,20,33,2.333333333,9.666666667,0,0,0.333333333,0.666666667,26.64
00-0025409,B.Quinn,2012101401,10/14/2012 0:00,180,0,2,245,14,38,2,11,0,0,0,0,235.25,2,0.5,316,14,21.25,35.75,2.5,9.25,0,0,0.25,0.5,9.3
00-0025409,B.Quinn,2012112504,11/25/2012 0:00,126,0,1,310,11,25,1,-1,0,0,0,0,224.2,1.6,0.8,301.8,14,21.4,36.2,2.4,9.6,0,0,0.2,0.4,6.94
00-0025409,B.Quinn,2012120204,12/2/2012 0:00,201,2,0,180,4,23,3,12,0,0,0,0,207.8333333,1.333333333,0.833333333,303.1666667,13.5,20,34.33333333,2.166666667,7.833333333,0,0,0.166666667,0.333333333,20.24
00-0025409,B.Quinn,2012120901,12/9/2012 0:00,159,0,1,201,10,21,1,4,0,0,0,0,207.1666667,1.5,0.666666667,286.8333333,12,19.66666667,32.33333333,2.333333333,6.333333333,0,0,0.166666667,0.166666667,8.76
00-0025409,B.Quinn,2012122305,12/23/2012 0:00,162,0,2,244,10,22,5,11,0,0,0,0,206.8333333,1.5,0.666666667,275.6666667,11.66666667,18.33333333,30.66666667,2,6.333333333,0,0,0,0,8.58
,,,,,,,,,,,,,,,,183.1666667,0.833333333,1,257.3333333,11.33333333,16.5,28.83333333,2.5,7.5,0,0,0,0,0
00-0025423,K.Kolb,2010100310,10/3/2010 0:00,183,1,1,163,10,32,2,21,0,0,0,1,327,2,0,264,10,24,34,1,1,1,0,0,1,14.42
00-0025423,K.Kolb,2010101012,10/10/2010 0:00,253,1,0,219,10,31,3,17,0,0,0,1,255,1.5,0.5,213.5,10,22.5,33,1.5,11,0.5,0,0,1,17.82
00-0025423,K.Kolb,2010101706,10/17/2010 0:00,326,3,1,231,4,28,2,1,0,0,0,0,254.3333333,1.333333333,0.333333333,215.3333333,10,22,32.33333333,2,13,0.333333333,0,0,1,27.14
00-0025423,K.Kolb,2010102408,10/24/2010 0:00,226,1,1,383,18,44,3,18,0,0,0,0,272.25,1.75,0.5,219.25,8.5,22.25,31.25,2,10,0.25,0,0,0.75,16.84
00-0025423,K.Kolb,2011010207,1/2/2011 0:00,162,1,3,348,13,34,3,12,0,0,0,0,263,1.6,0.6,252,10.4,22.8,33.8,2.2,11.6,0.2,0,0,0.6,11.68
00-0025423,K.Kolb,2011091109,9/11/2011 0:00,309,2,0,188,9,27,4,-1,0,0,0,0,246.1666667,1.5,1,268,10.83333333,22,33.83333333,2.333333333,11.66666667,0.166666667,0,0,0.5,23.26
00-0025423,K.Kolb,2011092512,9/25/2011 0:00,252,1,2,278,11,38,3,16,0,0,0,1,243.1666667,1.5,1,255.3333333,10.66666667,21,32.66666667,2.833333333,11.33333333,0,0,0,0.333333333,15.68
00-0025423,K.Kolb,2011100209,10/2/2011 0:00,237,0,1,232,13,34,2,1,0,0,0,0,254.6666667,1.5,1.166666667,274.5,10.83333333,21.66666667,33.66666667,3,10.5,0,0,0,0.333333333,11.58
00-0025423,K.Kolb,2011100905,10/9/2011 0:00,232,0,2,411,19,42,2,10,0,0,0,0,252,1.333333333,1.333333333,276.6666667,11.33333333,21.5,34.16666667,2.833333333,7.833333333,0,0,0,0.166666667,11.28
00-0025423,K.Kolb,2011102307,10/23/2011 0:00,272,2,1,282,15,34,2,14,0,1,0,0,236.3333333,0.833333333,1.5,306.6666667,13.83333333,21.16666667,36.5,2.833333333,9.333333333,0,0,0,0.166666667,22.28
00-0025423,K.Kolb,2011103005,10/30/2011 0:00,153,1,1,188,10,21,1,5,0,0,0,0,244,1,1.5,289.8333333,13.33333333,20,34.83333333,2.666666667,8.666666667,0,0.166666667,0,0.166666667,12.62
00-0025423,K.Kolb,2011120411,12/4/2011 0:00,247,1,0,218,9,25,3,20,0,0,0,0,242.5,1,1.166666667,263.1666667,12.83333333,18.66666667,32.66666667,2.333333333,7.5,0,0.166666667,0,0.166666667,18.88
00-0025423,K.Kolb,2012091602,9/16/2012 0:00,140,1,0,158,12,27,6,20,1,0,0,0,232.1666667,0.833333333,1.166666667,268.1666667,12.83333333,18.33333333,32.33333333,2.166666667,11,0,0.166666667,0,0.166666667,20.6
00-0025423,K.Kolb,2012092309,9/23/2012 0:00,222,2,0,159,7,24,4,16,0,0,0,0,213.5,0.833333333,0.833333333,248.1666667,13,16.66666667,30.5,2.666666667,11.66666667,0.166666667,0.166666667,0,0,21.48
00-0025423,K.Kolb,2012100400,10/4/2012 0:00,289,0,0,414,22,50,1,2,0,0,0,0,211,1.166666667,0.666666667,236,12,16.16666667,28.83333333,3,14.16666667,0.166666667,0.166666667,0,0,14.76
00-0025423,K.Kolb,2012101407,10/14/2012 0:00,128,1,1,248,11,26,5,66,0,0,0,0,220.5,1.166666667,0.333333333,236.5,12.5,17.33333333,30.16666667,2.833333333,12.83333333,0.166666667,0.166666667,0,0,17.72
,,,,,,,,,,,,,,,,196.5,1,0.333333333,230.8333333,11.83333333,16.66666667,28.83333333,3.333333333,21.5,0.166666667,0,0,0,0
00-0025427,J.Beck,2011102304,10/23/2011 0:00,279,1,1,321,14,37,3,10,1,0,1,1,117,0,0,166,7,8,15,2,14,1,0,0,0,23.16
00-0025427,J.Beck,2011103007,10/30/2011 0:00,208,0,2,364,11,33,3,10,0,0,0,0,198,0.5,0.5,243.5,10.5,15,26,2.5,12,1,0,0.5,0.5,10.32
00-0025427,J.Beck,2011110604,11/6/2011 0:00,254,1,1,228,15,46,4,9,0,0,2,2,201.3333333,0.333333333,1,283.6666667,10.66666667,16.66666667,28.33333333,2.666666667,11.33333333,0.666666667,0,0.333333333,0.333333333,15.06
,,,,,,,,,,,,,,,,214.5,0.5,1,269.75,11.75,20,32.75,3,10.75,0.5,0,0.75,0.75,0
00-0025430,D.Stanton,2010101705,10/17/2010 0:00,222,1,1,214,13,33,3,30,0,0,1,2,130,0,3,182,7,11,21,6,23,0,0,1,1,15.88
00-0025430,D.Stanton,2010120505,12/5/2010 0:00,178,1,0,116,8,24,5,12,1,0,0,0,176,0.5,2,198,10,15,27,4.5,26.5,0,0,1,1.5,21.32
00-0025430,D.Stanton,2010121205,12/12/2010 0:00,117,1,2,190,10,22,4,44,0,0,0,0,176.6666667,0.666666667,1.333333333,170.6666667,9.333333333,15.33333333,26,4.666666667,21.66666667,0.333333333,0,0.666666667,1,14.08
00-0025430,D.Stanton,2010121908,12/19/2010 0:00,252,1,0,253,13,36,2,24,0,0,0,0,161.75,0.75,1.5,175.5,9.5,14,25,4.5,27.25,0.25,0,0.5,0.75,19.48
00-0025430,D.Stanton,2014091405,9/14/2014 0:00,167,0,0,335,15,29,2,-2,0,0,0,0,179.8,0.8,1.2,191,10.2,15.8,27.2,4,26.6,0.2,0,0.4,0.6,9.48
00-0025430,D.Stanton,2014092110,9/21/2014 0:00,244,2,0,497,15,33,6,16,0,0,1,1,177.6666667,0.666666667,1,215,11,15.5,27.5,3.666666667,21.83333333,0.166666667,0,0.333333333,0.5,21.36
00-0025430,D.Stanton,2014111610,11/16/2014 0:00,306,2,2,347,9,32,4,-4,0,0,0,0,196.6666667,1,0.5,267.5,12.33333333,16.66666667,29.5,3.666666667,20.66666667,0.166666667,0,0.333333333,0.5,20.84
00-0025430,D.Stanton,2014112309,11/23/2014 0:00,149,0,1,248,11,26,4,23,0,0,0,1,210.6666667,1.166666667,0.666666667,289.6666667,11.66666667,17,29.33333333,3.833333333,15,0.166666667,0,0.166666667,0.166666667,9.26
00-0025430,D.Stanton,2014113009,11/30/2014 0:00,294,1,2,403,13,39,1,7,0,0,1,1,205.8333333,1,0.833333333,311.6666667,12.16666667,16.66666667,29.66666667,3.666666667,16.83333333,0,0,0.166666667,0.333333333,16.46
00-0025430,D.Stanton,2014120709,12/7/2014 0:00,239,1,0,341,15,30,4,17,0,0,0,0,235.3333333,1,0.833333333,347.1666667,12.66666667,19,32.5,3.166666667,10.66666667,0,0,0.333333333,0.5,18.26
00-0025430,D.Stanton,2014121100,12/11/2014 0:00,109,0,0,144,8,20,2,3,0,0,0,0,233.1666667,1,0.833333333,361.8333333,13,17.66666667,31.5,3.5,9.5,0,0,0.333333333,0.5,7.66
00-0025430,D.Stanton,2016100600,10/6/2016 0:00,124,2,0,340,17,28,2,-2,0,0,0,0,223.5,1,0.833333333,330,11.83333333,17.33333333,30,3.5,10.33333333,0,0,0.333333333,0.5,15.76
00-0025430,D.Stanton,2017110507,11/5/2017 0:00,201,2,1,336,14,30,4,2,0,0,0,0,203.5,1,0.833333333,303.8333333,12.16666667,16.16666667,29.16666667,2.833333333,7.333333333,0,0,0.166666667,0.333333333,18.24
00-0025430,D.Stanton,2017122410,12/24/2017 0:00,209,2,2,304,12,34,2,1,0,0,0,0,186,1,0.666666667,302,13,15.16666667,28.83333333,2.833333333,8.333333333,0,0,0.166666667,0.333333333,17.46
00-0025430,D.Stanton,2017123115,12/31/2017 0:00,145,1,1,373,18,34,1,-1,0,0,0,0,196,1.333333333,0.833333333,311.3333333,13.16666667,16.16666667,30.16666667,2.5,4.666666667,0,0,0.166666667,0.166666667,11.7
,,,,,,,,,,,,,,,,171.1666667,1.333333333,0.666666667,306.3333333,14,14.66666667,29.33333333,2.5,3.333333333,0,0,0,0,0
00-0025479,T.Edwards,2009092009,9/20/2009 0:00,230,2,1,328,9,31,3,24,0,0,0,0,212,2,0,140,10,15,25,2,25,0,0,0,1,21.6
00-0025479,T.Edwards,2009092709,9/27/2009 0:00,156,0,1,209,14,35,2,13,0,0,0,0,221,2,0.5,234,9.5,18,28,2.5,24.5,0,0,0,0.5,9.54
00-0025479,T.Edwards,2009101101,10/11/2009 0:00,152,0,1,238,14,31,4,40,0,0,1,1,199.3333333,1.333333333,0.666666667,225.6666667,11,18.66666667,30.33333333,2.333333333,20.66666667,0,0,0,0.333333333,11.08
00-0025479,T.Edwards,2009111506,11/15/2009 0:00,185,1,1,153,9,28,3,4,0,0,0,0,187.5,1,0.75,228.75,11.75,18,30.5,2.75,25.5,0,0,0.25,0.5,13.8
00-0025479,T.Edwards,2010091201,9/12/2010 0:00,139,1,0,220,16,34,2,12,0,0,0,0,187,1,0.8,213.6,11.2,18,30,2.8,21.2,0,0,0.2,0.4,13.76
00-0025479,T.Edwards,2010091901,9/19/2010 0:00,102,0,2,28,5,18,3,12,0,0,0,0,179,1,0.666666667,214.6666667,12,18,30.66666667,2.666666667,19.66666667,0,0,0.166666667,0.333333333,6.28
00-0025479,T.Edwards,2010101800,10/18/2010 0:00,140,0,2,150,8,24,5,16,0,0,1,1,160.6666667,0.666666667,1,196,11.16666667,17.33333333,29.5,2.833333333,17.5,0,0,0.166666667,0.166666667,7.2
00-0025479,T.Edwards,2011010204,1/2/2011 0:00,140,1,1,201,12,25,4,18,0,0,1,1,145.6666667,0.333333333,1.166666667,166.3333333,11,16.16666667,28.33333333,3.166666667,16.16666667,0,0,0.333333333,0.333333333,12.4
,,,,,,,,,,,,,,,,143,0.5,1.166666667,165,10.66666667,14.83333333,26.66666667,3.5,17,0,0,0.5,0.5,0
00-0025561,T.Smith,2010111410,11/14/2010 0:00,356,1,0,296,11,28,3,12,0,0,0,0,196,1,0,187,7,12,19,4,2,1,0,0,0,22.44
00-0025561,T.Smith,2010112111,11/21/2010 0:00,148,0,1,214,14,31,5,45,0,0,1,1,276,1,0,241.5,9,14.5,23.5,3.5,7,0.5,0,0,0,11.42
00-0025561,T.Smith,2010112900,11/29/2010 0:00,129,1,1,193,11,23,3,6,0,0,0,0,233.3333333,0.666666667,0.333333333,232.3333333,10.66666667,15,26,4,19.66666667,0.333333333,0,0.333333333,0.333333333,11.76
00-0025561,T.Smith,2010120506,12/5/2010 0:00,194,1,1,364,14,25,3,28,0,0,0,0,207.25,0.75,0.5,222.5,10.75,14,25.25,3.75,16.25,0.25,0,0.25,0.25,16.56
00-0025561,T.Smith,2010122606,12/26/2010 0:00,153,1,1,177,11,19,5,28,0,0,0,0,204.6,0.8,0.6,250.8,11.4,13.2,25.2,3.6,18.6,0.2,0,0.2,0.2,14.92
,,,,,,,,,,,,,,,,196,0.833333333,0.666666667,238.5,11.33333333,12.16666667,24.16666667,3.833333333,20.16666667,0.166666667,0,0.166666667,0.166666667,0
00-0025604,T.Thigpen,2011010200,1/2/2011 0:00,169,1,0,257,11,21,3,21,0,0,0,0,187,0,1,259,11,17,29,6,24,0,0,0,0,15.86
,,,,,,,,,,,,,,,,178,0.5,0.5,258,11,13.5,25,4.5,22.5,0,0,0,0,0
00-0025708,M.Moore,2009122012,12/20/2009 0:00,299,3,0,339,12,33,5,-2,0,0,0,1,161,0,1,168,5,14,20,1,-1,0,0,0,0,25.76
00-0025708,M.Moore,2009122705,12/27/2009 0:00,171,3,0,151,5,20,4,2,0,0,0,0,230,1.5,0.5,253.5,8.5,17.5,26.5,3,-1.5,0,0,0,0.5,22.04
00-0025708,M.Moore,2010010301,1/3/2010 0:00,162,1,0,156,9,23,1,-1,0,0,0,0,210.3333333,2,0.333333333,219.3333333,7.333333333,16.66666667,24.33333333,3.333333333,-0.333333333,0,0,0,0.333333333,13.38
00-0025708,M.Moore,2010091206,9/12/2010 0:00,182,1,3,259,16,33,2,15,0,0,0,0,198.25,1.75,0.25,203.5,7.75,16,24,2.75,-0.5,0,0,0,0.25,12.78
00-0025708,M.Moore,2010091908,9/19/2010 0:00,125,1,1,179,9,16,1,2,0,0,0,0,195,1.6,0.8,214.6,9.4,15.6,25.8,2.6,2.6,0,0,0,0.2,11.2
00-0025708,M.Moore,2010102406,10/24/2010 0:00,308,2,1,321,12,41,1,3,0,0,1,1,183.3333333,1.5,0.833333333,208.6666667,9.333333333,14,24.16666667,2.333333333,2.5,0,0,0,0.166666667,21.62
00-0025708,M.Moore,2010103105,10/31/2010 0:00,194,1,3,389,11,37,1,5,0,0,1,1,207.8333333,1.833333333,0.833333333,234.1666667,10.5,16.33333333,27.66666667,2.333333333,3.166666667,0,0,0.166666667,0.333333333,11.26
00-0025708,M.Moore,2011100213,10/2/2011 0:00,167,0,1,258,8,26,1,-1,0,0,0,0,190.3333333,1.5,1.333333333,242.5,10.33333333,16.66666667,28.33333333,1.666666667,4.333333333,0,0,0.333333333,0.333333333,8.58
00-0025708,M.Moore,2011102300,10/23/2011 0:00,197,1,0,215,11,33,2,-1,0,0,0,0,189.6666667,1,1.5,260.3333333,10.83333333,17,29.33333333,1.166666667,3.833333333,0,0,0.333333333,0.333333333,14.78
00-0025708,M.Moore,2011103000,10/30/2011 0:00,138,0,1,210,8,22,5,31,1,0,0,0,195.5,1,1.5,270.1666667,11.16666667,18.33333333,31,1.333333333,3.833333333,0,0,0.333333333,0.333333333,16.62
00-0025708,M.Moore,2011110602,11/6/2011 0:00,238,3,0,218,6,22,4,3,0,0,0,0,188.1666667,0.833333333,1.166666667,262,9.833333333,18.16666667,29.16666667,1.833333333,6.5,0.166666667,0,0.333333333,0.333333333,24.82
00-0025708,M.Moore,2011111309,11/13/2011 0:00,209,0,1,251,8,29,2,14,0,0,0,0,207,1.166666667,1,268.5,9.333333333,19.83333333,30.16666667,2.333333333,6.666666667,0.166666667,0,0.333333333,0.333333333,11.76
00-0025708,M.Moore,2011112002,11/20/2011 0:00,160,3,0,147,6,20,3,2,0,0,0,0,190.5,0.833333333,1,256.8333333,8.666666667,18.5,28.16666667,2.5,8.5,0.166666667,0,0.166666667,0.166666667,21.6
00-0025708,M.Moore,2011112401,11/24/2011 0:00,288,1,0,327,13,32,3,3,0,0,0,0,184.8333333,1.166666667,0.5,216.5,7.833333333,17,25.33333333,2.833333333,8,0.166666667,0,0,0,18.82
00-0025708,M.Moore,2011120403,12/4/2011 0:00,162,1,0,284,12,25,5,22,1,0,0,0,205,1.333333333,0.333333333,228,8.666666667,17.33333333,26.33333333,3.166666667,8.666666667,0.166666667,0,0,0,21.68
00-0025708,M.Moore,2011122401,12/24/2011 0:00,279,2,1,425,15,32,3,-1,0,0,0,0,199.1666667,1.333333333,0.333333333,239.5,8.833333333,15.83333333,25,3.666666667,12.5,0.333333333,0,0,0,21.06
00-0025708,M.Moore,2012010100,1/1/2012 0:00,135,1,2,247,8,32,3,-1,0,0,0,0,222.6666667,1.666666667,0.333333333,275.3333333,10,16.33333333,26.66666667,3.333333333,7.166666667,0.166666667,0,0,0,10.3
00-0025708,Matt.Moore,2012102801,10/28/2012 0:00,131,1,0,211,7,18,4,-4,0,0,0,0,205.5,1.333333333,0.666666667,280.1666667,10.33333333,17.33333333,28.33333333,3.166666667,6.5,0.166666667,0,0,0,11.84
00-0025708,M.Moore,2016122400,12/24/2016 0:00,233,2,1,220,12,29,1,-1,0,0,0,0,192.5,1.5,0.5,273.5,10.16666667,15.83333333,26.5,3.5,3.5,0.166666667,0,0,0,19.22
00-0025708,M.Moore,2017111911,11/19/2017 0:00,282,1,0,308,11,28,1,0,0,0,0,1,204.6666667,1.333333333,0.666666667,285.6666667,11.16666667,16.16666667,28,3.166666667,3,0.166666667,0,0,0,17.28
00-0025708,M.Moore,2017112604,11/26/2017 0:00,215,1,2,194,8,33,2,9,0,0,0,1,203.6666667,1.333333333,0.666666667,282.5,10.83333333,15.83333333,27.33333333,2.833333333,2.5,0.166666667,0,0,0.166666667,13.5
00-0025708,M.Moore,2019101700,10/17/2019 0:00,117,1,0,147,9,19,1,-1,0,0,0,0,212.5,1.333333333,1,267.5,10.16666667,17.5,28.66666667,2.333333333,0.333333333,0,0,0,0.333333333,11.58
00-0025708,M.Moore,2019102712,10/27/2019 0:00,267,2,0,200,12,36,1,3,0,0,0,0,185.5,1.166666667,0.833333333,221.1666667,9.166666667,16.5,26.5,2,0.333333333,0,0,0,0.333333333,21.98
,,,,,,,,,,,,,,,,207.5,1.333333333,0.5,213.3333333,9.833333333,16.83333333,27.16666667,1.666666667,1,0,0,0,0.333333333,0
00-0025970,C.Hanie,2011120401,12/4/2011 0:00,133,0,3,282,10,24,1,3,0,0,0,0,254,2,3,308,13,18,34,5,50,0,0,0,0,5.62
00-0025970,C.Hanie,2011121111,12/11/2011 0:00,115,0,0,114,7,19,2,11,0,0,0,0,193.5,1,3,295,11.5,14.5,29,3,26.5,0,0,0,0,8.7
00-0025970,C.Hanie,2011121804,12/18/2011 0:00,111,1,3,201,9,22,5,34,0,0,1,1,167.3333333,0.666666667,2,234.6666667,10,13.66666667,25.66666667,2.666666667,21.33333333,0,0,0,0,10.84
,,,,,,,,,,,,,,,,153.25,0.75,2.25,226.25,9.75,12.75,24.75,3.25,24.5,0,0,0.25,0.25,0
00-0026143,M.Ryan,2009092000,9/20/2009 0:00,220,3,1,239,5,27,2,3,0,0,0,0,229,2,0,321,14,22,36,3,-4,0,0,0,0,23.1
00-0026143,M.Ryan,2009092705,9/27/2009 0:00,199,0,0,173,11,28,1,-1,0,0,0,0,224.5,2.5,0.5,280,9.5,21.5,31.5,2.5,-0.5,0,0,0,0,10.86
00-0026143,M.Ryan,2009101108,10/11/2009 0:00,329,2,1,277,9,32,2,3,1,0,2,3,216,1.666666667,0.333333333,244.3333333,10,20,30.33333333,2,-0.666666667,0,0,0,0,26.46
00-0026143,M.Ryan,2009101812,10/18/2009 0:00,185,2,2,267,12,33,3,8,0,0,0,1,244.25,1.75,0.5,252.5,9.75,20.5,30.75,2,0.25,0.25,0,0.5,0.75,16.2
00-0026143,M.Ryan,2009102509,10/25/2009 0:00,198,2,2,266,14,35,1,6,0,0,0,1,232.4,1.8,0.8,255.4,10.2,20.2,31.2,2.2,1.8,0.2,0,0.4,0.8,16.52
00-0026143,M.Ryan,2009110200,11/2/2009 0:00,289,1,3,429,16,38,3,9,0,0,0,0,226.6666667,1.833333333,1,257.1666667,10.83333333,20,31.83333333,2,2.5,0.166666667,0,0.333333333,0.833333333,16.46
00-0026143,M.Ryan,2009110800,11/8/2009 0:00,135,1,1,104,5,23,5,6,0,0,0,0,236.6666667,1.666666667,1.5,275.1666667,11.16666667,19.5,32.16666667,2,4.666666667,0.166666667,0,0.333333333,0.833333333,12
00-0026143,M.Ryan,2009111500,11/15/2009 0:00,224,1,2,330,16,40,2,4,0,0,0,0,222.5,1.333333333,1.5,252.6666667,11.16666667,18.83333333,31.5,2.5,5.166666667,0.166666667,0,0.333333333,0.833333333,14.36
00-0026143,M.Ryan,2009112207,11/22/2009 0:00,268,2,0,390,20,46,5,14,0,0,0,0,226.6666667,1.5,1.833333333,278.8333333,12,19.66666667,33.5,2.666666667,6,0.166666667,0,0.333333333,0.833333333,23.12
00-0026143,M.Ryan,2009122004,12/20/2009 0:00,152,1,0,253,18,34,2,-2,0,0,0,0,216.5,1.5,1.666666667,297.6666667,13.83333333,20.33333333,35.83333333,3.166666667,7.833333333,0,0,0,0.333333333,12.88
00-0026143,M.Ryan,2010010310,1/3/2010 0:00,223,2,2,289,10,35,1,3,0,0,0,0,211,1.333333333,1.333333333,295.3333333,14.83333333,19.83333333,36,3,6.166666667,0,0,0,0.166666667,18.22
00-0026143,Ryan,2010091209,9/12/2010 0:00,252,0,1,366,16,44,2,4,0,0,0,0,215.1666667,1.333333333,1.333333333,299.1666667,14.16666667,20.5,36,3,5.666666667,0,0,0,0,12.48
00-0026143,M.Ryan,2010091907,9/19/2010 0:00,225,3,0,250,12,33,6,6,0,0,0,0,209,1.166666667,1,288.6666667,14.16666667,21.83333333,37,2.833333333,4.833333333,0,0,0,0,24.6
00-0026143,M.Ryan,2010092606,9/26/2010 0:00,228,2,0,228,11,30,6,26,0,0,0,0,224,1.5,0.833333333,313,15.33333333,22.5,38.66666667,3,4.833333333,0,0,0,0,22.72
00-0026143,M.Ryan,2010100305,10/3/2010 0:00,273,1,2,349,15,43,4,15,0,0,1,1,224.6666667,1.666666667,0.5,296,14.5,22,37,3.666666667,8.5,0,0,0,0,16.42
00-0026143,M.Ryan,2010101007,10/10/2010 0:00,187,1,0,155,12,28,4,6,0,0,0,0,225.5,1.5,0.833333333,289.1666667,13.66666667,22,36.5,3.5,8.666666667,0,0,0.166666667,0.166666667,15.08
00-0026143,M.Ryan,2010101706,10/17/2010 0:00,250,2,1,395,16,40,1,3,0,0,0,0,231.3333333,1.5,0.833333333,272.8333333,12.66666667,22,35.5,3.833333333,10,0,0,0.166666667,0.166666667,20.3
00-0026143,M.Ryan,2010102400,10/24/2010 0:00,299,3,1,316,8,33,1,5,0,0,1,1,235.8333333,1.5,0.666666667,290.5,13.66666667,22,36.33333333,3.833333333,10,0,0,0.166666667,0.166666667,25.46
00-0026143,M.Ryan,2010110706,11/7/2010 0:00,235,1,0,292,11,35,3,5,0,0,0,0,243.6666667,2,0.666666667,282.1666667,12.33333333,21.5,34.5,3.666666667,10.16666667,0,0,0.333333333,0.333333333,16.9
00-0026143,M.Ryan,2010111100,11/11/2010 0:00,316,3,0,357,17,49,1,5,0,0,0,0,245.3333333,1.666666667,0.666666667,289.1666667,12.16666667,22,34.83333333,3.166666667,10,0,0,0.333333333,0.333333333,28.14
00-0026143,M.Ryan,2010112110,11/21/2010 0:00,253,2,0,317,13,39,1,8,0,0,0,0,260,1.833333333,0.666666667,310.6666667,13.16666667,24.16666667,38,2.333333333,6.5,0,0,0.333333333,0.333333333,21.92
00-0026143,M.Ryan,2010120507,12/5/2010 0:00,205,2,2,374,16,36,3,-3,0,0,0,0,256.6666667,2,0.333333333,305.3333333,12.83333333,24.16666667,37.33333333,1.833333333,5.333333333,0,0,0.166666667,0.166666667,16.9
00-0026143,M.Ryan,2010121207,12/12/2010 0:00,227,1,1,321,13,34,1,4,0,0,0,0,259.6666667,2.166666667,0.666666667,341.8333333,13.5,24.5,38.66666667,1.666666667,3.833333333,0,0,0.166666667,0.166666667,15.48
00-0026143,M.Ryan,2010121910,12/19/2010 0:00,174,3,1,339,14,35,6,6,0,0,0,1,255.8333333,2,0.666666667,329.5,13,24,37.66666667,1.666666667,4,0,0,0.166666667,0.166666667,20.56
00-0026143,M.Ryan,2010122700,12/27/2010 0:00,148,1,0,270,14,29,4,26,0,0,0,0,235,2,0.666666667,333.3333333,14,23.33333333,38,2.5,4.166666667,0,0,0,0.166666667,15.52
00-0026143,M.Ryan,2011010211,1/2/2011 0:00,236,2,0,225,10,32,2,7,0,0,0,0,220.5,2,0.666666667,329.6666667,14.5,21.83333333,37,2.666666667,7.666666667,0,0,0,0.166666667,21.14
00-0026143,M.Ryan,2011091814,9/18/2011 0:00,195,4,2,320,9,28,4,6,0,0,0,0,207.1666667,1.833333333,0.666666667,307.6666667,13.33333333,20.16666667,34.16666667,2.833333333,8,0,0,0,0.166666667,25.4
00-0026143,M.Ryan,2011092513,9/25/2011 0:00,330,1,1,457,19,46,1,12,0,0,0,0,197.5,2.166666667,1,308.1666667,12.66666667,18.66666667,32.33333333,3.333333333,7.666666667,0,0,0,0.166666667,20.4
00-0026143,M.Ryan,2011100210,10/2/2011 0:00,291,1,0,374,14,42,4,26,0,0,0,0,218.3333333,2,0.833333333,322,13.16666667,20,34,3,10.16666667,0,0,0,0.166666667,21.24
00-0026143,M.Ryan,2011100911,10/9/2011 0:00,167,1,2,286,12,32,3,9,0,0,0,0,229,2,0.666666667,330.8333333,13.33333333,21.33333333,35.33333333,3.5,13.83333333,0,0,0,0.166666667,12.58
00-0026143,M.Ryan,2011101606,10/16/2011 0:00,163,1,0,190,8,22,3,7,1,0,0,0,227.8333333,1.666666667,0.833333333,322,13,21,34.83333333,3,14.33333333,0,0,0,0,20.22
00-0026143,M.Ryan,2011102303,10/23/2011 0:00,218,1,2,246,12,34,3,2,1,0,0,0,230.3333333,1.666666667,0.833333333,308.6666667,12,20.83333333,33.66666667,2.833333333,11.16666667,0.166666667,0,0,0,19.92
00-0026143,M.Ryan,2011110606,11/6/2011 0:00,275,3,1,243,9,24,2,0,0,0,0,0,227.3333333,1.5,1.166666667,312.1666667,12.33333333,20.5,34,3,10.33333333,0.333333333,0,0,0,25
00-0026143,M.Ryan,2011111308,11/13/2011 0:00,351,2,1,576,20,50,1,9,0,0,0,1,240.6666667,1.333333333,1,299.3333333,12.33333333,20,33.33333333,2.666666667,9.333333333,0.333333333,0,0,0,23.94
00-0026143,M.Ryan,2011112001,11/20/2011 0:00,316,1,0,294,10,32,6,3,0,0,0,0,244.1666667,1.5,1,319.1666667,12.5,20.5,34,2.666666667,8.833333333,0.333333333,0,0,0.166666667,19.94
00-0026143,M.Ryan,2011112703,11/27/2011 0:00,262,3,0,232,7,34,4,3,0,0,0,0,248.3333333,1.5,1,305.8333333,11.83333333,19.5,32.33333333,3,5,0.333333333,0,0,0.166666667,25.78
00-0026143,M.Ryan,2011120408,12/4/2011 0:00,267,1,2,597,23,45,1,10,0,0,0,0,264.1666667,1.833333333,0.666666667,296.8333333,11,21,32.66666667,3.166666667,4,0.333333333,0,0,0.166666667,16.68
00-0026143,M.Ryan,2011121106,12/11/2011 0:00,320,4,0,371,16,38,3,0,0,0,0,0,281.5,1.833333333,1,364.6666667,13.5,22,36.5,2.833333333,4.5,0.166666667,0,0,0.166666667,31.8
00-0026143,M.Ryan,2011122600,12/26/2011 0:00,373,1,0,384,15,49,1,2,0,0,1,1,298.5,2.333333333,0.666666667,385.5,14.16666667,22.33333333,37.16666667,2.833333333,4.166666667,0,0,0,0.166666667,21.12
00-0026143,M.Ryan,2012090908,9/9/2012 0:00,299,3,0,242,8,31,3,25,1,0,0,1,314.8333333,2,0.5,409,15.16666667,25.66666667,41.33333333,2.666666667,4.5,0,0,0.166666667,0.333333333,34.46
00-0026143,M.Ryan,2012091700,9/17/2012 0:00,219,2,0,276,12,36,6,19,0,0,0,0,306.1666667,2.166666667,0.333333333,353.3333333,13.16666667,24.66666667,38.16666667,3,7.166666667,0.166666667,0,0.166666667,0.333333333,21.66
00-0026143,M.Ryan,2012092310,9/23/2012 0:00,275,3,1,260,9,40,1,4,0,0,0,0,290,2.333333333,0.333333333,350.3333333,13.5,25,38.83333333,3,9.833333333,0.166666667,0,0.166666667,0.333333333,25.4
00-0026143,M.Ryan,2012100700,10/7/2012 0:00,345,2,1,497,17,52,4,4,0,0,0,0,292.1666667,2.333333333,0.5,355,13.83333333,25.5,39.83333333,2.5,10,0.166666667,0,0.166666667,0.333333333,24.2
00-0026143,M.Ryan,2012101400,10/14/2012 0:00,249,1,3,312,10,37,1,15,0,0,0,0,305.1666667,2.5,0.333333333,338.3333333,12.83333333,27.83333333,41,3,9,0.166666667,0,0.166666667,0.333333333,15.46
00-0026143,M.Ryan,2012102805,10/28/2012 0:00,262,3,0,81,7,29,3,18,0,0,0,0,293.3333333,2,0.833333333,328.5,11.83333333,28.16666667,40.83333333,2.666666667,11.5,0.166666667,0,0.166666667,0.333333333,27.28
00-0026143,M.Ryan,2012110411,11/4/2012 0:00,342,0,0,280,10,34,1,8,0,0,0,0,274.8333333,2.333333333,0.833333333,278,10.5,26.16666667,37.5,3,14.16666667,0.166666667,0,0,0.166666667,17.48
00-0026143,M.Ryan,2012111106,11/11/2012 0:00,411,3,1,490,17,52,2,2,0,0,0,0,282,1.833333333,0.833333333,284.3333333,10.83333333,26.33333333,38,2.666666667,11.33333333,0,0,0,0,30.64
00-0026143,M.Ryan,2012111802,11/18/2012 0:00,301,0,5,369,13,46,3,-3,0,0,1,2,314,2,1,320,11.66666667,28,40.66666667,2,8.5,0,0,0,0,7.74
00-0026143,M.Ryan,2012112506,11/25/2012 0:00,353,1,1,217,5,32,1,13,0,0,0,0,318.3333333,1.5,1.666666667,338.1666667,12.33333333,27.66666667,41.66666667,2.333333333,7.333333333,0,0,0.166666667,0.333333333,21.42
00-0026143,M.Ryan,2012112900,11/29/2012 0:00,165,1,0,303,15,33,3,-2,0,0,0,0,319.6666667,1.333333333,1.666666667,291.5,10.33333333,26.33333333,38.33333333,1.833333333,8.833333333,0,0,0.166666667,0.333333333,13.4
00-0026143,M.Ryan,2012121601,12/16/2012 0:00,270,3,0,202,5,28,1,-1,0,0,0,0,305.6666667,1.333333333,1.166666667,290,11.16666667,25.33333333,37.66666667,2.166666667,6,0,0,0.166666667,0.333333333,25.7
00-0026143,M.Ryan,2012122200,12/22/2012 0:00,279,4,0,270,7,32,2,25,0,0,0,0,307,1.333333333,1.166666667,310.1666667,10.83333333,25.5,37.5,1.833333333,2.833333333,0,0,0.166666667,0.333333333,32.66
00-0026143,M.Ryan,2012123010,12/30/2012 0:00,238,1,0,336,16,44,2,11,0,0,0,0,296.5,2,1.166666667,308.5,10.33333333,25.66666667,37.16666667,2,5.666666667,0,0,0.166666667,0.333333333,17.62
00-0026143,M.Ryan,2013090808,9/8/2013 0:00,304,2,1,193,12,38,1,12,0,0,1,2,267.6666667,1.666666667,1,282.8333333,10.16666667,24.66666667,35.83333333,2,7.166666667,0,0,0.166666667,0.333333333,21.36
00-0026143,M.Ryan,2013102000,10/20/2013 0:00,273,3,0,136,6,26,3,-12,0,0,0,0,268.1666667,2,0.333333333,253.5,10,24.16666667,34.5,1.666666667,9.666666667,0,0,0.166666667,0.333333333,24.72
00-0026143,M.Ryan,2013102708,10/27/2013 0:00,301,1,4,391,22,60,1,13,0,0,0,0,254.8333333,2.333333333,0.166666667,240,10.16666667,23.16666667,33.5,2,5.5,0,0,0.166666667,0.333333333,16.34
00-0026143,M.Ryan,2013110301,11/3/2013 0:00,219,1,3,172,4,27,2,2,0,0,1,1,277.5,2.333333333,0.833333333,254.6666667,11.33333333,25.83333333,38,1.666666667,8,0,0,0.166666667,0.333333333,11.96
00-0026143,M.Ryan,2013111000,11/10/2013 0:00,172,1,0,166,13,36,3,15,0,0,1,2,269,2,1.333333333,249.6666667,11.16666667,25.33333333,37.83333333,1.833333333,8.5,0,0,0.333333333,0.5,13.38
00-0026143,M.Ryan,2013112100,11/21/2013 0:00,292,0,0,221,9,39,2,10,0,0,1,1,251.1666667,1.5,1.333333333,232.3333333,12.16666667,25,38.5,2,6.833333333,0,0,0.5,0.833333333,14.68
00-0026143,M.Ryan,2013120107,12/1/2013 0:00,311,1,0,430,19,47,2,17,0,0,0,0,260.1666667,1.333333333,1.333333333,213.1666667,11,25.33333333,37.66666667,2,6.666666667,0,0,0.666666667,1,21.14
00-0026143,M.Ryan,2013121500,12/15/2013 0:00,210,1,1,206,8,38,1,-1,0,0,0,0,261.3333333,1.166666667,1.166666667,252.6666667,12.16666667,25.83333333,39.16666667,2.166666667,7.5,0,0,0.5,0.666666667,14.3
00-0026143,M.Ryan,2013122900,12/29/2013 0:00,280,2,1,295,11,40,2,-1,0,0,0,0,250.8333333,0.833333333,1.333333333,264.3333333,12.5,27.33333333,41.16666667,1.833333333,9.333333333,0,0,0.5,0.666666667,21.1
00-0026143,M.Ryan,2014090700,9/7/2014 0:00,448,3,0,355,11,42,3,15,0,0,1,1,247.3333333,1,0.833333333,248.3333333,10.66666667,26.33333333,37.83333333,2,7,0,0,0.5,0.666666667,33.42
00-0026143,M.Ryan,2014091402,9/14/2014 0:00,227,1,3,325,17,43,3,28,0,0,0,0,285.5,1.333333333,0.333333333,278.8333333,11.83333333,28.16666667,40.33333333,2.166666667,9.166666667,0,0,0.5,0.666666667,15.88
00-0026143,M.Ryan,2014091800,9/18/2014 0:00,286,3,0,267,3,24,1,2,0,0,1,1,294.6666667,1.333333333,0.833333333,305.3333333,12.5,28.16666667,41.5,2.166666667,11.33333333,0,0,0.333333333,0.333333333,25.64
00-0026143,M.Ryan,2014092804,9/28/2014 0:00,298,3,2,397,13,40,2,2,0,0,0,0,293.6666667,1.833333333,0.833333333,313,11.5,26.66666667,39,2,10,0,0,0.333333333,0.333333333,25.12
00-0026143,M.Ryan,2014101200,10/12/2014 0:00,271,1,1,372,16,36,1,-1,0,0,0,1,291.5,2.166666667,1.166666667,307.5,10.5,26.16666667,37.83333333,2,7.5,0,0,0.333333333,0.333333333,15.74
00-0026143,M.Ryan,2014101900,10/19/2014 0:00,228,1,0,291,15,44,1,7,0,0,0,0,301.6666667,2.166666667,1.166666667,335.1666667,11.83333333,24.5,37.5,2,7.5,0,0,0.333333333,0.5,16.82
00-0026143,M.Ryan,2014102600,10/26/2014 0:00,228,2,1,118,6,27,1,6,0,0,0,1,293,2,1,334.5,12.5,24.66666667,38.16666667,1.833333333,8.833333333,0,0,0.333333333,0.5,18.72
00-0026143,M.Ryan,2014110906,11/9/2014 0:00,219,1,0,267,10,30,3,9,0,0,0,0,256.3333333,1.833333333,1.166666667,295,11.66666667,22.83333333,35.66666667,1.5,7.333333333,0,0,0.166666667,0.5,16.66
00-0026143,M.Ryan,2014111600,11/16/2014 0:00,268,1,0,268,13,44,1,4,0,0,1,1,255,1.833333333,0.666666667,285.3333333,10.5,22.33333333,33.5,1.5,4.166666667,0,0,0.166666667,0.5,17.12
00-0026143,M.Ryan,2014112300,11/23/2014 0:00,273,2,1,430,15,43,2,6,0,0,0,0,252,1.5,0.666666667,285.5,12.16666667,24,36.83333333,1.5,4.5,0,0,0.166666667,0.5,21.52
00-0026143,M.Ryan,2014113009,11/30/2014 0:00,361,2,1,269,10,41,3,4,0,0,0,0,247.8333333,1.333333333,0.5,291,12.5,24.33333333,37.33333333,1.5,5.166666667,0,0,0.166666667,0.5,24.84
00-0026143,M.Ryan,2014120800,12/8/2014 0:00,375,4,1,293,14,39,2,23,0,0,0,0,262.8333333,1.5,0.5,273.8333333,11.5,26.16666667,38.16666667,1.833333333,6,0,0,0.166666667,0.333333333,35.3
00-0026143,M.Ryan,2014121400,12/14/2014 0:00,310,2,1,227,10,37,3,27,0,0,0,1,287.3333333,2,0.666666667,274.1666667,11.33333333,25.33333333,37.33333333,2,8.666666667,0,0,0.166666667,0.333333333,24.1
00-0026143,M.Ryan,2014122104,12/21/2014 0:00,322,1,0,305,10,40,2,7,0,0,0,0,301,2,0.666666667,292.3333333,12,26.33333333,39,2.333333333,12.16666667,0,0,0.166666667,0.333333333,20.58
00-0026143,M.Ryan,2014122800,12/28/2014 0:00,260,0,2,307,16,47,1,6,0,0,1,1,318.1666667,2,0.666666667,298.6666667,12,28,40.66666667,2.166666667,11.83333333,0,0,0.166666667,0.333333333,11
00-0026143,M.Ryan,2015091400,9/14/2015 0:00,298,2,2,295,9,34,5,7,0,0,0,0,316.8333333,1.833333333,1,305.1666667,12.5,27.66666667,41.16666667,2.166666667,12.16666667,0,0,0.166666667,0.333333333,21.62
00-0026143,M.Ryan,2015092004,9/20/2015 0:00,363,1,0,285,16,46,1,-1,0,0,0,0,321,1.833333333,1.166666667,282.6666667,11.5,27,39.66666667,2.666666667,12.33333333,0,0,0.166666667,0.333333333,21.42
00-0026143,M.Ryan,2015092700,9/27/2015 0:00,285,2,0,259,12,36,2,17,0,0,0,0,321.3333333,1.666666667,1,285.3333333,12.5,27,40.5,2.333333333,11.5,0,0,0.166666667,0.333333333,24.1
00-0026143,M.Ryan,2015100402,10/4/2015 0:00,256,1,0,133,8,27,1,-1,0,0,0,0,306.3333333,1.333333333,0.833333333,279.6666667,12.16666667,27,40,2.333333333,10.5,0,0,0.166666667,0.333333333,17.14
00-0026143,M.Ryan,2015101103,10/11/2015 0:00,254,0,2,414,16,42,3,20,0,0,0,1,297.3333333,1.166666667,0.666666667,264,11.83333333,25.83333333,38.33333333,2,5.833333333,0,0,0.166666667,0.166666667,12.16
00-0026143,M.Ryan,2015101500,10/15/2015 0:00,295,2,0,324,13,43,4,10,0,0,0,0,286,1,1,282.1666667,12.83333333,24.83333333,38.66666667,2.166666667,8,0,0,0.166666667,0.333333333,23.8
00-0026143,M.Ryan,2015102508,10/25/2015 0:00,251,1,2,297,14,38,2,-3,0,0,0,1,291.8333333,1.333333333,0.666666667,285,12.33333333,25,38,2.666666667,8.666666667,0,0,0,0.166666667,13.74
00-0026143,M.Ryan,2015110105,11/1/2015 0:00,397,2,1,270,7,45,3,2,0,0,1,1,284,1.166666667,0.666666667,285.3333333,13.16666667,24.83333333,38.66666667,2.166666667,7,0,0,0,0.333333333,25.08
00-0026143,M.Ryan,2015110808,11/8/2015 0:00,303,1,0,308,15,45,1,2,0,0,0,1,289.6666667,1.333333333,0.833333333,282.8333333,11.66666667,26,38.5,2.5,7.5,0,0,0.166666667,0.5,18.32
00-0026143,M.Ryan,2015112202,11/22/2015 0:00,280,3,3,490,18,46,2,7,0,0,0,0,292.6666667,1.166666667,0.833333333,291,12.16666667,27,40,2.333333333,5,0,0,0.166666667,0.666666667,23.9
00-0026143,M.Ryan,2015112901,11/29/2015 0:00,230,1,2,305,7,31,1,-1,0,0,0,0,296.6666667,1.5,1.333333333,350.5,13.83333333,28,43.16666667,2.5,6.333333333,0,0,0.166666667,0.666666667,14.1
00-0026143,M.Ryan,2015120608,12/6/2015 0:00,269,1,1,326,14,45,1,4,0,0,0,0,292.6666667,1.666666667,1.333333333,332.3333333,12.33333333,27.66666667,41.33333333,2.166666667,2.833333333,0,0,0.166666667,0.5,17.16
00-0026143,M.Ryan,2015121307,12/13/2015 0:00,224,0,1,216,11,34,1,-1,0,0,1,2,288.3333333,1.5,1.5,332.6666667,12.5,27.66666667,41.66666667,1.666666667,1.833333333,0,0,0.166666667,0.5,8.86
00-0026143,M.Ryan,2015122003,12/20/2015 0:00,246,1,1,239,12,35,3,0,0,0,0,0,283.8333333,1.333333333,1.333333333,319.1666667,12,27.66666667,41,1.5,2.166666667,0,0,0.333333333,0.666666667,15.84
00-0026143,M.Ryan,2015122707,12/27/2015 0:00,306,1,0,248,7,30,6,1,0,0,0,0,258.6666667,1.166666667,1.333333333,314,12.83333333,25.16666667,39.33333333,1.5,1.833333333,0,0,0.166666667,0.5,19.34
00-0026143,M.Ryan,2016010311,1/3/2016 0:00,334,2,1,351,11,36,1,0,0,0,0,0,259.1666667,1.166666667,1.333333333,304,11.5,24,36.83333333,2.333333333,1.666666667,0,0,0.166666667,0.333333333,23.36
00-0026143,M.Ryan,2016091100,9/11/2016 0:00,334,2,0,251,12,39,3,10,0,0,0,0,268.1666667,1,1,280.8333333,10.33333333,23.83333333,35.16666667,2.166666667,0.5,0,0,0.166666667,0.333333333,25.36
00-0026143,M.Ryan,2016091811,9/18/2016 0:00,396,3,1,344,7,34,1,2,0,0,0,0,285.5,1.166666667,0.666666667,271.8333333,11.16666667,24.66666667,36.5,2.5,2.333333333,0,0,0.166666667,0.333333333,30.04
00-0026143,M.Ryan,2016092600,9/26/2016 0:00,240,2,0,181,10,30,5,23,0,0,0,0,306.6666667,1.5,0.666666667,274.8333333,10,24,34.66666667,2.5,2,0,0,0.166666667,0.333333333,22.9
00-0026143,M.Ryan,2016100201,10/2/2016 0:00,503,4,1,446,8,37,4,14,0,0,0,0,309.3333333,1.833333333,0.5,269,9.833333333,23.66666667,34,3.166666667,6,0,0,0,0,39.52
00-0026143,M.Ryan,2016100907,10/9/2016 0:00,267,1,0,256,13,28,3,3,0,0,1,1,352.1666667,2.333333333,0.5,303.5,9.166666667,24.66666667,34.33333333,3.333333333,8.333333333,0,0,0,0,16.98
00-0026143,M.Ryan,2016101611,10/16/2016 0:00,335,3,1,428,14,42,1,2,0,0,0,0,345.6666667,2.333333333,0.5,304.8333333,10.16666667,23.33333333,34,2.833333333,8.666666667,0,0,0.166666667,0.166666667,27.6
00-0026143,M.Ryan,2016102309,10/23/2016 0:00,273,1,1,360,11,34,3,8,0,0,0,0,345.8333333,2.5,0.5,317.6666667,10.66666667,23.83333333,35,2.833333333,9,0,0,0.166666667,0.166666667,17.72
00-0026143,M.Ryan,2016103001,10/30/2016 0:00,288,3,0,207,7,35,3,9,0,0,0,0,335.6666667,2.333333333,0.666666667,335.8333333,10.5,23,34.16666667,2.833333333,8.666666667,0,0,0.166666667,0.166666667,27.42
00-0026143,M.Ryan,2016110300,11/3/2016 0:00,344,4,0,428,9,34,2,0,0,0,0,0,317.6666667,2.333333333,0.5,313,10.5,23.33333333,34.33333333,3.166666667,9.833333333,0,0,0.166666667,0.166666667,32.76
00-0026143,M.Ryan,2016112700,11/27/2016 0:00,269,2,1,195,7,34,4,15,0,0,0,0,335,2.666666667,0.5,354.1666667,10.33333333,24.16666667,35,2.666666667,6,0,0,0.166666667,0.166666667,22.26
00-0026143,M.Ryan,2016120400,12/4/2016 0:00,297,1,1,248,11,34,3,23,0,0,0,0,296,2.333333333,0.5,312.3333333,10.16666667,23.83333333,34.5,2.666666667,6.166666667,0,0,0.166666667,0.166666667,20.18
00-0026143,M.Ryan,2016121809,12/18/2016 0:00,286,2,0,254,6,23,1,-1,0,0,0,0,301,2.333333333,0.666666667,311,9.833333333,25,35.5,2.666666667,9.5,0,0,0,0,22.34
00-0026143,M.Ryan,2016122401,12/24/2016 0:00,277,2,0,257,6,33,2,9,0,0,0,0,292.8333333,2.166666667,0.5,282,8.5,23.33333333,32.33333333,2.666666667,9,0,0,0,0,22.98
00-0026143,M.Ryan,2017010100,1/1/2017 0:00,331,4,0,238,9,36,2,2,0,0,0,0,293.5,2.333333333,0.333333333,264.8333333,7.666666667,24.16666667,32.16666667,2.5,9.166666667,0,0,0,0,32.44
00-0026143,M.Ryan,2017091001,9/10/2017 0:00,321,1,0,216,9,30,3,11,0,0,0,0,300.6666667,2.5,0.333333333,270,8,24,32.33333333,2.333333333,8,0,0,0,0,20.94
00-0026143,M.Ryan,2017091713,9/17/2017 0:00,252,1,0,257,9,28,1,8,0,0,0,0,296.8333333,2,0.333333333,234.6666667,8,23.33333333,31.66666667,2.5,9.833333333,0,0,0,0,17.88
00-0026143,M.Ryan,2017092404,9/24/2017 0:00,294,2,3,347,8,35,1,-1,0,0,0,0,294,1.833333333,0.166666667,245,8.333333333,22.16666667,30.66666667,2,8.666666667,0,0,0,0,19.66
00-0026143,M.Ryan,2017100101,10/1/2017 0:00,242,1,2,379,16,42,1,8,0,0,0,0,293.5,2,0.5,261.5,7.833333333,22.5,30.83333333,1.666666667,4.666666667,0,0,0,0,15.48
00-0026143,M.Ryan,2017102212,10/22/2017 0:00,233,1,0,284,10,33,3,37,0,0,0,0,286.1666667,1.833333333,0.833333333,282.3333333,9.5,23.66666667,34,1.666666667,6.166666667,0,0,0,0,20.02
00-0026143,M.Ryan,2017102905,10/29/2017 0:00,254,2,0,270,11,29,7,17,0,0,0,0,278.8333333,1.666666667,0.833333333,286.8333333,10.16666667,23,34,1.833333333,10.83333333,0,0,0,0,22.86
00-0026143,M.Ryan,2017110500,11/5/2017 0:00,313,2,1,426,13,38,1,-1,0,0,0,0,266,1.333333333,0.833333333,292.1666667,10.5,21.5,32.83333333,2.666666667,13.33333333,0,0,0,0,22.42
00-0026143,M.Ryan,2017112000,11/20/2017 0:00,195,2,0,234,8,27,3,12,0,0,0,0,264.6666667,1.5,1,327.1666667,11.16666667,22,34.16666667,2.333333333,11.33333333,0,0,0,0,20
00-0026143,M.Ryan,2017112600,11/26/2017 0:00,317,1,0,282,8,34,1,1,0,0,0,0,255.1666667,1.666666667,1,323.3333333,11,22,34,2.666666667,12,0,0,0,0,19.78
00-0026143,M.Ryan,2017120300,12/3/2017 0:00,173,0,0,321,13,29,1,1,0,0,0,0,259,1.5,0.5,312.5,11,22.33333333,33.83333333,2.666666667,12.33333333,0,0,0,0,10.02
00-0026143,M.Ryan,2017120700,12/7/2017 0:00,221,1,3,259,9,27,3,0,0,0,0,0,247.5,1.333333333,0.166666667,302.8333333,10.5,21,31.66666667,2.666666667,11.16666667,0,0,0,0,12.84
00-0026143,M.Ryan,2017121800,12/18/2017 0:00,212,1,0,319,14,31,3,29,0,0,0,0,245.5,1.333333333,0.666666667,298.6666667,10.33333333,19.66666667,30.66666667,2.666666667,5,0,0,0,0,18.38
00-0026143,M.Ryan,2017122405,12/24/2017 0:00,288,1,1,278,13,36,2,7,0,0,0,0,238.5,1.166666667,0.666666667,306.8333333,10.83333333,19.5,31,2,7,0,0,0,0,18.22
00-0026143,M.Ryan,2017123100,12/31/2017 0:00,317,1,0,297,16,44,3,14,0,0,0,1,234.3333333,1,0.666666667,282.1666667,10.83333333,19.16666667,30.66666667,2.166666667,8.333333333,0,0,0,0,20.08
00-0026143,M.Ryan,2018090600,9/6/2018 0:00,251,0,1,380,21,43,2,8,0,0,0,0,254.6666667,0.833333333,0.666666667,292.6666667,12.16666667,20.66666667,33.5,2.166666667,8.666666667,0,0,0,0.166666667,12.84
00-0026143,M.Ryan,2018091600,9/16/2018 0:00,272,2,1,293,4,28,4,18,2,0,0,0,243.6666667,0.666666667,0.833333333,309,14.33333333,19.83333333,35,2.333333333,9.833333333,0,0,0,0.166666667,34.68
00-0026143,M.Ryan,2018092300,9/23/2018 0:00,374,5,0,308,9,35,4,12,0,0,0,0,260.1666667,1,1,304.3333333,12.83333333,21,34.83333333,2.833333333,12.66666667,0.333333333,0,0,0.166666667,39.16
00-0026143,M.Ryan,2018093000,9/30/2018 0:00,419,3,0,430,10,39,2,5,0,0,0,0,285.6666667,1.666666667,0.5,312.5,12.83333333,22.83333333,36.16666667,3,14.66666667,0.333333333,0,0,0.166666667,32.26
00-0026143,M.Ryan,2018100707,10/7/2018 0:00,285,1,0,327,12,38,1,10,0,0,0,0,320.1666667,2,0.5,331,12.16666667,24.83333333,37.5,2.833333333,10.66666667,0.333333333,0,0,0.166666667,19.4
00-0026143,M.Ryan,2018101400,10/14/2018 0:00,355,3,0,395,10,41,1,13,0,0,0,1,319.6666667,2,0.333333333,339.1666667,12,25.5,37.83333333,2.666666667,11.16666667,0.333333333,0,0,0.166666667,29.5
00-0026143,M.Ryan,2018102200,10/22/2018 0:00,379,1,0,305,8,39,2,1,0,0,1,1,326,2.333333333,0.333333333,355.5,11,26,37.33333333,2.333333333,11,0.333333333,0,0,0.166666667,21.26
00-0026143,M.Ryan,2018111102,11/11/2018 0:00,330,2,0,248,13,51,3,13,0,0,1,1,347.3333333,2.5,0.166666667,343,8.833333333,27.66666667,36.66666667,2.333333333,9.833333333,0.333333333,0,0.166666667,0.333333333,24.5
00-0026143,M.Ryan,2018111800,11/18/2018 0:00,291,1,1,332,9,34,1,1,0,0,0,0,357,2.5,0,335.5,10.33333333,30.16666667,40.5,2.166666667,9,0,0,0.333333333,0.5,17.74
00-0026143,M.Ryan,2018112202,11/22/2018 0:00,377,2,1,401,11,47,2,16,0,0,2,2,343.1666667,1.833333333,0.166666667,339.5,10.33333333,29.83333333,40.33333333,1.666666667,7.166666667,0,0,0.333333333,0.5,24.68
00-0026143,M.Ryan,2018120200,12/2/2018 0:00,131,1,0,275,10,26,2,4,0,0,0,1,336.1666667,1.666666667,0.333333333,334.6666667,10.5,30.83333333,41.66666667,1.666666667,9,0,0,0.666666667,0.833333333,11.64
00-0026143,M.Ryan,2018120903,12/9/2018 0:00,262,3,1,353,13,42,1,0,0,0,0,1,310.5,1.666666667,0.333333333,326,10.16666667,29.16666667,39.66666667,1.833333333,8,0,0,0.666666667,1,23.48
00-0026143,M.Ryan,2018121600,12/16/2018 0:00,231,2,0,247,14,36,3,18,1,0,0,0,295,1.666666667,0.5,319,10.66666667,28.66666667,39.83333333,1.833333333,5.833333333,0,0,0.666666667,1,28.04
00-0026143,M.Ryan,2018122304,12/23/2018 0:00,239,3,0,285,11,26,1,-1,0,0,0,0,270.3333333,1.833333333,0.5,309.3333333,11.66666667,27.16666667,39.33333333,2,8.666666667,0.166666667,0,0.5,0.833333333,24.46
00-0026143,M.Ryan,2018123010,12/30/2018 0:00,378,2,1,379,12,44,4,7,0,0,0,0,255.1666667,2,0.5,315.5,11.33333333,23.33333333,35.16666667,1.666666667,6.333333333,0.166666667,0,0.333333333,0.666666667,25.82
00-0026143,M.Ryan,2019090804,9/8/2019 0:00,304,2,2,360,11,46,2,24,0,0,0,0,269.6666667,2.166666667,0.5,323.3333333,11.83333333,24.5,36.83333333,2.166666667,7.333333333,0.166666667,0,0.333333333,0.666666667,23.56
00-0026143,M.Ryan,2019091513,9/15/2019 0:00,320,3,3,399,13,43,2,3,0,0,0,1,257.5,2.166666667,0.666666667,316.5,11.83333333,24.16666667,36.66666667,2.166666667,8.666666667,0.166666667,0,0,0.333333333,24.1
00-0026143,M.Ryan,2019092203,9/22/2019 0:00,304,3,1,292,4,34,2,3,0,0,0,0,289,2.5,1.166666667,337.1666667,12.33333333,26,39.5,2.166666667,8.5,0.166666667,0,0,0.333333333,26.46
00-0026143,M.Ryan,2019092900,9/29/2019 0:00,397,0,0,468,18,53,2,18,0,0,0,0,296,2.5,1.166666667,327,10.83333333,26.16666667,38.16666667,2.333333333,9,0.166666667,0,0,0.166666667,20.68
00-0026143,M.Ryan,2019100602,10/6/2019 0:00,330,3,1,366,13,46,3,7,1,0,0,1,323.6666667,2.166666667,1.166666667,363.8333333,11.5,28.33333333,41,2.166666667,9,0,0,0,0.166666667,32.9
00-0026143,M.Ryan,2019101307,10/13/2019 0:00,356,4,0,319,6,36,2,7,0,0,0,0,338.8333333,2.166666667,1.333333333,377.3333333,11.83333333,31.16666667,44.33333333,2.5,10.33333333,0.166666667,0,0,0.333333333,33.94
00-0026143,M.Ryan,2019102000,10/20/2019 0:00,159,0,1,215,10,27,1,2,0,0,0,0,335.1666667,2.5,1.166666667,367.3333333,10.83333333,31,43,2.166666667,10.33333333,0.166666667,0,0,0.333333333,8.56
00-0026143,M.Ryan,2019111004,11/10/2019 0:00,182,2,1,260,14,35,2,13,0,0,0,0,311,2.166666667,1,343.1666667,10.66666667,28.16666667,39.83333333,2,6.666666667,0.166666667,0,0,0.333333333,18.58
00-0026143,M.Ryan,2019111701,11/17/2019 0:00,311,1,0,294,10,31,2,0,0,0,0,0,288,2,0.666666667,320,10.83333333,27,38.5,2,8.333333333,0.166666667,0,0,0.166666667,19.44
00-0026143,M.Ryan,2019112400,11/24/2019 0:00,271,0,1,452,22,46,1,8,0,0,0,0,289.1666667,1.666666667,0.5,320.3333333,11.83333333,25.66666667,38,2,7.833333333,0.166666667,0,0,0.166666667,13.64
00-0026143,M.Ryan,2019112802,11/28/2019 0:00,312,2,2,345,12,49,3,21,0,0,0,0,268.1666667,1.666666667,0.666666667,317.6666667,12.5,23.66666667,36.83333333,1.833333333,6.166666667,0.166666667,0,0,0.166666667,23.58
00-0026143,M.Ryan,2019120800,12/8/2019 0:00,313,2,0,322,14,34,1,8,0,0,0,0,265.1666667,1.5,0.833333333,314.1666667,12.33333333,24.16666667,37.33333333,1.833333333,8.5,0,0,0,0,24.32
00-0026143,M.Ryan,2019121512,12/15/2019 0:00,210,2,0,213,14,39,6,27,0,0,0,0,258,1.166666667,0.833333333,314.6666667,13.66666667,22.5,37,1.666666667,8.666666667,0,0,0,0,22.1
00-0026143,M.Ryan,2019122205,12/22/2019 0:00,384,1,2,391,11,45,4,6,0,0,0,0,266.5,1.5,0.666666667,314.3333333,14.33333333,24,39,2.5,12.83333333,0,0,0,0,20.96
00-0026143,M.Ryan,2019122912,12/29/2019 0:00,313,1,0,311,21,51,2,0,0,0,0,0,300.1666667,1.333333333,0.833333333,336.1666667,13.83333333,26,40.66666667,2.833333333,11.66666667,0,0,0,0,19.52
,,,,,,,,,,,,,,,,300.5,1.333333333,0.833333333,339,15.66666667,27.5,44,2.833333333,11.66666667,0,0,0,0,0
00-0026158,J.Flacco,2009092013,9/20/2009 0:00,190,2,1,192,8,26,5,3,0,0,0,0,307,3,1,434,16,26,43,5,18,0,0,0,0,17.9
00-0026158,J.Flacco,2009092700,9/27/2009 0:00,342,1,0,293,10,35,2,5,0,0,0,0,248.5,2.5,1,313,12,21.5,34.5,5,10.5,0,0,0,0,21.18
00-0026158,J.Flacco,2009100406,10/4/2009 0:00,264,2,1,358,19,47,1,2,0,0,0,0,279.6666667,2,0.666666667,306.3333333,11.33333333,22.66666667,34.66666667,4,8.666666667,0,0,0,0,20.76
00-0026158,J.Flacco,2009101100,10/11/2009 0:00,186,1,2,237,7,31,1,9,0,0,0,0,275.75,2,0.75,319.25,13.25,23.75,37.75,3.25,7,0,0,0,0,13.34
00-0026158,J.Flacco,2009110100,11/1/2009 0:00,175,1,0,125,5,25,5,5,0,0,0,0,257.8,1.8,1,302.8,12,23.4,36.4,2.8,7.4,0,0,0,0,14.5
00-0026158,J.Flacco,2009110802,11/8/2009 0:00,130,0,2,352,12,28,2,3,0,0,0,0,244,1.666666667,0.833333333,273.1666667,10.83333333,22.83333333,34.5,3.166666667,7,0,0,0,0,6.5
00-0026158,J.Flacco,2009112200,11/22/2009 0:00,256,0,1,229,10,34,2,-2,0,0,0,0,214.5,1.166666667,1,259.5,10.16666667,20.83333333,32,2.666666667,4.5,0,0,0,0,12.04
00-0026158,J.Flacco,2009112911,11/29/2009 0:00,289,1,0,341,12,35,1,-2,0,0,1,1,225.5,0.833333333,1,265.6666667,10.5,21.83333333,33.33333333,2.166666667,3.666666667,0,0,0,0,17.36
00-0026158,J.Flacco,2009120700,12/7/2009 0:00,137,1,3,330,18,36,3,16,0,0,0,0,216.6666667,0.833333333,1,273.6666667,10.83333333,21.5,33.33333333,2,2.5,0,0,0.166666667,0.166666667,11.08
00-0026158,J.Flacco,2009121301,12/13/2009 0:00,230,1,0,186,7,20,1,2,0,0,1,1,195.5,0.666666667,1.333333333,269,10.66666667,19.5,31.5,2.333333333,4.833333333,0,0,0.166666667,0.166666667,15.4
00-0026158,J.Flacco,2009122000,12/20/2009 0:00,234,4,0,289,8,29,2,5,0,0,0,0,202.8333333,0.666666667,1,260.5,10.66666667,18,29.66666667,2.333333333,3.666666667,0,0,0.333333333,0.333333333,28.86
00-0026158,J.Flacco,2010010313,1/3/2010 0:00,102,0,0,101,8,19,4,-2,0,0,0,0,212.6666667,1.166666667,1,287.8333333,11.16666667,18.16666667,30.33333333,1.833333333,3.666666667,0,0,0.333333333,0.333333333,6.88
00-0026158,J.Flacco,2010091300,9/13/2010 0:00,248,0,1,400,17,38,4,2,0,0,0,0,208,1.166666667,0.666666667,246,10.5,17.66666667,28.83333333,2.166666667,2.833333333,0,0,0.333333333,0.333333333,12.12
00-0026158,J.Flacco,2010091912,9/19/2010 0:00,154,1,4,424,18,39,3,9,0,0,0,0,206.6666667,1.166666667,0.666666667,274.5,11.66666667,17.16666667,29.5,2.5,3.5,0,0,0.333333333,0.333333333,10.06
00-0026158,J.Flacco,2010092604,9/26/2010 0:00,262,3,0,289,9,31,4,-4,0,0,0,0,184.1666667,1.166666667,1.333333333,288.3333333,12.66666667,16.16666667,30.16666667,2.833333333,5.333333333,0,0,0.166666667,0.166666667,25.08
00-0026158,J.Flacco,2010100302,10/3/2010 0:00,256,1,1,282,12,37,2,1,0,0,0,0,205,1.5,0.833333333,281.5,11.16666667,17.33333333,29.33333333,3,2,0,0,0.166666667,0.166666667,16.34
00-0026158,J.Flacco,2010101001,10/10/2010 0:00,196,0,0,246,11,25,5,20,1,0,0,0,209.3333333,1.5,1,297.5,12,19.16666667,32.16666667,3.166666667,1.833333333,0,0,0,0,18.84
00-0026158,J.Flacco,2010101702,10/17/2010 0:00,271,2,0,195,8,34,2,5,0,0,0,0,203,0.833333333,1,290.3333333,12.5,18,31.5,3.666666667,4.333333333,0.166666667,0,0,0,22.34
00-0026158,J.Flacco,2010102402,10/24/2010 0:00,250,3,0,370,15,31,2,-1,0,0,0,0,231.1666667,1.166666667,1,306,12.5,20.5,34,3.333333333,5.5,0.166666667,0,0,0,24.9
00-0026158,J.Flacco,2010110701,11/7/2010 0:00,266,2,0,194,7,27,4,7,0,0,0,0,231.5,1.666666667,0.833333333,301,12.16666667,19.83333333,32.83333333,3,5,0.166666667,0,0,0,22.34
00-0026158,J.Flacco,2010111100,11/11/2010 0:00,215,3,1,328,11,34,3,13,0,0,0,1,250.1666667,1.833333333,0.166666667,262.6666667,10.33333333,20.33333333,30.83333333,3.166666667,4.666666667,0.166666667,0,0,0,22.9
00-0026158,J.Flacco,2010112100,11/21/2010 0:00,301,1,0,271,9,33,1,0,0,0,1,2,242.3333333,1.833333333,0.333333333,269.1666667,10.66666667,20.33333333,31.33333333,3,7.5,0.166666667,0,0,0.166666667,17.04
00-0026158,J.Flacco,2010112806,11/28/2010 0:00,289,2,1,202,9,35,3,-2,0,0,0,0,249.8333333,1.833333333,0.166666667,267.3333333,10.16666667,20.33333333,30.66666667,2.833333333,7.333333333,0.166666667,0,0.166666667,0.5,21.36
00-0026158,J.Flacco,2010120513,12/5/2010 0:00,266,1,0,344,16,33,3,15,0,0,0,0,265.3333333,2.166666667,0.333333333,260,9.833333333,22.16666667,32.33333333,2.5,3.666666667,0,0,0.166666667,0.5,19.14
00-0026158,J.Flacco,2010121909,12/19/2010 0:00,172,2,0,180,10,20,1,2,0,0,0,0,264.5,2,0.333333333,284.8333333,11.16666667,20.66666667,32.16666667,2.666666667,5.333333333,0,0,0.166666667,0.5,18.08
00-0026158,J.Flacco,2010122602,12/26/2010 0:00,102,2,1,219,6,19,3,16,0,0,0,0,251.5,1.833333333,0.333333333,253.1666667,10.33333333,19.66666667,30.33333333,2.5,5.833333333,0,0,0.166666667,0.5,15.68
00-0026158,J.Flacco,2011010202,1/2/2011 0:00,125,0,1,171,4,19,3,1,0,0,0,0,224.1666667,1.833333333,0.5,257.3333333,10.16666667,18.33333333,29,2.333333333,7.333333333,0,0,0.166666667,0.5,7.1
00-0026158,J.Flacco,2011092510,9/25/2011 0:00,389,3,0,536,21,48,9,29,0,0,0,0,209.1666667,1.333333333,0.5,231.1666667,9,17,26.5,2.333333333,5.333333333,0,0,0.166666667,0.333333333,33.46
00-0026158,J.Flacco,2011100214,10/2/2011 0:00,163,0,1,361,20,31,3,-3,0,0,0,0,223.8333333,1.666666667,0.5,275.3333333,11,17.5,29,3.666666667,10.16666667,0,0,0,0,8.22
00-0026158,J.Flacco,2011101608,10/16/2011 0:00,305,0,1,334,12,33,3,-1,1,0,0,0,202.8333333,1.333333333,0.5,301.8333333,12.83333333,15,28.33333333,3.666666667,10,0,0,0,0,20.1
00-0026158,J.Flacco,2011103005,10/30/2011 0:00,336,0,0,597,19,50,4,15,0,0,0,0,209.3333333,1.166666667,0.666666667,300.1666667,12.16666667,15.5,28.33333333,3.666666667,7.333333333,0.166666667,0,0,0,17.94
00-0026158,J.Flacco,2011111311,11/13/2011 0:00,255,1,1,438,22,52,2,8,0,0,0,0,236.6666667,0.833333333,0.666666667,369.6666667,13.66666667,19,33.33333333,4.166666667,9.5,0.166666667,0,0,0,17
00-0026158,J.Flacco,2011112004,11/20/2011 0:00,270,2,1,238,9,27,3,-2,0,0,0,0,262.1666667,0.666666667,0.666666667,406.1666667,16.33333333,21.83333333,38.83333333,4,8.166666667,0.166666667,0,0,0,20.6
00-0026158,J.Flacco,2011112402,11/24/2011 0:00,161,1,0,160,8,23,6,2,0,0,0,0,286.3333333,1,0.666666667,417.3333333,17.16666667,22.33333333,40.16666667,4,7.666666667,0.166666667,0,0,0,13.64
00-0026158,J.Flacco,2011120404,12/4/2011 0:00,158,0,0,198,13,23,4,-1,0,0,0,0,248.3333333,0.666666667,0.666666667,354.6666667,15,20.33333333,36,3.5,3.166666667,0.166666667,0,0,0,9.22
00-0026158,J.Flacco,2011121812,12/18/2011 0:00,226,2,2,202,9,34,1,12,0,0,0,1,247.5,0.666666667,0.5,327.5,13.83333333,20.33333333,34.66666667,3.666666667,3.5,0.166666667,0,0,0,18.24
00-0026158,J.Flacco,2011122402,12/24/2011 0:00,132,2,1,192,12,24,4,30,0,0,0,0,234.3333333,1,0.666666667,305.5,13.33333333,20.83333333,34.83333333,3.333333333,5.666666667,0,0,0,0.166666667,18.28
00-0026158,J.Flacco,2012010102,1/1/2012 0:00,130,1,0,159,4,19,1,1,0,0,0,0,200.3333333,1.333333333,0.833333333,238,12.16666667,17.5,30.5,3.333333333,8.166666667,0,0,0,0.166666667,12.3
00-0026158,J.Flacco,2012091000,9/10/2012 0:00,299,2,0,329,8,29,2,-1,0,0,0,0,179.5,1.333333333,0.666666667,191.5,9.166666667,15.16666667,25,3.166666667,7,0,0,0,0.166666667,22.86
00-0026158,J.Flacco,2012092313,9/23/2012 0:00,382,3,1,463,10,39,2,3,0,0,0,0,184.3333333,1.333333333,0.5,206.6666667,9,15.83333333,25.33333333,3,7.166666667,0,0,0,0.166666667,29.58
00-0026158,J.Flacco,2012092700,9/27/2012 0:00,356,1,1,511,17,46,2,4,1,0,0,0,221.1666667,1.666666667,0.666666667,257.1666667,9.333333333,18,28,2.333333333,7.333333333,0,0,0,0.166666667,26.64
00-0026158,J.Flacco,2012100706,10/7/2012 0:00,187,0,1,235,13,27,3,14,0,0,0,0,254.1666667,1.833333333,0.833333333,309.3333333,10,21,31.83333333,2,8.166666667,0.166666667,0,0,0.166666667,10.88
00-0026158,J.Flacco,2012101406,10/14/2012 0:00,234,1,0,261,9,26,2,2,0,0,0,0,247.6666667,1.5,0.666666667,314.8333333,10.66666667,19.33333333,30.66666667,2.333333333,8.5,0.166666667,0,0,0,16.56
00-0026158,J.Flacco,2012102105,10/21/2012 0:00,147,1,2,302,19,42,2,7,0,0,0,0,264.6666667,1.333333333,0.5,326.3333333,10.16666667,20.33333333,31,2,3.833333333,0.166666667,0,0,0,11.58
00-0026158,J.Flacco,2012110405,11/4/2012 0:00,153,1,0,234,9,24,2,1,0,0,0,0,267.5,1.333333333,0.833333333,350.1666667,12.66666667,21.33333333,34.83333333,2.166666667,4.833333333,0.166666667,0,0,0,13.22
00-0026158,J.Flacco,2012111104,11/11/2012 0:00,341,3,1,336,11,33,1,1,1,0,0,0,243.1666667,1.166666667,0.833333333,334.3333333,12.83333333,20.33333333,34,2.166666667,5.166666667,0.166666667,0,0,0,33.74
00-0026158,J.Flacco,2012111811,11/18/2012 0:00,164,0,0,305,12,32,1,-1,0,0,0,1,236.3333333,1.166666667,0.833333333,313.1666667,13,19.16666667,33,2,4.833333333,0.333333333,0,0,0,8.46
00-0026158,J.Flacco,2012112508,11/25/2012 0:00,355,1,0,528,21,51,4,-4,0,0,0,0,204.3333333,1,0.666666667,278.8333333,12.16666667,17.83333333,30.66666667,1.833333333,4,0.166666667,0,0,0.166666667,20.8
00-0026158,J.Flacco,2012120210,12/2/2012 0:00,188,1,1,449,17,34,1,-1,0,0,0,0,232.3333333,1.166666667,0.5,327.6666667,13.5,20.66666667,34.66666667,2,1,0.166666667,0,0,0.166666667,13.42
00-0026158,J.Flacco,2012120900,12/9/2012 0:00,182,3,1,182,4,21,5,9,0,0,0,0,224.6666667,1.166666667,0.666666667,359,14.83333333,20.5,36,1.833333333,0.5,0.166666667,0,0,0.166666667,22.18
00-0026158,J.Flacco,2012121606,12/16/2012 0:00,254,2,1,327,19,40,2,-2,0,0,0,0,230.5,1.5,0.5,339,12.33333333,19.66666667,32.5,2.333333333,0.833333333,0.166666667,0,0,0.166666667,19.96
00-0026158,J.Flacco,2012122309,12/23/2012 0:00,309,2,0,324,11,36,3,-10,1,0,0,0,247.3333333,1.666666667,0.666666667,354.5,14,20.5,35.16666667,2.333333333,0.333333333,0.166666667,0,0,0.166666667,28.36
00-0026158,J.Flacco,2013091501,9/15/2013 0:00,211,1,0,303,11,33,4,6,0,0,0,0,242,1.5,0.5,352.5,14,21.16666667,35.66666667,2.666666667,-1.5,0.166666667,0,0,0.166666667,16.04
00-0026158,J.Flacco,2013100604,10/6/2013 0:00,269,0,1,314,12,32,2,13,0,0,0,0,249.8333333,1.666666667,0.5,352.1666667,13.83333333,21.5,35.83333333,3.166666667,-0.333333333,0.166666667,0,0,0,14.06
00-0026158,J.Flacco,2013101300,10/13/2013 0:00,342,2,0,342,14,34,1,6,0,0,0,0,235.5,1.5,0.666666667,316.5,12.33333333,19.66666667,32.66666667,2.833333333,2.5,0.166666667,0,0,0,25.28
00-0026158,J.Flacco,2013102011,10/20/2013 0:00,215,1,0,280,10,34,2,14,0,0,0,0,261.1666667,1.666666667,0.5,298.6666667,11.83333333,20.33333333,32.66666667,2.833333333,3.666666667,0.166666667,0,0,0,17
00-0026158,J.Flacco,2013110308,11/3/2013 0:00,247,2,1,371,16,40,3,25,0,0,0,0,266.6666667,1.333333333,0.333333333,315,12.83333333,21.66666667,34.83333333,2.333333333,4.5,0.166666667,0,0,0,22.38
00-0026158,J.Flacco,2013111001,11/10/2013 0:00,140,2,2,328,14,36,1,4,0,0,0,0,265.5,1.333333333,0.333333333,322.3333333,12.33333333,22.16666667,34.83333333,2.5,9,0.166666667,0,0,0,15
00-0026158,J.Flacco,2013111701,11/17/2013 0:00,162,1,2,204,12,31,4,20,0,0,0,1,237.3333333,1.333333333,0.666666667,323,12.83333333,21.33333333,34.83333333,2.166666667,11.33333333,0,0,0,0,12.48
00-0026158,J.Flacco,2013112802,11/28/2013 0:00,251,1,0,320,11,35,4,7,0,0,0,0,229.1666667,1.333333333,1,306.5,13,20.5,34.5,2.166666667,13.66666667,0,0,0,0.166666667,17.74
00-0026158,J.Flacco,2013120800,12/8/2013 0:00,245,3,3,417,18,49,1,22,0,0,0,1,226.1666667,1.5,0.833333333,307.5,12.83333333,21.33333333,35,2.5,12.66666667,0,0,0,0.166666667,23
00-0026158,J.Flacco,2013121600,12/16/2013 0:00,222,0,0,435,18,38,2,13,0,0,0,0,210,1.666666667,1.333333333,320,13.5,22.66666667,37.5,2.5,15.33333333,0,0,0,0.333333333,13.18
00-0026158,J.Flacco,2013122214,12/22/2013 0:00,231,0,2,392,14,36,2,0,1,0,0,0,211.1666667,1.5,1.333333333,345.8333333,14.83333333,22,38.16666667,2.5,15.16666667,0,0,0,0.333333333,16.24
00-0026158,J.Flacco,2013122902,12/29/2013 0:00,192,1,3,383,17,50,1,1,0,0,0,0,208.5,1.166666667,1.5,349.3333333,14.5,21.5,37.5,2.333333333,11,0.166666667,0,0,0.333333333,11.78
00-0026158,J.Flacco,2014090701,9/7/2014 0:00,345,1,1,495,26,62,3,7,0,0,0,0,217.1666667,1,1.666666667,358.5,15,23.16666667,39.83333333,2.333333333,10.5,0.166666667,0,0,0.333333333,20.5
00-0026158,J.Flacco,2014091100,9/11/2014 0:00,166,2,0,160,8,29,5,3,0,0,0,0,247.6666667,1,1.5,407,17.33333333,26.16666667,45,2.166666667,8.333333333,0.166666667,0,0,0.166666667,17.94
00-0026158,J.Flacco,2014092102,9/21/2014 0:00,217,1,1,207,10,30,4,6,0,0,0,0,233.5,1.166666667,1.5,380.3333333,16.83333333,25.66666667,44,2.333333333,7.666666667,0.166666667,0,0,0.166666667,15.28
00-0026158,J.Flacco,2014092800,9/28/2014 0:00,327,3,0,260,8,30,1,3,0,0,0,0,228.8333333,0.833333333,1.166666667,345.3333333,15.5,24.16666667,40.83333333,2.833333333,5,0.166666667,0,0,0,28.38
00-0026158,J.Flacco,2014101900,10/19/2014 0:00,258,2,2,249,7,25,1,4,0,0,0,0,246.3333333,1.333333333,1.166666667,316.1666667,13.83333333,24.5,39.5,2.666666667,3.333333333,0.166666667,0,0,0,19.72
00-0026158,J.Flacco,2014102602,10/26/2014 0:00,195,0,2,326,15,34,2,12,0,0,0,0,250.8333333,1.666666667,1.166666667,292.3333333,12.66666667,23.83333333,37.66666667,2.5,4,0,0,0,0,10
00-0026158,J.Flacco,2014110210,11/2/2014 0:00,303,2,1,278,13,44,1,2,0,0,0,0,251.3333333,1.5,1,282.8333333,12.33333333,21.66666667,35,2.666666667,5.833333333,0,0,0,0,22.32
00-0026158,J.Flacco,2014110900,11/9/2014 0:00,169,1,0,270,11,27,3,-2,0,0,0,0,244.3333333,1.666666667,1,246.6666667,10.16666667,20.83333333,32,2.333333333,5,0,0,0,0,13.56
00-0026158,J.Flacco,2014112400,11/24/2014 0:00,243,1,0,153,5,23,2,2,0,0,1,1,244.8333333,1.5,1,265,10.66666667,20,31.66666667,2,4.166666667,0,0,0,0,15.92
00-0026158,J.Flacco,2014113000,11/30/2014 0:00,225,2,0,273,12,31,2,3,1,0,0,0,249.1666667,1.5,0.833333333,256,9.833333333,19.83333333,30.5,1.666666667,3.5,0,0,0.166666667,0.166666667,26.3
00-0026158,J.Flacco,2014120704,12/7/2014 0:00,269,2,1,208,6,32,7,16,1,0,0,0,232.1666667,1.333333333,0.833333333,258.1666667,10.5,19.33333333,30.66666667,1.833333333,3.5,0.166666667,0,0.166666667,0.166666667,28.36
00-0026158,J.Flacco,2014121401,12/14/2014 0:00,221,1,0,271,10,30,4,8,0,0,1,1,234,1.333333333,0.666666667,251.3333333,10.33333333,20.83333333,31.83333333,2.833333333,5.5,0.333333333,0,0.166666667,0.166666667,15.64
00-0026158,J.Flacco,2014122102,12/21/2014 0:00,195,2,3,480,26,50,1,5,0,0,0,0,238.3333333,1.5,0.333333333,242.1666667,9.5,21.33333333,31.16666667,3.166666667,4.833333333,0.333333333,0,0.333333333,0.333333333,16.3
00-0026158,J.Flacco,2014122801,12/28/2014 0:00,312,2,0,373,14,36,3,1,0,0,0,0,220.3333333,1.5,0.666666667,275.8333333,11.66666667,19.83333333,32.16666667,3.166666667,5.333333333,0.333333333,0,0.333333333,0.333333333,23.58
00-0026158,J.Flacco,2015092010,9/20/2015 0:00,384,2,1,457,12,45,2,2,0,0,1,1,244.1666667,1.666666667,0.666666667,293,12.16666667,20.83333333,33.66666667,3.166666667,5.833333333,0.333333333,0,0.333333333,0.333333333,24.56
00-0026158,J.Flacco,2015100100,10/1/2015 0:00,189,1,1,202,11,32,3,0,0,0,0,0,267.6666667,1.833333333,0.833333333,343.6666667,13.33333333,23.16666667,37.33333333,3.166666667,5.833333333,0.333333333,0,0.333333333,0.333333333,13.56
00-0026158,J.Flacco,2015101105,10/11/2015 0:00,210,1,0,220,16,35,2,2,2,0,0,0,261.6666667,1.666666667,1,331.8333333,13.16666667,23.33333333,37.5,3.333333333,5.333333333,0.166666667,0,0.333333333,0.333333333,27.6
00-0026158,J.Flacco,2015110101,11/1/2015 0:00,319,1,0,301,12,37,4,2,1,0,0,0,251.8333333,1.5,0.833333333,333.8333333,14.83333333,22.33333333,38,2.5,3,0.333333333,0,0.333333333,0.333333333,25.96
00-0026158,J.Flacco,2015111506,11/15/2015 0:00,316,3,2,364,9,45,2,17,0,0,0,0,268.1666667,1.5,0.833333333,338.8333333,15.16666667,23.16666667,39.16666667,2.5,2,0.5,0,0.166666667,0.166666667,27.34
00-0026158,J.Flacco,2016091101,9/11/2016 0:00,258,1,0,243,11,34,4,-3,0,0,0,0,288.3333333,1.666666667,0.666666667,319.5,12.33333333,25.33333333,38.33333333,2.666666667,4,0.5,0,0.166666667,0.166666667,17.02
00-0026158,J.Flacco,2016091801,9/18/2016 0:00,302,2,2,437,18,45,1,1,0,0,0,0,279.3333333,1.5,0.666666667,297.8333333,11.83333333,25.5,38,2.833333333,3.333333333,0.5,0,0.166666667,0.166666667,21.18
00-0026158,J.Flacco,2016092504,9/25/2016 0:00,214,0,2,268,9,40,3,12,1,0,0,0,265.6666667,1.5,0.833333333,294.5,12.83333333,24.33333333,38,2.666666667,3.166666667,0.5,0,0,0,16.76
00-0026158,J.Flacco,2016100202,10/2/2016 0:00,298,1,0,340,19,51,1,1,1,0,0,0,269.8333333,1.333333333,1,305.5,12.5,25.83333333,39.33333333,2.666666667,5.166666667,0.666666667,0,0,0,25.02
00-0026158,J.Flacco,2016100900,10/9/2016 0:00,210,1,0,323,16,46,1,6,0,0,0,0,284.5,1.333333333,1,325.5,13,28,42,2.5,5,0.5,0,0,0,16
00-0026158,J.Flacco,2016101606,10/16/2016 0:00,307,0,0,404,22,48,1,0,0,0,0,0,266.3333333,1.333333333,1,329.1666667,13.66666667,28.83333333,43.5,2,5.666666667,0.333333333,0,0,0,15.28
00-0026158,J.Flacco,2016102306,10/23/2016 0:00,248,0,1,472,16,42,2,-4,0,0,0,0,264.8333333,0.833333333,0.666666667,335.8333333,15.83333333,27.5,44,1.833333333,2.833333333,0.333333333,0,0,0,11.52
00-0026158,J.Flacco,2016110601,11/6/2016 0:00,241,1,1,222,10,29,3,12,0,0,0,0,263.1666667,0.666666667,0.833333333,374,16.66666667,27.83333333,45.33333333,1.5,2.666666667,0.333333333,0,0,0,16.84
00-0026158,J.Flacco,2016111000,11/10/2016 0:00,296,3,2,275,8,40,1,3,0,0,0,0,253,0.5,0.666666667,338.1666667,15.33333333,26.66666667,42.66666667,1.833333333,4.5,0.333333333,0,0,0,25.14
00-0026158,J.Flacco,2016112002,11/20/2016 0:00,269,1,0,340,12,35,1,6,0,0,0,1,266.6666667,1,0.666666667,339.3333333,15.16666667,26.83333333,42.66666667,1.5,3,0.166666667,0,0,0,17.36
00-0026158,J.Flacco,2016112701,11/27/2016 0:00,234,1,1,183,9,35,2,19,0,0,0,0,261.8333333,1,0.666666667,339.3333333,14,25.33333333,40,1.5,3.833333333,0,0,0,0.166666667,17.26
00-0026158,J.Flacco,2016121200,12/12/2016 0:00,324,2,1,329,14,52,1,1,0,0,0,0,265.8333333,1,0.833333333,316,12.83333333,24.5,38.16666667,1.666666667,6,0,0,0,0.166666667,23.06
00-0026158,J.Flacco,2016121800,12/18/2016 0:00,206,2,1,245,12,29,1,-1,0,0,0,0,268.6666667,1.333333333,1,303.5,11.5,26.33333333,38.83333333,1.666666667,6.166666667,0,0,0,0.166666667,18.14
00-0026158,J.Flacco,2017091700,9/17/2017 0:00,217,2,1,190,8,34,1,-1,0,0,0,0,261.6666667,1.666666667,1,265.6666667,10.83333333,24.83333333,36.66666667,1.5,6.666666667,0,0,0,0.166666667,18.58
00-0026158,J.Flacco,2017100809,10/8/2017 0:00,222,0,0,218,7,26,3,-4,0,0,0,1,257.6666667,1.833333333,1,260.3333333,10.5,26,37.5,1.166666667,4.5,0,0,0,0.166666667,10.48
00-0026158,J.Flacco,2017101501,10/15/2017 0:00,180,0,2,296,15,41,1,2,0,0,1,1,245.3333333,1.333333333,0.666666667,250.8333333,10.33333333,24.16666667,35.16666667,1.5,3.333333333,0,0,0,0.333333333,7.4
00-0026158,J.Flacco,2017102207,10/22/2017 0:00,186,1,0,237,12,39,1,0,0,0,0,1,230.5,1.166666667,1,243.5,10.83333333,24.33333333,36.16666667,1.5,2.666666667,0,0,0.166666667,0.333333333,13.44
00-0026158,J.Flacco,2017102600,10/26/2017 0:00,101,1,0,62,5,15,1,9,0,0,0,0,222.5,1.166666667,0.833333333,252.5,11.33333333,24.66666667,36.83333333,1.333333333,-0.5,0,0,0.166666667,0.5,11.94
00-0026158,J.Flacco,2017110506,11/5/2017 0:00,261,2,2,407,16,52,1,7,0,0,0,1,185.3333333,1,0.666666667,208,9.833333333,20.16666667,30.66666667,1.333333333,0.833333333,0,0,0.166666667,0.5,19.14
00-0026158,J.Flacco,2017111902,11/19/2017 0:00,183,1,1,162,5,28,2,-1,0,0,0,0,194.5,1,0.833333333,235,10.5,23.16666667,34.5,1.333333333,2.166666667,0,0,0.166666667,0.666666667,13.22
00-0026158,J.Flacco,2017112700,11/27/2017 0:00,141,0,0,262,12,32,6,42,0,0,0,0,188.8333333,0.833333333,0.833333333,230.3333333,10,22.66666667,33.5,1.5,2.166666667,0,0,0.166666667,0.666666667,12.84
00-0026158,J.Flacco,2017120301,12/3/2017 0:00,269,2,0,322,14,37,1,-1,0,0,0,0,175.3333333,0.833333333,0.833333333,237.6666667,10.83333333,22.83333333,34.5,2,9.833333333,0,0,0.166666667,0.5,21.66
00-0026158,J.Flacco,2017121702,12/17/2017 0:00,288,1,0,260,16,42,4,3,1,0,0,0,190.1666667,1.166666667,0.5,242,10.66666667,22.66666667,33.83333333,2,9.333333333,0,0,0,0.333333333,24.82
00-0026158,J.Flacco,2017122300,12/23/2017 0:00,237,2,0,192,9,38,4,-2,0,0,0,1,207.1666667,1.166666667,0.5,245.8333333,11.33333333,22.5,34.33333333,2.5,9.833333333,0.166666667,0,0,0.166666667,19.28
00-0026158,J.Flacco,2018090900,9/9/2018 0:00,236,3,0,205,9,34,2,3,0,0,0,0,229.8333333,1.333333333,0.5,267.5,12,25.66666667,38.16666667,3,8,0.166666667,0,0,0.333333333,24.74
00-0026158,J.Flacco,2018091300,9/13/2018 0:00,376,2,2,509,19,53,3,8,0,0,0,0,225.6666667,1.5,0.166666667,233.8333333,10.83333333,24.16666667,35.16666667,3.166666667,7.333333333,0.166666667,0,0,0.166666667,24.84
00-0026158,J.Flacco,2018092301,9/23/2018 0:00,277,1,0,365,14,39,4,2,0,0,0,0,257.8333333,1.666666667,0.333333333,291.6666667,13.16666667,25.83333333,39.33333333,3.333333333,8.833333333,0.166666667,0,0,0.166666667,18.28
00-0026158,J.Flacco,2018093012,9/30/2018 0:00,363,2,0,387,14,42,2,-3,0,0,0,0,280.5,1.833333333,0.333333333,308.8333333,13.5,26.66666667,40.5,3,2.166666667,0.166666667,0,0,0.166666667,25.22
00-0026158,J.Flacco,2018100703,10/7/2018 0:00,298,0,1,448,26,56,2,13,0,0,1,1,296.1666667,1.833333333,0.333333333,319.6666667,13.5,27.5,41.33333333,3.166666667,1.833333333,0.166666667,0,0,0.166666667,14.22
00-0026158,J.Flacco,2018101411,10/14/2018 0:00,238,1,1,343,11,37,3,4,0,0,0,0,297.8333333,1.666666667,0.5,351,15.16666667,28,43.66666667,2.833333333,3.5,0,0,0.166666667,0.333333333,15.92
00-0026158,J.Flacco,2018102101,10/21/2018 0:00,279,2,0,333,16,39,1,4,0,0,0,0,298,1.5,0.666666667,376.1666667,15.5,27.33333333,43.5,2.666666667,4.5,0,0,0.166666667,0.166666667,22.56
00-0026158,J.Flacco,2018102801,10/28/2018 0:00,192,1,2,366,15,39,2,14,0,0,0,0,305.1666667,1.333333333,0.666666667,397.5,16.66666667,27,44.33333333,2.5,4.666666667,0,0,0.166666667,0.166666667,14.08
00-0026158,J.Flacco,2019090901,9/9/2019 0:00,268,1,0,243,10,31,1,1,0,0,0,0,274.5,1.166666667,0.666666667,373.6666667,16,25.33333333,42,2.333333333,5.666666667,0,0,0.166666667,0.166666667,17.82
00-0026158,J.Flacco,2019092202,9/22/2019 0:00,213,0,1,132,7,28,2,5,0,0,1,1,273,1.166666667,0.666666667,353.3333333,15.33333333,24.66666667,40.66666667,1.833333333,5.5,0,0,0.166666667,0.166666667,10.02
00-0026158,J.Flacco,2019092911,9/29/2019 0:00,303,3,1,299,15,38,1,-1,0,0,0,0,248,0.833333333,0.833333333,310.8333333,14.16666667,23.33333333,38.33333333,1.833333333,6.833333333,0,0,0.333333333,0.333333333,26.02
00-0026158,J.Flacco,2019100610,10/6/2019 0:00,182,1,1,128,5,20,3,7,0,0,0,1,248.8333333,1.333333333,0.833333333,286,12.33333333,22.16666667,35.33333333,1.666666667,4.5,0,0,0.166666667,0.166666667,12.98
00-0026158,J.Flacco,2019101309,10/13/2019 0:00,177,0,1,216,9,28,4,-1,0,0,0,1,239.5,1.333333333,0.833333333,250.1666667,11.33333333,20.33333333,32.5,1.666666667,5,0,0,0.166666667,0.333333333,7.98
00-0026158,J.Flacco,2019102710,10/27/2019 0:00,174,0,0,167,12,32,1,9,0,0,0,0,222.5,1,1,230.6666667,10.16666667,19.5,30.66666667,2.166666667,4.166666667,0,0,0.166666667,0.5,10.86
,,,,,,,,,,,,,,,,219.5,0.833333333,0.666666667,197.5,9.666666667,19.16666667,29.5,2,3.333333333,0,0,0.166666667,0.5,0
00-0026197,C.Henne,2009110107,11/1/2009 0:00,112,1,0,171,9,21,3,-5,0,0,0,0,115,1,0,200,8,14,22,2,14,0,0,0,0,10.98
00-0026197,C.Henne,2009111900,11/19/2009 0:00,172,1,0,198,12,29,1,0,0,0,0,0,113.5,1,0,185.5,8.5,13,21.5,2.5,4.5,0,0,0,0,13.88
00-0026197,C.Henne,2009120613,12/6/2009 0:00,335,2,1,478,21,51,1,-1,0,0,0,1,133,1,0,189.6666667,9.666666667,14.33333333,24,2,3,0,0,0,0,22.3
00-0026197,C.Henne,2009121305,12/13/2009 0:00,196,0,1,274,7,28,4,1,1,0,0,2,183.5,1.25,0.25,261.75,12.5,18,30.75,1.75,2,0,0,0,0.25,13.94
00-0026197,C.Henne,2009122008,12/20/2009 0:00,349,1,3,441,14,46,2,11,0,0,0,0,186,1,0.4,264.2,11.4,18.4,30.2,2.2,1.8,0.2,0,0,0.6,19.06
00-0026197,C.Henne,2009122704,12/27/2009 0:00,322,1,1,332,19,55,1,10,0,0,0,0,213.1666667,1,0.833333333,293.6666667,11.83333333,20.16666667,32.83333333,2.166666667,3.333333333,0.166666667,0,0,0.5,19.88
00-0026197,C.Henne,2010010306,1/3/2010 0:00,140,1,1,142,3,20,1,0,0,0,0,0,247.6666667,1,1,315.6666667,13.66666667,23.66666667,38.33333333,2,2.666666667,0.166666667,0,0,0.5,11.6
00-0026197,C.Henne,2010091201,9/12/2010 0:00,182,0,0,219,13,34,2,-1,0,0,0,0,252.3333333,1,1.166666667,310.8333333,12.66666667,24.33333333,38.16666667,1.666666667,3.5,0.166666667,0,0,0.5,10.18
00-0026197,C.Henne,2010091902,9/19/2010 0:00,114,1,0,123,6,15,2,0,0,0,0,0,254,0.833333333,1.166666667,314.3333333,12.83333333,25,39,1.833333333,3.333333333,0.166666667,0,0,0.5,11.56
00-0026197,C.Henne,2010092614,9/26/2010 0:00,363,2,1,457,17,44,1,1,0,0,0,0,217.1666667,0.666666667,1,255.1666667,10.33333333,21.66666667,33,2,3.5,0.166666667,0,0,0.333333333,24.62
00-0026197,C.Henne,2010101700,10/17/2010 0:00,231,2,1,329,14,38,2,9,0,0,0,0,245,1,1,285.6666667,12,22.66666667,35.66666667,1.5,3.5,0,0,0,0,20.14
00-0026197,C.Henne,2010103102,10/31/2010 0:00,217,0,1,342,12,37,3,-7,0,0,0,0,225.3333333,1.166666667,0.666666667,267,12,21.66666667,34.33333333,1.5,3.166666667,0,0,0,0,9.98
00-0026197,C.Henne,2010110701,11/7/2010 0:00,231,0,3,258,9,34,6,13,0,0,0,1,207.8333333,1,0.666666667,268.6666667,10.83333333,19.83333333,31.33333333,1.833333333,0.333333333,0,0,0,0,9.54
00-0026197,C.Henne,2010111400,11/14/2010 0:00,240,1,1,320,8,28,2,3,0,0,0,0,223,0.833333333,1,288,11.83333333,20.83333333,33.66666667,2.666666667,2.5,0,0,0,0.166666667,15.9
00-0026197,C.Henne,2010112809,11/28/2010 0:00,307,2,1,361,12,30,3,-4,0,0,0,0,232.6666667,1,1.166666667,304.8333333,11,20.5,32.66666667,2.666666667,3.166666667,0,0,0,0.166666667,21.88
00-0026197,C.Henne,2010120501,12/5/2010 0:00,174,1,3,287,13,32,5,17,0,0,0,0,264.8333333,1.166666667,1.333333333,344.5,12,21.83333333,35.16666667,2.833333333,2.5,0,0,0,0.166666667,12.66
00-0026197,C.Henne,2010122607,12/26/2010 0:00,278,1,2,303,13,44,5,14,0,0,0,0,233.3333333,1,1.666666667,316.1666667,11.33333333,20.16666667,33.16666667,3.5,5.166666667,0,0,0,0.166666667,17.52
00-0026197,C.Henne,2011091200,9/12/2011 0:00,416,2,1,460,18,49,7,59,1,0,0,0,241.1666667,0.833333333,1.833333333,311.8333333,11.16666667,21.16666667,34.16666667,4,6,0,0,0,0.166666667,38.54
00-0026197,C.Henne,2011091813,9/18/2011 0:00,170,1,1,259,17,30,3,26,0,0,0,0,274.3333333,1.166666667,1.833333333,331.5,12.16666667,22.16666667,36.16666667,4.666666667,17,0.166666667,0,0,0.166666667,15.4
00-0026197,C.Henne,2011092503,9/25/2011 0:00,255,1,1,214,9,29,3,15,0,0,0,0,264.1666667,1.333333333,1.5,331.6666667,13.5,20.5,35.5,4.166666667,19.16666667,0.166666667,0,0,0,17.7
00-0026197,C.Henne,2012111807,11/18/2012 0:00,354,4,0,325,17,33,2,7,0,0,0,0,266.6666667,1.333333333,1.5,314,13.66666667,20.5,35.66666667,4.333333333,21.16666667,0.166666667,0,0,0,33.86
00-0026197,C.Henne,2012112503,11/25/2012 0:00,261,2,1,275,8,26,2,0,0,0,0,0,274.5,1.666666667,1.333333333,308,14.5,20.33333333,36.16666667,4.166666667,23,0.166666667,0,0,0,20.44
00-0026197,C.Henne,2012120206,12/2/2012 0:00,208,1,1,474,22,41,3,1,1,0,0,0,289,1.833333333,1,306,13.66666667,20.5,35.16666667,3.666666667,20.16666667,0.166666667,0,0,0,20.42
00-0026197,C.Henne,2012120904,12/9/2012 0:00,185,0,2,399,19,42,1,1,0,0,0,0,277.3333333,1.833333333,0.833333333,334.5,15.16666667,18.66666667,34.66666667,3.333333333,18,0.333333333,0,0,0,8.5
00-0026197,C.Henne,2012121605,12/16/2012 0:00,221,0,0,211,16,34,3,16,0,0,0,0,238.8333333,1.5,1,324.3333333,15.33333333,17.16666667,33.5,2.333333333,8.333333333,0.166666667,0,0,0,13.44
00-0026197,C.Henne,2012122304,12/23/2012 0:00,348,1,3,404,17,49,2,22,0,0,0,0,247.3333333,1.333333333,0.833333333,316.3333333,15.16666667,18.16666667,34.16666667,2.333333333,6.666666667,0.166666667,0,0,0,20.12
00-0026197,C.Henne,2012123005,12/30/2012 0:00,298,2,3,406,13,41,2,13,0,0,0,1,262.8333333,1.333333333,1.166666667,348,16.5,19.83333333,37.5,2.166666667,7.833333333,0.166666667,0,0,0,20.22
00-0026197,C.Henne,2013091512,9/15/2013 0:00,241,1,0,245,12,37,2,9,0,0,0,0,253.5,1,1.666666667,361.5,15.83333333,21.33333333,38.83333333,2.166666667,8.833333333,0.166666667,0,0,0.166666667,17.54
00-0026197,C.Henne,2013092212,9/22/2013 0:00,235,0,2,273,18,38,2,5,0,0,0,0,250.1666667,0.833333333,1.5,356.5,16.5,22.66666667,40.66666667,2.166666667,10.33333333,0.166666667,0,0,0.166666667,10.9
00-0026197,C.Henne,2013101308,10/13/2013 0:00,303,0,2,342,13,42,2,-3,0,0,0,1,254.6666667,0.666666667,1.666666667,323,15.83333333,22.66666667,40.16666667,2,11,0,0,0,0.166666667,11.82
00-0026197,C.Henne,2013102004,10/20/2013 0:00,318,0,1,242,12,36,4,5,0,0,0,0,274.3333333,0.666666667,1.666666667,313.5,14.83333333,23.66666667,40.16666667,2.166666667,10.33333333,0,0,0,0.333333333,15.22
00-0026197,C.Henne,2013102701,10/27/2013 0:00,228,1,0,204,16,45,1,1,0,0,1,1,290.5,0.666666667,1.833333333,318.6666667,14.16666667,24.5,40.5,2.333333333,8.5,0,0,0,0.333333333,15.22
00-0026197,C.Henne,2013111007,11/10/2013 0:00,180,0,2,182,7,23,1,-1,0,0,0,0,270.5,0.666666667,1.333333333,285.3333333,14,24.5,39.83333333,2.166666667,5,0,0,0.166666667,0.5,8.1
00-0026197,C.Henne,2013112404,11/24/2013 0:00,239,0,0,142,9,32,3,3,0,0,0,0,250.8333333,0.333333333,1.166666667,248,13,22.66666667,36.83333333,2,2.666666667,0,0,0.166666667,0.333333333,12.86
00-0026197,C.Henne,2013120500,12/5/2013 0:00,117,2,0,203,15,27,4,33,0,0,0,0,250.5,0.166666667,1.166666667,230.8333333,12.5,22.33333333,36,2.166666667,1.666666667,0,0,0.166666667,0.333333333,18.98
00-0026197,C.Henne,2013121503,12/15/2013 0:00,237,2,2,247,13,36,4,22,0,0,1,2,230.8333333,0.5,0.833333333,219.1666667,12,21.33333333,34.16666667,2.5,6.333333333,0,0,0.166666667,0.333333333,18.68
00-0026197,C.Henne,2013122204,12/22/2013 0:00,237,2,1,222,9,34,1,1,0,0,0,0,219.8333333,0.833333333,0.833333333,203.3333333,12,20.33333333,33.16666667,2.833333333,10.5,0,0,0.333333333,0.5,19.58
00-0026197,C.Henne,2013122904,12/29/2013 0:00,331,1,1,307,20,51,1,0,0,0,0,0,206.3333333,1.166666667,0.833333333,200,11.5,20.5,32.83333333,2.333333333,9.833333333,0,0,0.333333333,0.5,19.24
00-0026197,C.Henne,2014090707,9/7/2014 0:00,266,2,0,329,19,43,1,8,0,0,0,0,223.5,1.166666667,1,217.1666667,12.16666667,20.66666667,33.83333333,2.333333333,9.666666667,0,0,0.166666667,0.333333333,22.44
00-0026197,C.Henne,2014091407,9/14/2014 0:00,193,1,1,292,13,28,3,17,0,0,0,0,237.8333333,1.5,0.666666667,241.6666667,14.16666667,22.33333333,37.16666667,2.333333333,11.16666667,0,0,0.166666667,0.333333333,15.42
,,,,,,,,,,,,,,,,230.1666667,1.666666667,0.833333333,266.6666667,14.83333333,20.83333333,36.5,2.333333333,13.5,0,0,0.166666667,0.333333333,0
00-0026296,D.Dixon,2010091209,9/12/2010 0:00,236,0,1,209,7,26,2,4,0,0,0,0,145,1,1,262,13,12,26,3,27,1,0,0,0,11.84
,,,,,,,,,,,,,,,,190.5,0.5,1,235.5,10,15,26,2.5,15.5,0.5,0,0,0,0
00-0026300,J.Johnson,2009101106,10/11/2009 0:00,240,2,3,370,21,50,5,40,0,0,0,0,106,1,1,97,8,13,22,7,41,0,0,0,0,21.6
00-0026300,J.Johnson,2009101806,10/18/2009 0:00,147,0,1,126,5,17,8,45,0,0,0,0,173,1.5,2,233.5,14.5,19.5,36,6,40.5,0,0,0,0,12.38
00-0026300,J.Johnson,2009102506,10/25/2009 0:00,156,1,3,361,13,25,1,7,0,0,0,0,164.3333333,1,1.666666667,197.6666667,11.33333333,16.66666667,29.66666667,6.666666667,42,0,0,0,0,10.94
00-0026300,J.Johnson,2011120407,12/4/2011 0:00,229,1,1,307,9,26,5,45,0,0,0,0,162.25,1,2,238.5,11.75,14.75,28.5,5.25,33.25,0,0,0,0,19.66
00-0026300,J.Johnson,2018120908,12/9/2018 0:00,195,1,1,100,3,15,7,45,1,0,0,0,175.6,1,1.8,252.2,11.2,15,28,5.2,35.6,0,0,0,0,24.3
00-0026300,J.Johnson,2018121606,12/16/2018 0:00,151,1,0,197,9,25,9,49,0,0,0,0,178.8333333,1,1.666666667,226.8333333,9.833333333,14.33333333,25.83333333,5.5,37.16666667,0.166666667,0,0,0,17.94
00-0026300,J.Johnson,2018122200,12/22/2018 0:00,153,1,2,271,8,23,4,22,0,0,0,0,186.3333333,1,1.5,243.5,10,14.83333333,26.33333333,5.833333333,38.5,0.166666667,0,0,0,13.32
,,,,,,,,,,,,,,,,171.8333333,0.833333333,1.333333333,227,7.833333333,12.66666667,21.83333333,5.666666667,35.5,0.166666667,0,0,0,0
00-0026349,M.Flynn,2010121913,12/19/2010 0:00,251,3,1,275,12,37,3,13,0,0,0,0,177,0,1,256,10,15,26,3,10,0,0,0,0,25.34
00-0026349,M.Flynn,2012010108,1/1/2012 0:00,480,6,1,386,12,44,2,0,0,0,0,0,214,1.5,1,265.5,11,19.5,31.5,3,11.5,0,0,0,0,45.2
00-0026349,M.Flynn,2013092910,9/29/2013 0:00,227,1,1,194,10,32,3,4,0,0,0,0,302.6666667,3,1,305.6666667,11.33333333,23.33333333,35.66666667,2.666666667,7.666666667,0,0,0,0,15.48
00-0026349,M.Flynn,2013112403,11/24/2013 0:00,218,1,0,261,15,36,4,24,0,0,0,0,283.75,2.5,1,277.75,11,22.75,34.75,2.75,6.75,0,0,0,0,18.12
00-0026349,M.Flynn,2013112800,11/28/2013 0:00,139,0,1,217,9,20,2,4,0,0,0,0,270.6,2.2,0.8,274.4,11.8,22.4,35,3,10.2,0,0,0,0,7.96
00-0026349,M.Flynn,2013120813,12/8/2013 0:00,258,1,1,192,7,32,6,28,0,0,0,0,248.6666667,1.833333333,0.833333333,264.8333333,11.33333333,20.33333333,32.5,2.833333333,9.166666667,0,0,0,0,19.12
00-0026349,M.Flynn,2013121512,12/15/2013 0:00,299,4,1,253,12,39,3,-3,0,0,0,0,262.1666667,2,0.833333333,254.1666667,10.83333333,21.83333333,33.5,3.333333333,12.16666667,0,0,0,0,29.66
00-0026349,M.Flynn,2013122212,12/22/2013 0:00,232,1,1,277,17,39,2,8,0,0,0,0,270.1666667,2.166666667,0.833333333,250.5,10.83333333,22.16666667,33.83333333,3.333333333,9.5,0,0,0,0,16.08
,,,,,,,,,,,,,,,,228.8333333,1.333333333,0.833333333,232.3333333,11.66666667,20.5,33,3.333333333,10.83333333,0,0,0,0,0
00-0026498,M.Stafford,2009092001,9/20/2009 0:00,152,1,2,176,10,30,1,7,0,0,0,0,205,0,3,307,18,16,37,2,0,1,0,0,0,11.78
00-0026498,M.Stafford,2009092702,9/27/2009 0:00,241,1,0,362,13,34,2,23,0,0,0,0,178.5,0.5,2.5,241.5,14,17,33.5,1.5,3.5,0.5,0,0,0,18.94
00-0026498,M.Stafford,2009100400,10/4/2009 0:00,296,1,1,337,11,36,2,20,0,0,0,0,199.3333333,0.666666667,1.666666667,281.6666667,13.66666667,18.33333333,33.66666667,1.666666667,10,0.333333333,0,0,0,19.84
00-0026498,M.Stafford,2009110104,11/1/2009 0:00,168,0,1,323,18,33,1,4,1,1,0,0,223.5,0.75,1.5,295.5,13,19.75,34.25,1.75,12.5,0.25,0,0,0,15.12
00-0026498,M.Stafford,2009111502,11/15/2009 0:00,224,1,0,290,22,51,4,28,0,0,0,1,212.4,0.6,1.4,301,14,18.6,34,1.6,10.8,0.4,0.2,0,0,17.76
00-0026498,M.Stafford,2009112202,11/22/2009 0:00,422,5,2,363,12,40,3,7,0,1,0,0,214.3333333,0.666666667,1.166666667,299.1666667,15.33333333,20.33333333,36.83333333,2,13.66666667,0.333333333,0.166666667,0,0.166666667,38.58
00-0026498,M.Stafford,2009112600,11/26/2009 0:00,213,1,4,229,19,43,3,21,0,0,1,1,250.5,1.5,1,308.5,14.33333333,22,37.33333333,2.166666667,14.83333333,0.166666667,0.333333333,0,0.166666667,12.62
00-0026498,M.Stafford,2009120603,12/6/2009 0:00,143,1,2,256,13,26,3,-2,0,0,0,0,260.6666667,1.5,1.333333333,317.3333333,15.83333333,22.33333333,39.5,2.5,17.16666667,0.166666667,0.333333333,0.166666667,0.333333333,10.52
00-0026498,M.Stafford,2010110700,11/7/2010 0:00,240,2,0,275,16,36,4,11,1,0,0,0,244.3333333,1.5,1.666666667,299.6666667,15.83333333,20.66666667,38.16666667,2.666666667,13,0.166666667,0.333333333,0.166666667,0.333333333,27.7
00-0026498,M.Stafford,2011091106,9/11/2011 0:00,305,3,1,314,8,33,1,0,0,0,0,0,235,1.666666667,1.5,289.3333333,16.66666667,20,38.16666667,3,11.5,0.333333333,0.333333333,0.166666667,0.333333333,26.2
00-0026498,M.Stafford,2011091800,9/18/2011 0:00,294,4,1,314,15,39,1,1,0,0,1,1,257.8333333,2.166666667,1.5,287.8333333,15,21.66666667,38.16666667,3,10.83333333,0.166666667,0.166666667,0.166666667,0.333333333,28.86
00-0026498,M.Stafford,2011092506,9/25/2011 0:00,378,2,0,345,14,46,1,-1,0,0,0,0,269.5,2.666666667,1.666666667,291.8333333,13.83333333,20.66666667,36.16666667,2.5,6.333333333,0.166666667,0.166666667,0.333333333,0.333333333,26.02
00-0026498,M.Stafford,2011100203,10/2/2011 0:00,240,2,1,266,21,43,1,-1,0,0,0,0,262.1666667,2.166666667,1.333333333,288.8333333,14.16666667,21.66666667,37.16666667,2.166666667,5,0.166666667,0,0.333333333,0.333333333,19.5
00-0026498,M.Stafford,2011101000,10/10/2011 0:00,219,2,1,234,6,26,1,1,0,0,0,0,266.6666667,2.333333333,0.833333333,295,14.5,21.83333333,37.16666667,1.833333333,1.333333333,0.166666667,0,0.166666667,0.166666667,18.86
00-0026498,M.Stafford,2011101604,10/16/2011 0:00,293,2,0,348,22,50,1,9,0,0,0,1,279.3333333,2.5,0.666666667,291.3333333,13.33333333,23.16666667,37.16666667,1.5,1.833333333,0.166666667,0,0.166666667,0.166666667,22.62
00-0026498,M.Stafford,2011103006,10/30/2011 0:00,267,3,0,199,9,30,1,21,0,0,0,0,288.1666667,2.5,0.666666667,303.5,14.33333333,24.5,39.5,1,1.5,0,0,0.166666667,0.333333333,27.78
00-0026498,M.Stafford,2011111307,11/13/2011 0:00,287,1,4,398,25,58,2,1,0,0,2,2,281.8333333,2.5,0.5,284.3333333,14.5,24,39,1,5,0,0,0.166666667,0.333333333,12.58
00-0026498,M.Stafford,2011112006,11/20/2011 0:00,335,5,2,315,6,36,4,2,0,0,0,0,280.6666667,2,1,298.3333333,16.16666667,25,42.16666667,1.166666667,5,0,0,0.333333333,0.5,34.6
00-0026498,M.Stafford,2011112400,11/24/2011 0:00,276,1,3,227,10,45,4,31,0,0,0,0,273.5,2.5,1.333333333,293.3333333,14.83333333,24.33333333,40.5,1.666666667,5.5,0,0,0.333333333,0.5,18.14
00-0026498,M.Stafford,2011121105,12/11/2011 0:00,227,2,0,216,9,29,2,4,0,0,0,0,279.5,2.333333333,1.666666667,286.8333333,13,26.16666667,40.83333333,2.166666667,10.83333333,0,0,0.333333333,0.5,20.48
00-0026498,M.Stafford,2011121808,12/18/2011 0:00,391,4,0,567,23,52,1,5,0,0,0,0,280.8333333,2.333333333,1.5,283.8333333,13.5,26.33333333,41.33333333,2.333333333,11.33333333,0,0,0.333333333,0.5,35.14
00-0026498,M.Stafford,2011122410,12/24/2011 0:00,373,3,0,357,7,36,2,5,0,0,0,0,297.1666667,2.666666667,1.5,320.3333333,13.66666667,26.5,41.66666667,2.333333333,10.66666667,0,0,0.333333333,0.333333333,30.42
00-0026498,M.Stafford,2012091613,9/16/2012 0:00,230,1,1,184,12,32,2,10,0,0,0,0,314.8333333,2.666666667,1.5,346.6666667,13.33333333,27.83333333,42.66666667,2.5,8,0,0,0.333333333,0.333333333,16.2
00-0026498,M.Stafford,2012092303,9/23/2012 0:00,278,1,0,274,9,42,2,12,0,0,1,1,305.3333333,2.666666667,1,311,11.16666667,26.16666667,38.33333333,2.5,9.5,0,0,0,0,18.32
00-0026498,M.Stafford,2012093003,9/30/2012 0:00,319,0,0,457,20,50,4,14,1,0,0,0,295.8333333,2,0.666666667,304.1666667,11.66666667,27,39.33333333,2.166666667,11.16666667,0,0,0.166666667,0.166666667,23.16
00-0026498,M.Stafford,2012101404,10/14/2012 0:00,311,1,1,417,22,45,3,7,1,0,0,0,303,1.833333333,0.166666667,342.5,13.33333333,26.66666667,40.16666667,2.166666667,8.333333333,0.166666667,0,0.166666667,0.166666667,25.14
00-0026498,M.Stafford,2012102200,10/22/2012 0:00,261,1,1,395,17,46,3,23,0,0,0,2,317,1.666666667,0.333333333,376,15.5,27,42.83333333,2.333333333,8.833333333,0.333333333,0,0.166666667,0.166666667,16.74
00-0026498,M.Stafford,2012102807,10/28/2012 0:00,352,3,1,344,14,49,4,12,1,0,0,0,295.3333333,1.166666667,0.5,347.3333333,14.5,26.83333333,41.83333333,2.666666667,11.83333333,0.333333333,0,0.166666667,0.5,35.28
00-0026498,M.Stafford,2012110402,11/4/2012 0:00,285,0,0,272,11,33,2,-2,0,0,0,0,291.8333333,1.166666667,0.666666667,345.1666667,15.66666667,27.66666667,44,3,13,0.5,0,0.166666667,0.5,14.2
00-0026498,M.Stafford,2012111107,11/11/2012 0:00,329,3,1,329,13,42,3,13,0,0,1,1,301,1,0.5,359.8333333,15.5,28.16666667,44.16666667,3,11,0.5,0,0.166666667,0.5,27.46
00-0026498,M.Stafford,2012111801,11/18/2012 0:00,266,1,2,506,20,39,2,12,0,0,1,1,309.5,1.333333333,0.666666667,369,16.16666667,27.33333333,44.16666667,3.166666667,11.16666667,0.5,0,0.166666667,0.5,15.84
00-0026498,M.Stafford,2012112200,11/22/2012 0:00,441,2,0,643,30,61,2,7,0,0,1,1,300.6666667,1.5,1,377.1666667,16.16666667,25.16666667,42.33333333,2.833333333,10.83333333,0.333333333,0,0.333333333,0.666666667,28.34
00-0026498,M.Stafford,2012120205,12/2/2012 0:00,313,2,1,432,18,46,1,0,0,0,0,0,322.3333333,1.666666667,0.833333333,414.8333333,17.5,26.66666667,45,2.666666667,10.83333333,0.166666667,0,0.5,0.833333333,22.52
00-0026498,M.Stafford,2012120913,12/9/2012 0:00,264,1,1,475,16,44,3,9,1,0,0,0,331,1.833333333,0.833333333,421,17.66666667,26.5,45,2.333333333,7,0.166666667,0,0.5,0.5,23.46
00-0026498,M.Stafford,2012122200,12/22/2012 0:00,443,0,1,382,18,56,1,2,0,0,1,1,316.3333333,1.5,0.833333333,442.8333333,18,25.33333333,44.16666667,2.166666667,6.5,0.166666667,0,0.5,0.5,18.92
00-0026498,M.Stafford,2012123008,12/30/2012 0:00,272,3,1,361,16,41,3,9,0,0,0,0,342.6666667,1.5,1,461.1666667,19.16666667,27.83333333,48,2,7.166666667,0.166666667,0,0.666666667,0.666666667,25.78
00-0026498,M.Stafford,2013090804,9/8/2013 0:00,357,2,1,250,14,43,5,2,0,0,1,1,333.1666667,1.5,1,466.5,19.66666667,27.16666667,47.83333333,2,6.5,0.166666667,0,0.5,0.5,23.48
00-0026498,M.Stafford,2013091509,9/15/2013 0:00,278,2,0,183,12,36,2,1,0,0,0,0,348.3333333,1.666666667,0.833333333,423.8333333,18.66666667,29,48.5,2.5,4.833333333,0.166666667,0,0.5,0.5,22.22
00-0026498,M.Stafford,2013092209,9/22/2013 0:00,385,2,1,356,16,42,1,2,0,0,0,0,321.1666667,1.666666667,0.833333333,347.1666667,15.66666667,27.83333333,44.33333333,2.5,3.833333333,0.166666667,0,0.333333333,0.333333333,25.6
00-0026498,M.Stafford,2013092902,9/29/2013 0:00,242,1,1,227,11,35,5,8,1,0,0,0,333.1666667,1.666666667,0.833333333,334.5,15.33333333,27.5,43.66666667,2.5,4.166666667,0.166666667,0,0.333333333,0.333333333,22.48
00-0026498,M.Stafford,2013100602,10/6/2013 0:00,262,1,0,358,15,40,1,-1,0,0,0,0,329.5,1.666666667,0.833333333,293.1666667,14.5,26.83333333,42.16666667,2.833333333,4,0.166666667,0,0.333333333,0.333333333,17.38
00-0026498,M.Stafford,2013101302,10/13/2013 0:00,248,4,1,337,17,43,2,6,0,0,0,0,299.3333333,1.833333333,0.666666667,289.1666667,14,24.83333333,39.5,2.833333333,3.5,0.166666667,0,0.166666667,0.166666667,28.52
00-0026498,M.Stafford,2013102700,10/27/2013 0:00,488,1,2,424,12,47,3,12,1,0,1,1,295.3333333,2,0.666666667,285.1666667,14.16666667,25,39.83333333,2.666666667,3,0.166666667,0,0.166666667,0.166666667,30.72
00-0026498,M.Stafford,2013111002,11/10/2013 0:00,219,3,1,323,16,35,2,-1,0,0,0,0,317.1666667,1.833333333,0.833333333,314.1666667,13.83333333,25.83333333,40.5,2.333333333,4.666666667,0.333333333,0,0.166666667,0.166666667,22.66
00-0026498,M.Stafford,2013111707,11/17/2013 0:00,362,2,1,527,25,45,3,24,0,0,0,0,307.3333333,2,1,337.5,14.5,24.83333333,40.33333333,2.333333333,4.333333333,0.333333333,0,0.166666667,0.166666667,26.88
00-0026498,M.Stafford,2013112402,11/24/2013 0:00,297,3,2,355,16,44,2,6,0,0,1,2,303.5,2,1,366,16,23.83333333,40.83333333,2.666666667,8,0.333333333,0,0.166666667,0.166666667,23.48
00-0026498,M.Stafford,2013112800,11/28/2013 0:00,327,3,2,287,10,33,1,8,0,0,0,0,312.6666667,2.333333333,1.166666667,387.3333333,16.83333333,24.33333333,42.33333333,2.166666667,7.666666667,0.166666667,0,0.333333333,0.5,26.88
00-0026498,M.Stafford,2013120805,12/8/2013 0:00,148,0,0,228,15,25,6,-1,0,0,0,1,323.5,2.666666667,1.5,375.5,16,23.66666667,41.16666667,2.166666667,9.166666667,0.166666667,0,0.333333333,0.5,7.82
00-0026498,M.Stafford,2013121600,12/16/2013 0:00,235,1,3,345,13,34,2,9,0,0,0,0,306.8333333,2,1.333333333,357.3333333,15.66666667,21.16666667,38.16666667,2.833333333,8,0.166666667,0,0.333333333,0.666666667,14.3
00-0026498,M.Stafford,2013122210,12/22/2013 0:00,222,0,2,296,15,42,1,-1,0,0,0,0,264.6666667,2,1.5,344.1666667,15.83333333,18.66666667,36,2.666666667,7.5,0,0,0.166666667,0.5,9.78
00-0026498,M.Stafford,2014090800,9/8/2014 0:00,346,2,0,346,10,32,4,2,1,0,0,0,265.1666667,1.5,1.666666667,339.6666667,15.66666667,19.83333333,37.16666667,2.5,7.5,0,0,0.166666667,0.5,31.04
00-0026498,M.Stafford,2014091401,9/14/2014 0:00,291,1,1,406,20,48,1,8,0,0,0,1,262.5,1.5,1.5,309.5,13.16666667,20.33333333,35,2.666666667,3.833333333,0.166666667,0,0.166666667,0.5,17.44
00-0026498,M.Stafford,2014092103,9/21/2014 0:00,246,0,2,296,10,34,6,8,0,0,0,0,261.5,1.166666667,1.333333333,318,13.83333333,20.5,35.66666667,2.5,4.166666667,0.166666667,0,0,0.333333333,11.64
00-0026498,M.Stafford,2014092805,9/28/2014 0:00,293,2,0,306,10,34,6,8,1,0,0,0,248,0.666666667,1.333333333,319.5,13.83333333,20.66666667,35.83333333,3.333333333,4.166666667,0.166666667,0,0,0.333333333,29.52
00-0026498,M.Stafford,2014100502,10/5/2014 0:00,221,1,1,221,12,31,3,8,0,0,1,1,272.1666667,1,1.333333333,332.5,13,23,37.33333333,3.333333333,5.666666667,0.333333333,0,0,0.166666667,14.64
00-0026498,M.Stafford,2014101205,10/12/2014 0:00,185,1,0,234,14,33,1,1,0,0,0,0,269.8333333,1,1,311.8333333,12.83333333,23,36.83333333,3.5,5.5,0.333333333,0,0.166666667,0.333333333,14.5
00-0026498,M.Stafford,2014101903,10/19/2014 0:00,299,2,2,264,11,40,2,1,0,0,0,0,263.6666667,1.166666667,0.666666667,301.5,12.66666667,22,35.33333333,3.5,5.833333333,0.333333333,0,0.166666667,0.333333333,21.06
00-0026498,M.Stafford,2014102600,10/26/2014 0:00,325,2,1,330,19,44,3,9,0,0,0,1,255.8333333,1.166666667,1,287.8333333,12.83333333,22.83333333,36.66666667,3.166666667,5.666666667,0.166666667,0,0.166666667,0.333333333,22.9
00-0026498,M.Stafford,2014110902,11/9/2014 0:00,280,2,1,391,14,40,2,-1,0,0,0,0,261.5,1.333333333,1,275.1666667,12.66666667,22.33333333,36,3.5,5.833333333,0.166666667,0,0.166666667,0.333333333,21.1
00-0026498,M.Stafford,2014112306,11/23/2014 0:00,264,0,1,466,27,46,3,18,0,0,0,0,267.1666667,1.666666667,0.833333333,291,13.33333333,22.83333333,37,2.833333333,4.333333333,0.166666667,0,0.166666667,0.333333333,14.36
00-0026498,M.Stafford,2014120702,12/7/2014 0:00,311,3,0,214,8,34,3,-2,0,0,0,1,262.3333333,1.333333333,1,317.6666667,16.16666667,21.83333333,39,2.333333333,6,0,0,0.166666667,0.333333333,26.24
00-0026498,M.Stafford,2014121405,12/14/2014 0:00,153,1,0,155,10,27,1,2,0,0,0,0,277.3333333,1.666666667,0.833333333,316.5,15.5,23.16666667,39.5,2.333333333,4.333333333,0,0,0,0.333333333,13.32
00-0026498,M.Stafford,2014122101,12/21/2014 0:00,243,0,2,323,15,39,4,2,0,0,0,0,272,1.666666667,0.833333333,303.3333333,14.83333333,22.83333333,38.5,2.333333333,4.5,0,0,0,0.333333333,10.92
00-0026498,M.Stafford,2014122802,12/28/2014 0:00,217,3,0,378,20,40,4,29,0,0,0,0,262.6666667,1.333333333,0.833333333,313.1666667,15.5,22,38.33333333,2.666666667,4.666666667,0,0,0,0.333333333,26.58
00-0026498,M.Stafford,2015091308,9/13/2015 0:00,246,2,1,210,9,29,1,-1,0,0,0,0,244.6666667,1.5,0.666666667,321.1666667,15.66666667,21.33333333,37.66666667,2.833333333,8,0,0,0,0.166666667,19.74
00-0026498,M.Stafford,2015092007,9/20/2015 0:00,286,2,1,317,20,53,4,20,0,0,1,1,239,1.5,0.666666667,291,14.83333333,20.33333333,35.83333333,2.666666667,8,0,0,0,0.166666667,22.44
00-0026498,M.Stafford,2015092713,9/27/2015 0:00,282,1,2,217,12,45,1,-1,0,0,0,0,242.6666667,1.833333333,0.666666667,266.1666667,13.66666667,22.66666667,37,2.833333333,8.333333333,0,0,0.166666667,0.333333333,16.18
00-0026498,M.Stafford,2015101108,10/11/2015 0:00,188,1,3,200,9,32,1,2,0,0,1,1,237.8333333,1.5,1,266.6666667,14.33333333,23.5,38.83333333,2.5,8.5,0,0,0.166666667,0.166666667,10.72
00-0026498,M.Stafford,2015101800,10/18/2015 0:00,405,4,1,367,14,42,6,37,0,0,0,0,243.6666667,1.5,1.5,274.1666667,14.16666667,24,39.66666667,2.5,8.5,0,0,0.333333333,0.333333333,37.9
00-0026498,M.Stafford,2015102506,10/25/2015 0:00,256,2,0,209,8,26,1,5,0,0,0,0,270.6666667,2.166666667,1.333333333,281.5,14,24.83333333,40.16666667,2.833333333,14.33333333,0,0,0.333333333,0.333333333,21.74
00-0026498,M.Stafford,2015110100,11/1/2015 0:00,217,1,2,277,12,36,1,5,0,0,0,0,277.1666667,2,1.333333333,253.3333333,12,24.5,37.83333333,2.333333333,10.33333333,0,0,0.333333333,0.333333333,14.18
00-0026498,M.Stafford,2015111501,11/15/2015 0:00,242,2,1,206,13,38,2,1,0,0,0,0,272.3333333,1.833333333,1.5,264.5,12.5,25,39,2.333333333,11.33333333,0,0,0.333333333,0.333333333,19.78
00-0026498,M.Stafford,2015112201,11/22/2015 0:00,282,0,0,250,13,35,6,31,1,0,0,0,265,1.833333333,1.5,246,11.33333333,23.66666667,36.5,2,8.166666667,0,0,0.166666667,0.166666667,23.38
00-0026498,M.Stafford,2015112600,11/26/2015 0:00,337,5,0,289,11,38,2,13,0,0,0,0,265,1.666666667,1.166666667,251.5,11.5,22.16666667,34.83333333,2.833333333,13.5,0.166666667,0,0.166666667,0.166666667,37.78
00-0026498,M.Stafford,2015120300,12/3/2015 0:00,220,2,0,268,12,35,2,22,0,0,0,0,289.8333333,2.333333333,0.666666667,266.3333333,11.83333333,23.33333333,35.83333333,3,15.33333333,0.166666667,0,0,0,22
00-0026498,M.Stafford,2015121309,12/13/2015 0:00,245,2,1,173,15,46,2,5,0,0,0,1,259,2,0.5,249.8333333,11.5,22.66666667,34.66666667,2.333333333,12.83333333,0.166666667,0,0,0,19.3
00-0026498,M.Stafford,2015122100,12/21/2015 0:00,254,3,0,83,3,25,4,-1,0,0,0,0,257.1666667,2,0.666666667,243.8333333,12.66666667,24.66666667,38,2.5,12.83333333,0.166666667,0,0,0.166666667,25.06
00-0026498,M.Stafford,2015122705,12/27/2015 0:00,301,2,0,205,8,37,5,11,0,0,0,0,263.3333333,2.333333333,0.333333333,211.5,11.16666667,24.66666667,36.16666667,3,11.83333333,0.166666667,0,0,0.166666667,24.14
00-0026498,M.Stafford,2016010309,1/3/2016 0:00,298,3,0,315,11,39,6,10,0,0,0,0,273.1666667,2.333333333,0.166666667,211.3333333,10.33333333,25.5,36,3.5,13.5,0.166666667,0,0,0.166666667,27.92
00-0026498,M.Stafford,2016091111,9/11/2016 0:00,340,3,0,207,8,39,2,5,0,0,0,0,275.8333333,2.833333333,0.166666667,222.1666667,10,26.5,36.66666667,3.5,10,0,0,0,0.166666667,29.1
00-0026498,M.Stafford,2016091802,9/18/2016 0:00,260,1,1,366,17,40,2,31,0,0,0,0,276.3333333,2.5,0.166666667,208.5,9.5,27.16666667,36.83333333,3.5,8.666666667,0,0,0,0.166666667,19.5
00-0026498,M.Stafford,2016092503,9/25/2016 0:00,385,3,1,393,12,41,2,11,0,0,0,0,283,2.333333333,0.333333333,224.8333333,10.33333333,27,37.66666667,3.5,10.16666667,0,0,0,0.166666667,30.5
00-0026498,M.Stafford,2016100203,10/2/2016 0:00,213,0,2,280,11,36,2,17,0,0,0,0,306.3333333,2.5,0.333333333,261.5,9.833333333,26.66666667,36.83333333,3.5,11.16666667,0,0,0,0,11.22
00-0026498,M.Stafford,2016100902,10/9/2016 0:00,180,3,0,90,6,25,6,16,0,0,0,0,299.5,2,0.666666667,294.3333333,11.16666667,26.83333333,38.66666667,3.166666667,14.16666667,0,0,0,0,23.8
00-0026498,M.Stafford,2016101602,10/16/2016 0:00,270,4,0,137,8,31,5,14,0,0,0,0,279.3333333,2.166666667,0.666666667,275.1666667,10.83333333,25.16666667,36.66666667,3.333333333,15,0,0,0,0,31.2
00-0026498,M.Stafford,2016102302,10/23/2016 0:00,266,1,0,237,11,29,2,32,0,0,0,0,274.6666667,2.333333333,0.666666667,245.5,10.33333333,24.33333333,35.33333333,3.166666667,15.66666667,0,0,0,0,20.84
00-0026498,M.Stafford,2016112003,11/20/2016 0:00,278,0,0,189,9,33,2,0,0,0,0,0,262.3333333,2,0.666666667,250.5,10.83333333,22.16666667,33.66666667,3.166666667,20.16666667,0,0,0,0,14.12
00-0026498,M.Stafford,2016112400,11/24/2016 0:00,232,1,0,400,15,38,4,30,0,0,0,0,265.3333333,1.833333333,0.5,221,9.5,22.5,32.5,3.166666667,15,0,0,0,0,19.28
00-0026498,M.Stafford,2016120407,12/4/2016 0:00,341,2,0,289,12,42,3,22,0,0,0,0,239.8333333,1.5,0.333333333,222.1666667,10,21.66666667,32,3.5,18.16666667,0,0,0,0,26.84
00-0026498,M.Stafford,2016121103,12/11/2016 0:00,223,1,2,257,12,35,4,15,1,0,0,0,261.1666667,1.833333333,0,223.6666667,10.16666667,22.83333333,33,3.666666667,19,0,0,0,0,21.42
00-0026498,M.Stafford,2016121807,12/18/2016 0:00,273,0,1,361,14,39,2,13,0,0,0,0,268.3333333,1.5,0.333333333,251.5,11.16666667,23.16666667,34.66666667,3.333333333,18.83333333,0.166666667,0,0,0,14.22
00-0026498,M.Stafford,2016122600,12/26/2016 0:00,260,0,1,337,19,46,1,1,1,0,0,1,268.8333333,0.833333333,0.5,288.8333333,12.16666667,23.33333333,36,2.833333333,18.66666667,0.166666667,0,0,0,17.5
00-0026498,M.Stafford,2017091004,9/10/2017 0:00,292,4,1,317,11,41,2,14,0,0,0,0,267.8333333,0.666666667,0.666666667,305.5,13.5,24.66666667,38.83333333,2.666666667,13.5,0.333333333,0,0,0.166666667,31.08
00-0026498,M.Stafford,2017091800,9/18/2017 0:00,122,2,0,228,6,21,3,23,0,0,0,0,270.1666667,1.333333333,0.833333333,326.8333333,13.83333333,25.5,40.16666667,2.666666667,15.83333333,0.333333333,0,0,0.166666667,18.18
00-0026498,M.Stafford,2017092404,9/24/2017 0:00,264,1,0,392,20,45,2,19,0,0,0,0,251.8333333,1.5,0.833333333,298.1666667,12.33333333,24.16666667,37.33333333,2.5,14.66666667,0.333333333,0,0,0.166666667,19.46
00-0026498,M.Stafford,2017100106,10/1/2017 0:00,209,0,0,197,12,31,3,-3,0,0,0,0,239,1.333333333,0.833333333,315.3333333,13.66666667,23.33333333,37.83333333,2.333333333,14.16666667,0.333333333,0,0,0.166666667,11.06
00-0026498,M.Stafford,2017101504,10/15/2017 0:00,312,3,3,286,24,52,2,4,0,0,0,1,236.6666667,1.166666667,0.5,305.3333333,13.66666667,23,37.16666667,2.166666667,11.16666667,0.166666667,0,0,0.166666667,23.88
00-0026498,M.Stafford,2017102910,10/29/2017 0:00,423,0,0,457,18,45,1,11,0,0,1,1,243.1666667,1.666666667,0.833333333,292.8333333,15.33333333,23.16666667,39.33333333,2.166666667,9.666666667,0.166666667,0,0,0.333333333,20.02
00-0026498,M.Stafford,2017110600,11/6/2017 0:00,361,2,0,283,7,33,1,0,0,0,0,0,270.3333333,1.666666667,0.666666667,312.8333333,15.16666667,23.33333333,39.16666667,2.166666667,11.33333333,0,0,0.166666667,0.333333333,25.44
00-0026498,M.Stafford,2017111202,11/12/2017 0:00,249,3,1,159,8,26,4,17,0,0,0,0,281.8333333,1.333333333,0.5,307.1666667,14.5,22.83333333,37.83333333,2,9,0,0,0.166666667,0.333333333,25.66
00-0026498,M.Stafford,2017111900,11/19/2017 0:00,299,2,0,350,10,31,3,3,0,0,0,0,303,1.5,0.666666667,295.6666667,14.83333333,23.16666667,38.66666667,2.166666667,8,0,0,0.166666667,0.333333333,23.26
00-0026498,M.Stafford,2017112300,11/23/2017 0:00,250,2,1,307,14,35,1,0,0,0,0,0,308.8333333,1.666666667,0.666666667,288.6666667,13.16666667,22.5,36.33333333,2.333333333,5.333333333,0,0,0.166666667,0.333333333,20
00-0026498,M.Stafford,2017120301,12/3/2017 0:00,292,1,1,299,4,29,3,2,0,0,0,0,315.6666667,2,0.833333333,307,13.5,22.66666667,37,2,5.833333333,0,0,0.166666667,0.333333333,17.88
00-0026498,M.Stafford,2017121600,12/16/2017 0:00,237,2,0,193,8,33,1,-1,0,0,0,0,312.3333333,1.666666667,0.5,309.1666667,10.16666667,22.5,33.16666667,2.166666667,5.5,0,0,0.166666667,0.166666667,20.38
00-0026498,M.Stafford,2017122402,12/24/2017 0:00,203,1,1,309,15,35,1,7,0,0,0,0,281.3333333,2,0.5,265.1666667,8.5,22.16666667,31.16666667,2.166666667,3.5,0,0,0,0,14.82
00-0026498,M.Stafford,2017123102,12/31/2017 0:00,323,3,0,234,9,29,2,2,0,0,0,0,255,1.833333333,0.666666667,269.5,9.833333333,21,31.5,2.166666667,4.666666667,0,0,0,0,28.12
00-0026498,M.Stafford,2018091000,9/10/2018 0:00,286,1,4,354,15,46,1,6,0,0,1,1,267.3333333,1.833333333,0.5,282,10,21.5,32,1.833333333,2.166666667,0,0,0,0,14.04
00-0026498,M.Stafford,2018091610,9/16/2018 0:00,347,3,0,460,19,53,1,8,0,0,0,0,265.1666667,1.666666667,1.166666667,282.6666667,10.83333333,22.5,34.5,1.5,2.666666667,0,0,0.166666667,0.166666667,29.68
00-0026498,M.Stafford,2018092313,9/23/2018 0:00,262,2,1,194,7,35,1,10,0,0,0,0,281.3333333,1.833333333,1,308.1666667,11.66666667,24.83333333,37.5,1.5,4,0,0,0.166666667,0.166666667,21.48
00-0026498,M.Stafford,2018093002,9/30/2018 0:00,307,2,0,229,6,30,2,5,0,0,0,0,276.3333333,2,1,290.6666667,12.16666667,25.33333333,38.5,1.166666667,5.333333333,0,0,0.166666667,0.166666667,23.78
00-0026498,M.Stafford,2018100704,10/7/2018 0:00,183,2,0,234,12,26,1,-1,0,0,0,0,288,2,1,296.6666667,11.83333333,25.16666667,38,1.333333333,6.333333333,0,0,0.166666667,0.166666667,18.22
00-0026498,M.Stafford,2018102106,10/21/2018 0:00,217,2,0,140,4,22,4,9,0,0,0,1,284.6666667,2.166666667,0.833333333,284.1666667,11.33333333,24.33333333,36.5,1.333333333,5,0,0,0.166666667,0.166666667,19.58
00-0026498,M.Stafford,2018102804,10/28/2018 0:00,310,2,1,289,12,40,1,6,0,0,0,0,267,2,0.833333333,268.5,10.5,24,35.33333333,1.666666667,6.166666667,0,0,0.166666667,0.333333333,23
00-0026498,M.Stafford,2018110405,11/4/2018 0:00,199,0,0,170,11,36,5,6,0,0,0,0,271,2.166666667,0.333333333,257.6666667,10,24,34.33333333,1.666666667,6.166666667,0,0,0,0.166666667,11.56
00-0026498,M.Stafford,2018111100,11/11/2018 0:00,274,2,2,348,15,42,2,9,0,0,0,1,246.3333333,1.666666667,0.333333333,209.3333333,8.666666667,22.5,31.5,2.333333333,5.833333333,0,0,0,0.166666667,19.86
00-0026498,M.Stafford,2018111803,11/18/2018 0:00,220,1,0,223,14,37,3,6,0,0,0,0,248.3333333,1.666666667,0.5,235,10,22.16666667,32.66666667,2.5,5.666666667,0,0,0,0.333333333,16.4
00-0026498,M.Stafford,2018120202,12/2/2018 0:00,245,1,1,269,12,33,1,2,0,0,0,0,233.8333333,1.5,0.5,234,11.33333333,22,33.83333333,2.666666667,5.833333333,0,0,0,0.333333333,16
00-0026498,M.Stafford,2018120911,12/9/2018 0:00,101,0,0,149,8,23,1,7,0,0,1,1,244.1666667,1.333333333,0.666666667,239.8333333,11.33333333,23,35,2.666666667,6.333333333,0,0,0,0.333333333,6.74
00-0026498,M.Stafford,2018123002,12/30/2018 0:00,266,2,0,211,12,32,2,-2,0,0,0,0,224.8333333,1,0.666666667,241.3333333,12,22.5,35.16666667,2.166666667,6,0,0,0.166666667,0.333333333,21.44
00-0026498,M.Stafford,2019090809,9/8/2019 0:00,385,3,0,518,16,43,3,22,0,0,0,0,217.5,1,0.5,228.3333333,12,21.33333333,33.83333333,2.333333333,4.666666667,0,0,0.166666667,0.333333333,32.6
00-0026498,M.Stafford,2019091502,9/15/2019 0:00,245,2,2,310,6,30,4,13,0,0,0,0,248.5,1.5,0.5,286.3333333,12.83333333,21.66666667,35,2,7.333333333,0,0,0.166666667,0.333333333,20.1
00-0026498,M.Stafford,2019092207,9/22/2019 0:00,201,1,0,294,14,32,3,1,0,0,0,0,243.6666667,1.5,0.5,280,11.33333333,21.16666667,33,2.333333333,8,0,0,0.166666667,0.166666667,15.14
00-0026498,M.Stafford,2019092903,9/29/2019 0:00,291,3,0,407,13,34,2,18,0,0,0,0,240.5,1.5,0.5,291.8333333,11.33333333,20.33333333,32.16666667,2.333333333,7.166666667,0,0,0.166666667,0.166666667,28.44
00-0026498,M.Stafford,2019101400,10/14/2019 0:00,265,0,0,328,14,32,3,9,0,0,0,0,248.1666667,1.833333333,0.333333333,314.8333333,11.5,20.5,32.33333333,2.5,9.833333333,0,0,0.166666667,0.166666667,14.5
00-0026498,M.Stafford,2019102703,10/27/2019 0:00,342,3,1,390,6,32,2,-3,0,0,1,1,275.5,1.833333333,0.333333333,344.6666667,12.5,21,33.83333333,2.833333333,10.16666667,0,0,0,0,26.38
00-0026498,M.Stafford,2019110307,11/3/2019 0:00,406,3,1,464,14,41,3,6,0,0,0,0,288.1666667,2,0.5,374.5,11.5,21.83333333,33.83333333,2.833333333,10,0,0,0.166666667,0.166666667,30.84
,,,,,,,,,,,,,,,,291.6666667,2,0.666666667,365.5,11.16666667,21.66666667,33.5,2.833333333,7.333333333,0,0,0.166666667,0.166666667,0
00-0026544,C.Daniel,2014122804,12/28/2014 0:00,157,0,0,204,11,27,3,16,0,0,0,1,200,1,0,159,8,21,29,7,59,0,0,0,1,9.88
00-0026544,C.Daniel,2018112200,11/22/2018 0:00,230,2,0,286,10,37,4,4,0,0,1,1,178.5,0.5,0,181.5,9.5,18.5,28,5,37.5,0,0,0,1,19.6
00-0026544,C.Daniel,2018120207,12/2/2018 0:00,285,1,2,362,11,39,4,4,0,0,1,1,195.6666667,1,0,216.3333333,9.666666667,21.33333333,31,4.666666667,26.33333333,0,0,0.333333333,1,15.8
00-0026544,C.Daniel,2019092910,9/29/2019 0:00,195,1,0,200,8,30,5,4,0,0,0,0,218,1,0.5,252.75,10,22.5,33,4.5,20.75,0,0,0.5,1,15.2
00-0026544,C.Daniel,2019100605,10/6/2019 0:00,231,2,2,210,6,30,1,2,0,0,0,0,213.4,1,0.4,242.2,9.6,22.4,32.4,4.6,17.4,0,0,0.4,0.8,18.44
,,,,,,,,,,,,,,,,216.3333333,1.166666667,0.666666667,236.8333333,9,22.33333333,32,4,14.83333333,0,0,0.333333333,0.666666667,0
00-0026625,B.Hoyer,2012123014,12/30/2012 0:00,225,1,1,310,14,34,1,6,0,0,1,1,122,1,0,124,6,7,13,1,-1,0,0,0,0,14.6
00-0026625,B.Hoyer,2013092204,9/22/2013 0:00,321,3,1,362,21,52,1,-2,0,0,0,0,173.5,1,0.5,217,10,13,23.5,1,2.5,0,0,0.5,0.5,26.64
00-0026625,B.Hoyer,2013092901,9/29/2013 0:00,269,2,0,298,13,38,4,7,0,0,0,0,222.6666667,1.666666667,0.666666667,265.3333333,13.66666667,18.66666667,33,1,1,0,0,0.333333333,0.333333333,22.46
00-0026625,B.Hoyer,2014090708,9/7/2014 0:00,230,1,0,317,12,31,1,-2,0,0,0,0,234.25,1.75,0.5,273.5,13.5,20.25,34.25,1.75,2.5,0,0,0.25,0.25,16
00-0026625,B.Hoyer,2014092102,9/21/2014 0:00,290,1,0,243,6,25,2,4,0,0,0,0,233.4,1.6,0.4,282.2,13.2,20,33.6,1.6,1.6,0,0,0.2,0.2,19
00-0026625,B.Hoyer,2014100508,10/5/2014 0:00,292,3,1,432,15,37,1,2,0,0,0,0,242.8333333,1.5,0.333333333,275.6666667,12,19.83333333,32.16666667,1.666666667,2,0,0,0.166666667,0.166666667,25.88
00-0026625,B.Hoyer,2014101203,10/12/2014 0:00,217,1,0,215,9,17,1,0,0,0,0,0,271.1666667,1.833333333,0.5,327,13.5,22.16666667,36.16666667,1.666666667,2.5,0,0,0.166666667,0.166666667,15.68
00-0026625,B.Hoyer,2014101906,10/19/2014 0:00,215,0,1,388,24,41,1,-1,0,0,0,0,269.8333333,1.833333333,0.333333333,311.1666667,12.66666667,20.33333333,33.33333333,1.666666667,1.5,0,0,0,0,10.5
00-0026625,B.Hoyer,2014102610,10/26/2014 0:00,275,1,0,222,9,28,2,1,0,0,0,0,252.1666667,1.333333333,0.333333333,315.5,13.16666667,18,31.5,1.666666667,1.666666667,0,0,0,0,18.1
00-0026625,B.Hoyer,2014110201,11/2/2014 0:00,300,2,2,412,11,34,3,-1,0,0,0,0,253.1666667,1.166666667,0.333333333,302.8333333,12.5,17,29.83333333,1.333333333,0.666666667,0,0,0,0,20.9
00-0026625,B.Hoyer,2014110600,11/6/2014 0:00,198,0,0,258,8,23,4,1,0,0,0,0,264.8333333,1.333333333,0.666666667,318.6666667,12.33333333,17.33333333,30.33333333,1.666666667,0.833333333,0,0,0,0,11.02
00-0026625,B.Hoyer,2014111602,11/16/2014 0:00,330,1,1,591,29,50,3,-6,0,0,0,0,249.5,1.166666667,0.666666667,321.1666667,12.66666667,16.66666667,30,2,0.333333333,0,0,0,0,18.6
00-0026625,B.Hoyer,2014112300,11/23/2014 0:00,322,0,3,393,13,39,3,12,0,0,0,0,255.8333333,0.833333333,0.666666667,347.6666667,15,16.5,32.16666667,2.333333333,-1,0,0,0,0,14.08
00-0026625,B.Hoyer,2014120701,12/7/2014 0:00,140,0,2,364,15,31,2,3,0,0,0,0,273.3333333,0.666666667,1.166666667,377.3333333,15.66666667,19,35.83333333,2.666666667,1,0,0,0,0,6.9
00-0026625,B.Hoyer,2014122100,12/21/2014 0:00,134,1,1,175,5,13,2,19,0,0,1,1,260.8333333,0.666666667,1.333333333,373.3333333,14.16666667,18.66666667,34.16666667,2.833333333,1.666666667,0,0,0,0,12.26
00-0026625,B.Hoyer,2015100800,10/8/2015 0:00,312,2,1,318,6,31,1,14,0,0,0,0,237.3333333,0.666666667,1.5,365.5,13.5,16.66666667,31.66666667,2.833333333,4.666666667,0,0,0.166666667,0.166666667,23.88
00-0026625,B.Hoyer,2015101807,10/18/2015 0:00,293,3,0,295,12,36,5,5,0,0,0,0,239.3333333,0.666666667,1.333333333,349.8333333,12.66666667,17.16666667,31.16666667,2.5,7.166666667,0,0,0.166666667,0.166666667,27.22
00-0026625,B.Hoyer,2015110103,11/1/2015 0:00,235,2,0,266,12,35,1,-1,0,0,0,0,255.1666667,1.166666667,1.333333333,356,13.33333333,18.66666667,33.33333333,2.666666667,7.833333333,0,0,0.166666667,0.166666667,20.3
00-0026625,B.Hoyer,2015111600,11/16/2015 0:00,123,0,1,235,9,22,1,15,0,0,0,0,239.3333333,1.333333333,1.166666667,301.8333333,10.5,19.16666667,30.83333333,2.333333333,8.666666667,0,0,0.166666667,0.166666667,8.42
00-0026625,B.Hoyer,2015112903,11/29/2015 0:00,205,2,1,175,5,27,3,-3,0,0,0,0,206.1666667,1.333333333,0.833333333,275.5,9.833333333,17.33333333,28,2,9.166666667,0,0,0.166666667,0.166666667,17.9
00-0026625,B.Hoyer,2015120601,12/6/2015 0:00,293,3,1,516,16,43,3,15,0,0,0,0,217,1.666666667,0.666666667,244,8.166666667,18.5,27.33333333,2.166666667,8.166666667,0,0,0.166666667,0.166666667,27.22
00-0026625,B.Hoyer,2015121303,12/13/2015 0:00,155,0,0,283,11,22,1,-1,0,0,0,0,243.5,2,0.666666667,300.8333333,10,21.66666667,32.33333333,2.333333333,7.5,0,0,0,0,9.1
00-0026625,B.Hoyer,2016092513,9/25/2016 0:00,317,2,0,371,17,47,3,-3,0,0,1,2,217.3333333,1.666666667,0.5,295,10.83333333,19.5,30.83333333,2.333333333,5,0,0,0,0,21.38
00-0026625,B.Hoyer,2016100203,10/2/2016 0:00,302,2,0,239,8,36,3,-3,0,0,0,0,221.3333333,1.5,0.5,307.6666667,11.66666667,20.5,32.66666667,2,3.666666667,0,0,0.166666667,0.333333333,22.78
00-0026625,B.Hoyer,2016100903,10/9/2016 0:00,397,2,0,329,10,43,1,-1,0,0,1,3,232.5,1.5,0.5,303.1666667,11,21.33333333,32.83333333,2.333333333,3.333333333,0,0,0.166666667,0.333333333,23.78
00-0026625,B.Hoyer,2016101601,10/16/2016 0:00,302,0,0,351,19,49,1,0,0,0,0,0,278.1666667,1.833333333,0.333333333,318.8333333,11.16666667,24.83333333,36.33333333,2.333333333,0.666666667,0,0,0.333333333,0.833333333,15.08
00-0026625,B.Hoyer,2017091011,9/10/2017 0:00,193,0,1,255,10,35,1,-5,0,0,0,0,294.3333333,1.5,0.166666667,348.1666667,13.5,26.33333333,40,2,1.166666667,0,0,0.333333333,0.833333333,9.22
00-0026625,B.Hoyer,2017092100,9/21/2017 0:00,332,2,1,312,13,37,1,9,1,0,0,0,277.6666667,1,0.166666667,304.6666667,12.5,26,38.66666667,1.666666667,-2.166666667,0,0,0.333333333,0.833333333,30.18
00-0026625,B.Hoyer,2017100109,10/1/2017 0:00,234,0,1,413,24,49,1,3,0,0,0,0,307.1666667,1.333333333,0.333333333,309.5,12.83333333,28,41.16666667,1.666666667,-0.5,0.166666667,0,0.333333333,0.833333333,11.66
00-0026625,B.Hoyer,2017100803,10/8/2017 0:00,353,2,0,388,17,46,2,0,0,0,0,0,293.3333333,1,0.5,316.5,14,27,41.5,1.333333333,0.5,0.166666667,0,0.166666667,0.5,25.12
00-0026625,B.Hoyer,2019110306,11/3/2019 0:00,168,3,1,158,8,26,1,6,0,0,0,0,301.8333333,1,0.5,341.3333333,15.5,27.16666667,43.16666667,1.166666667,1,0.166666667,0,0.166666667,0.5,21.32
00-0026625,B.Hoyer,2019111008,11/10/2019 0:00,204,1,3,401,18,39,2,0,0,0,0,0,263.6666667,1.166666667,0.666666667,312.8333333,15.16666667,24.5,40.33333333,1.166666667,2.166666667,0.166666667,0,0,0,12.16
,,,,,,,,,,,,,,,,247.3333333,1.333333333,1.166666667,321.1666667,15,22.5,38.66666667,1.333333333,2.166666667,0.166666667,0,0,0,0
00-0026898,M.Sanchez,2009092005,9/20/2009 0:00,163,1,0,179,8,22,2,-2,0,0,0,0,272,1,1,296,12,18,31,5,6,0,0,0,1,13.32
00-0026898,M.Sanchez,2009092711,9/27/2009 0:00,171,2,1,283,12,30,4,10,1,0,0,0,217.5,1,0.5,237.5,10,16,26.5,3.5,2,0,0,0,0.5,23.84
00-0026898,M.Sanchez,2009100409,10/4/2009 0:00,138,0,3,161,10,27,4,24,0,0,0,0,202,1.333333333,0.666666667,252.6666667,10.66666667,16.33333333,27.66666667,3.666666667,4.666666667,0.333333333,0,0,0.333333333,7.92
00-0026898,M.Sanchez,2009101200,10/12/2009 0:00,172,1,0,254,10,22,2,6,0,0,0,0,186,1,1.25,229.75,10.5,15.75,27.5,3.75,9.5,0.25,0,0,0.25,14.48
00-0026898,M.Sanchez,2009101811,10/18/2009 0:00,119,0,5,266,14,29,1,6,0,0,0,0,183.2,1,1,234.6,10.4,15,26.4,3.4,8.8,0.2,0,0,0.2,3.36
00-0026898,M.Sanchez,2009102508,10/25/2009 0:00,143,1,0,155,6,15,2,4,1,0,0,1,172.5,0.833333333,1.666666667,239.8333333,11,14.16666667,26.83333333,3,8.333333333,0.166666667,0,0,0.166666667,18.12
00-0026898,M.Sanchez,2009110107,11/1/2009 0:00,265,2,0,281,15,35,4,6,1,0,0,0,151,0.833333333,1.5,216.3333333,10,12.66666667,24.16666667,2.5,8,0.333333333,0,0,0.166666667,28.2
00-0026898,M.Sanchez,2009112211,11/22/2009 0:00,136,1,4,322,9,21,1,2,0,0,0,0,168,1,1.5,233.3333333,11.16666667,13.66666667,26.33333333,2.833333333,9.333333333,0.5,0,0,0.166666667,8.64
00-0026898,M.Sanchez,2009112905,11/29/2009 0:00,154,0,1,85,3,17,3,27,0,0,1,1,162.1666667,0.833333333,2,239.8333333,10.66666667,12.16666667,24.83333333,2.333333333,8,0.333333333,0,0,0.166666667,9.86
00-0026898,M.Sanchez,2009120300,12/3/2009 0:00,104,1,0,210,8,15,1,8,0,0,0,0,164.8333333,0.833333333,1.666666667,227.1666667,9.5,12,23.16666667,2.166666667,8.5,0.333333333,0,0.166666667,0.333333333,11.96
00-0026898,M.Sanchez,2009122004,12/20/2009 0:00,226,1,3,311,10,31,3,7,0,0,0,0,153.5,0.833333333,1.666666667,219.8333333,9.166666667,11.16666667,22,2,8.833333333,0.333333333,0,0.166666667,0.333333333,13.74
00-0026898,M.Sanchez,2009122712,12/27/2009 0:00,106,0,0,134,7,19,2,0,0,0,0,0,171.3333333,1,1.333333333,227.3333333,8.5,12.5,22.33333333,2.333333333,9,0.333333333,0,0.166666667,0.333333333,7.24
00-0026898,M.Sanchez,2010091911,9/19/2010 0:00,220,3,0,264,9,30,4,2,0,0,0,0,165.1666667,0.833333333,1.333333333,223.8333333,8.666666667,13,23,2.333333333,8.333333333,0.166666667,0,0.166666667,0.166666667,24
00-0026898,M.Sanchez,2010092614,9/26/2010 0:00,256,3,0,307,13,28,1,-1,0,0,0,0,157.6666667,1,1.333333333,221,7.666666667,13.16666667,22.16666667,2.333333333,7.666666667,0,0,0.166666667,0.166666667,25.14
00-0026898,M.Sanchez,2010100300,10/3/2010 0:00,161,2,0,229,10,24,1,0,0,0,0,0,177.6666667,1.333333333,0.666666667,218.5,8.333333333,14.33333333,23.33333333,2.333333333,7.166666667,0,0,0.166666667,0.166666667,17.44
00-0026898,M.Sanchez,2010101709,10/17/2010 0:00,198,1,2,256,11,30,1,-1,0,0,0,0,178.8333333,1.666666667,0.5,242.5,9.5,14.5,24.5,2,2.666666667,0,0,0,0,12.82
00-0026898,M.Sanchez,2010103106,10/31/2010 0:00,256,0,2,470,20,38,2,22,0,0,0,1,194.5,1.666666667,0.833333333,250.1666667,10,16.16666667,27,2,1.166666667,0,0,0,0,12.44
00-0026898,M.Sanchez,2010110700,11/7/2010 0:00,336,1,1,370,15,38,3,1,1,0,1,1,199.5,1.5,0.666666667,276.6666667,11.66666667,15.83333333,28.16666667,1.833333333,3.666666667,0,0,0,0.166666667,24.54
00-0026898,M.Sanchez,2010111401,11/14/2010 0:00,299,2,1,293,16,44,2,4,1,0,0,0,237.8333333,1.666666667,0.833333333,316,13,17.5,31.33333333,2,3.833333333,0.166666667,0,0.166666667,0.333333333,28.36
00-0026898,M.Sanchez,2010112101,11/21/2010 0:00,315,3,1,372,14,37,2,22,0,0,0,0,251,1.5,1,320.8333333,14.16666667,18.5,33.66666667,1.666666667,4.166666667,0.333333333,0,0.166666667,0.333333333,28.8
00-0026898,M.Sanchez,2010112502,11/25/2010 0:00,166,1,1,268,11,28,3,-4,0,0,0,0,260.8333333,1.5,1.166666667,331.6666667,14.33333333,19.66666667,35.16666667,1.833333333,8,0.333333333,0,0.166666667,0.333333333,12.24
00-0026898,M.Sanchez,2010120600,12/6/2010 0:00,164,0,3,245,13,33,4,20,0,0,0,0,261.6666667,1.333333333,1.333333333,338.1666667,14.5,20,35.83333333,2.166666667,7.333333333,0.333333333,0,0.166666667,0.333333333,8.56
00-0026898,M.Sanchez,2010121210,12/12/2010 0:00,216,0,1,425,25,43,2,20,0,0,0,0,256,1.166666667,1.5,336.3333333,14.83333333,20,36.33333333,2.666666667,10.83333333,0.333333333,0,0.166666667,0.333333333,12.64
00-0026898,M.Sanchez,2010121911,12/19/2010 0:00,170,0,0,233,10,29,3,15,1,0,0,0,249.3333333,1.166666667,1.333333333,328.8333333,15.66666667,20.16666667,37.16666667,2.666666667,10.5,0.333333333,0,0.166666667,0.166666667,17.3
00-0026898,M.Sanchez,2011091112,9/11/2011 0:00,335,2,1,389,17,44,1,3,0,0,0,0,221.6666667,1,1.166666667,306,14.83333333,19.66666667,35.66666667,2.666666667,12.83333333,0.333333333,0,0,0,23.7
00-0026898,M.Sanchez,2011091803,9/18/2011 0:00,182,2,2,177,5,24,3,29,0,0,0,0,227.6666667,1,1.166666667,322,15,19.5,35.66666667,2.5,12.66666667,0.166666667,0,0,0,19.18
00-0026898,M.Sanchez,2011092508,9/25/2011 0:00,369,2,1,298,15,43,2,2,1,0,0,0,205.5,0.833333333,1.333333333,289.5,13.5,18.66666667,33.5,2.666666667,13.83333333,0.166666667,0,0,0,30.96
00-0026898,M.Sanchez,2011100214,10/2/2011 0:00,119,0,1,313,23,34,3,3,0,0,0,0,239.3333333,1,1.333333333,294.5,14.16666667,20.5,36,2.5,14.83333333,0.333333333,0,0,0,7.06
00-0026898,M.Sanchez,2011101700,10/17/2011 0:00,201,1,0,279,11,25,1,5,1,0,0,0,231.8333333,1,1,305.8333333,15.83333333,19.33333333,36.16666667,2.333333333,12,0.333333333,0,0,0,21.54
00-0026898,M.Sanchez,2011102301,10/23/2011 0:00,173,3,1,313,13,32,3,25,0,0,1,1,229.3333333,1.166666667,0.833333333,281.5,13.5,18.83333333,33.16666667,2.166666667,9.5,0.5,0,0,0,22.42
00-0026898,M.Sanchez,2011110600,11/6/2011 0:00,230,1,1,209,7,28,4,-3,0,0,0,0,229.8333333,1.666666667,1,294.8333333,14,18.66666667,33.66666667,2.166666667,11.16666667,0.333333333,0,0.166666667,0.166666667,14.9
00-0026898,M.Sanchez,2011111313,11/13/2011 0:00,306,1,2,351,17,39,5,11,1,0,0,0,212.3333333,1.5,1,264.8333333,12.33333333,17.66666667,31,2.666666667,10.16666667,0.333333333,0,0.166666667,0.166666667,24.34
00-0026898,M.Sanchez,2011111700,11/17/2011 0:00,252,0,1,264,14,39,1,0,0,0,0,0,233,1.333333333,1,293.8333333,14.33333333,18.16666667,33.5,3,7.166666667,0.5,0,0.166666667,0.166666667,12.08
00-0026898,M.Sanchez,2011112700,11/27/2011 0:00,180,4,1,382,17,35,2,5,0,0,0,0,213.5,1,1,288.1666667,14.16666667,17.66666667,32.83333333,2.833333333,6.833333333,0.333333333,0,0.166666667,0.166666667,25.7
00-0026898,M.Sanchez,2011120400,12/4/2011 0:00,165,1,0,222,13,32,3,1,0,0,0,0,223.6666667,1.666666667,1,299.6666667,13.16666667,18.83333333,33,2.666666667,7.166666667,0.333333333,0,0.166666667,0.166666667,13.7
00-0026898,M.Sanchez,2011121102,12/11/2011 0:00,181,2,0,107,8,21,2,4,2,0,0,0,217.6666667,1.666666667,1,290.1666667,13.5,19.66666667,34.16666667,3,6.5,0.166666667,0,0.166666667,0.166666667,30.64
00-0026898,M.Sanchez,2011121809,12/18/2011 0:00,150,2,2,212,9,26,2,3,0,0,1,1,219,1.5,0.833333333,255.8333333,12.66666667,18.83333333,32.33333333,2.833333333,3,0.5,0,0,0,14.3
00-0026898,M.Sanchez,2011122405,12/24/2011 0:00,258,1,2,388,27,59,4,13,1,0,0,0,205.6666667,1.666666667,1,256.3333333,13,18,32,2.5,4,0.5,0,0.166666667,0.166666667,22.62
00-0026898,M.Sanchez,2012010100,1/1/2012 0:00,207,2,3,181,8,32,1,2,0,0,0,0,197.6666667,1.666666667,1,262.5,14.66666667,19.66666667,35.33333333,2.333333333,4.333333333,0.5,0,0.166666667,0.166666667,16.48
00-0026898,M.Sanchez,2012092306,9/23/2012 0:00,306,1,2,496,22,45,1,4,0,0,0,1,190.1666667,2,1.333333333,248.6666667,13.66666667,19.16666667,34.16666667,2.333333333,4.666666667,0.5,0,0.166666667,0.166666667,16.64
00-0026898,M.Sanchez,2012100800,10/8/2012 0:00,230,1,2,340,15,31,2,1,0,0,0,0,211.1666667,1.5,1.5,267.6666667,14.5,19.83333333,35.83333333,2.166666667,4.5,0.5,0,0.166666667,0.333333333,14.3
00-0026898,M.Sanchez,2012102108,10/21/2012 0:00,328,1,1,372,12,41,1,0,0,0,0,1,222,1.5,1.833333333,287.3333333,14.83333333,19,35.66666667,2,4.5,0.5,0,0.166666667,0.333333333,18.12
00-0026898,M.Sanchez,2012102801,10/28/2012 0:00,283,1,1,406,24,53,1,6,0,0,0,0,246.5,1.333333333,2,331.5,15.5,21.5,39,1.833333333,3.833333333,0.166666667,0,0.166666667,0.5,17.92
00-0026898,M.Sanchez,2012111805,11/18/2012 0:00,178,1,0,167,5,20,4,-2,0,0,0,0,268.6666667,1.166666667,1.833333333,363.8333333,18,23.66666667,43.5,1.666666667,4.333333333,0.166666667,0,0,0.333333333,13.92
00-0026898,M.Sanchez,2012112202,11/22/2012 0:00,262,1,1,257,8,34,2,2,0,0,1,2,255.3333333,1.166666667,1.5,327,14.33333333,21.16666667,37,1.666666667,1.833333333,0,0,0,0.333333333,14.68
00-0026898,M.Sanchez,2012120904,12/9/2012 0:00,111,0,0,109,7,19,3,11,0,0,1,1,264.5,1,1.166666667,339.6666667,14.33333333,21.83333333,37.33333333,1.833333333,1.833333333,0,0,0.166666667,0.666666667,7.54
00-0026898,M.Sanchez,2012121700,12/17/2012 0:00,131,1,4,287,11,28,4,6,0,0,0,0,232,0.833333333,0.833333333,275.1666667,11.83333333,20.33333333,33,2.166666667,3,0,0,0.333333333,0.666666667,8.84
00-0026898,M.Sanchez,2012123000,12/30/2012 0:00,205,0,1,338,17,35,2,-1,0,0,0,0,215.5,0.833333333,1.166666667,266.3333333,11.16666667,20.16666667,32.5,2.5,3.833333333,0,0,0.333333333,0.666666667,10.1
00-0026898,M.Sanchez,2014110203,11/2/2014 0:00,202,2,2,166,5,22,5,5,0,0,0,0,195,0.666666667,1.166666667,260.6666667,12,18.33333333,31.5,2.666666667,3.666666667,0,0,0.333333333,0.5,17.58
00-0026898,M.Sanchez,2014111000,11/10/2014 0:00,332,2,0,300,16,36,2,-1,0,0,0,1,181.5,0.833333333,1.333333333,220.6666667,8.833333333,16.16666667,26.33333333,3.333333333,3.5,0,0,0.333333333,0.5,23.18
00-0026898,M.Sanchez,2014111603,11/16/2014 0:00,346,2,2,398,16,44,3,0,0,0,0,0,207.1666667,1,1.333333333,242.8333333,10.66666667,17,29,3,3.666666667,0,0,0.333333333,0.666666667,22.84
00-0026898,M.Sanchez,2014112307,11/23/2014 0:00,307,1,2,304,11,43,4,4,0,0,0,0,221.1666667,1.166666667,1.5,266.3333333,12,17.16666667,30.66666667,3.166666667,3.333333333,0,0,0.166666667,0.333333333,17.68
00-0026898,M.Sanchez,2014112701,11/27/2014 0:00,217,1,0,217,9,29,7,28,1,0,0,0,253.8333333,1.333333333,1.833333333,298.8333333,12.66666667,20.16666667,34.66666667,3.333333333,2.166666667,0,0,0,0.166666667,24.48
00-0026898,M.Sanchez,2014122000,12/20/2014 0:00,374,2,1,335,12,50,5,22,0,0,0,0,268.1666667,1.333333333,1.166666667,287.1666667,12.33333333,21.33333333,34.83333333,3.833333333,5.833333333,0.166666667,0,0,0.166666667,27.16
00-0026898,M.Sanchez,2014122808,12/28/2014 0:00,292,2,1,362,12,36,7,22,0,0,0,0,296.3333333,1.666666667,1.166666667,286.6666667,11.5,24.66666667,37.33333333,4.333333333,9.666666667,0.166666667,0,0,0.166666667,23.88
00-0026898,M.Sanchez,2015111505,11/15/2015 0:00,146,0,1,147,8,22,2,4,0,0,0,0,311.3333333,1.666666667,1,319.3333333,12.66666667,26,39.66666667,4.666666667,12.5,0.166666667,0,0,0.166666667,8.24
00-0026898,M.Sanchez,2015112204,11/22/2015 0:00,261,2,3,187,12,41,2,14,0,0,0,0,280.3333333,1.333333333,1.166666667,293.8333333,11.33333333,24.83333333,37.33333333,4.666666667,13.33333333,0.166666667,0,0,0,19.84
00-0026898,M.Sanchez,2015112600,11/26/2015 0:00,199,2,0,206,8,27,2,4,0,0,0,0,266.1666667,1.333333333,1.333333333,258.6666667,10.66666667,24.83333333,36.83333333,4.5,15.66666667,0.166666667,0,0,0,19.36
,,,,,,,,,,,,,,,,248.1666667,1.5,1,242.3333333,10.16666667,23,34.16666667,4.166666667,15.66666667,0.166666667,0,0,0,0
00-0026993,J.Freeman,2009111501,11/15/2009 0:00,196,1,1,326,11,28,7,36,0,0,0,0,205,3,1,317,15,14,30,4,20,0,0,0,0,17.44
00-0026993,J.Freeman,2009112208,11/22/2009 0:00,126,1,3,262,12,32,2,30,0,0,0,0,200.5,2,1,321.5,13,15,29,5.5,28,0,0,0,0,12.04
00-0026993,J.Freeman,2009112900,11/29/2009 0:00,250,2,0,249,9,29,2,14,0,0,1,1,175.6666667,1.666666667,1.666666667,301.6666667,12.66666667,15.66666667,30,4.333333333,28.66666667,0,0,0,0,21.4
00-0026993,J.Freeman,2009120601,12/6/2009 0:00,321,0,5,471,15,43,3,30,0,0,0,0,194.25,1.75,1.25,288.5,11.75,16.75,29.75,3.75,25,0,0,0.25,0.25,13.84
00-0026993,J.Freeman,2009122011,12/20/2009 0:00,205,2,1,213,9,26,4,3,0,0,0,0,219.6,1.4,2,325,12.4,18,32.4,3.6,26,0,0,0.2,0.2,18.5
00-0026993,J.Freeman,2009122707,12/27/2009 0:00,271,0,2,248,8,31,2,7,0,0,0,0,217.1666667,1.5,1.833333333,306.3333333,11.83333333,17.66666667,31.33333333,3.666666667,22.16666667,0,0,0.166666667,0.166666667,12.54
00-0026993,J.Freeman,2010010310,1/3/2010 0:00,174,1,2,271,14,32,3,-2,0,0,0,0,228.1666667,1,2,294.8333333,10.66666667,18.83333333,31.5,3.333333333,20,0,0,0.166666667,0.166666667,11.76
00-0026993,J.Freeman,2010091200,9/12/2010 0:00,182,2,1,343,10,28,2,34,0,0,0,0,224.5,1,2.166666667,285.6666667,11.16666667,18.83333333,32.16666667,2.666666667,13.66666667,0,0,0.166666667,0.166666667,20.68
00-0026993,J.Freeman,2010091908,9/19/2010 0:00,178,2,0,290,12,24,4,43,0,0,0,0,233.8333333,1.166666667,1.833333333,299.1666667,10.83333333,18.83333333,31.5,2.666666667,14.33333333,0,0,0.166666667,0.166666667,22.42
00-0026993,J.Freeman,2010092602,9/26/2010 0:00,184,0,1,161,10,31,6,15,0,0,0,0,221.8333333,1.166666667,1.833333333,306,11.33333333,17.5,30.66666667,3,19.16666667,0,0,0,0,10.86
00-0026993,J.Freeman,2010101006,10/10/2010 0:00,280,1,1,381,12,33,3,20,0,0,1,1,199,1.166666667,1.166666667,254.3333333,10.5,17,28.66666667,3.5,16.66666667,0,0,0,0,18.2
00-0026993,J.Freeman,2010101708,10/17/2010 0:00,219,1,0,323,18,43,3,2,0,0,0,2,211.5,1,1.166666667,282.3333333,11,17.66666667,29.83333333,3.333333333,19.5,0,0,0.166666667,0.166666667,13.96
00-0026993,J.Freeman,2010102407,10/24/2010 0:00,212,1,0,287,17,40,6,40,0,0,0,1,202.8333333,1.166666667,0.833333333,294.8333333,12.66666667,18.33333333,31.83333333,3.5,18.66666667,0,0,0.166666667,0.5,18.48
00-0026993,J.Freeman,2010103109,10/31/2010 0:00,278,1,0,211,7,25,2,22,0,0,0,0,209.1666667,1.166666667,0.5,297.5,13.16666667,19.5,33.16666667,4,25.66666667,0,0,0.166666667,0.666666667,20.32
00-0026993,J.Freeman,2010110706,11/7/2010 0:00,189,2,1,206,9,21,4,26,0,0,0,0,225.1666667,1,0.333333333,275.5,12.66666667,19.66666667,32.66666667,4,23.66666667,0,0,0.166666667,0.666666667,20.16
00-0026993,J.Freeman,2010111405,11/14/2010 0:00,241,2,0,209,6,24,5,19,0,0,0,0,227,1,0.5,261.5,12.16666667,19.5,32.16666667,4,20.83333333,0,0,0.166666667,0.666666667,22.54
00-0026993,J.Freeman,2010112111,11/21/2010 0:00,136,2,0,98,7,20,5,15,0,0,0,0,236.5,1.333333333,0.333333333,269.5,11.5,19.16666667,31,3.833333333,21.5,0,0,0.166666667,0.666666667,17.94
00-0026993,J.Freeman,2010112806,11/28/2010 0:00,162,1,0,353,20,37,6,27,0,0,0,0,212.5,1.5,0.166666667,222.3333333,10.66666667,18,28.83333333,4.166666667,20.66666667,0,0,0,0.5,16.18
00-0026993,J.Freeman,2010120507,12/5/2010 0:00,181,1,1,389,18,38,4,28,0,0,0,0,203,1.5,0.166666667,227.3333333,11,16.66666667,27.83333333,4.666666667,24.83333333,0,0,0,0.166666667,16.04
00-0026993,J.Freeman,2010121204,12/12/2010 0:00,266,1,0,262,10,25,7,12,0,0,0,0,197.8333333,1.5,0.333333333,244.3333333,11.16666667,16,27.5,4.333333333,22.83333333,0,0,0,0,18.84
00-0026993,J.Freeman,2010121908,12/19/2010 0:00,251,1,0,241,11,32,5,29,0,0,0,0,195.8333333,1.5,0.333333333,252.8333333,11.66666667,15.5,27.5,5.166666667,21.16666667,0,0,0,0,19.94
00-0026993,J.Freeman,2010122605,12/26/2010 0:00,237,5,0,227,5,26,4,23,0,0,0,0,206.1666667,1.333333333,0.166666667,258.6666667,12,17.16666667,29.33333333,5.333333333,21.66666667,0,0,0,0,34.78
00-0026993,J.Freeman,2011010212,1/2/2011 0:00,255,2,0,177,5,26,4,11,0,0,1,1,205.5,1.833333333,0.166666667,261.6666667,11.83333333,17.66666667,29.66666667,5.166666667,22.33333333,0,0,0,0,21.3
00-0026993,J.Freeman,2011091106,9/11/2011 0:00,257,1,1,365,12,41,4,26,0,0,1,1,225.3333333,1.833333333,0.166666667,274.8333333,11.5,19,30.66666667,5,21.66666667,0,0,0.166666667,0.166666667,17.88
00-0026993,J.Freeman,2011091806,9/18/2011 0:00,243,1,1,259,8,31,3,16,0,0,0,0,241.1666667,1.833333333,0.333333333,276.8333333,10.16666667,20.83333333,31.33333333,4.666666667,21.5,0,0,0.333333333,0.333333333,17.32
00-0026993,J.Freeman,2011092513,9/25/2011 0:00,180,0,1,177,8,31,10,35,1,0,0,0,251.5,1.833333333,0.333333333,255.1666667,8.5,21.33333333,30.16666667,4.5,19.5,0,0,0.333333333,0.333333333,18.7
00-0026993,J.Freeman,2011100300,10/3/2011 0:00,273,1,0,234,13,36,6,27,1,0,0,0,237.1666667,1.666666667,0.5,241,8.166666667,22.5,31.16666667,5,23.33333333,0.166666667,0,0.333333333,0.333333333,26.62
00-0026993,J.Freeman,2011100908,10/9/2011 0:00,187,0,2,308,14,33,1,2,0,0,1,1,240.8333333,1.666666667,0.5,239.8333333,8.5,22.83333333,31.83333333,5.166666667,23,0.333333333,0,0.333333333,0.333333333,7.68
00-0026993,J.Freeman,2011101609,10/16/2011 0:00,303,2,0,333,17,40,4,3,0,0,0,0,232.5,0.833333333,0.833333333,253.3333333,10,22.16666667,33,4.666666667,19.5,0.333333333,0,0.5,0.5,23.42
00-0026993,J.Freeman,2011110605,11/6/2011 0:00,281,1,0,199,10,37,3,8,0,0,0,0,240.5,0.833333333,0.833333333,279.3333333,12,22.5,35.33333333,4.666666667,18.16666667,0.333333333,0,0.333333333,0.333333333,19.04
00-0026993,J.Freeman,2011111302,11/13/2011 0:00,170,1,3,253,16,34,3,25,0,0,0,0,244.5,0.833333333,0.666666667,251.6666667,11.66666667,22.33333333,34.66666667,4.5,15.16666667,0.333333333,0,0.166666667,0.166666667,13.3
00-0026993,J.Freeman,2011112007,11/20/2011 0:00,342,2,2,264,7,37,1,5,0,0,0,0,232.3333333,0.833333333,1,250.6666667,13,21.16666667,35.16666667,4.5,16.66666667,0.333333333,0,0.166666667,0.166666667,23.18
00-0026993,J.Freeman,2011112706,11/27/2011 0:00,199,1,1,240,13,32,3,10,0,0,2,2,259.3333333,1.166666667,1.166666667,265.1666667,12.83333333,22.16666667,36.16666667,3,11.66666667,0.166666667,0,0.166666667,0.166666667,12.96
00-0026993,J.Freeman,2011121108,12/11/2011 0:00,181,0,1,203,12,29,4,26,1,0,0,1,247,1.166666667,1.333333333,266.1666667,12.83333333,21.33333333,35.5,2.5,8.833333333,0,0,0.5,0.5,16.84
00-0026993,J.Freeman,2011121700,12/17/2011 0:00,148,1,0,164,10,27,4,37,0,0,0,0,246,1.166666667,1.166666667,248.6666667,12.5,21.16666667,34.83333333,3,12.83333333,0.166666667,0,0.333333333,0.5,16.62
00-0026993,J.Freeman,2011122407,12/24/2011 0:00,274,1,1,297,9,38,6,4,1,0,1,1,220.1666667,1,1.166666667,220.5,11.33333333,20.16666667,32.66666667,3,18.5,0.166666667,0,0.333333333,0.5,22.36
00-0026993,J.Freeman,2012010110,1/1/2012 0:00,269,2,3,344,11,44,4,14,0,0,0,1,219,1,1.333333333,236.8333333,11.16666667,20.33333333,32.83333333,3.5,17.83333333,0.333333333,0,0.5,0.666666667,19.16
00-0026993,J.Freeman,2012090911,9/9/2012 0:00,138,1,0,119,8,24,7,13,0,0,0,0,235.5,1.166666667,1.333333333,252,10.33333333,22.83333333,34.5,3.666666667,16,0.333333333,0,0.5,0.833333333,13.82
00-0026993,J.Freeman,2012092300,9/23/2012 0:00,110,1,1,220,17,28,1,1,0,0,0,0,201.5,1,1,227.8333333,10.5,20.83333333,32.33333333,4.666666667,17.33333333,0.333333333,0,0.5,0.833333333,10.5
00-0026993,J.Freeman,2012093011,9/30/2012 0:00,299,1,1,313,14,39,2,8,0,0,0,0,186.6666667,1,1,224.5,11.16666667,19.5,31.66666667,4.333333333,15.83333333,0.333333333,0,0.166666667,0.5,18.76
00-0026993,J.Freeman,2012101401,10/14/2012 0:00,328,3,1,293,10,26,3,5,0,0,0,0,206.3333333,1.166666667,1,242.8333333,11.5,20.83333333,33.33333333,4,12.83333333,0.166666667,0,0.166666667,0.333333333,27.62
00-0026993,J.Freeman,2012102103,10/21/2012 0:00,420,3,0,425,17,41,2,9,0,0,0,0,236.3333333,1.5,1.166666667,264.3333333,11.5,20.5,33.16666667,3.833333333,7.5,0.166666667,0,0.166666667,0.333333333,32.7
00-0026993,J.Freeman,2012102500,10/25/2012 0:00,262,3,0,238,17,36,3,-1,0,0,0,0,260.6666667,1.833333333,1,285.6666667,12.83333333,19.83333333,33.66666667,3.166666667,8.333333333,0,0,0,0.166666667,25.38
00-0026993,J.Freeman,2012110409,11/4/2012 0:00,247,2,0,345,12,30,5,22,0,0,0,0,259.5,2,0.5,268,13.83333333,18,32.33333333,3,5.833333333,0,0,0,0,23.08
00-0026993,J.Freeman,2012111101,11/11/2012 0:00,210,2,0,249,6,20,1,4,0,0,0,0,277.6666667,2.166666667,0.5,305.6666667,14.5,18.33333333,33.33333333,2.666666667,7.333333333,0,0,0,0,19.8
00-0026993,J.Freeman,2012111803,11/18/2012 0:00,248,3,2,441,18,45,5,27,0,0,0,0,294.3333333,2.333333333,0.333333333,310.5,12.66666667,19,32,2.666666667,7.833333333,0,0,0,0,25.62
00-0026993,J.Freeman,2012120209,12/2/2012 0:00,242,2,1,444,20,39,2,7,0,0,0,0,285.8333333,2.666666667,0.5,331.8333333,13.33333333,19.16666667,33,3.166666667,11,0,0,0,0,20.38
00-0026993,J.Freeman,2012120907,12/9/2012 0:00,189,2,0,423,20,34,2,13,0,0,0,0,271.5,2.5,0.5,357,15,19.66666667,35.16666667,3,11.33333333,0,0,0,0,19.86
00-0026993,J.Freeman,2012121602,12/16/2012 0:00,279,0,4,475,17,47,2,8,0,0,0,0,233,2.333333333,0.5,356.6666667,15.5,18,34,3,12,0,0,0,0,10.96
00-0026993,J.Freeman,2012122308,12/23/2012 0:00,372,1,4,526,20,54,4,18,0,0,0,0,235.8333333,1.833333333,1.166666667,396.1666667,15.5,19.16666667,35.83333333,2.833333333,13.5,0,0,0,0,19.68
00-0026993,J.Freeman,2012123010,12/30/2012 0:00,222,1,1,256,15,35,1,1,0,0,0,0,256.6666667,1.666666667,1.833333333,426.3333333,16.83333333,21.16666667,39.83333333,2.666666667,12.83333333,0,0,0,0,14.98
00-0026993,J.Freeman,2013090807,9/8/2013 0:00,210,1,1,264,15,31,1,0,0,0,0,0,258.6666667,1.5,2,427.5,18.33333333,22,42.33333333,2.666666667,12.33333333,0,0,0,0,14.4
00-0026993,J.Freeman,2013091510,9/15/2013 0:00,125,1,1,291,12,22,3,16,0,0,0,0,252.3333333,1.166666667,1.833333333,398,17.83333333,20.33333333,40,2,7.833333333,0,0,0,0,12.6
00-0026993,J.Freeman,2013092206,9/22/2013 0:00,236,0,1,490,21,41,1,4,0,0,0,0,232.8333333,1,1.833333333,372.5,16.5,18.83333333,37.16666667,2.166666667,9.333333333,0,0,0,0,11.84
00-0026993,Jo.Freeman,2016010305,1/3/2016 0:00,149,1,1,201,12,28,8,24,0,0,0,0,240.6666667,0.666666667,2,383.6666667,16.66666667,19.66666667,38.33333333,2,7.833333333,0,0,0,0,14.36
,,,,,,,,,,,,,,,,219,0.833333333,1.5,338,15.83333333,17.83333333,35.16666667,3,10.5,0,0,0,0,0
00-0027071,S.McGee,2011010207,1/2/2011 0:00,127,1,0,113,15,26,9,55,0,0,0,0,111,1,0,118,6,11,17,4,19,0,0,1,1,17.58
00-0027071,S.McGee,2011122411,12/24/2011 0:00,182,1,0,202,14,38,4,28,0,0,0,0,119,1,0,115.5,10.5,11,21.5,6.5,37,0,0,0.5,0.5,17.08
,,,,,,,,,,,,,,,,140,1,0,144.3333333,11.66666667,15.33333333,27,5.666666667,34,0,0,0.333333333,0.333333333,0
,,,,,,,,,,,,,,,,173,1,1,180,8,18,27,2,0,0,0,0,0,0
00-0027134,C.Painter,2011101601,10/16/2011 0:00,188,1,1,212,10,34,4,14,0,0,2,2,277,2,0,307,12,15,27,1,-1,0,0,0,0,12.92
00-0027134,C.Painter,2011103002,10/30/2011 0:00,250,0,2,361,21,49,7,79,0,0,0,0,232.5,1.5,0.5,259.5,11,19,30.5,2.5,6.5,0,0,1,1,18.9
,,,,,,,,,,,,,,,,238.3333333,1,1,293.3333333,14.33333333,21.33333333,36.66666667,4,30.66666667,0,0,0.666666667,0.666666667,0
00-0027253,T.Lewis,2013101301,10/13/2013 0:00,216,2,0,250,13,32,7,17,1,0,0,0,204,1,1,276,9,22,32,1,3,0,0,2,2,27.34
00-0027253,T.Lewis,2013102006,10/20/2013 0:00,202,0,1,223,10,32,5,13,0,0,0,0,210,1.5,0.5,263,11,20.5,32,4,10,0.5,0,1,1,11.38
00-0027253,T.Lewis,2013102704,10/27/2013 0:00,234,1,1,381,16,39,2,5,0,0,0,0,207.3333333,1,0.666666667,249.6666667,10.66666667,20.66666667,32,4.333333333,11,0.333333333,0,0.666666667,0.666666667,15.86
00-0027253,T.Lewis,2013122200,12/22/2013 0:00,193,0,1,261,9,25,8,13,0,0,0,0,214,1,0.75,282.5,12,21,33.75,3.75,9.5,0.25,0,0.5,0.5,11.02
00-0027253,T.Lewis,2013122907,12/29/2013 0:00,247,1,0,267,13,29,2,4,0,0,0,0,209.8,0.8,0.8,278.2,11.4,19.8,32,4.6,10.2,0.2,0,0.4,0.4,17.28
,,,,,,,,,,,,,,,,216,0.833333333,0.666666667,276.3333333,11.66666667,19.16666667,31.5,4.166666667,9.166666667,0.166666667,0,0.333333333,0.333333333,0
,,,,,,,,,,,,,,,,168,0,1,211,9,17,27,1,0,0,0,0,1,0
00-0027659,J.Clausen,2010100306,10/3/2010 0:00,146,1,0,127,10,21,2,11,0,0,0,0,188,0,1,259,16,16,33,6,10,0,0,0,0,13.94
00-0027659,J.Clausen,2010111405,11/14/2010 0:00,191,0,0,146,13,29,5,11,0,0,0,0,167,0.5,0.5,193,13,13.5,27,4,10.5,0,0,0,0,11.74
00-0027659,J.Clausen,2010120512,12/5/2010 0:00,169,0,1,262,15,34,1,0,0,0,0,0,175,0.333333333,0.333333333,177.3333333,13,14.33333333,27.66666667,4.333333333,10.66666667,0,0,0,0,8.76
00-0027659,J.Clausen,2010121907,12/19/2010 0:00,141,1,0,132,6,19,5,14,0,0,0,0,173.5,0.25,0.5,198.5,13.5,15.25,29.25,3.5,8,0,0,0,0,14.04
00-0027659,J.Clausen,2014122101,12/21/2014 0:00,181,2,1,237,15,39,3,9,0,0,0,0,167,0.4,0.4,185.2,12,14.8,27.2,3.8,9.2,0,0,0,0,18.14
00-0027659,J.Clausen,2015092006,9/20/2015 0:00,121,0,1,148,8,23,2,-5,0,0,0,0,169.3333333,0.666666667,0.5,193.8333333,12.5,16.16666667,29.16666667,3.666666667,9.166666667,0,0,0,0,6.34
00-0027659,J.Clausen,2015121313,12/13/2015 0:00,274,0,1,382,16,40,1,-2,0,0,0,0,158.1666667,0.666666667,0.5,175.3333333,11.16666667,15.83333333,27.5,3,6.666666667,0,0,0,0,12.76
00-0027659,J.Clausen,2015122006,12/20/2015 0:00,281,2,2,430,17,45,5,30,0,0,0,0,179.5,0.5,0.666666667,217.8333333,12.16666667,17.83333333,30.66666667,2.833333333,4.5,0,0,0,0,23.24
,,,,,,,,,,,,,,,,194.5,0.833333333,1,265.1666667,12.83333333,19.5,33.33333333,2.833333333,7.666666667,0,0,0,0,0
00-0027688,C.McCoy,2010110702,11/7/2010 0:00,150,0,0,246,5,18,3,20,1,0,0,0,281,1,2,305,8,23,33,4,22,0,0,0,0,17
00-0027688,C.McCoy,2010111401,11/14/2010 0:00,205,1,0,120,13,31,4,11,0,0,1,1,215.5,0.5,1,275.5,6.5,18,25.5,3.5,21,0.5,0,0,0,15.3
00-0027688,C.McCoy,2010112104,11/21/2010 0:00,230,1,1,211,9,26,4,39,0,0,0,0,212,0.666666667,0.666666667,223.6666667,8.666666667,18,27.33333333,3.666666667,17.66666667,0.333333333,0,0.333333333,0.333333333,19.1
00-0027688,C.McCoy,2010122602,12/26/2010 0:00,149,0,3,247,11,29,4,30,0,0,1,1,216.5,0.75,0.75,220.5,8.75,17.5,27,3.75,23,0.25,0,0.25,0.25,7.96
00-0027688,C.McCoy,2011010203,1/2/2011 0:00,209,1,3,320,18,41,4,19,0,0,0,0,203,0.6,1.2,225.8,9.2,17,27.4,3.8,24.4,0.2,0,0.4,0.4,14.26
00-0027688,C.McCoy,2011091101,9/11/2011 0:00,213,2,0,253,20,39,3,11,0,0,0,0,204,0.666666667,1.5,241.5,10.66666667,17.5,29.66666667,3.833333333,23.5,0.166666667,0,0.333333333,0.333333333,20.62
00-0027688,C.McCoy,2011091804,9/18/2011 0:00,211,1,0,140,10,32,3,10,0,0,0,1,192.6666667,0.833333333,1.166666667,232.8333333,12.66666667,16.83333333,30.66666667,3.666666667,21.66666667,0.166666667,0,0.333333333,0.333333333,15.44
00-0027688,C.McCoy,2011092503,9/25/2011 0:00,210,2,1,298,19,39,2,-2,0,0,0,0,202.8333333,1,1.166666667,215.1666667,13.5,18.33333333,33,3.666666667,20,0,0,0.333333333,0.5,18.2
00-0027688,C.McCoy,2011100201,10/2/2011 0:00,350,1,1,304,19,60,4,16,0,0,0,0,203.6666667,1.166666667,1.333333333,244.8333333,14.5,18.5,34.33333333,3.333333333,17.83333333,0,0,0.166666667,0.333333333,21.6
00-0027688,C.McCoy,2011101607,10/16/2011 0:00,215,2,0,369,24,45,4,16,0,0,0,0,223.6666667,1.166666667,1.333333333,260.3333333,16.16666667,22.5,40,3.333333333,14,0,0,0.166666667,0.333333333,21.2
00-0027688,C.McCoy,2011102306,10/23/2011 0:00,178,0,1,232,14,35,8,31,0,0,0,0,234.6666667,1.5,0.833333333,280.6666667,18.33333333,23.5,42.66666667,3.333333333,11.66666667,0,0,0,0.166666667,12.22
00-0027688,C.McCoy,2011103009,10/30/2011 0:00,241,1,1,272,11,34,8,30,0,0,0,1,229.5,1.333333333,0.5,266,17.66666667,23.5,41.66666667,4,13.66666667,0,0,0,0.166666667,17.64
00-0027688,C.McCoy,2011110601,11/6/2011 0:00,146,1,1,178,7,22,3,6,0,0,0,0,234.1666667,1.166666667,0.666666667,269.1666667,16.16666667,24,40.83333333,4.833333333,16.83333333,0,0,0,0.333333333,12.44
00-0027688,C.McCoy,2011111310,11/13/2011 0:00,200,0,0,138,3,20,4,4,0,0,0,0,223.3333333,1.166666667,0.833333333,275.5,15.66666667,22.66666667,39.16666667,4.833333333,16.16666667,0,0,0,0.166666667,11.4
00-0027688,C.McCoy,2011112003,11/20/2011 0:00,148,1,1,118,6,23,5,27,0,0,0,0,221.6666667,0.833333333,0.666666667,248.8333333,13,22.33333333,36,5.166666667,17.16666667,0,0,0,0.166666667,14.62
00-0027688,C.McCoy,2011112701,11/27/2011 0:00,151,2,1,272,17,34,6,38,0,0,0,0,188,0.833333333,0.666666667,217.8333333,10.83333333,18.33333333,29.83333333,5.333333333,19,0,0,0,0.166666667,19.84
00-0027688,C.McCoy,2011120404,12/4/2011 0:00,181,1,1,188,17,34,4,12,0,0,0,0,177.3333333,0.833333333,0.833333333,201.6666667,9.666666667,17.5,28,5.666666667,22.66666667,0,0,0,0.166666667,14.44
00-0027688,C.McCoy,2011120800,12/8/2011 0:00,209,0,2,358,15,35,6,15,0,0,0,0,177.8333333,1,0.833333333,194.3333333,10.16666667,16.83333333,27.83333333,5,19.5,0,0,0,0.166666667,10.86
00-0027688,C.McCoy,2014101908,10/19/2014 0:00,128,1,0,31,1,12,2,3,0,0,0,0,172.5,0.833333333,1,208.6666667,10.83333333,16.16666667,28,4.666666667,17,0,0,0,0,12.42
00-0027688,C.McCoy,2014102700,10/27/2014 0:00,299,0,1,302,4,30,7,16,1,0,0,0,169.5,0.833333333,0.833333333,184.1666667,9.833333333,15.66666667,26.33333333,4.5,16.5,0,0,0,0,21.56
00-0027688,C.McCoy,2014113003,11/30/2014 0:00,392,3,0,336,16,47,3,12,0,0,0,0,186,0.833333333,1,211.5,10,17,28,5,18.5,0.166666667,0,0,0,31.88
00-0027688,C.McCoy,2014120708,12/7/2014 0:00,199,0,2,199,10,32,2,11,0,0,0,0,226.6666667,1.166666667,0.833333333,247.8333333,11.66666667,19.5,32,4.666666667,16,0.166666667,0,0,0,10.06
00-0027688,C.McCoy,2016010307,1/3/2016 0:00,128,1,0,91,4,11,3,-3,0,0,0,0,234.6666667,0.833333333,1,235.6666667,10.5,20.16666667,31.66666667,4,11.5,0.166666667,0,0,0,11.82
00-0027688,C.McCoy,2018112201,11/22/2018 0:00,268,2,3,324,11,38,5,28,0,0,0,1,225.8333333,0.833333333,0.833333333,219.5,8.333333333,18.66666667,27.83333333,3.833333333,9,0.166666667,0,0,0,20.52
00-0027688,C.McCoy,2019100609,10/6/2019 0:00,122,0,1,177,8,27,2,14,0,0,1,1,235.6666667,1.166666667,1,213.8333333,7.666666667,19.66666667,28.33333333,3.666666667,11.16666667,0.166666667,0,0,0.166666667,7.28
,,,,,,,,,,,,,,,,234.6666667,1,1.166666667,238.1666667,8.833333333,20.83333333,30.83333333,3.666666667,13,0.166666667,0,0.166666667,0.333333333,0
00-0027754,J.Skelton,2010121907,12/19/2010 0:00,196,0,1,317,15,33,2,10,0,0,0,1,146,0,0,340,22,15,37,3,9,0,0,0,0,9.84
00-0027754,J.Skelton,2010122500,12/25/2010 0:00,183,1,0,211,13,24,3,21,0,0,0,0,171,0,0.5,328.5,18.5,16,35,2.5,9.5,0,0,0,0.5,16.42
00-0027754,J.Skelton,2011110611,11/6/2011 0:00,222,1,0,344,15,35,4,38,0,1,0,1,175,0.333333333,0.333333333,289.3333333,16.66666667,14.33333333,31.33333333,2.666666667,13.33333333,0,0,0,0.333333333,18.68
00-0027754,J.Skelton,2011111306,11/13/2011 0:00,315,3,2,354,16,39,4,15,0,0,0,0,186.75,0.5,0.25,303,16.25,15.75,32.25,3,19.5,0,0.25,0,0.5,27.1
00-0027754,J.Skelton,2011112704,11/27/2011 0:00,114,0,2,168,9,23,3,18,0,0,0,0,212.4,1,0.6,313.2,16.2,16.8,33.6,3.2,18.6,0,0.2,0,0.4,7.36
00-0027754,J.Skelton,2011121110,12/11/2011 0:00,282,3,2,199,7,28,6,25,0,0,0,0,196,0.833333333,0.833333333,289,15,16,31.83333333,3.166666667,18.5,0,0.166666667,0,0.333333333,26.78
00-0027754,J.Skelton,2011121810,12/18/2011 0:00,313,1,1,439,17,46,2,7,0,0,0,0,218.6666667,1.333333333,1.166666667,265.5,12.5,16.66666667,30.33333333,3.666666667,21.16666667,0,0.166666667,0,0.333333333,19.22
00-0027754,J.Skelton,2011122408,12/24/2011 0:00,297,2,3,446,17,43,5,6,0,0,0,0,238.1666667,1.5,1.166666667,285.8333333,12.83333333,18.5,32.5,3.666666667,20.66666667,0,0.166666667,0,0.166666667,20.48
00-0027754,J.Skelton,2012010115,1/1/2012 0:00,271,1,1,461,17,40,5,19,0,0,1,1,257.1666667,1.666666667,1.666666667,325,13.5,20.5,35.66666667,4,18.16666667,0,0.166666667,0,0.166666667,17.74
00-0027754,J.Skelton,2012090910,9/9/2012 0:00,149,0,1,206,13,28,1,2,0,0,0,0,265.3333333,1.666666667,1.833333333,344.5,13.83333333,20.83333333,36.5,4.166666667,15,0,0,0.166666667,0.166666667,8.16
00-0027754,J.Skelton,2012102900,10/29/2012 0:00,290,0,1,369,19,52,1,1,0,0,0,0,237.6666667,1.166666667,1.666666667,319.8333333,13.33333333,19.66666667,34.66666667,3.666666667,12.83333333,0,0,0.166666667,0.166666667,13.7
,,,,,,,,,,,,,,,,267,1.166666667,1.5,353.3333333,15,23,39.5,3.333333333,10,0,0,0.166666667,0.166666667,0
00-0027796,J.Webb,2010122800,12/28/2010 0:00,195,0,0,229,9,26,6,31,1,0,0,0,129,0,2,223,9,15,26,6,38,1,0,2,2,19.9
00-0027796,J.Webb,2011010209,1/2/2011 0:00,148,0,1,253,11,32,5,35,0,0,0,0,162,0,1,226,9,16,26,6,34.5,1,0,1,1,11.42
00-0027796,J.Webb,2012010109,1/1/2012 0:00,200,0,1,264,13,31,4,2,0,0,0,0,157.3333333,0,1,235,9.666666667,17.33333333,28,5.666666667,34.66666667,0.666666667,0,0.666666667,0.666666667,10.2
,,,,,,,,,,,,,,,,168,0,1,242.25,10.5,17.25,28.75,5.25,26.5,0.5,0,0.5,0.5,0
00-0027854,S.Bradford,2010100307,10/3/2010 0:00,289,2,1,225,15,39,2,8,0,0,0,0,197,1,1,189,13,21,35,1,2,0,0,0,0,22.36
00-0027854,S.Bradford,2010101701,10/17/2010 0:00,198,1,0,206,13,31,6,8,0,0,0,0,243,1.5,1,207,14,22,37,1.5,5,0,0,0,0,15.72
00-0027854,S.Bradford,2010102407,10/24/2010 0:00,126,2,0,187,13,26,2,2,0,0,0,0,228,1.333333333,0.666666667,206.6666667,13.66666667,20.66666667,35,3,6,0,0,0,0,16.24
00-0027854,S.Bradford,2010103105,10/31/2010 0:00,191,2,0,178,7,32,5,2,0,0,0,0,202.5,1.5,0.5,201.75,13.5,18.75,32.75,2.75,5,0,0,0,0,18.84
00-0027854,S.Bradford,2010111410,11/14/2010 0:00,251,1,0,229,12,42,2,11,0,0,0,0,200.2,1.6,0.4,197,12.2,20,32.6,3.2,4.4,0,0,0,0,18.14
00-0027854,S.Bradford,2010112110,11/21/2010 0:00,233,2,1,274,14,42,1,17,0,0,0,0,208.6666667,1.5,0.333333333,202.3333333,12.16666667,21.66666667,34.16666667,3,5.5,0,0,0,0,21.02
00-0027854,S.Bradford,2010112810,11/28/2010 0:00,308,3,0,280,15,37,1,-1,0,0,0,0,214.6666667,1.666666667,0.333333333,216.5,12.33333333,22.66666667,35.33333333,3,8,0,0,0,0,27.22
00-0027854,S.Bradford,2010120511,12/5/2010 0:00,187,0,1,147,9,28,3,7,0,0,0,0,217.8333333,1.833333333,0.166666667,225.6666667,12.33333333,22.5,35,2.833333333,6.5,0,0,0,0,10.18
00-0027854,S.Bradford,2010121208,12/12/2010 0:00,231,0,2,205,12,32,2,5,1,0,0,0,216,1.666666667,0.333333333,215.8333333,11.66666667,22.5,34.5,2.333333333,6.333333333,0,0,0,0,16.74
00-0027854,S.Bradford,2010121900,12/19/2010 0:00,181,0,2,328,20,43,2,2,0,0,0,0,233.5,1.333333333,0.666666667,218.8333333,11.5,23.33333333,35.5,2.333333333,6.833333333,0.166666667,0,0,0,8.44
00-0027854,S.Bradford,2011091107,9/11/2011 0:00,188,0,0,177,13,30,1,-15,0,0,0,0,231.8333333,1,1,243.8333333,13.66666667,22.66666667,37.33333333,1.833333333,6.833333333,0.166666667,0,0,0,9.02
00-0027854,S.Bradford,2011091900,9/19/2011 0:00,314,1,0,423,24,45,3,15,0,0,0,0,221.3333333,0.833333333,1,235.1666667,13.83333333,20.5,35.33333333,1.666666667,2.5,0.166666667,0,0,0,21.06
00-0027854,S.Bradford,2011092510,9/25/2011 0:00,166,1,1,317,15,32,3,22,0,0,0,0,234.8333333,0.666666667,0.833333333,260,15.5,19.5,35.83333333,2,2.166666667,0.166666667,0,0,0,14.84
00-0027854,S.Bradford,2011101605,10/16/2011 0:00,321,0,1,322,15,44,2,0,0,0,0,0,211.1666667,0.333333333,1,266.1666667,15.5,18.5,35,2.333333333,6,0.166666667,0,0,0,14.84
00-0027854,S.Bradford,2011110611,11/6/2011 0:00,255,0,1,423,12,36,1,2,0,0,0,0,233.5,0.333333333,1,295.3333333,16.5,20.16666667,37.66666667,2.166666667,4.833333333,0.166666667,0,0,0,12.4
00-0027854,S.Bradford,2011111310,11/13/2011 0:00,115,1,0,124,6,16,4,3,0,0,0,0,237.5,0.333333333,0.833333333,331.6666667,16.5,21,38.33333333,2,4.333333333,0,0,0,0,11.9
00-0027854,S.Bradford,2011112009,11/20/2011 0:00,181,1,1,394,18,39,2,0,0,0,0,0,226.5,0.5,0.5,297.6666667,14.16666667,19.16666667,33.83333333,2.333333333,4.5,0,0,0,0,13.24
00-0027854,S.Bradford,2011121200,12/12/2011 0:00,193,0,1,210,16,29,2,-1,0,0,0,0,225.3333333,0.666666667,0.666666667,333.8333333,15,19.66666667,35.33333333,2.5,7,0,0,0,0,9.62
00-0027854,S.Bradford,2012090905,9/9/2012 0:00,198,1,0,259,8,25,3,3,0,0,0,0,205.1666667,0.5,0.833333333,298.3333333,13.66666667,18.16666667,32.66666667,2.333333333,4.333333333,0,0,0,0,15.22
00-0027854,S.Bradford,2012091609,9/16/2012 0:00,310,3,1,266,8,35,3,10,0,0,1,1,210.5,0.5,0.666666667,288.6666667,12.5,18.33333333,31.5,2.333333333,1.166666667,0,0,0,0,26.4
00-0027854,S.Bradford,2012092301,9/23/2012 0:00,152,0,2,240,14,34,2,14,0,0,0,0,208.6666667,1,0.666666667,279.3333333,11.33333333,18,30,2.5,2.833333333,0,0,0.166666667,0.166666667,8.48
00-0027854,S.Bradford,2012093005,9/30/2012 0:00,221,0,1,264,12,29,2,-2,0,0,0,0,191.5,1,0.833333333,248.8333333,11.66666667,17.16666667,29.66666667,2.666666667,4.833333333,0,0,0.166666667,0.166666667,10.64
00-0027854,S.Bradford,2012100400,10/4/2012 0:00,141,2,1,300,13,21,5,0,0,0,0,0,209.1666667,0.833333333,1,272.1666667,12.66666667,18.16666667,31.83333333,2.333333333,4,0,0,0.166666667,0.166666667,15.64
00-0027854,S.Bradford,2012101405,10/14/2012 0:00,315,0,0,274,13,39,4,34,1,0,0,0,202.5,1,1,256.5,11.83333333,16,28.83333333,2.833333333,4,0,0,0.166666667,0.166666667,25
00-0027854,S.Bradford,2012102804,10/28/2012 0:00,206,1,1,204,7,31,3,3,0,0,0,1,222.8333333,1,0.833333333,267.1666667,11.33333333,18.33333333,30.5,3.166666667,9.833333333,0.166666667,0,0.166666667,0.166666667,13.54
00-0027854,S.Bradford,2012111110,11/11/2012 0:00,275,2,0,231,11,37,1,0,0,0,0,0,224.1666667,1,1,258,11.16666667,19.33333333,31.5,3.166666667,9.833333333,0.166666667,0,0.166666667,0.333333333,22
00-0027854,S.Bradford,2012111805,11/18/2012 0:00,170,2,1,339,19,43,1,7,0,0,0,1,218.3333333,0.833333333,0.833333333,252.1666667,11.66666667,19.33333333,31.83333333,2.833333333,8.166666667,0.166666667,0,0,0.166666667,16.5
00-0027854,S.Bradford,2012112510,11/25/2012 0:00,205,2,1,249,8,17,2,1,0,0,0,0,221.3333333,1.166666667,0.666666667,268.6666667,12.5,20.16666667,33.33333333,2.666666667,7,0.166666667,0,0,0.333333333,18.3
00-0027854,S.Bradford,2012120202,12/2/2012 0:00,221,0,0,270,12,38,3,31,0,0,0,0,218.6666667,1.5,0.666666667,266.1666667,11.83333333,18.83333333,31.33333333,2.666666667,7.5,0.166666667,0,0,0.333333333,14.94
00-0027854,S.Bradford,2012120908,12/9/2012 0:00,209,1,0,381,19,38,4,13,0,0,0,0,232,1.166666667,0.5,261.1666667,11.66666667,22,34.16666667,2.333333333,12.66666667,0.166666667,0,0,0.333333333,16.66
00-0027854,S.Bradford,2012121603,12/16/2012 0:00,377,3,1,385,19,55,2,9,0,0,0,0,214.3333333,1.333333333,0.5,279,12.66666667,20.83333333,34,2.333333333,9.166666667,0,0,0,0.333333333,29.98
00-0027854,S.Bradford,2012122308,12/23/2012 0:00,196,2,1,273,13,27,2,-1,0,0,1,1,242.8333333,1.666666667,0.5,309.1666667,14.66666667,22.83333333,38,2.166666667,10.16666667,0,0,0,0.166666667,16.74
00-0027854,S.Bradford,2012123015,12/30/2012 0:00,252,1,1,281,16,42,1,6,0,0,0,0,229.6666667,1.666666667,0.666666667,316.1666667,15,20.66666667,36.33333333,2.333333333,10,0,0,0.166666667,0.333333333,16.68
00-0027854,S.Bradford,2013090810,9/8/2013 0:00,299,2,1,185,10,38,3,3,0,0,1,1,243.3333333,1.5,0.666666667,306.5,14.5,21,36.16666667,2.333333333,9.833333333,0,0,0.166666667,0.166666667,21.26
00-0027854,S.Bradford,2013091500,9/15/2013 0:00,352,3,1,381,22,55,3,25,0,0,0,0,259,1.5,0.666666667,295.8333333,14.83333333,24.16666667,39.66666667,2.5,10.16666667,0,0,0.333333333,0.333333333,30.58
00-0027854,S.Bradford,2013092600,9/26/2013 0:00,202,1,1,387,21,41,3,-4,0,0,0,0,280.8333333,2,0.833333333,314.3333333,16.5,25.16666667,42.5,2.5,9.166666667,0,0,0.333333333,0.333333333,13.68
00-0027854,S.Bradford,2013100606,10/6/2013 0:00,222,3,0,253,15,34,5,4,0,0,0,0,279.6666667,2,1,315.3333333,16.83333333,25.16666667,43,2.333333333,6.333333333,0,0,0.333333333,0.333333333,24.28
00-0027854,S.Bradford,2013101303,10/13/2013 0:00,117,3,0,89,4,16,1,4,0,0,0,0,253.8333333,2,0.833333333,293.3333333,16.16666667,22.5,39.5,2.833333333,5.5,0,0,0.333333333,0.333333333,20.08
00-0027854,S.Bradford,2013102001,10/20/2013 0:00,255,1,1,202,8,30,1,1,0,0,1,1,240.6666667,2.166666667,0.666666667,262.6666667,14.66666667,22.33333333,37.66666667,2.666666667,6.333333333,0,0,0.166666667,0.166666667,15.3
00-0027854,S.Bradford,2015092012,9/20/2015 0:00,224,1,2,213,12,37,2,9,0,0,0,0,241.1666667,2.166666667,0.666666667,249.5,13.33333333,21.66666667,35.66666667,2.666666667,5.5,0,0,0.333333333,0.333333333,14.86
00-0027854,S.Bradford,2015092702,9/27/2015 0:00,118,1,0,171,14,28,3,-2,0,0,0,0,228.6666667,2,0.833333333,254.1666667,13.66666667,21,35.5,2.5,6.5,0,0,0.166666667,0.166666667,11.52
00-0027854,S.Bradford,2015100405,10/4/2015 0:00,270,3,0,378,13,28,1,14,0,0,1,1,189.6666667,1.666666667,0.666666667,219.1666667,12.33333333,18,31,2.5,2,0,0,0.166666667,0.166666667,26.2
00-0027854,S.Bradford,2015101100,10/11/2015 0:00,333,2,2,357,11,45,1,3,0,0,0,0,201,2,0.5,217.6666667,11,17.33333333,28.83333333,2.166666667,5,0,0,0.333333333,0.333333333,22.62
00-0027854,S.Bradford,2015101900,10/19/2015 0:00,280,1,3,389,10,37,4,2,0,0,1,1,219.5,1.833333333,0.833333333,235,10.33333333,19.5,30.66666667,1.5,4.833333333,0,0,0.333333333,0.333333333,14.4
00-0027854,S.Bradford,2015102511,10/25/2015 0:00,205,0,1,216,19,46,3,6,0,0,0,0,246.6666667,1.5,1.333333333,285,11.33333333,21.5,34.16666667,2,4.5,0,0,0.5,0.5,10.8
00-0027854,S.Bradford,2015110810,11/8/2015 0:00,295,1,0,167,11,36,1,-1,0,0,0,0,238.3333333,1.333333333,1.333333333,287.3333333,13.16666667,22.33333333,36.83333333,2.333333333,5.333333333,0,0,0.333333333,0.333333333,18.7
00-0027854,S.Bradford,2015111505,11/15/2015 0:00,236,1,0,167,6,25,1,0,0,0,0,0,250.1666667,1.333333333,1,279.6666667,13,22.66666667,36.66666667,2.166666667,3.666666667,0,0,0.333333333,0.333333333,16.44
00-0027854,S.Bradford,2015120612,12/6/2015 0:00,120,2,0,132,10,24,1,-1,0,0,0,1,269.8333333,1.333333333,1,279,11.66666667,23.5,36.16666667,1.833333333,4,0,0,0.333333333,0.333333333,14.7
00-0027854,S.Bradford,2015121300,12/13/2015 0:00,247,1,1,388,14,38,3,3,0,0,0,0,244.8333333,1.166666667,1,238,11.16666667,23.33333333,35.5,1.833333333,1.5,0,0,0.166666667,0.333333333,16.18
00-0027854,S.Bradford,2015122001,12/20/2015 0:00,361,2,2,343,11,41,1,4,0,0,0,0,230.5,1,0.833333333,243.1666667,11.66666667,21.83333333,34.33333333,2.166666667,1.5,0,0,0.166666667,0.333333333,23.84
00-0027854,S.Bradford,2015122600,12/26/2015 0:00,380,1,0,338,19,56,2,4,0,0,1,4,244,1.166666667,0.666666667,235.5,11.83333333,22.5,35,1.666666667,1.833333333,0,0,0,0.166666667,18.6
00-0027854,S.Bradford,2016010308,1/3/2016 0:00,320,2,1,206,7,38,2,-2,0,0,0,0,273.1666667,1.333333333,0.5,255.8333333,11.83333333,24.33333333,36.66666667,1.5,1.5,0,0,0.166666667,0.833333333,22.6
00-0027854,S.Bradford,2016091813,9/18/2016 0:00,286,2,0,265,9,31,1,-3,0,0,0,1,277.3333333,1.5,0.666666667,262.3333333,11.16666667,25.16666667,37,1.666666667,1.333333333,0,0,0.166666667,0.833333333,21.14
00-0027854,S.Bradford,2016092501,9/25/2016 0:00,171,1,0,176,10,28,2,-2,0,0,0,0,285.6666667,1.666666667,0.666666667,278.6666667,11.66666667,25.66666667,38,1.666666667,0.833333333,0,0,0.166666667,1,13.64
00-0027854,S.Bradford,2016100300,10/3/2016 0:00,262,1,0,220,10,36,4,6,0,0,0,0,294.1666667,1.5,0.666666667,286,11.66666667,26.33333333,38.66666667,1.833333333,0.666666667,0,0,0.166666667,0.833333333,18.08
00-0027854,S.Bradford,2016100905,10/9/2016 0:00,271,2,0,205,8,30,2,-2,0,0,0,0,296.6666667,1.5,0.5,258,11,26.83333333,38.33333333,2,1.166666667,0,0,0.166666667,0.833333333,21.64
00-0027854,S.Bradford,2016102307,10/23/2016 0:00,211,1,1,275,15,37,1,-1,0,0,0,0,281.6666667,1.5,0.166666667,235,10.5,25.83333333,36.5,2.166666667,0.166666667,0,0,0.166666667,0.833333333,14.34
00-0027854,S.Bradford,2016112006,11/20/2016 0:00,169,1,0,127,8,28,1,-1,0,0,0,0,253.5,1.5,0.333333333,224.5,9.833333333,23.16666667,33.33333333,2,-0.666666667,0,0,0,0.166666667,13.66
00-0027854,S.Bradford,2016120100,12/1/2016 0:00,247,1,0,344,13,45,2,10,0,0,0,0,228.3333333,1.333333333,0.166666667,211.3333333,10,21.5,31.66666667,1.833333333,-0.5,0,0,0,0.166666667,17.88
00-0027854,S.Bradford,2016121105,12/11/2016 0:00,292,1,0,233,10,34,4,17,0,0,0,1,221.8333333,1.166666667,0.166666667,224.5,10.66666667,23.16666667,34,2,1.666666667,0,0,0,0,19.38
00-0027854,S.Bradford,2016122404,12/24/2016 0:00,382,3,0,360,16,50,2,5,0,0,0,0,242,1.166666667,0.166666667,234,10.66666667,24.16666667,35,2.333333333,4.833333333,0,0,0,0.166666667,30.78
00-0027854,S.Bradford,2017010105,1/1/2017 0:00,250,3,1,191,7,33,1,24,0,0,0,0,262,1.5,0.166666667,257.3333333,11.66666667,25.5,37.33333333,2,4.666666667,0,0,0,0.166666667,26.4
00-0027854,S.Bradford,2017091100,9/11/2017 0:00,346,3,0,239,5,32,2,-3,0,0,0,0,258.5,1.666666667,0.333333333,255,11.5,26,37.83333333,1.833333333,9,0,0,0,0.166666667,28.54
00-0027854,S.Bradford,2018090909,9/9/2018 0:00,153,0,1,208,13,34,2,7,0,0,0,0,281,2,0.166666667,249,9.833333333,27,37,2,8.666666667,0,0,0,0.166666667,8.82
,,,,,,,,,,,,,,,,278.3333333,1.833333333,0.333333333,262.5,10.66666667,27,38,2.166666667,10,0,0,0,0.166666667,0
00-0027876,T.Tebow,2010122609,12/26/2010 0:00,308,1,1,302,12,29,10,27,1,0,0,1,138,1,0,204,8,8,16,8,78,1,0,0,0,26.02
00-0027876,T.Tebow,2011010213,1/2/2011 0:00,205,2,2,499,17,35,13,94,1,0,0,0,223,1,0.5,253,10,12,22.5,9,52.5,1,0,0,0.5,32.6
00-0027876,T.Tebow,2011102300,10/23/2011 0:00,161,2,0,354,14,27,9,67,0,0,0,0,217,1.333333333,1,335,12.33333333,13.33333333,26.66666667,10.33333333,66.33333333,1,0,0,0.333333333,24.14
00-0027876,T.Tebow,2011103006,10/30/2011 0:00,172,1,1,459,20,39,10,63,0,0,1,1,203,1.5,0.75,339.75,12.75,13.25,26.75,10,66.5,0.75,0,0,0.25,18.18
00-0027876,T.Tebow,2011110607,11/6/2011 0:00,124,2,0,249,11,21,12,118,0,0,0,0,196.8,1.4,0.8,363.6,14.2,14.2,29.2,10,65.8,0.6,0,0.2,0.4,30.76
00-0027876,T.Tebow,2011111700,11/17/2011 0:00,104,0,0,189,11,20,8,68,1,0,0,0,184.6666667,1.5,0.666666667,344.5,13.66666667,13.5,27.83333333,10.33333333,74.5,0.5,0,0.166666667,0.333333333,19.96
00-0027876,T.Tebow,2011112710,11/27/2011 0:00,143,1,0,287,9,18,22,67,0,0,0,1,179,1.333333333,0.666666667,342,14.16666667,13.66666667,28.5,10.33333333,72.83333333,0.5,0,0.166666667,0.333333333,18.42
00-0027876,T.Tebow,2011120409,12/4/2011 0:00,202,2,0,187,5,15,5,15,0,0,0,0,151.5,1.333333333,0.5,339.5,13.66666667,12.5,26.66666667,12.33333333,79.5,0.333333333,0,0.166666667,0.333333333,20.58
00-0027876,T.Tebow,2011121111,12/11/2011 0:00,236,1,1,446,16,38,12,49,0,0,0,0,151,1.333333333,0.166666667,287.5,11.66666667,11.5,23.33333333,11,66.33333333,0.166666667,0,0.166666667,0.333333333,20.34
00-0027876,T.Tebow,2011121811,12/18/2011 0:00,194,0,0,295,11,22,12,93,2,0,0,1,163.5,1.166666667,0.333333333,302.8333333,12,12.83333333,25.16666667,11.5,63.33333333,0.166666667,0,0.166666667,0.333333333,31.06
00-0027876,T.Tebow,2011122400,12/24/2011 0:00,185,1,4,397,13,30,10,34,1,0,0,0,167.1666667,1,0.166666667,275.5,10.5,11.66666667,22.33333333,11.83333333,68.33333333,0.5,0,0,0.333333333,19.8
,,,,,,,,,,,,,,,,177.3333333,0.833333333,0.833333333,300.1666667,10.83333333,12.16666667,23.83333333,11.5,54.33333333,0.666666667,0,0,0.333333333,0
00-0027939,C.Newton,2011091807,9/18/2011 0:00,432,1,3,460,15,46,10,53,1,0,1,1,422,2,1,426,12,24,37,8,18,1,0,0,0,31.58
00-0027939,C.Newton,2011092500,9/25/2011 0:00,158,1,0,250,15,33,7,27,0,0,0,0,427,1.5,2,443,13.5,26,41.5,9,35.5,1,0,0.5,0.5,16.02
00-0027939,C.Newton,2011100205,10/2/2011 0:00,374,1,1,532,17,45,8,35,2,0,0,0,337.3333333,1.333333333,1.333333333,378.6666667,14,23.33333333,38.66666667,8.333333333,32.66666667,0.666666667,0,0.333333333,0.333333333,36.46
00-0027939,C.Newton,2011100906,10/9/2011 0:00,224,2,1,360,14,31,7,27,1,0,0,0,346.5,1.25,1.25,417,14.75,24.25,40.25,8.25,33.25,1,0,0.25,0.25,27.66
00-0027939,C.Newton,2011101606,10/16/2011 0:00,237,0,3,274,10,34,6,50,1,0,0,2,322,1.4,1.2,405.6,14.6,22.6,38.4,8,32,1,0,0.2,0.2,18.48
00-0027939,C.Newton,2011102304,10/23/2011 0:00,256,1,0,232,5,23,10,59,1,0,0,0,307.8333333,1.166666667,1.5,383.6666667,13.83333333,22.33333333,37.66666667,7.666666667,35,1,0,0.166666667,0.5,29.14
00-0027939,C.Newton,2011103003,10/30/2011 0:00,290,3,0,336,13,35,6,53,0,0,0,0,280.1666667,1,1.333333333,351.3333333,12.66666667,21.33333333,35.33333333,8,41.83333333,1,0,0.166666667,0.5,31.9
00-0027939,C.Newton,2011111301,11/13/2011 0:00,212,0,1,325,16,40,7,55,0,0,1,1,256.5,1.333333333,0.833333333,330.6666667,12.33333333,20.33333333,33.5,7.333333333,41.83333333,0.833333333,0,0,0.333333333,14.98
00-0027939,C.Newton,2011112006,11/20/2011 0:00,280,1,4,369,11,37,7,37,2,0,0,0,265.5,1.166666667,1,343.1666667,12.5,21.16666667,34.66666667,7.333333333,46.5,0.833333333,0,0.166666667,0.5,29.9
00-0027939,C.Newton,2011112705,11/27/2011 0:00,208,0,0,169,7,27,9,53,1,0,1,1,249.8333333,1.166666667,1.5,316,11.5,20.33333333,33.33333333,7.166666667,46.83333333,0.833333333,0,0.166666667,0.5,21.62
00-0027939,C.Newton,2011120407,12/4/2011 0:00,204,1,0,292,9,21,14,54,3,0,0,0,247.1666667,0.833333333,1.333333333,284.1666667,10.33333333,21,32.66666667,7.5,51.16666667,0.833333333,0,0.333333333,0.666666667,38.56
00-0027939,C.Newton,2011121106,12/11/2011 0:00,276,2,2,389,18,39,7,36,0,0,0,0,241.6666667,1,0.833333333,287.1666667,10.16666667,19.5,30.5,8.833333333,51.83333333,1.166666667,0,0.333333333,0.333333333,23.64
00-0027939,C.Newton,2011121806,12/18/2011 0:00,149,2,0,221,10,23,7,55,0,0,0,0,245,1.166666667,1.166666667,313.3333333,12.33333333,19.66666667,33.16666667,8.333333333,48,1,0,0.333333333,0.333333333,22.46
00-0027939,C.Newton,2011122407,12/24/2011 0:00,171,3,0,68,5,17,6,65,1,0,0,0,221.5,1,1.166666667,294.1666667,11.83333333,18.16666667,31.16666667,8.5,48.33333333,1,0,0.333333333,0.333333333,34.34
00-0027939,C.Newton,2012010111,1/1/2012 0:00,158,1,1,108,9,25,6,32,0,0,1,1,214.6666667,1.5,1,251.3333333,10,16.33333333,27.33333333,8.333333333,50,1.166666667,0,0.166666667,0.166666667,14.52
00-0027939,C.Newton,2012090911,9/9/2012 0:00,303,1,2,379,8,33,5,4,0,0,0,0,194.3333333,1.5,0.5,207.8333333,9.666666667,15.16666667,25.33333333,8.166666667,49.16666667,0.833333333,0,0.333333333,0.333333333,17.52
00-0027939,C.Newton,2012091601,9/16/2012 0:00,253,1,0,160,6,20,13,71,1,0,0,0,210.1666667,1.666666667,0.833333333,242.8333333,9.833333333,15.66666667,26.33333333,7.5,41,0.666666667,0,0.166666667,0.166666667,30.22
00-0027939,C.Newton,2012092000,9/20/2012 0:00,242,0,3,253,11,30,6,6,1,0,0,0,218.3333333,1.666666667,0.833333333,220.8333333,9.333333333,16,26.16666667,7.333333333,43.83333333,0.333333333,0,0.166666667,0.166666667,16.28
00-0027939,C.Newton,2012093004,9/30/2012 0:00,215,2,0,177,9,24,9,86,1,0,0,0,212.6666667,1.333333333,1,198.1666667,8.166666667,15.5,24.66666667,7.166666667,38.83333333,0.5,0,0.166666667,0.166666667,34.2
00-0027939,C.Newton,2012100707,10/7/2012 0:00,141,0,0,244,17,29,7,53,0,0,0,1,223.6666667,1.333333333,1,190.8333333,8,15.83333333,24.83333333,7.5,44,0.666666667,0,0.166666667,0.166666667,12.94
00-0027939,C.Newton,2012102102,10/21/2012 0:00,233,1,1,321,14,36,6,64,0,0,1,1,218.6666667,0.833333333,1,220.1666667,10,15.83333333,26.83333333,7.666666667,42,0.5,0,0.166666667,0.333333333,20.72
00-0027939,C.Newton,2012102806,10/28/2012 0:00,314,0,2,346,17,39,5,37,0,0,0,0,231.1666667,0.833333333,1,255.6666667,10.83333333,16.83333333,28.66666667,7.666666667,47.33333333,0.5,0,0.166666667,0.333333333,17.26
00-0027939,C.Newton,2012110400,11/4/2012 0:00,201,1,0,266,10,23,8,37,1,0,0,0,233,0.666666667,1,250.1666667,12.33333333,16.33333333,29.66666667,7.666666667,52.83333333,0.5,0,0.166666667,0.333333333,24.74
00-0027939,C.Newton,2012111100,11/11/2012 0:00,241,2,2,264,13,36,4,7,0,0,0,0,224.3333333,0.666666667,1,267.8333333,13,16.16666667,30.16666667,6.833333333,47.16666667,0.5,0,0.166666667,0.333333333,19.34
00-0027939,C.Newton,2012111803,11/18/2012 0:00,252,1,0,291,12,28,11,40,0,0,0,0,224.1666667,1,0.833333333,269.6666667,13.33333333,17,31.16666667,6.5,47.33333333,0.333333333,0,0.166666667,0.333333333,21.08
00-0027939,C.Newton,2012112600,11/26/2012 0:00,306,2,0,235,10,28,14,52,2,0,0,0,230.3333333,0.833333333,0.833333333,288.6666667,13.83333333,17.16666667,31.83333333,6.833333333,39.66666667,0.166666667,0,0.166666667,0.333333333,40.44
00-0027939,C.Newton,2012120204,12/2/2012 0:00,232,3,0,358,12,27,7,78,0,0,0,1,257.8333333,1.166666667,0.833333333,287.1666667,12.66666667,18.16666667,31.66666667,8,39.5,0.5,0,0.166666667,0.166666667,31.08
00-0027939,C.Newton,2012120906,12/9/2012 0:00,287,2,0,346,12,35,9,116,1,0,0,1,257.6666667,1.5,0.666666667,293.3333333,12.33333333,17.16666667,30.16666667,8.166666667,41.83333333,0.5,0,0,0.166666667,42.08
00-0027939,C.Newton,2012121609,12/16/2012 0:00,231,2,0,229,14,33,4,7,0,0,0,0,253.1666667,1.833333333,0.333333333,293.3333333,11.5,17.66666667,29.5,8.833333333,55,0.666666667,0,0,0.333333333,20.94
00-0027939,C.Newton,2012122301,12/23/2012 0:00,170,1,1,209,10,29,12,60,1,0,0,0,258.1666667,2,0.333333333,287.1666667,12.16666667,18.66666667,31.16666667,8.166666667,50,0.5,0,0,0.333333333,24.8
00-0027939,C.Newton,2012123011,12/30/2012 0:00,248,0,1,419,16,33,7,34,0,0,0,0,246.3333333,1.833333333,0.166666667,278,11.66666667,18.16666667,30,9.5,58.83333333,0.666666667,0,0,0.333333333,15.32
00-0027939,C.Newton,2013090801,9/8/2013 0:00,125,1,0,152,7,23,5,38,0,0,0,1,245.6666667,1.666666667,0.333333333,299.3333333,12.33333333,18.16666667,30.83333333,8.833333333,57.83333333,0.666666667,0,0,0.333333333,14.8
00-0027939,C.Newton,2013091502,9/15/2013 0:00,229,2,1,422,16,38,4,15,0,0,0,0,215.5,1.5,0.333333333,285.5,11.83333333,17.83333333,30,7.333333333,55.5,0.333333333,0,0,0.5,20.66
00-0027939,C.Newton,2013092210,9/22/2013 0:00,223,3,1,369,11,27,7,45,1,0,0,0,215,1.333333333,0.5,296.1666667,12.5,18.83333333,31.83333333,6.833333333,45,0.333333333,0,0,0.333333333,33.42
00-0027939,C.Newton,2013100608,10/6/2013 0:00,308,0,3,367,15,39,4,25,0,0,0,0,204.3333333,1.5,0.666666667,300,12.33333333,17.5,30.5,6.5,33.16666667,0.333333333,0,0,0.166666667,14.82
00-0027939,C.Newton,2013101305,10/13/2013 0:00,242,3,0,142,6,26,9,30,1,0,0,0,217.1666667,1.166666667,1.166666667,323,12.5,17.83333333,31.5,6.5,36.16666667,0.333333333,0,0,0.166666667,33.68
00-0027939,C.Newton,2013102001,10/20/2013 0:00,204,1,0,118,2,17,10,26,0,0,0,0,229.1666667,1.5,1,311.8333333,11.83333333,18.16666667,31,6,31.16666667,0.333333333,0,0,0.166666667,17.76
00-0027939,C.Newton,2013102400,10/24/2013 0:00,221,2,0,230,9,32,11,50,1,0,0,0,221.8333333,1.666666667,0.833333333,261.6666667,9.5,18,28.33333333,6.5,29.83333333,0.333333333,0,0,0.166666667,30.84
00-0027939,C.Newton,2013110301,11/3/2013 0:00,249,1,2,367,11,36,5,22,1,0,0,1,237.8333333,1.833333333,0.833333333,274.6666667,9.833333333,19.16666667,29.83333333,7.5,31.83333333,0.5,0,0,0,22.16
00-0027939,C.Newton,2013111008,11/10/2013 0:00,169,0,1,326,15,32,7,17,0,0,0,0,241.1666667,1.666666667,1,265.5,9,19.5,29.5,7.666666667,33,0.666666667,0,0,0.166666667,10.46
00-0027939,C.Newton,2013111800,11/18/2013 0:00,209,3,0,251,9,28,7,62,0,0,0,0,232.1666667,1.166666667,1,258.3333333,9.666666667,19.66666667,30.33333333,7.666666667,28.33333333,0.5,0,0,0.166666667,29.56
00-0027939,C.Newton,2013112406,11/24/2013 0:00,174,1,1,368,17,37,8,51,1,0,0,0,215.6666667,1.666666667,0.5,239,8.666666667,19.33333333,28.5,8.166666667,34.5,0.5,0,0,0.166666667,24.06
00-0027939,C.Newton,2013120100,12/1/2013 0:00,263,2,2,277,9,29,5,68,1,0,0,0,204.3333333,1.333333333,0.666666667,276.6666667,10.5,19.16666667,30.33333333,8,38,0.5,0,0,0.166666667,32.32
00-0027939,C.Newton,2013120804,12/8/2013 0:00,160,1,0,226,12,34,6,48,0,0,0,0,214.1666667,1.5,1,303.1666667,11.66666667,19.66666667,32.33333333,7.166666667,45,0.666666667,0,0,0.166666667,18.2
00-0027939,C.Newton,2013121510,12/15/2013 0:00,273,1,0,199,8,24,7,12,0,0,0,0,204,1.333333333,1,302.5,12.16666667,19.5,32.66666667,6.333333333,44.66666667,0.5,0,0,0.166666667,19.12
00-0027939,C.Newton,2013122201,12/22/2013 0:00,181,1,1,202,7,21,4,6,0,0,0,0,208,1.333333333,0.666666667,274.5,11.66666667,18.33333333,30.66666667,6.666666667,43,0.333333333,0,0,0,13.84
00-0027939,C.Newton,2013122900,12/29/2013 0:00,149,2,1,232,11,27,12,72,0,0,1,1,210,1.5,0.666666667,253.8333333,10.33333333,17.83333333,28.83333333,6.166666667,41.16666667,0.333333333,0,0,0,22.16
00-0027939,C.Newton,2014091401,9/14/2014 0:00,281,1,0,349,12,34,4,19,0,0,0,0,200,1.333333333,0.833333333,250.6666667,10.66666667,17.16666667,28.66666667,7,42.83333333,0.333333333,0,0.166666667,0.166666667,20.14
00-0027939,C.Newton,2014092113,9/21/2014 0:00,250,1,0,273,11,35,2,7,0,0,0,0,217.8333333,1.333333333,0.666666667,247.5,9.833333333,17.66666667,28.16666667,6.333333333,37.5,0.166666667,0,0.166666667,0.166666667,17.7
00-0027939,C.Newton,2014092800,9/28/2014 0:00,197,1,0,211,11,25,2,7,0,0,0,0,215.6666667,1.166666667,0.333333333,246.8333333,10.16666667,18.66666667,29.16666667,5.833333333,27.33333333,0,0,0.166666667,0.166666667,15.58
00-0027939,C.Newton,2014100500,10/5/2014 0:00,255,2,1,373,15,35,6,9,0,0,1,1,221.8333333,1.166666667,0.333333333,244.3333333,10,17.33333333,27.66666667,5.166666667,20.5,0,0,0.166666667,0.166666667,20.1
00-0027939,C.Newton,2014101202,10/12/2014 0:00,284,2,1,333,15,45,17,107,1,0,0,0,218.8333333,1.333333333,0.5,273.3333333,11.16666667,17.83333333,29.5,5,20,0,0,0.333333333,0.333333333,41.06
00-0027939,C.Newton,2014101904,10/19/2014 0:00,205,1,1,290,13,31,7,41,0,0,0,0,236,1.5,0.5,295.1666667,12.5,20.5,33.5,7.166666667,36.83333333,0.166666667,0,0.333333333,0.333333333,18.3
00-0027939,C.Newton,2014102601,10/26/2014 0:00,171,0,1,178,9,22,12,16,0,0,0,1,245.3333333,1.333333333,0.5,304.8333333,12.83333333,20.83333333,34.16666667,6.333333333,31.66666667,0.166666667,0,0.166666667,0.166666667,9.44
00-0027939,C.Newton,2014103000,10/30/2014 0:00,151,0,1,363,17,28,7,43,1,0,0,0,227,1.166666667,0.666666667,276.3333333,12.33333333,19.16666667,32.16666667,7.666666667,31.16666667,0.166666667,0,0.166666667,0.333333333,18.34
00-0027939,C.Newton,2014111000,11/10/2014 0:00,306,2,3,508,12,40,2,6,0,0,0,0,210.5,1,0.833333333,291.3333333,13.33333333,16.83333333,31,8.5,37.16666667,0.333333333,0,0.166666667,0.333333333,20.84
00-0027939,C.Newton,2014111600,11/16/2014 0:00,292,2,2,371,12,37,5,30,0,0,0,0,228.6666667,1.166666667,1.333333333,340.8333333,13.5,18.66666667,33.5,8.5,37,0.333333333,0,0.166666667,0.333333333,23.68
00-0027939,C.Newton,2014113005,11/30/2014 0:00,194,1,1,323,16,35,9,49,0,0,0,0,234.8333333,1.166666667,1.5,340.5,13,19.33333333,33.83333333,8.333333333,40.5,0.333333333,0,0,0.166666667,18.66
00-0027939,C.Newton,2014120706,12/7/2014 0:00,226,3,0,384,11,32,12,83,1,0,0,1,219.8333333,1,1.5,338.8333333,13.16666667,17.5,32.16666667,7,30.83333333,0.166666667,0,0,0.166666667,37.34
00-0027939,C.Newton,2014122100,12/21/2014 0:00,201,1,1,271,12,31,12,63,1,0,0,0,223.3333333,1.333333333,1.333333333,354.5,12.83333333,18.16666667,32.33333333,7.833333333,37.83333333,0.333333333,0,0,0.333333333,26.34
00-0027939,C.Newton,2014122800,12/28/2014 0:00,114,1,0,163,6,16,6,51,1,0,0,0,228.3333333,1.5,1.333333333,370,13.33333333,19.16666667,33.83333333,7.833333333,45.66666667,0.5,0,0,0.166666667,22.66
00-0027939,C.Newton,2015091302,9/13/2015 0:00,175,1,1,255,12,31,14,35,0,0,0,0,222.1666667,1.666666667,1.166666667,336.6666667,11.5,19.16666667,31.83333333,7.666666667,47,0.5,0,0,0.166666667,16.5
00-0027939,C.Newton,2015092000,9/20/2015 0:00,195,2,1,390,18,37,10,76,1,0,0,1,200.3333333,1.5,0.833333333,294.5,11.5,18,30.33333333,9.666666667,51.83333333,0.5,0,0,0.166666667,30.4
00-0027939,C.Newton,2015092701,9/27/2015 0:00,315,2,0,335,11,31,7,33,1,0,0,0,184.1666667,1.5,0.666666667,297.6666667,12.5,17.16666667,30.33333333,10.5,59.5,0.666666667,0,0,0.333333333,32.9
00-0027939,C.Newton,2015100406,10/4/2015 0:00,124,2,0,228,11,22,12,51,0,0,0,0,204.3333333,1.666666667,0.5,299.6666667,11.66666667,17.5,29.66666667,10.16666667,56.83333333,0.833333333,0,0,0.333333333,21.06
00-0027939,C.Newton,2015101808,10/18/2015 0:00,269,1,2,429,13,35,7,30,1,0,0,0,187.3333333,1.5,0.5,273.6666667,11.66666667,15.83333333,28,10.16666667,51.5,0.666666667,0,0,0.166666667,24.76
00-0027939,C.Newton,2015102511,10/25/2015 0:00,197,1,3,208,7,24,4,20,1,0,0,0,198.6666667,1.5,0.666666667,300,11.83333333,16.16666667,28.66666667,9.333333333,46,0.666666667,0,0,0.166666667,19.88
00-0027939,C.Newton,2015110200,11/2/2015 0:00,248,2,1,450,18,35,10,41,0,0,0,0,212.5,1.5,1.166666667,307.5,12,16.83333333,30,9,40.83333333,0.666666667,0,0,0.166666667,24.02
00-0027939,C.Newton,2015110801,11/8/2015 0:00,297,3,1,350,14,30,9,57,1,0,0,0,224.6666667,1.666666667,1.166666667,340,13,16.5,30.66666667,8.333333333,41.83333333,0.666666667,0,0,0.166666667,37.58
00-0027939,C.Newton,2015111503,11/15/2015 0:00,217,1,0,297,5,26,9,23,1,0,0,0,241.6666667,1.833333333,1.166666667,333.3333333,12.33333333,16,29.5,8.166666667,38.66666667,0.666666667,0,0,0,23.98
00-0027939,C.Newton,2015112206,11/22/2015 0:00,246,5,0,339,13,34,4,16,0,0,0,0,225.3333333,1.666666667,1.166666667,327,11.33333333,16.16666667,28.66666667,8.5,37,0.666666667,0,0,0,34.44
00-0027939,C.Newton,2015112601,11/26/2015 0:00,183,0,0,190,11,27,12,45,1,0,0,0,245.6666667,2.166666667,1.166666667,345.5,11.66666667,17.83333333,30.66666667,7.166666667,31.16666667,0.666666667,0,0,0,20.82
00-0027939,C.Newton,2015120607,12/6/2015 0:00,331,5,1,467,11,40,10,49,0,0,1,1,231.3333333,2,0.833333333,305.6666667,11.33333333,17.16666667,29.33333333,8,33.66666667,0.666666667,0,0,0,39.14
00-0027939,C.Newton,2015121307,12/13/2015 0:00,265,3,0,233,6,21,3,4,0,0,0,0,253.6666667,2.666666667,0.5,348.8333333,12,19.5,32,9,38.5,0.5,0,0.166666667,0.166666667,26
00-0027939,C.Newton,2015122000,12/20/2015 0:00,340,5,0,536,19,44,8,100,0,0,0,0,256.5,2.833333333,0.333333333,312.6666667,10,19.33333333,29.66666667,7.833333333,32.33333333,0.5,0,0.166666667,0.166666667,46.6
00-0027939,C.Newton,2015122707,12/27/2015 0:00,142,0,0,197,13,30,7,46,1,0,0,0,263.6666667,3.166666667,0.166666667,343.6666667,10.83333333,21,32,7.666666667,39.5,0.333333333,0,0.166666667,0.166666667,19.28
00-0027939,C.Newton,2016010312,1/3/2016 0:00,293,2,0,257,5,26,6,10,2,0,2,2,251.1666667,3,0.166666667,327,12.16666667,20.33333333,32.66666667,7.333333333,43.33333333,0.333333333,0,0.166666667,0.166666667,33.72
00-0027939,C.Newton,2016090800,9/8/2016 0:00,194,1,1,235,12,31,11,54,1,0,0,0,259,2.5,0.166666667,313.3333333,10.83333333,20.33333333,31.33333333,7.666666667,42.33333333,0.666666667,0,0.5,0.5,25.16
00-0027939,C.Newton,2016091800,9/18/2016 0:00,353,4,1,373,14,39,6,37,0,0,0,0,260.8333333,2.666666667,0.333333333,320.8333333,11,20.66666667,32,7.5,43.83333333,0.666666667,0,0.5,0.5,35.82
00-0027939,C.Newton,2016092501,9/25/2016 0:00,262,0,3,388,11,35,7,26,1,0,0,1,264.5,2.5,0.333333333,305.1666667,11.5,20,31.83333333,6.833333333,41.83333333,0.666666667,0,0.333333333,0.333333333,18.08
00-0027939,C.Newton,2016100201,10/2/2016 0:00,165,1,0,210,11,25,6,32,0,0,0,0,264,2,0.833333333,331,12.33333333,21,34.16666667,7.5,45.5,0.833333333,0,0.333333333,0.5,16.8
00-0027939,C.Newton,2016101605,10/16/2016 0:00,322,2,1,518,19,47,2,1,1,0,1,1,234.8333333,1.333333333,0.833333333,276.6666667,11,19.16666667,31,7.166666667,34.16666667,0.833333333,0,0.333333333,0.5,27.98
00-0027939,C.Newton,2016103009,10/30/2016 0:00,212,0,0,296,13,27,7,43,0,0,0,0,264.8333333,1.666666667,1,330.1666667,12,20.83333333,33.83333333,6.333333333,26.66666667,0.833333333,0,0.5,0.666666667,15.78
00-0027939,C.Newton,2016110607,11/6/2016 0:00,225,1,0,280,12,32,7,16,0,0,0,0,251.3333333,1.333333333,1,336.6666667,13.33333333,19.66666667,34,6.5,32.16666667,0.5,0,0.166666667,0.333333333,17.6
00-0027939,C.Newton,2016111301,11/13/2016 0:00,261,1,1,363,14,38,12,54,1,0,1,1,256.5,1.333333333,0.833333333,344.1666667,13.33333333,20,34.16666667,5.833333333,25.83333333,0.333333333,0,0.166666667,0.333333333,26.84
00-0027939,C.Newton,2016111700,11/17/2016 0:00,192,1,0,305,19,33,5,7,0,0,0,0,241.1666667,0.833333333,0.833333333,342.5,13.33333333,19.83333333,34,6.833333333,28.66666667,0.5,0,0.333333333,0.5,15.38
00-0027939,C.Newton,2016112710,11/27/2016 0:00,246,2,1,330,13,28,3,6,1,0,0,0,229.5,1,0.333333333,328.6666667,14.66666667,18.66666667,33.66666667,6.5,25.5,0.333333333,0,0.333333333,0.333333333,26.44
00-0027939,C.Newton,2016120412,12/4/2016 0:00,182,1,0,408,18,32,3,12,0,0,0,0,243,1.166666667,0.5,348.6666667,15,18.66666667,34.16666667,6,21.16666667,0.5,0,0.333333333,0.333333333,15.48
00-0027939,C.Newton,2016121101,12/11/2016 0:00,160,1,1,307,16,27,8,31,0,0,0,0,219.6666667,1,0.333333333,330.3333333,14.83333333,16.5,31.66666667,6.166666667,23,0.333333333,0,0.166666667,0.166666667,15.5
00-0027939,C.Newton,2016121900,12/19/2016 0:00,300,2,0,356,15,36,3,0,0,0,0,0,211,1.166666667,0.5,332.1666667,15.33333333,15.83333333,31.66666667,6.333333333,21,0.333333333,0,0.166666667,0.166666667,23
00-0027939,C.Newton,2016122401,12/24/2016 0:00,198,1,2,511,23,43,8,36,0,0,0,0,223.5,1.333333333,0.5,344.8333333,15.83333333,16,32.33333333,5.666666667,18.33333333,0.333333333,0,0.166666667,0.166666667,16.52
00-0027939,C.Newton,2017010109,1/1/2017 0:00,237,1,3,307,11,32,3,6,0,0,0,0,213,1.333333333,0.666666667,369.5,17.33333333,15.16666667,33.16666667,5,15.33333333,0.166666667,0,0,0,14.08
00-0027939,C.Newton,2017091011,9/10/2017 0:00,171,2,1,217,9,24,6,3,0,0,0,0,220.5,1.333333333,1.166666667,369.8333333,16,15.83333333,33,4.666666667,15.16666667,0.166666667,0,0,0,17.14
00-0027939,C.Newton,2017091701,9/17/2017 0:00,228,0,0,276,12,32,5,27,0,0,0,0,208,1.333333333,1.166666667,351,15.33333333,15.83333333,32.33333333,5.166666667,14.66666667,0,0,0,0,14.82
00-0027939,C.Newton,2017092402,9/24/2017 0:00,167,0,3,218,6,26,3,16,1,0,0,0,215.6666667,1.166666667,1.166666667,329,14.33333333,16.83333333,32.33333333,5.5,17.16666667,0,0,0,0,14.28
00-0027939,C.Newton,2017100107,10/1/2017 0:00,316,3,1,217,6,29,8,44,1,0,0,0,216.8333333,1,1.5,314.1666667,12.66666667,18,32.16666667,4.666666667,14.66666667,0.166666667,0,0,0,37.04
00-0027939,C.Newton,2017100802,10/8/2017 0:00,355,3,0,228,7,33,7,0,0,0,0,0,219.5,1.166666667,1.666666667,291,11.16666667,18.16666667,31,5.5,22,0.333333333,0,0,0,29.2
00-0027939,C.Newton,2017101200,10/12/2017 0:00,239,1,3,400,21,52,11,71,1,0,0,0,245.6666667,1.5,1.333333333,243.8333333,8.5,19.5,29.33333333,5.333333333,16,0.333333333,0,0,0,26.66
00-0027939,C.Newton,2017102201,10/22/2017 0:00,211,0,2,271,11,34,9,50,0,0,0,0,246,1.5,1.333333333,259.3333333,10.16666667,21.16666667,32.66666667,6.666666667,26.83333333,0.5,0,0,0,14.44
00-0027939,C.Newton,2017102907,10/29/2017 0:00,154,1,1,341,13,32,11,44,0,0,0,0,252.6666667,1.166666667,1.5,268.3333333,10.5,22.33333333,34.33333333,7.166666667,34.66666667,0.5,0,0,0,16.56
00-0027939,C.Newton,2017110500,11/5/2017 0:00,137,0,0,200,11,24,9,86,1,0,0,0,240.3333333,1.333333333,1.666666667,279.1666667,10.66666667,22,34.33333333,8.166666667,37.5,0.5,0,0,0,23.08
00-0027939,C.Newton,2017111300,11/13/2017 0:00,254,4,0,267,14,35,5,95,0,0,0,0,235.3333333,1.333333333,1.166666667,276.1666667,11.5,21.33333333,34,9.166666667,49.16666667,0.5,0,0,0,38.66
00-0027939,C.Newton,2017112605,11/26/2017 0:00,168,0,0,355,17,28,9,28,1,0,0,0,225,1.5,1,284.5,12.83333333,21.16666667,35,8.666666667,57.66666667,0.333333333,0,0,0,18.52
00-0027939,C.Newton,2017120307,12/3/2017 0:00,183,2,0,154,10,27,6,51,0,0,0,1,193.8333333,1,1,305.6666667,14.5,18.66666667,34.16666667,9,62.33333333,0.5,0,0,0,22.42
00-0027939,C.Newton,2017121001,12/10/2017 0:00,137,1,1,254,11,25,11,70,0,0,0,0,184.5,1.166666667,0.5,264.6666667,12.66666667,16.83333333,30,8.166666667,59,0.333333333,0,0,0.166666667,18.48
00-0027939,C.Newton,2017121701,12/17/2017 0:00,242,4,0,225,11,31,14,58,0,0,0,0,172.1666667,1.333333333,0.333333333,261.8333333,12.66666667,15.5,28.5,8.5,62.33333333,0.333333333,0,0,0.166666667,34.48
00-0027939,C.Newton,2017122400,12/24/2017 0:00,160,0,1,194,8,25,14,52,1,0,0,0,186.8333333,1.833333333,0.166666667,242.5,12.33333333,15.83333333,28.33333333,9,64.66666667,0.333333333,0,0,0.166666667,19.6
00-0027939,C.Newton,2017123100,12/31/2017 0:00,180,1,3,333,16,33,11,59,0,0,0,0,190.6666667,1.833333333,0.333333333,241.5,11.83333333,16.33333333,28.5,9.833333333,59,0.333333333,0,0,0.166666667,17.1
00-0027939,C.Newton,2018090910,9/9/2018 0:00,161,0,0,155,8,25,13,58,1,0,0,1,178.3333333,1.333333333,0.833333333,252.5,12.16666667,15.16666667,28.16666667,10.83333333,53,0.333333333,0,0,0.166666667,20.24
00-0027939,C.Newton,2018091600,9/16/2018 0:00,335,3,1,324,12,45,5,42,0,0,0,0,177.1666667,1.333333333,0.833333333,219.1666667,10.66666667,16.16666667,27.66666667,11.5,58,0.333333333,0,0,0.333333333,31.6
00-0027939,C.Newton,2018092302,9/23/2018 0:00,150,2,0,218,9,24,10,36,2,0,0,0,202.5,1.5,1,247.5,11,18.66666667,30.66666667,11.33333333,56.5,0.333333333,0,0,0.166666667,32.6
00-0027939,C.Newton,2018100701,10/7/2018 0:00,237,2,2,313,11,34,8,29,0,0,0,0,204.6666667,1.666666667,0.833333333,241.5,10.66666667,19,30.5,11.16666667,50.83333333,0.666666667,0,0,0.166666667,21.38
00-0027939,C.Newton,2018101408,10/14/2018 0:00,275,2,1,306,12,40,9,43,0,0,1,1,203.8333333,1.333333333,1.166666667,256.1666667,10.66666667,19.16666667,31,10.16666667,46,0.666666667,0,0,0.166666667,24.3
00-0027939,C.Newton,2018102108,10/21/2018 0:00,269,2,0,282,14,39,7,49,0,0,0,0,223,1.666666667,1.166666667,274.8333333,11.33333333,21,33.5,9.333333333,44.5,0.5,0,0.166666667,0.333333333,26.66
00-0027939,C.Newton,2018102801,10/28/2018 0:00,219,2,0,190,8,29,10,52,1,0,0,0,237.8333333,1.833333333,0.666666667,266.3333333,11,22.83333333,34.5,8.666666667,42.83333333,0.5,0,0.166666667,0.333333333,30.96
00-0027939,C.Newton,2018110402,11/4/2018 0:00,247,2,0,183,6,25,11,33,0,0,0,0,247.5,2.166666667,0.666666667,272.1666667,11,23.5,35.16666667,8.166666667,41.83333333,0.5,0,0.166666667,0.166666667,24.18
00-0027939,C.Newton,2018110800,11/8/2018 0:00,193,2,1,152,5,29,2,10,0,0,0,0,232.8333333,2,0.5,248.6666667,10,21.33333333,31.83333333,9.166666667,40.33333333,0.5,0,0.166666667,0.166666667,18.72
00-0027939,C.Newton,2018111803,11/18/2018 0:00,357,3,1,339,11,37,2,2,0,0,0,0,240,2,0.666666667,237.6666667,9.333333333,22.66666667,32.66666667,7.833333333,36,0.166666667,0,0.166666667,0.166666667,28.48
00-0027939,C.Newton,2018112502,11/25/2018 0:00,256,2,1,141,4,30,8,63,0,0,0,3,260,2.166666667,0.5,242,9.333333333,23.33333333,33.16666667,6.833333333,31.5,0.166666667,0,0.166666667,0.166666667,23.54
00-0027939,C.Newton,2018120209,12/2/2018 0:00,300,2,4,370,9,41,6,33,0,0,0,0,256.8333333,2.166666667,0.5,214.5,8,23,31.5,6.666666667,34.83333333,0.166666667,0,0,0.5,22.3
00-0027939,C.Newton,2018120902,12/9/2018 0:00,265,0,1,252,15,42,5,23,0,0,0,0,262,2.166666667,1.166666667,229.1666667,7.166666667,23.5,31.83333333,6.5,32.16666667,0.166666667,0,0,0.5,14.9
00-0027939,C.Newton,2018121700,12/17/2018 0:00,131,0,1,155,11,28,5,15,0,0,0,0,269.6666667,1.833333333,1.333333333,239.5,8.333333333,24.33333333,34,5.666666667,27.33333333,0,0,0,0.5,8.74
00-0027939,C.Newton,2019090800,9/8/2019 0:00,239,0,1,238,11,37,3,-2,0,0,1,1,250.3333333,1.5,1.5,234.8333333,9.166666667,23.83333333,34.5,4.666666667,24.33333333,0,0,0,0.5,10.36
00-0027939,C.Newton,2019091200,9/12/2019 0:00,333,0,0,555,26,51,2,0,0,0,0,0,258,1.166666667,1.5,249.1666667,10.16666667,24.16666667,35.83333333,4.833333333,22.33333333,0,0,0.166666667,0.666666667,16.32
,,,,,,,,,,,,,,,,254,0.666666667,1.333333333,285.1666667,12.66666667,24.16666667,38.16666667,4.833333333,22,0,0,0.166666667,0.666666667,0
00-0027946,J.Locker,2011121109,12/11/2011 0:00,282,1,0,304,14,27,6,36,1,0,0,0,140,2,0,169,10,9,19,1,11,0,0,0,0,27.88
00-0027946,J.Locker,2011121802,12/18/2011 0:00,108,1,0,67,5,16,1,9,0,0,0,0,211,1.5,0,236.5,12,11,23,3.5,23.5,0.5,0,0,0,12.22
00-0027946,J.Locker,2012090904,9/9/2012 0:00,229,1,1,265,8,32,2,11,0,0,0,0,176.6666667,1.333333333,0,180,9.666666667,11,20.66666667,2.666666667,18.66666667,0.333333333,0,0,0,16.26
00-0027946,J.Locker,2012091611,9/16/2012 0:00,174,1,1,237,14,30,2,21,0,0,0,0,189.75,1.25,0.25,201.25,9.25,14,23.5,2.5,16.75,0.25,0,0,0,15.06
00-0027946,J.Locker,2012092303,9/23/2012 0:00,378,2,0,318,13,42,4,35,0,0,1,1,186.6,1.2,0.4,208.4,10.2,14.2,24.8,2.4,17.6,0.2,0,0,0,28.62
00-0027946,J.Locker,2012111102,11/11/2012 0:00,122,2,0,220,12,21,4,36,0,0,0,0,218.5,1.333333333,0.333333333,226.6666667,10.66666667,16.66666667,27.66666667,2.666666667,20.5,0.166666667,0,0.166666667,0.166666667,19.48
00-0027946,J.Locker,2012112503,11/25/2012 0:00,261,1,2,426,15,40,5,21,0,0,0,1,215.5,1.333333333,0.333333333,235.1666667,11,16.66666667,28,3.166666667,24.66666667,0.166666667,0,0.166666667,0.166666667,16.54
00-0027946,J.Locker,2012120208,12/2/2012 0:00,309,1,3,431,21,45,4,38,0,0,0,0,212,1.333333333,0.666666667,255.5,11.16666667,18.33333333,30.16666667,3,22.16666667,0,0,0.166666667,0.333333333,20.16
00-0027946,J.Locker,2012120903,12/9/2012 0:00,262,1,2,301,11,35,4,51,0,0,0,0,245.5,1.333333333,1.166666667,316.1666667,13.83333333,20,35,3.5,27,0,0,0.166666667,0.333333333,20.58
00-0027946,J.Locker,2012121700,12/17/2012 0:00,149,0,0,319,9,22,7,43,1,0,0,0,251,1.333333333,1.333333333,322.1666667,14.33333333,19.83333333,35.5,3.833333333,33.66666667,0,0,0.166666667,0.333333333,19.26
00-0027946,J.Locker,2012122300,12/23/2012 0:00,140,1,2,325,15,30,4,32,0,0,0,0,246.8333333,1.166666667,1.166666667,335.8333333,13.5,19.5,34.16666667,4.666666667,37.33333333,0.166666667,0,0.166666667,0.333333333,13.8
00-0027946,J.Locker,2012123005,12/30/2012 0:00,152,0,0,161,6,15,5,3,0,0,0,0,207.1666667,1,1.5,337,13.83333333,16.83333333,32.16666667,4.666666667,36.83333333,0.166666667,0,0,0.166666667,9.38
00-0027946,J.Locker,2013090809,9/8/2013 0:00,125,0,0,229,9,20,5,3,0,0,0,1,212.1666667,0.666666667,1.5,327.1666667,12.83333333,16.83333333,31.16666667,4.833333333,31.33333333,0.166666667,0,0,0.166666667,7.3
00-0027946,J.Locker,2013091505,9/15/2013 0:00,148,2,0,287,13,30,2,10,0,0,0,0,189.5,0.5,1.166666667,294.3333333,11.83333333,14.83333333,27.83333333,4.833333333,28.33333333,0.166666667,0,0,0.166666667,17.92
00-0027946,J.Locker,2013092208,9/22/2013 0:00,299,1,0,416,13,36,5,68,1,0,0,0,162.6666667,0.666666667,0.666666667,270.3333333,10.5,14.16666667,25.33333333,4.5,23.66666667,0.166666667,0,0,0.166666667,31.76
00-0027946,J.Locker,2013092908,9/29/2013 0:00,149,3,0,176,6,24,3,17,0,0,0,0,168.8333333,0.666666667,0.333333333,289.5,10.83333333,14.33333333,25.5,4.666666667,26.5,0.333333333,0,0,0.166666667,22.66
00-0027946,J.Locker,2013102010,10/20/2013 0:00,326,2,1,411,15,41,3,29,0,0,0,0,168.8333333,1.166666667,0.333333333,265.6666667,10.33333333,15.16666667,25.83333333,4,22.16666667,0.166666667,0,0,0.166666667,25.94
00-0027946,J.Locker,2013110304,11/3/2013 0:00,185,0,2,139,7,22,3,10,1,0,0,0,199.8333333,1.333333333,0.166666667,280,10.33333333,17.16666667,27.66666667,3.833333333,21.66666667,0.166666667,0,0,0.166666667,15.4
00-0027946,J.Locker,2014090704,9/7/2014 0:00,266,2,0,268,11,33,6,14,0,0,0,0,205.3333333,1.333333333,0.5,276.3333333,10.5,17.83333333,28.83333333,3.5,22.83333333,0.333333333,0,0,0.166666667,23.04
00-0027946,J.Locker,2014091406,9/14/2014 0:00,234,1,2,357,14,34,2,9,0,0,0,1,228.8333333,1.666666667,0.5,282.8333333,10.83333333,19.66666667,31,3.666666667,24.66666667,0.333333333,0,0,0,14.26
00-0027946,J.Locker,2014092101,9/21/2014 0:00,185,0,2,391,15,34,6,50,0,0,0,1,243.1666667,1.5,0.833333333,294.5,11,19.83333333,31.66666667,3.666666667,24.5,0.333333333,0,0,0.166666667,12.4
,,,,,,,,,,,,,,,,224.1666667,1.333333333,1.166666667,290.3333333,11.33333333,18.83333333,31.33333333,3.833333333,21.5,0.166666667,0,0,0.333333333,0
00-0027948,B.Gabbert,2011100207,10/2/2011 0:00,196,1,1,403,25,42,2,14,0,0,0,0,139,1,1,227,8,12,21,4,2,0,0,0,1,15.24
00-0027948,B.Gabbert,2011100903,10/9/2011 0:00,221,1,0,245,13,28,5,11,0,0,1,1,167.5,1,1,315,16.5,14,31.5,3,8,0,0,0,0.5,15.94
00-0027948,B.Gabbert,2011101602,10/16/2011 0:00,109,1,0,242,13,25,3,16,0,0,0,0,185.3333333,1,0.666666667,291.6666667,15.33333333,14.33333333,30.33333333,3.666666667,9,0,0,0.333333333,0.666666667,12.96
00-0027948,B.Gabbert,2011111304,11/13/2011 0:00,118,1,1,84,6,21,6,8,0,0,0,0,166.25,1,0.5,279.25,14.75,13.75,29,3.5,10.75,0,0,0.25,0.5,11.52
00-0027948,B.Gabbert,2011112003,11/20/2011 0:00,210,0,0,372,19,41,2,10,0,0,0,0,156.6,1,0.6,240.2,13,13.8,27.4,4,10.2,0,0,0.2,0.4,12.4
00-0027948,B.Gabbert,2011112702,11/27/2011 0:00,136,0,1,160,15,29,1,1,0,0,0,0,165.5,0.833333333,0.5,262.1666667,14,15.16666667,29.66666667,3.666666667,10.16666667,0,0,0.166666667,0.333333333,7.54
00-0027948,B.Gabbert,2011120500,12/5/2011 0:00,195,2,1,124,13,33,6,19,0,0,0,0,165,0.666666667,0.5,251,15.16666667,15.33333333,31,3.166666667,10,0,0,0.166666667,0.166666667,19.7
00-0027948,B.Gabbert,2011121108,12/11/2011 0:00,217,2,2,239,12,33,4,-3,0,0,0,0,164.8333333,0.833333333,0.5,204.5,13.16666667,15.83333333,29.5,3.833333333,10.83333333,0,0,0.166666667,0.166666667,17.38
00-0027948,B.Gabbert,2011121500,12/15/2011 0:00,141,1,1,223,9,22,1,5,0,0,0,0,164.1666667,1,0.833333333,203.5,13,16.5,30.33333333,3.666666667,8.5,0,0,0,0,12.14
00-0027948,B.Gabbert,2011122403,12/24/2011 0:00,198,0,1,331,20,42,1,4,0,0,0,0,169.5,1,1,200.3333333,12.33333333,16.5,29.83333333,3.333333333,6.666666667,0,0,0,0,10.32
00-0027948,B.Gabbert,2012090901,9/9/2012 0:00,260,2,0,267,16,39,5,6,0,0,0,0,182.8333333,0.833333333,1,241.5,14.66666667,17.66666667,33.33333333,2.5,6,0,0,0,0,22
00-0027948,B.Gabbert,2012092308,9/23/2012 0:00,155,1,0,145,11,21,2,11,0,0,0,0,191.1666667,1.166666667,1,224,14.16666667,17.83333333,33,3,5.333333333,0,0,0,0,14.3
00-0027948,B.Gabbert,2012093009,9/30/2012 0:00,186,1,1,203,10,34,3,19,0,0,0,0,194.3333333,1.333333333,0.833333333,221.5,13.5,17.33333333,31.66666667,3.166666667,7,0,0,0,0,15.34
00-0027948,B.Gabbert,2012100708,10/7/2012 0:00,142,0,2,290,14,33,2,1,0,0,0,0,192.8333333,1.166666667,0.833333333,234.6666667,13,18,31.83333333,2.666666667,7,0,0,0,0,6.78
00-0027948,B.Gabbert,2012102800,10/28/2012 0:00,303,1,0,346,22,49,1,0,0,0,0,0,180.3333333,0.833333333,0.833333333,243.1666667,13.33333333,17.66666667,31.83333333,2.333333333,7.666666667,0,0,0,0,19.12
00-0027948,B.Gabbert,2012110402,11/4/2012 0:00,220,2,1,268,9,37,3,4,0,0,0,0,207.3333333,0.833333333,0.666666667,263.6666667,15.5,20.16666667,36.33333333,2.333333333,6.833333333,0,0,0,0,19.2
00-0027948,B.Gabbert,2012110800,11/8/2012 0:00,209,0,1,314,12,31,1,10,0,0,1,1,211,1.166666667,0.666666667,253.1666667,13.66666667,21.16666667,35.5,2.666666667,6.833333333,0,0,0,0,10.36
00-0027948,B.Gabbert,2013090806,9/8/2013 0:00,121,0,2,192,17,35,4,16,0,0,0,0,202.5,0.833333333,0.833333333,261,13,20.33333333,34.16666667,2,7.5,0,0,0.166666667,0.166666667,7.44
00-0027948,B.Gabbert,2013092904,9/29/2013 0:00,179,0,3,230,12,32,2,10,0,0,0,0,196.8333333,0.666666667,1.166666667,268.8333333,14,21.33333333,36.5,2.333333333,8.333333333,0,0,0.166666667,0.166666667,8.16
00-0027948,B.Gabbert,2013100606,10/6/2013 0:00,181,1,2,160,8,19,3,6,0,0,1,1,195.6666667,0.5,1.5,273.3333333,14.33333333,20.33333333,36.16666667,2.166666667,6.833333333,0,0,0.166666667,0.166666667,11.84
00-0027948,B.Gabbert,2015110808,11/8/2015 0:00,185,2,2,229,8,25,9,31,0,0,0,0,202.1666667,0.666666667,1.5,251.6666667,13.33333333,19,33.83333333,2.333333333,7.666666667,0,0,0.333333333,0.333333333,19.5
00-0027948,B.Gabbert,2015112210,11/22/2015 0:00,264,1,0,340,12,34,4,22,0,0,0,0,182.5,0.833333333,1.833333333,232.1666667,11,17,29.83333333,3.666666667,12.83333333,0,0,0.333333333,0.333333333,19.76
00-0027948,B.Gabbert,2015112909,11/29/2015 0:00,318,1,1,291,10,36,1,11,0,0,0,1,189.8333333,0.666666667,1.666666667,244.1666667,11.5,16.16666667,29.33333333,3.833333333,15.83333333,0,0,0.333333333,0.333333333,18.82
00-0027948,B.Gabbert,2015120605,12/6/2015 0:00,196,1,0,220,14,32,6,75,1,0,0,0,208,0.833333333,1.666666667,240.3333333,11.16666667,17.33333333,30.16666667,3.833333333,16,0,0,0.166666667,0.333333333,28.34
00-0027948,B.Gabbert,2015121310,12/13/2015 0:00,194,1,0,172,10,28,3,19,0,0,0,0,220.5,1,1.333333333,245,10.66666667,17.66666667,29.66666667,4.166666667,25.83333333,0.166666667,0,0.166666667,0.333333333,16.66
00-0027948,B.Gabbert,2015122012,12/20/2015 0:00,295,1,3,293,17,50,2,10,0,0,1,1,223,1.166666667,0.833333333,235.3333333,10.33333333,17.83333333,29,4.333333333,27.33333333,0.166666667,0,0.166666667,0.333333333,15.8
00-0027948,B.Gabbert,2015122705,12/27/2015 0:00,225,2,0,220,11,33,1,9,0,0,0,0,242,1.166666667,1,257.5,11.83333333,21.33333333,34.16666667,4.166666667,28,0.166666667,0,0.166666667,0.333333333,20.9
00-0027948,B.Gabbert,2016010315,1/3/2016 0:00,354,1,1,206,15,44,7,7,0,0,0,0,248.6666667,1.166666667,0.666666667,256,12.33333333,22.5,35.5,2.833333333,24.33333333,0.166666667,0,0.166666667,0.333333333,20.86
00-0027948,B.Gabbert,2016091201,9/12/2016 0:00,170,1,0,195,13,35,9,43,0,0,1,2,263.6666667,1.166666667,0.833333333,233.6666667,12.83333333,23.5,37.16666667,3.333333333,21.83333333,0.166666667,0,0.166666667,0.333333333,16.1
00-0027948,B.Gabbert,2016091800,9/18/2016 0:00,243,2,2,355,16,35,3,10,1,0,0,0,239,1.166666667,0.666666667,217.6666667,13.33333333,23,37,4.666666667,27.16666667,0.166666667,0,0.333333333,0.5,25.72
00-0027948,B.Gabbert,2016092508,9/25/2016 0:00,119,0,1,177,10,25,5,22,0,0,0,1,246.8333333,1.333333333,1,240.1666667,13.66666667,22.83333333,37.5,4.166666667,16.33333333,0.166666667,0,0.333333333,0.5,7.96
00-0027948,B.Gabbert,2016100211,10/2/2016 0:00,196,1,1,250,6,23,12,27,0,0,0,0,234.3333333,1.166666667,1.166666667,241,13.66666667,22.16666667,37,4.5,16.83333333,0.166666667,0,0.333333333,0.666666667,16.54
00-0027948,B.Gabbert,2016100600,10/6/2016 0:00,162,1,2,266,11,31,10,70,1,0,0,0,217.8333333,1.166666667,0.833333333,233.8333333,11.83333333,19.83333333,32.5,6.166666667,19.66666667,0.166666667,0,0.166666667,0.5,24.48
00-0027948,B.Gabbert,2017111903,11/19/2017 0:00,257,3,2,297,10,34,3,13,0,0,0,0,207.3333333,1,1.166666667,241.5,11.83333333,19.16666667,32.16666667,7.666666667,29.83333333,0.333333333,0,0.166666667,0.5,24.58
00-0027948,B.Gabbert,2017112609,11/26/2017 0:00,241,2,1,342,15,38,6,17,0,0,0,0,191.1666667,1.333333333,1.333333333,256.6666667,11,18.16666667,30.5,7,30.83333333,0.333333333,0,0.166666667,0.5,21.34
00-0027948,B.Gabbert,2017120311,12/3/2017 0:00,221,1,2,387,12,32,4,12,0,0,0,0,203,1.5,1.5,281.1666667,11.33333333,18.16666667,31,6.5,26.5,0.333333333,0,0,0.166666667,15.04
00-0027948,B.Gabbert,2017121008,12/10/2017 0:00,178,0,0,216,9,26,4,12,0,0,0,0,199.3333333,1.333333333,1.5,286.5,10.66666667,18.33333333,30.5,6.666666667,26.83333333,0.166666667,0,0,0.166666667,11.32
00-0027948,B.Gabbert,2017121707,12/17/2017 0:00,189,0,1,330,24,41,6,28,0,0,0,0,209.1666667,1.333333333,1.333333333,293,10.5,18.83333333,30.66666667,6.5,25.16666667,0.166666667,0,0,0,12.36
00-0027948,B.Gabbert,2018091607,9/16/2018 0:00,117,1,0,108,7,20,2,2,0,0,0,1,208,1.166666667,1.333333333,306.3333333,13.5,18.83333333,33.66666667,5.5,25.33333333,0.166666667,0,0,0,10.88
,,,,,,,,,,,,,,,,200.5,1.166666667,1,280,12.83333333,18,31.83333333,4.166666667,14,0,0,0,0.166666667,0
00-0027950,C.Ponder,2011103003,10/30/2011 0:00,224,1,0,223,10,27,4,4,0,0,1,1,219,2,2,400,17,13,32,4,31,0,0,0,0,15.36
00-0027950,C.Ponder,2011111400,11/14/2011 0:00,190,0,1,287,16,33,2,17,0,0,0,0,221.5,1.5,1,311.5,13.5,15,29.5,4,17.5,0,0,0.5,0.5,11.3
00-0027950,C.Ponder,2011112000,11/20/2011 0:00,211,2,3,269,11,33,5,71,0,0,1,1,211,1,1,303.3333333,14.33333333,15.33333333,30.66666667,3.333333333,17.33333333,0,0,0.333333333,0.333333333,22.54
00-0027950,C.Ponder,2011112703,11/27/2011 0:00,186,1,0,220,8,25,2,9,0,0,0,0,211,1.25,1.5,294.75,13.5,16.25,31.25,3.75,30.75,0,0,0.5,0.5,15.34
00-0027950,C.Ponder,2011120409,12/4/2011 0:00,381,3,2,361,16,47,1,12,0,0,0,0,206,1.2,1.2,279.8,12.4,16.4,30,3.4,26.4,0,0,0.4,0.4,29.44
00-0027950,C.Ponder,2011121105,12/11/2011 0:00,115,2,3,246,7,21,2,13,0,0,0,0,235.1666667,1.5,1.333333333,293.3333333,13,18.5,32.83333333,3,24,0,0,0.333333333,0.333333333,13.9
00-0027950,C.Ponder,2011121805,12/18/2011 0:00,120,2,1,366,17,32,3,34,0,0,0,0,217.8333333,1.5,1.5,267.6666667,11.33333333,18.16666667,31,2.666666667,21,0,0,0.333333333,0.333333333,18.2
00-0027950,C.Ponder,2012090901,9/9/2012 0:00,270,0,0,193,7,27,1,1,0,0,0,0,200.5,1.666666667,1.666666667,291.5,12.5,17.66666667,31.83333333,2.5,26,0,0,0.166666667,0.166666667,13.9
00-0027950,C.Ponder,2012091603,9/16/2012 0:00,245,2,0,201,8,35,3,7,0,0,0,0,213.8333333,1.666666667,1.5,275.8333333,11,18.33333333,30.83333333,2.333333333,23.33333333,0,0,0.166666667,0.166666667,21.5
00-0027950,C.Ponder,2012092302,9/23/2012 0:00,198,2,0,204,14,35,7,33,1,0,0,0,219.5,1.666666667,1,264.5,10.5,19.66666667,31.16666667,2,12.66666667,0,0,0,0,28.22
00-0027950,C.Ponder,2012093003,9/30/2012 0:00,111,0,0,142,10,26,1,5,0,0,0,0,221.5,1.833333333,1,261.8333333,11.5,20.33333333,32.83333333,2.833333333,16.66666667,0.166666667,0,0,0,7.94
00-0027950,C.Ponder,2012100704,10/7/2012 0:00,258,2,2,243,8,35,3,31,0,0,0,0,176.5,1.333333333,0.666666667,225.3333333,10.5,18.16666667,29.33333333,2.833333333,15.5,0.166666667,0,0,0,22.42
00-0027950,C.Ponder,2012101410,10/14/2012 0:00,352,2,2,288,15,52,4,13,0,0,0,0,200.3333333,1.333333333,0.5,224.8333333,10.66666667,20.5,31.66666667,3,18.5,0.166666667,0,0,0,24.38
00-0027950,C.Ponder,2012102500,10/25/2012 0:00,251,1,1,318,15,35,4,12,0,0,1,1,239,1.333333333,0.666666667,211.8333333,10.33333333,24,35,3.166666667,15,0.166666667,0,0,0,16.24
00-0027950,C.Ponder,2012111107,11/11/2012 0:00,221,2,0,207,8,32,7,15,0,0,0,0,235.8333333,1.5,0.833333333,232.6666667,11.66666667,23.83333333,36.33333333,3.666666667,16.83333333,0.166666667,0,0.166666667,0.166666667,21.34
00-0027950,C.Ponder,2012112505,11/25/2012 0:00,159,1,1,298,20,43,2,6,0,0,0,0,231.8333333,1.5,0.833333333,233.6666667,11.66666667,23.33333333,35.83333333,4.333333333,18.16666667,0.166666667,0,0.166666667,0.166666667,12.96
00-0027950,C.Ponder,2012120201,12/2/2012 0:00,119,1,2,277,11,25,6,28,0,0,0,0,225.3333333,1.333333333,1,249.3333333,12.66666667,23.5,37.16666667,3.5,13.66666667,0,0,0.166666667,0.166666667,12.56
00-0027950,C.Ponder,2012121603,12/16/2012 0:00,131,0,0,120,7,24,4,6,1,0,0,1,226.6666667,1.5,1.333333333,271.8333333,12.83333333,22.83333333,37,4.333333333,17.5,0,0,0.166666667,0.166666667,13.84
00-0027950,C.Ponder,2012122310,12/23/2012 0:00,174,1,0,272,14,30,7,48,0,0,0,0,205.5,1.166666667,1,251.3333333,12.66666667,21.5,35.16666667,4.5,13.33333333,0.166666667,0,0.166666667,0.333333333,18.76
00-0027950,C.Ponder,2012123009,12/30/2012 0:00,234,3,0,219,12,28,2,16,0,0,0,0,175.8333333,1,0.666666667,248.6666667,12.5,18.33333333,31.5,5,19.16666667,0.166666667,0,0.166666667,0.333333333,25.96
00-0027950,C.Ponder,2013090804,9/8/2013 0:00,236,1,3,307,7,28,4,12,0,0,0,0,173,1.333333333,0.5,232.1666667,12,17.83333333,30.33333333,4.666666667,19.83333333,0.166666667,0,0,0.166666667,14.64
00-0027950,C.Ponder,2013091503,9/15/2013 0:00,227,1,1,270,13,30,6,18,0,0,0,0,175.5,1.166666667,1,248.8333333,11.83333333,16.83333333,29.66666667,4.166666667,19.33333333,0.166666667,0,0,0.166666667,16.88
00-0027950,C.Ponder,2013092204,9/22/2013 0:00,228,0,0,402,16,41,5,46,2,0,0,0,186.8333333,1.166666667,1,244.1666667,10.66666667,15.83333333,27.5,4.833333333,21.33333333,0.166666667,0,0,0.166666667,28.72
00-0027950,C.Ponder,2013102710,10/27/2013 0:00,145,0,0,140,7,21,5,38,1,0,0,0,205,1,0.666666667,265,11.5,18,30.16666667,4.666666667,24.33333333,0.5,0,0,0.166666667,18.6
00-0027950,C.Ponder,2013110302,11/3/2013 0:00,236,1,1,255,11,37,4,29,1,0,0,0,207.3333333,1,0.666666667,268.3333333,11.5,17.5,29.66666667,4.833333333,29.66666667,0.5,0,0,0,24.34
00-0027950,C.Ponder,2013110700,11/7/2013 0:00,174,2,1,149,3,21,2,13,0,0,0,0,217.6666667,1,0.833333333,265.5,11,19,30.83333333,4.333333333,26.5,0.666666667,0,0,0,18.26
00-0027950,C.Ponder,2013111711,11/17/2013 0:00,129,1,2,109,7,22,5,0,0,0,0,0,207.6666667,0.833333333,1,253.8333333,9.5,19.16666667,29.66666667,4.333333333,26,0.666666667,0,0,0,10.16
00-0027950,C.Ponder,2013112403,11/24/2013 0:00,233,1,0,262,9,30,3,-5,0,0,1,1,189.8333333,0.833333333,0.833333333,220.8333333,9.5,18.33333333,28.66666667,4.5,24,0.666666667,0,0,0,14.82
00-0027950,C.Ponder,2014100200,10/2/2014 0:00,222,0,2,370,20,44,3,15,1,0,0,0,190.8333333,0.833333333,0.666666667,219.5,8.833333333,19.16666667,28.66666667,4,20.16666667,0.666666667,0,0.166666667,0.166666667,17.38
,,,,,,,,,,,,,,,,189.8333333,0.833333333,1,214.1666667,9.5,18.66666667,29.16666667,3.666666667,15,0.5,0,0.166666667,0.166666667,0
00-0027973,A.Dalton,2011092507,9/25/2011 0:00,157,0,2,280,13,32,1,5,0,0,0,0,332,2,0,381,14,27,41,2,3,0,0,0,0,7.78
00-0027973,A.Dalton,2011100200,10/2/2011 0:00,298,1,2,337,15,35,3,12,1,0,0,0,244.5,1,1,330.5,13.5,22,36.5,1.5,4,0,0,0,0,24.12
00-0027973,A.Dalton,2011101601,10/16/2011 0:00,242,1,0,167,7,31,2,-1,0,0,0,0,262.3333333,1,1.333333333,332.6666667,14,20.66666667,36,2,6.666666667,0.333333333,0,0,0,16.58
00-0027973,A.Dalton,2011103010,10/30/2011 0:00,168,2,2,266,9,29,2,3,0,0,0,0,257.25,1,1,291.25,12.25,21.5,34.75,2,4.75,0.25,0,0,0,16.02
00-0027973,A.Dalton,2011110608,11/6/2011 0:00,217,3,0,225,17,39,3,4,0,0,0,0,239.4,1.2,1.2,286.2,11.6,20.8,33.6,2,4.4,0.2,0,0,0,24.08
00-0027973,A.Dalton,2011112004,11/20/2011 0:00,373,1,3,516,18,45,4,32,0,0,0,1,235.6666667,1.5,1,276,12.5,21,34.5,2.166666667,4.333333333,0.166666667,0,0,0,21.12
00-0027973,A.Dalton,2011112701,11/27/2011 0:00,270,1,0,290,10,31,6,23,0,0,0,0,242.5,1.333333333,1.5,298.5,13.16666667,20.5,35.16666667,2.5,9.166666667,0.166666667,0,0,0.166666667,20.1
00-0027973,A.Dalton,2011120405,12/4/2011 0:00,135,1,0,208,13,24,2,6,0,0,0,0,261.3333333,1.5,1.166666667,300.1666667,12.66666667,21.16666667,35,3.333333333,12.16666667,0.166666667,0,0,0.166666667,13
00-0027973,A.Dalton,2011121103,12/11/2011 0:00,189,1,0,189,12,28,1,2,0,0,0,0,234.1666667,1.5,0.833333333,278.6666667,12.33333333,20,33.16666667,3.166666667,11.16666667,0,0,0,0.166666667,14.76
00-0027973,A.Dalton,2011121800,12/18/2011 0:00,179,0,1,174,10,26,2,-2,0,0,0,0,225.3333333,1.5,0.833333333,282.3333333,13.16666667,18.66666667,32.66666667,3,11.66666667,0,0,0,0.166666667,8.96
00-0027973,A.Dalton,2011122408,12/24/2011 0:00,142,2,0,217,13,30,5,48,0,0,0,0,227.1666667,1.166666667,0.666666667,267,13.33333333,18.16666667,32.16666667,3,10.83333333,0,0,0,0.166666667,21.48
00-0027973,A.Dalton,2012010102,1/1/2012 0:00,232,0,0,350,22,44,4,17,0,0,1,1,214.6666667,1,0.666666667,265.6666667,12.66666667,17.33333333,30.66666667,3.333333333,18.16666667,0,0,0,0.166666667,12.98
00-0027973,A.Dalton,2012091000,9/10/2012 0:00,216,0,1,287,14,36,3,11,0,0,0,0,191.1666667,0.833333333,0.166666667,238,13.33333333,17,30.5,3.333333333,15.66666667,0,0,0.166666667,0.166666667,11.74
00-0027973,A.Dalton,2012091606,9/16/2012 0:00,318,3,1,301,6,31,3,4,0,0,0,0,182.1666667,0.666666667,0.333333333,237.5,14,17,31.33333333,2.833333333,13.66666667,0,0,0.166666667,0.166666667,27.12
00-0027973,A.Dalton,2012092304,9/23/2012 0:00,328,3,1,271,7,27,2,16,0,0,0,0,212.6666667,1,0.5,253,12.83333333,19.16666667,32.5,3,13.33333333,0,0,0.166666667,0.166666667,28.72
00-0027973,A.Dalton,2012093009,9/30/2012 0:00,244,2,1,252,10,31,6,5,1,0,1,1,235.8333333,1.333333333,0.666666667,266.6666667,12,19.66666667,32.33333333,3.166666667,15.66666667,0,0,0.166666667,0.166666667,25.26
00-0027973,A.Dalton,2012100705,10/7/2012 0:00,234,1,2,329,15,43,4,21,0,0,1,2,246.6666667,1.666666667,0.666666667,279.6666667,12,20.5,33.16666667,3.833333333,16.83333333,0.166666667,0,0.333333333,0.333333333,14.46
00-0027973,A.Dalton,2012101403,10/14/2012 0:00,381,3,3,346,10,44,2,5,0,0,0,0,262,1.5,1,298.3333333,12.33333333,22,35.33333333,3.666666667,12.33333333,0.166666667,0,0.5,0.666666667,27.74
00-0027973,A.Dalton,2012102110,10/21/2012 0:00,105,1,1,168,13,28,1,-1,0,0,0,0,286.8333333,2,1.5,297.6666667,10.33333333,23.5,35.33333333,3.333333333,10.33333333,0.166666667,0,0.333333333,0.5,10.1
00-0027973,A.Dalton,2012110404,11/4/2012 0:00,299,1,1,329,14,41,2,16,0,0,0,0,268.3333333,2.166666667,1.5,277.8333333,10.16666667,22.33333333,34,3,8.333333333,0.166666667,0,0.333333333,0.5,19.56
00-0027973,A.Dalton,2012111105,11/11/2012 0:00,199,4,0,223,9,30,2,-2,0,0,0,0,265.1666667,1.833333333,1.5,282.5,11.5,22.66666667,35.66666667,2.833333333,10.33333333,0.166666667,0,0.333333333,0.5,26.76
00-0027973,A.Dalton,2012111808,11/18/2012 0:00,230,2,0,332,11,29,3,13,1,0,0,1,243.6666667,2,1.333333333,274.5,11.83333333,23,36.16666667,2.833333333,7.333333333,0.166666667,0,0.333333333,0.5,26.5
00-0027973,A.Dalton,2012112500,11/25/2012 0:00,210,3,0,307,14,30,4,5,0,0,0,0,241.3333333,2,1.166666667,287.8333333,12,22.66666667,35.83333333,2.333333333,8.666666667,0.166666667,0,0.166666667,0.5,23.9
00-0027973,A.Dalton,2012120212,12/2/2012 0:00,204,1,2,249,12,38,4,5,1,0,1,2,237.3333333,2.333333333,0.833333333,284.1666667,11.83333333,21,33.66666667,2.333333333,6,0.166666667,0,0,0.166666667,17.66
00-0027973,A.Dalton,2012120909,12/9/2012 0:00,206,1,1,305,12,33,1,0,0,0,0,0,207.8333333,2,0.666666667,268,12.16666667,19.83333333,32.66666667,2.666666667,6,0.333333333,0,0.166666667,0.5,14.24
00-0027973,A.Dalton,2012121300,12/13/2012 0:00,127,1,0,229,13,26,8,18,1,0,0,0,224.6666667,2,0.666666667,290.8333333,12,20.83333333,33.5,2.666666667,6.166666667,0.333333333,0,0.166666667,0.5,19.88
00-0027973,A.Dalton,2013090802,9/8/2013 0:00,282,2,2,232,5,33,2,2,0,0,1,2,196,2,0.5,274.1666667,11.83333333,18.66666667,31,3.666666667,6.5,0.5,0,0.166666667,0.5,18.48
00-0027973,A.Dalton,2013091600,9/16/2013 0:00,280,1,0,394,20,45,3,10,0,0,0,0,209.8333333,1.666666667,0.833333333,275.6666667,11.16666667,19.5,31.5,3.666666667,7.166666667,0.5,0,0.333333333,0.833333333,19.2
00-0027973,A.Dalton,2013092201,9/22/2013 0:00,235,2,1,194,7,28,4,3,0,0,1,1,218.1666667,1.5,0.833333333,286,12.66666667,20.66666667,34.16666667,3.666666667,6.666666667,0.333333333,0,0.333333333,0.666666667,18.7
00-0027973,A.Dalton,2013092901,9/29/2013 0:00,206,0,1,363,18,42,4,13,0,0,0,0,222.3333333,1.333333333,1,267.1666667,11.5,21.33333333,33.83333333,3.666666667,6.333333333,0.333333333,0,0.5,0.833333333,11.54
00-0027973,A.Dalton,2013100601,10/6/2013 0:00,212,0,1,206,6,27,6,25,0,0,0,0,222.6666667,1.166666667,0.833333333,286.1666667,12.5,21.16666667,34.5,3.666666667,7.666666667,0.166666667,0,0.333333333,0.5,12.98
00-0027973,A.Dalton,2013101301,10/13/2013 0:00,337,3,1,195,13,40,7,17,0,0,0,0,223.6666667,1,0.833333333,269.6666667,11.5,21.16666667,33.5,4.5,11.83333333,0.166666667,0,0.333333333,0.5,29.18
00-0027973,A.Dalton,2013102002,10/20/2013 0:00,372,3,0,332,10,34,1,6,0,0,0,0,258.6666667,1.333333333,1,264,11.5,23.33333333,35.83333333,4.333333333,11.66666667,0,0,0.333333333,0.5,30.48
00-0027973,A.Dalton,2013103100,10/31/2013 0:00,338,0,3,459,18,53,5,12,0,0,0,0,273.6666667,1.5,0.666666667,280.6666667,12.33333333,23,36,4.166666667,12.33333333,0,0,0.166666667,0.166666667,14.72
00-0027973,A.Dalton,2013111001,11/10/2013 0:00,274,2,3,514,23,50,6,22,0,0,0,0,283.3333333,1.333333333,1.166666667,291.5,12,24.16666667,37.33333333,4.5,12.66666667,0,0,0.166666667,0.166666667,21.16
00-0027973,A.Dalton,2013120110,12/1/2013 0:00,190,1,1,162,8,23,3,9,0,0,0,0,289.8333333,1.333333333,1.5,344.8333333,14.66666667,24.83333333,41,4.833333333,15.83333333,0,0,0,0,14.5
00-0027973,A.Dalton,2013120801,12/8/2013 0:00,275,3,0,260,11,35,5,11,1,0,0,0,287.1666667,1.5,1.5,311.3333333,13,23.33333333,37.83333333,4.666666667,15.16666667,0,0,0,0,33.1
00-0027973,A.Dalton,2013121513,12/15/2013 0:00,230,2,0,279,19,44,4,20,0,0,1,1,297.6666667,2,1.333333333,320.3333333,13.83333333,24,39.16666667,4.5,12.83333333,0.166666667,0,0,0,21.2
00-0027973,A.Dalton,2013122202,12/22/2013 0:00,366,4,0,415,11,38,1,10,0,0,1,1,279.8333333,1.833333333,1.166666667,334.3333333,14.83333333,23.83333333,39.83333333,4,13.33333333,0.166666667,0,0.166666667,0.166666667,33.64
00-0027973,A.Dalton,2013122902,12/29/2013 0:00,281,2,4,343,11,36,6,23,1,0,0,1,278.8333333,2,1.166666667,348.1666667,15,24.33333333,40.5,4,14,0.166666667,0,0.333333333,0.333333333,25.54
00-0027973,A.Dalton,2014090701,9/7/2014 0:00,301,1,0,274,13,38,6,3,0,0,0,0,269.3333333,2.333333333,1.333333333,328.8333333,13.83333333,22.5,37.66666667,4.166666667,15.83333333,0.333333333,0,0.333333333,0.5,19.34
00-0027973,A.Dalton,2014091402,9/14/2014 0:00,252,1,0,181,8,23,3,6,0,0,0,0,273.8333333,2.166666667,0.833333333,288.8333333,12.16666667,22.66666667,35.66666667,4.166666667,12.66666667,0.333333333,0,0.333333333,0.5,17.68
00-0027973,A.Dalton,2014092101,9/21/2014 0:00,169,0,1,150,7,23,3,3,0,0,0,0,284.1666667,2.166666667,0.666666667,292,12.16666667,22.83333333,35.66666667,4.166666667,12.16666667,0.333333333,0,0.333333333,0.5,9.06
00-0027973,A.Dalton,2014100512,10/5/2014 0:00,204,2,0,292,9,24,2,16,0,0,2,2,266.5,1.666666667,0.833333333,273.6666667,11.5,21.33333333,33.66666667,3.833333333,10.83333333,0.166666667,0,0.333333333,0.5,18.76
00-0027973,A.Dalton,2014101202,10/12/2014 0:00,323,2,2,268,8,43,4,25,0,0,0,0,262.1666667,1.666666667,0.833333333,275.8333333,9.833333333,19.66666667,30.33333333,3.5,10.16666667,0.166666667,0,0.5,0.666666667,24.42
00-0027973,A.Dalton,2014101905,10/19/2014 0:00,126,0,0,217,20,38,1,0,0,0,0,0,255,1.333333333,1.166666667,251.3333333,9.333333333,20.66666667,31.16666667,4,12.66666667,0.166666667,0,0.333333333,0.5,8.04
00-0027973,A.Dalton,2014102602,10/26/2014 0:00,266,0,1,203,6,28,6,14,2,0,0,1,229.1666667,1,0.5,230.3333333,10.83333333,20.16666667,31.5,3.166666667,8.833333333,0,0,0.333333333,0.333333333,25.04
00-0027973,A.Dalton,2014110200,11/2/2014 0:00,233,2,2,266,10,31,2,11,0,0,0,0,223.3333333,0.833333333,0.666666667,218.5,9.666666667,19.5,29.83333333,3.166666667,10.66666667,0.333333333,0,0.333333333,0.5,19.42
00-0027973,A.Dalton,2014111605,11/16/2014 0:00,220,3,0,208,6,22,5,12,0,0,0,1,220.1666667,1,1,232.6666667,10,20.16666667,31.16666667,3,11.5,0.333333333,0,0.333333333,0.5,24
00-0027973,A.Dalton,2014112303,11/23/2014 0:00,233,1,1,218,10,35,7,6,0,0,0,0,228.6666667,1.5,0.833333333,242.3333333,9.833333333,20.33333333,31,3.333333333,13,0.333333333,0,0.333333333,0.666666667,15.92
00-0027973,A.Dalton,2014113008,11/30/2014 0:00,176,1,3,212,5,27,3,7,1,0,0,0,233.5,1.333333333,1,230,10,21.83333333,32.83333333,4.166666667,11.33333333,0.333333333,0,0,0.333333333,17.74
00-0027973,A.Dalton,2014120700,12/7/2014 0:00,302,2,0,227,8,29,4,22,1,0,0,0,209,1.166666667,1.166666667,220.6666667,9.5,19.5,30.16666667,4,8.333333333,0.5,0,0,0.333333333,31.28
00-0027973,A.Dalton,2014121404,12/14/2014 0:00,117,0,1,263,9,24,2,3,0,0,0,1,238.3333333,1.5,1.166666667,222.3333333,7.5,20,28.66666667,4.5,12,0.666666667,0,0,0.333333333,5.98
00-0027973,A.Dalton,2014122200,12/22/2014 0:00,146,2,1,155,8,26,6,25,0,0,0,1,213.5,1.5,1.166666667,232.3333333,8,18.83333333,28,3.833333333,10.16666667,0.333333333,0,0,0.333333333,17.34
00-0027973,A.Dalton,2014122809,12/28/2014 0:00,244,2,2,292,9,38,3,8,0,0,1,1,199,1.5,1,213.8333333,7.666666667,18.5,27.16666667,4.5,12.5,0.333333333,0,0,0.5,18.56
00-0027973,A.Dalton,2015091310,9/13/2015 0:00,269,2,0,281,9,34,4,1,0,0,0,0,203,1.333333333,1.333333333,227.8333333,8.166666667,20.33333333,29.83333333,4.166666667,11.83333333,0.333333333,0,0.166666667,0.5,21.86
00-0027973,A.Dalton,2015092002,9/20/2015 0:00,214,3,0,200,9,25,5,10,0,0,0,0,209,1.5,1.166666667,238.3333333,8,20.5,29.66666667,3.666666667,11,0.333333333,0,0.166666667,0.5,24.56
00-0027973,A.Dalton,2015092707,9/27/2015 0:00,383,3,1,362,11,32,5,10,1,0,0,0,215.3333333,1.833333333,0.666666667,236.3333333,8.666666667,20,29.33333333,4,11.5,0.166666667,0,0.166666667,0.5,36.32
00-0027973,A.Dalton,2015100403,10/4/2015 0:00,321,1,0,279,7,24,3,16,0,0,0,1,228.8333333,2,0.833333333,258.8333333,9.166666667,19.83333333,29.83333333,4.166666667,9.5,0.166666667,0,0.166666667,0.5,20.44
00-0027973,A.Dalton,2015101102,10/11/2015 0:00,331,2,1,302,13,44,7,18,1,0,0,0,262.8333333,2.166666667,0.666666667,261.5,8.833333333,20.33333333,29.83333333,4.333333333,11.66666667,0.166666667,0,0.166666667,0.5,31.04
00-0027973,A.Dalton,2015101804,10/18/2015 0:00,243,3,0,297,11,33,3,-2,0,0,0,0,293.6666667,2.166666667,0.666666667,286,9.666666667,22.5,32.83333333,4.5,10.5,0.333333333,0,0.166666667,0.333333333,24.52
00-0027973,A.Dalton,2015110102,11/1/2015 0:00,231,1,2,331,13,38,6,4,0,0,0,0,293.5,2.333333333,0.333333333,286.8333333,10,21.66666667,32,4.5,8.833333333,0.333333333,0,0,0.166666667,14.64
00-0027973,A.Dalton,2015110500,11/5/2015 0:00,234,3,0,190,6,27,6,5,0,0,0,0,287.1666667,2.166666667,0.666666667,295.1666667,10.66666667,21.33333333,32.66666667,4.833333333,9.333333333,0.333333333,0,0,0.166666667,24.86
00-0027973,A.Dalton,2015111600,11/16/2015 0:00,197,0,1,374,15,38,5,30,0,0,1,1,290.5,2.166666667,0.666666667,293.5,10.16666667,22.16666667,33,5,8.5,0.333333333,0,0,0.166666667,11.88
00-0027973,A.Dalton,2015112209,11/22/2015 0:00,315,2,0,446,17,39,8,34,0,0,0,0,259.5,1.666666667,0.666666667,295.5,10.83333333,22.5,34,5,11.83333333,0.166666667,0,0.166666667,0.333333333,27
00-0027973,A.Dalton,2015112902,11/29/2015 0:00,233,3,1,199,6,27,2,4,0,0,0,1,258.5,1.833333333,0.666666667,323.3333333,12.5,23.33333333,36.5,5.833333333,14.83333333,0.166666667,0,0.166666667,0.166666667,22.72
00-0027973,A.Dalton,2015120603,12/6/2015 0:00,220,2,0,151,5,19,4,11,1,0,0,0,242.1666667,2,0.666666667,306.1666667,11.33333333,21.66666667,33.66666667,5,12.5,0,0,0.166666667,0.333333333,26.9
00-0027973,A.Dalton,2016091106,9/11/2016 0:00,366,1,1,244,6,30,3,7,0,0,0,0,238.3333333,1.833333333,0.666666667,281.8333333,10.33333333,20.33333333,31.33333333,5.166666667,14.66666667,0.166666667,0,0.166666667,0.333333333,21.34
00-0027973,A.Dalton,2016091806,9/18/2016 0:00,366,1,0,350,23,54,2,7,0,0,2,2,260.8333333,1.833333333,0.5,267.3333333,9.166666667,20.33333333,30,4.666666667,15.16666667,0.166666667,0,0.166666667,0.333333333,20.34
00-0027973,A.Dalton,2016092502,9/25/2016 0:00,206,0,1,224,9,31,6,40,0,0,0,0,282.8333333,1.5,0.5,294,12,22,34.5,4,15.5,0.166666667,0,0.5,0.666666667,14.24
00-0027973,A.Dalton,2016092900,9/29/2016 0:00,296,1,0,217,9,31,6,-12,0,0,0,0,284.3333333,1.5,0.5,269,11,21.83333333,33.33333333,4.166666667,17.16666667,0.166666667,0,0.333333333,0.5,17.64
00-0027973,A.Dalton,2016100908,10/9/2016 0:00,269,2,0,344,12,41,6,34,0,0,0,0,281.1666667,1.333333333,0.5,230.8333333,9.666666667,21.83333333,32,3.833333333,9.5,0.166666667,0,0.333333333,0.5,25.16
00-0027973,A.Dalton,2016101604,10/16/2016 0:00,254,1,0,318,10,31,2,17,1,0,0,0,287.1666667,1.166666667,0.333333333,255,10.66666667,23.33333333,34.33333333,4.5,14.5,0.166666667,0,0.333333333,0.333333333,24.86
00-0027973,A.Dalton,2016103000,10/30/2016 0:00,284,1,1,394,14,42,4,21,1,0,0,0,292.8333333,1,0.333333333,282.8333333,11.5,24.5,36.33333333,4.166666667,15.5,0.166666667,0,0.333333333,0.333333333,25.46
00-0027973,A.Dalton,2016111400,11/14/2016 0:00,204,1,1,297,12,29,1,15,0,0,0,0,279.1666667,1,0.333333333,307.8333333,12.83333333,25.16666667,38.33333333,4.333333333,17.83333333,0.333333333,0,0.333333333,0.333333333,15.66
00-0027973,A.Dalton,2016112000,11/20/2016 0:00,207,1,2,320,16,42,4,10,1,0,0,0,252.1666667,1,0.5,299,11,22.66666667,34.16666667,4.166666667,19.16666667,0.333333333,0,0,0,20.28
00-0027973,A.Dalton,2016112701,11/27/2016 0:00,283,1,0,323,22,48,3,14,0,0,0,0,252.3333333,1.166666667,0.666666667,315,12.16666667,23.16666667,36,3.833333333,14.16666667,0.5,0,0,0,19.72
00-0027973,A.Dalton,2016120403,12/4/2016 0:00,332,2,0,274,8,31,2,9,0,0,2,2,250.1666667,1.166666667,0.666666667,332.6666667,14.33333333,23.83333333,38.83333333,3.333333333,18.5,0.5,0,0,0,23.18
00-0027973,A.Dalton,2016121102,12/11/2016 0:00,180,2,0,195,8,28,2,17,0,0,0,0,260.6666667,1.166666667,0.666666667,321,13.66666667,22.83333333,37.16666667,2.666666667,14.33333333,0.5,0,0.333333333,0.333333333,19.9
00-0027973,A.Dalton,2016121812,12/18/2016 0:00,157,0,1,136,10,27,1,1,1,0,0,0,248.3333333,1.333333333,0.666666667,300.5,13.33333333,22.66666667,36.66666667,2.666666667,14.33333333,0.333333333,0,0.333333333,0.333333333,14.38
00-0027973,A.Dalton,2017010101,1/1/2017 0:00,226,1,0,166,9,27,4,4,0,0,0,0,227.1666667,1.166666667,0.666666667,257.5,12.66666667,20.83333333,34.16666667,2.166666667,11,0.333333333,0,0.333333333,0.333333333,16.44
00-0027973,A.Dalton,2017091002,9/10/2017 0:00,170,0,4,232,11,31,1,2,0,0,0,0,230.8333333,1.166666667,0.5,235.6666667,12.16666667,21.16666667,33.83333333,2.666666667,9.166666667,0.333333333,0,0.333333333,0.333333333,6
00-0027973,A.Dalton,2017091400,9/14/2017 0:00,224,0,0,340,15,35,2,5,0,0,0,0,224.6666667,1,0.833333333,221,11.33333333,19.83333333,32,2.166666667,7.833333333,0.166666667,0,0.333333333,0.333333333,12.46
00-0027973,A.Dalton,2017092411,9/24/2017 0:00,212,2,0,239,6,27,2,-2,0,0,0,0,214.8333333,0.833333333,0.833333333,223.8333333,10.16666667,18.83333333,29.83333333,2,6.333333333,0.166666667,0,0.333333333,0.333333333,19.28
00-0027973,A.Dalton,2017100103,10/1/2017 0:00,286,4,0,144,5,30,4,29,0,0,0,1,194.8333333,0.833333333,0.833333333,218,9.833333333,18.5,29.16666667,2,4.5,0.166666667,0,0,0,32.34
00-0027973,A.Dalton,2017100800,10/8/2017 0:00,328,1,2,341,12,36,5,2,0,0,1,1,212.5,1.166666667,0.833333333,209.5,9.333333333,19.33333333,29.5,2.333333333,6.5,0.166666667,0,0,0.166666667,17.32
00-0027973,A.Dalton,2017102208,10/22/2017 0:00,140,2,2,292,11,30,3,8,0,0,0,1,241,1.333333333,1,243.6666667,9.666666667,20.33333333,31,3,6.666666667,0,0,0.166666667,0.333333333,14.4
00-0027973,A.Dalton,2017102902,10/29/2017 0:00,243,2,0,167,12,29,3,10,0,0,1,2,226.6666667,1.5,1.333333333,264.6666667,10,20.16666667,31.5,2.833333333,7.333333333,0,0,0.166666667,0.5,19.72
00-0027973,A.Dalton,2017110502,11/5/2017 0:00,136,0,0,201,8,18,3,-1,0,0,0,0,238.8333333,1.833333333,0.666666667,253.8333333,10.16666667,20.33333333,31.16666667,3.166666667,8.666666667,0,0,0.333333333,0.833333333,8.34
00-0027973,A.Dalton,2017111206,11/12/2017 0:00,265,2,0,330,15,35,1,0,0,0,0,0,224.1666667,1.833333333,0.666666667,230.6666667,9,18.66666667,28.33333333,3.333333333,7.666666667,0,0,0.333333333,0.833333333,21.6
00-0027973,A.Dalton,2017111908,11/19/2017 0:00,154,3,0,177,10,25,3,4,0,0,0,1,233,1.833333333,0.666666667,245.8333333,10.5,18.5,29.66666667,3.166666667,8,0,0,0.333333333,0.833333333,20.56
00-0027973,A.Dalton,2017112601,11/26/2017 0:00,214,2,0,170,10,28,4,26,0,0,0,0,211,1.666666667,0.666666667,251.3333333,11.33333333,16.83333333,28.83333333,3,3.833333333,0,0,0.333333333,0.833333333,22.16
00-0027973,A.Dalton,2017120400,12/4/2017 0:00,234,2,0,358,15,36,2,19,0,0,0,0,192,1.833333333,0.333333333,222.8333333,11,16.16666667,27.5,2.833333333,7.833333333,0,0,0.166666667,0.666666667,22.26
00-0027973,A.Dalton,2017122402,12/24/2017 0:00,238,1,1,302,13,41,3,-1,0,0,0,0,207.6666667,1.833333333,0,233.8333333,11.66666667,16.83333333,28.5,2.666666667,9.666666667,0,0,0.166666667,0.5,15.42
00-0027973,A.Dalton,2017123101,12/31/2017 0:00,222,3,0,309,20,43,2,-2,0,0,0,0,206.8333333,1.666666667,0.166666667,256.3333333,11.83333333,18.5,30.5,2.666666667,7.833333333,0,0,0,0.166666667,23.68
00-0027973,A.Dalton,2018090902,9/9/2018 0:00,243,2,1,139,6,28,2,8,0,0,1,2,221.1666667,2.166666667,0.166666667,274.3333333,13.83333333,20.66666667,34.66666667,2.5,7.666666667,0,0,0,0.166666667,18.52
00-0027973,A.Dalton,2018093000,9/30/2018 0:00,337,3,1,285,11,41,2,13,0,0,0,0,217.5,2.166666667,0.333333333,242.5,12.33333333,20.83333333,33.5,2.666666667,9,0,0,0.166666667,0.5,28.78
00-0027973,A.Dalton,2018100702,10/7/2018 0:00,248,1,1,248,9,30,4,10,0,0,0,0,248,2.166666667,0.5,260.5,12.5,23.16666667,36.16666667,2.5,10.5,0,0,0.166666667,0.333333333,16.92
00-0027973,A.Dalton,2018102803,10/28/2018 0:00,280,2,0,309,12,33,3,10,0,0,0,0,253.6666667,2,0.666666667,273.5,12.33333333,23.5,36.5,2.5,7.833333333,0,0,0.166666667,0.333333333,23.2
00-0027973,A.Dalton,2018111101,11/11/2018 0:00,153,1,2,147,5,19,1,8,0,0,0,0,261.3333333,2,0.666666667,265.3333333,11.83333333,23.5,36,2.666666667,6.333333333,0,0,0.166666667,0.333333333,11.92
00-0027973,A.Dalton,2018111801,11/18/2018 0:00,211,2,0,316,17,36,2,29,0,0,0,0,247.1666667,2,0.833333333,239.5,10.5,21,32.33333333,2.333333333,7.833333333,0,0,0.166666667,0.333333333,22.34
00-0027973,A.Dalton,2019091501,9/15/2019 0:00,311,2,1,315,15,42,2,2,0,0,0,0,245.3333333,1.833333333,0.833333333,240.6666667,10,20.33333333,31.16666667,2.333333333,13,0,0,0.166666667,0.333333333,22.64
00-0027973,A.Dalton,2019092200,9/22/2019 0:00,250,1,2,285,13,35,1,1,1,0,2,2,256.6666667,1.833333333,0.833333333,270,11.5,21.16666667,33.5,2.333333333,12,0,0,0,0,19.1
00-0027973,A.Dalton,2019093000,9/30/2019 0:00,171,0,1,205,15,37,3,8,0,0,0,0,242.1666667,1.5,1,270,11.83333333,19.66666667,32.5,2.166666667,10,0.166666667,0,0.333333333,0.333333333,9.64
00-0027973,A.Dalton,2019100601,10/6/2019 0:00,262,2,0,174,11,38,2,5,0,0,0,0,229.3333333,1.333333333,1,262.8333333,12.83333333,19.83333333,33.66666667,2,9.666666667,0.166666667,0,0.333333333,0.333333333,21.98
00-0027973,A.Dalton,2019101301,10/13/2019 0:00,235,0,1,298,17,39,1,2,1,0,0,0,226.3333333,1.333333333,1,240.3333333,12.66666667,20.83333333,34.5,1.833333333,8.833333333,0.166666667,0,0.333333333,0.333333333,17.6
00-0027973,A.Dalton,2019102002,10/20/2019 0:00,276,1,3,301,18,43,4,33,1,0,1,1,240,1.166666667,0.833333333,265.5,14.66666667,22.33333333,37.83333333,1.833333333,7.833333333,0.333333333,0,0.333333333,0.333333333,23.34
00-0027973,A.Dalton,2019102706,10/27/2019 0:00,329,1,0,429,17,49,1,4,0,0,0,0,250.8333333,1,1.333333333,263,14.83333333,22.83333333,39,2.166666667,8.5,0.5,0,0.5,0.5,20.56
00-0027973,A.Dalton,2019120102,12/1/2019 0:00,243,1,0,258,15,37,5,-4,0,0,0,1,253.8333333,0.833333333,1.166666667,282,15.16666667,23.83333333,40.16666667,2,8.833333333,0.5,0,0.5,0.5,15.32
00-0027973,A.Dalton,2019120802,12/8/2019 0:00,262,0,1,267,13,36,3,11,0,0,0,1,252.6666667,0.833333333,0.833333333,277.5,15.5,24.16666667,40.5,2.666666667,8,0.333333333,0,0.166666667,0.333333333,12.58
00-0027973,A.Dalton,2019121501,12/15/2019 0:00,151,1,4,228,10,31,2,1,0,0,0,0,267.8333333,0.833333333,0.833333333,287.8333333,15.16666667,24.33333333,40.33333333,2.666666667,8.5,0.333333333,0,0.166666667,0.5,9.14
00-0027973,A.Dalton,2019122208,12/22/2019 0:00,396,4,0,586,22,55,1,2,0,0,0,0,249.3333333,0.666666667,1.5,296.8333333,15,22.66666667,39.16666667,2.666666667,7.833333333,0.333333333,0,0.166666667,0.5,35.04
00-0027973,A.Dalton,2019122903,12/29/2019 0:00,190,1,1,242,11,28,8,10,1,0,0,0,276.1666667,1.333333333,1.333333333,344.8333333,15.83333333,24.66666667,41.83333333,2.666666667,7.833333333,0.166666667,0,0.166666667,0.5,20.6
,,,,,,,,,,,,,,,,261.8333333,1.333333333,1,335,14.66666667,23.66666667,39.33333333,3.333333333,4,0.166666667,0,0,0.333333333,0
00-0027974,C.Kaepernick,2012111900,11/19/2012 0:00,243,2,0,268,7,23,4,12,0,0,0,0,117,0,0,131,6,11,17,8,66,1,0,0,1,21.92
00-0027974,C.Kaepernick,2012112509,11/25/2012 0:00,231,1,1,168,8,25,6,27,1,0,0,0,180,1,0,199.5,6.5,13.5,20,6,39,0.5,0,0,0.5,23.94
00-0027974,C.Kaepernick,2012120202,12/2/2012 0:00,208,0,0,213,11,32,9,84,0,1,0,0,197,1,0.333333333,189,7,14.33333333,21.66666667,6,35,0.666666667,0,0,0.333333333,19.72
00-0027974,C.Kaepernick,2012120910,12/9/2012 0:00,185,0,0,165,5,23,6,53,1,0,0,0,199.75,0.75,0.25,195,8,16,24.25,6.75,47.25,0.5,0.25,0,0.25,21.7
00-0027974,C.Kaepernick,2012121613,12/16/2012 0:00,216,4,1,309,10,25,7,28,0,0,1,1,196.8,0.6,0.2,189,7.4,16.4,24,6.6,48.4,0.6,0.2,0,0.2,28.44
00-0027974,C.Kaepernick,2012122313,12/23/2012 0:00,244,1,1,388,16,36,7,31,0,0,1,1,200,1.166666667,0.333333333,209,7.833333333,16,24.16666667,6.666666667,45,0.5,0.166666667,0.166666667,0.333333333,17.86
00-0027974,C.Kaepernick,2012123014,12/30/2012 0:00,276,2,0,351,12,28,3,5,0,0,0,0,221.1666667,1.333333333,0.5,251.8333333,9.5,17.33333333,27.33333333,6.5,39.16666667,0.333333333,0.166666667,0.333333333,0.333333333,22.54
00-0027974,C.Kaepernick,2013090811,9/8/2013 0:00,412,3,0,536,12,39,7,22,0,0,0,0,226.6666667,1.333333333,0.5,265.6666667,10.33333333,17.33333333,28.16666667,6.333333333,38,0.333333333,0.166666667,0.333333333,0.333333333,33.68
00-0027974,C.Kaepernick,2013091513,9/15/2013 0:00,127,0,3,232,12,28,9,87,0,0,0,0,256.8333333,1.666666667,0.333333333,327,11,19.16666667,30.5,6.5,37.16666667,0.166666667,0.166666667,0.333333333,0.333333333,13.78
00-0027974,C.Kaepernick,2013092211,9/22/2013 0:00,150,0,1,205,13,27,7,20,0,0,0,0,243.3333333,1.666666667,0.833333333,330.1666667,11.16666667,17.83333333,29.83333333,6.5,37.66666667,0.166666667,0,0.333333333,0.333333333,10
00-0027974,C.Kaepernick,2013092600,9/26/2013 0:00,167,2,0,189,8,23,3,11,0,0,0,0,237.5,1.666666667,1,336.8333333,12.5,17,30.5,6.666666667,32.16666667,0,0,0.333333333,0.333333333,18.78
00-0027974,C.Kaepernick,2013100611,10/6/2013 0:00,113,1,0,155,9,15,1,14,0,0,0,0,229.3333333,1.333333333,0.833333333,316.8333333,12.16666667,17.16666667,30.16666667,6,29.33333333,0,0,0.166666667,0.166666667,12.92
00-0027974,C.Kaepernick,2013101311,10/13/2013 0:00,252,2,1,259,12,29,4,18,0,0,0,0,207.5,1.333333333,0.666666667,278,11,15,26.66666667,5,26.5,0,0,0,0,21.88
00-0027974,C.Kaepernick,2013102010,10/20/2013 0:00,199,0,0,275,8,21,11,68,1,0,0,0,203.5,1.333333333,0.833333333,262.6666667,11,15,26.83333333,5.166666667,28.66666667,0,0,0,0,23.76
00-0027974,C.Kaepernick,2013102701,10/27/2013 0:00,164,1,0,125,6,16,7,54,2,0,0,0,168,0.833333333,0.833333333,219.1666667,10.33333333,12.66666667,23.83333333,5.833333333,36.33333333,0.166666667,0,0,0,30.96
00-0027974,C.Kaepernick,2013111710,11/17/2013 0:00,127,2,1,209,13,31,3,25,0,0,1,1,174.1666667,1,0.333333333,201.3333333,9.333333333,12.16666667,21.83333333,5.5,30.83333333,0.5,0,0,0,16.58
00-0027974,C.Kaepernick,2013112500,11/25/2013 0:00,235,3,0,311,9,24,9,20,0,0,1,1,170.3333333,1.333333333,0.333333333,202,9.333333333,12.83333333,22.5,4.833333333,31.66666667,0.5,0,0.166666667,0.166666667,25.4
00-0027974,C.Kaepernick,2013120108,12/1/2013 0:00,275,1,0,244,9,28,4,21,0,0,0,0,181.6666667,1.5,0.333333333,222.3333333,9.5,12.83333333,22.66666667,5.833333333,33.16666667,0.5,0,0.333333333,0.333333333,20.1
00-0027974,C.Kaepernick,2013120812,12/8/2013 0:00,175,1,1,258,13,29,9,31,0,0,0,0,208.6666667,1.5,0.333333333,237.1666667,9.5,15,24.83333333,6.333333333,34.33333333,0.5,0,0.333333333,0.333333333,16.1
00-0027974,C.Kaepernick,2013121508,12/15/2013 0:00,203,2,0,269,10,29,7,39,0,0,0,2,195.8333333,1.333333333,0.333333333,237,9.666666667,14.83333333,24.83333333,7.166666667,36.5,0.5,0,0.333333333,0.333333333,21.02
00-0027974,C.Kaepernick,2013122300,12/23/2013 0:00,197,1,0,226,8,21,6,51,1,0,0,0,196.5,1.666666667,0.333333333,236,10,15.83333333,26.16666667,6.5,31.66666667,0.333333333,0,0.333333333,0.666666667,25.98
00-0027974,C.Kaepernick,2013122912,12/29/2013 0:00,310,2,0,238,13,34,4,24,0,0,0,0,202,1.666666667,0.333333333,252.8333333,10.33333333,16.33333333,27,6.333333333,31.16666667,0.166666667,0,0.333333333,0.666666667,25.8
00-0027974,C.Kaepernick,2014090710,9/7/2014 0:00,201,2,0,171,6,22,5,11,0,0,0,0,232.5,1.666666667,0.166666667,257.6666667,10.33333333,17,27.5,6.5,31,0.166666667,0,0.166666667,0.5,20.14
00-0027974,C.Kaepernick,2014091413,9/14/2014 0:00,248,1,3,335,10,34,9,66,0,0,0,0,226.8333333,1.5,0.166666667,234.3333333,9.833333333,17.16666667,27.16666667,5.833333333,29.5,0.166666667,0,0,0.333333333,20.52
00-0027974,C.Kaepernick,2014092110,9/21/2014 0:00,245,1,0,263,8,37,13,54,0,0,0,0,222.3333333,1.5,0.666666667,249.5,10,17.5,28.16666667,6.666666667,37,0.166666667,0,0,0.333333333,22.2
00-0027974,C.Kaepernick,2014092809,9/28/2014 0:00,218,2,1,214,12,30,7,58,0,0,0,0,234,1.5,0.5,250.3333333,9.166666667,19.83333333,29.5,7.333333333,40.83333333,0.166666667,0,0,0.333333333,24.52
00-0027974,C.Kaepernick,2014100511,10/5/2014 0:00,201,1,0,315,12,26,10,18,0,0,0,1,236.5,1.5,0.666666667,241.1666667,9.5,19.5,29.66666667,7.333333333,44,0.166666667,0,0,0,15.84
00-0027974,C.Kaepernick,2014101300,10/13/2014 0:00,343,3,0,342,14,36,3,37,0,0,1,1,237.1666667,1.5,0.666666667,256,10.16666667,19.66666667,30.5,8,38.5,0,0,0,0.166666667,31.42
00-0027974,C.Kaepernick,2014101912,10/19/2014 0:00,263,1,1,426,14,39,3,18,0,0,0,0,242.6666667,1.666666667,0.666666667,273.3333333,10.33333333,19.83333333,30.83333333,7.833333333,40.66666667,0,0,0.166666667,0.333333333,18.32
00-0027974,C.Kaepernick,2014110207,11/2/2014 0:00,237,1,0,210,11,33,5,14,0,0,0,0,253,1.5,0.833333333,315.8333333,11.66666667,21.16666667,33.66666667,7.5,41.83333333,0,0,0.166666667,0.333333333,17.88
00-0027974,C.Kaepernick,2014110904,11/9/2014 0:00,210,1,0,466,18,32,4,24,0,0,0,0,251.1666667,1.5,0.333333333,295,11.83333333,21.33333333,33.5,6.833333333,33.16666667,0,0,0.166666667,0.333333333,17.8
00-0027974,C.Kaepernick,2014111606,11/16/2014 0:00,193,1,0,341,14,29,8,24,0,0,0,0,245.3333333,1.5,0.333333333,328.8333333,13.5,18.83333333,32.66666667,5.333333333,28.16666667,0,0,0.166666667,0.333333333,17.12
00-0027974,C.Kaepernick,2014112311,11/23/2014 0:00,256,1,1,378,8,29,9,14,0,0,0,0,241.1666667,1.333333333,0.166666667,350,13.83333333,18.5,32.5,5.5,22.5,0,0,0.166666667,0.333333333,17.64
00-0027974,C.Kaepernick,2014112702,11/27/2014 0:00,121,0,2,280,11,29,3,17,0,0,0,0,250.3333333,1.333333333,0.333333333,360.5,13.16666667,19.5,33,5.333333333,21.83333333,0,0,0.166666667,0.166666667,7.54
00-0027974,C.Kaepernick,2014120711,12/7/2014 0:00,174,1,2,372,13,33,3,26,0,0,0,0,213.3333333,0.833333333,0.666666667,350.1666667,12.66666667,18.5,31.83333333,5.333333333,18.5,0,0,0,0,14.56
00-0027974,C.Kaepernick,2014121412,12/14/2014 0:00,141,0,0,140,8,19,9,46,0,0,0,0,198.5,0.833333333,0.833333333,341.1666667,12.5,17.5,30.83333333,5.333333333,19.83333333,0,0,0,0,13.24
00-0027974,C.Kaepernick,2014122001,12/20/2014 0:00,114,1,0,146,9,24,7,151,1,0,0,0,182.5,0.666666667,0.833333333,329.5,12,15.66666667,28.5,6,25.16666667,0,0,0,0,35.66
00-0027974,C.Kaepernick,2014122814,12/28/2014 0:00,204,2,0,218,11,26,7,63,0,0,0,0,166.5,0.666666667,0.833333333,276.1666667,10.5,15.83333333,27.16666667,6.5,46.33333333,0.166666667,0,0,0,25.46
00-0027974,C.Kaepernick,2015091401,9/14/2015 0:00,165,0,0,208,9,26,7,41,0,0,0,0,168.3333333,0.833333333,0.833333333,255.6666667,10,15.83333333,26.66666667,6.333333333,52.83333333,0.166666667,0,0,0,13.7
00-0027974,C.Kaepernick,2015092009,9/20/2015 0:00,335,2,0,331,13,46,8,51,0,0,0,0,153.1666667,0.666666667,0.666666667,227.3333333,10.16666667,15.33333333,26.16666667,6,57.33333333,0.166666667,0,0,0,29.5
00-0027974,C.Kaepernick,2015100409,10/4/2015 0:00,160,0,1,245,11,25,10,57,0,0,0,1,188.8333333,1,0.333333333,235.8333333,10.5,18.16666667,29,6.833333333,63,0.166666667,0,0,0,13.1
00-0027974,C.Kaepernick,2015101111,10/11/2015 0:00,262,2,0,189,12,35,3,23,0,0,0,0,186.5,0.833333333,0.166666667,214.6666667,10.16666667,17.33333333,27.66666667,8,68.16666667,0.166666667,0,0,0.166666667,23.78
00-0027974,C.Kaepernick,2015101810,10/18/2015 0:00,340,2,0,301,11,27,3,10,0,0,0,0,206.6666667,1.166666667,0.166666667,222.8333333,10.83333333,19.33333333,30.33333333,7,64.33333333,0.166666667,0,0,0.166666667,25.6
00-0027974,C.Kaepernick,2015110107,11/1/2015 0:00,162,0,0,279,21,41,6,28,0,0,0,0,244.3333333,1.333333333,0.166666667,248.6666667,11.16666667,19.5,30.83333333,6.333333333,40.83333333,0,0,0,0.166666667,12.28
00-0027974,C.Kaepernick,2016101600,10/16/2016 0:00,187,1,0,295,16,29,8,66,0,0,0,0,237.3333333,1,0.166666667,258.8333333,12.83333333,20.33333333,33.33333333,6.166666667,35,0,0,0,0.166666667,21.08
00-0027974,C.Kaepernick,2016102310,10/23/2016 0:00,143,1,1,277,17,34,9,84,0,0,0,1,241,1.166666667,0.166666667,273.3333333,14,19.66666667,33.83333333,6.333333333,39.16666667,0,0,0,0.166666667,19.12
00-0027974,C.Kaepernick,2016110608,11/6/2016 0:00,398,2,1,240,14,39,5,23,0,0,1,1,209,1,0.333333333,264.3333333,14.66666667,16.83333333,31.83333333,6.5,44.66666667,0,0,0,0.333333333,27.22
00-0027974,C.Kaepernick,2016111310,11/13/2016 0:00,210,1,0,318,13,30,10,55,1,0,0,0,248.6666667,1.333333333,0.333333333,263.5,15.16666667,18.66666667,34.16666667,5.666666667,39,0,0,0.166666667,0.333333333,26.9
00-0027974,C.Kaepernick,2016112009,11/20/2016 0:00,206,2,0,349,14,30,4,32,0,0,0,1,240,1.166666667,0.333333333,285,15.33333333,17.66666667,33.33333333,6.833333333,44.33333333,0.166666667,0,0.166666667,0.333333333,21.44
00-0027974,C.Kaepernick,2016112706,11/27/2016 0:00,296,3,1,348,15,45,10,113,0,0,1,1,217.6666667,1.166666667,0.333333333,293,15.83333333,17.66666667,33.83333333,7,48,0.166666667,0,0.166666667,0.5,39.14
00-0027974,C.Kaepernick,2016121110,12/11/2016 0:00,133,1,0,194,11,26,3,23,0,0,0,0,240,1.666666667,0.5,304.5,14.83333333,19.16666667,34.5,7.666666667,62.16666667,0.166666667,0,0.333333333,0.666666667,14.62
00-0027974,C.Kaepernick,2016121809,12/18/2016 0:00,183,2,0,215,13,33,3,21,0,0,0,0,231,1.666666667,0.5,287.6666667,14,19.5,34,6.833333333,55,0.166666667,0,0.333333333,0.666666667,20.42
00-0027974,C.Kaepernick,2016122409,12/24/2016 0:00,266,2,1,204,9,38,7,17,1,0,1,1,237.6666667,1.833333333,0.333333333,277.3333333,13.33333333,20.16666667,33.83333333,5.833333333,44.5,0.166666667,0,0.333333333,0.5,27.34
00-0027974,C.Kaepernick,2017010115,1/1/2017 0:00,215,1,0,157,5,22,5,16,0,0,0,0,215.6666667,1.833333333,0.333333333,271.3333333,12.5,20.83333333,33.66666667,6.166666667,43.5,0.333333333,0,0.333333333,0.5,17.2
,,,,,,,,,,,,,,,,216.5,1.833333333,0.333333333,244.5,11.16666667,20.83333333,32.33333333,5.333333333,37,0.166666667,0,0.333333333,0.5,0
00-0028012,R.Mallett,2014112303,11/23/2014 0:00,189,0,1,326,21,43,1,2,0,0,0,0,211,2,1,285,9,20,30,4,-3,0,0,0,0,9.76
00-0028012,R.Mallett,2015092000,9/20/2015 0:00,244,1,1,474,30,58,1,6,1,0,0,0,200,1,1,305.5,15,20.5,36.5,2.5,-0.5,0,0,0,0,22.36
00-0028012,R.Mallett,2015092703,9/27/2015 0:00,228,1,1,318,14,39,1,-1,0,0,0,0,214.6666667,1,1,361.6666667,20,22.66666667,43.66666667,2,1.666666667,0.333333333,0,0,0,15.02
00-0028012,R.Mallett,2016010302,1/3/2016 0:00,292,1,2,427,22,54,1,4,0,0,0,0,218,1,1,350.75,18.5,23,42.5,1.75,1,0.25,0,0,0,17.08
,,,,,,,,,,,,,,,,232.8,1,1.2,366,19.2,24.4,44.8,1.6,1.6,0.2,0,0,0,0
00-0028090,T.Yates,2011121103,12/11/2011 0:00,311,2,1,406,15,41,5,36,0,0,0,0,188,1,0,310,13,12,25,2,10,0,0,0,0,26.04
00-0028090,T.Yates,2011121806,12/18/2011 0:00,212,0,2,183,9,30,2,15,0,0,0,0,249.5,1.5,0.5,358,14,18.5,33,3.5,23,0,0,0,0,10.98
00-0028090,T.Yates,2011122200,12/22/2011 0:00,132,0,0,122,3,16,1,-1,0,0,0,0,237,1,1,299.6666667,12.33333333,18.66666667,32,3,20.33333333,0,0,0,0,8.18
00-0028090,T.Yates,2015112203,11/22/2015 0:00,229,2,0,380,18,34,3,-5,0,0,0,0,210.75,0.75,0.75,255.25,10,17.25,28,2.5,15,0,0,0,0,19.66
00-0028090,T.Yates,2017121004,12/10/2017 0:00,175,2,0,356,12,26,3,31,0,0,1,1,214.4,1,0.6,280.2,11.6,17,29.2,2.6,11,0,0,0,0,20.1
00-0028090,T.Yates,2017123103,12/31/2017 0:00,137,0,1,223,9,24,1,9,0,0,0,0,207.8333333,1.166666667,0.5,292.8333333,11.66666667,16.5,28.66666667,2.666666667,14.33333333,0,0,0.166666667,0.166666667,8.38
,,,,,,,,,,,,,,,,199.3333333,1,0.666666667,278.3333333,11,16.83333333,28.5,2.5,14.16666667,0,0,0.166666667,0.166666667,0
00-0028118,T.Taylor,2015091304,9/13/2015 0:00,195,1,0,153,5,19,9,41,0,0,0,1,149,0,1,137,9,15,25,9,65,1,0,0,0,17.9
00-0028118,T.Taylor,2015092001,9/20/2015 0:00,242,3,3,261,4,30,5,43,1,0,0,1,172,0.5,0.5,145,7,14.5,22,9,53,0.5,0,0,0.5,30.98
00-0028118,T.Taylor,2015092712,9/27/2015 0:00,277,3,0,310,8,29,3,12,0,0,0,0,195.3333333,1.333333333,1.333333333,183.6666667,6,17.33333333,24.66666667,7.666666667,49.66666667,0.666666667,0,0,0.666666667,27.28
00-0028118,T.Taylor,2015100407,10/4/2015 0:00,274,1,1,405,13,42,6,15,0,0,1,1,215.75,1.75,1,215.25,6.5,18.25,25.75,6.5,40.25,0.5,0,0,0.5,17.46
00-0028118,T.Taylor,2015101106,10/11/2015 0:00,109,1,0,161,7,17,8,76,1,0,0,0,227.4,1.6,1,253.2,7.8,20.2,29,6.4,35.2,0.4,0,0.2,0.6,24.96
00-0028118,T.Taylor,2015110804,11/8/2015 0:00,181,1,0,140,1,12,10,44,0,0,0,0,207.6666667,1.5,0.833333333,237.8333333,7.666666667,18.5,27,6.666666667,42,0.5,0,0.166666667,0.5,18.64
00-0028118,T.Taylor,2015111200,11/12/2015 0:00,158,1,0,251,10,27,6,12,0,0,0,0,213,1.666666667,0.666666667,238.3333333,6.333333333,17.83333333,24.83333333,6.833333333,38.5,0.333333333,0,0.166666667,0.5,14.52
00-0028118,T.Taylor,2015112300,11/23/2015 0:00,233,0,0,393,16,36,4,1,0,0,0,0,206.8333333,1.666666667,0.666666667,254.6666667,7.166666667,18.33333333,26.16666667,6.333333333,33.66666667,0.333333333,0,0.166666667,0.333333333,12.42
00-0028118,T.Taylor,2015112908,11/29/2015 0:00,291,3,0,417,17,38,5,46,0,0,0,0,205.3333333,1.166666667,0.166666667,276.6666667,9.166666667,17.83333333,27.16666667,6.166666667,26.66666667,0.166666667,0,0.166666667,0.166666667,31.24
00-0028118,T.Taylor,2015120601,12/6/2015 0:00,211,3,0,326,10,21,7,28,1,0,0,0,207.6666667,1.166666667,0.166666667,294.5,10.66666667,17.83333333,28.66666667,6.5,32.33333333,0.166666667,0,0.166666667,0.166666667,32.24
00-0028118,T.Taylor,2015121300,12/13/2015 0:00,264,1,1,442,16,35,8,53,0,0,0,1,197.1666667,1.5,0,281.3333333,10.16666667,15,25.16666667,6.666666667,34.5,0.333333333,0,0,0,20.86
00-0028118,T.Taylor,2015122007,12/20/2015 0:00,235,2,0,312,11,27,10,81,0,0,0,0,223,1.5,0.166666667,328.1666667,11.66666667,16.33333333,28.16666667,6.666666667,30.66666667,0.166666667,0,0,0.166666667,28.5
00-0028118,T.Taylor,2015122709,12/27/2015 0:00,179,0,1,215,4,18,14,67,0,0,1,1,232,1.666666667,0.166666667,356.8333333,13.33333333,17.16666667,30.66666667,6.666666667,36.83333333,0.166666667,0,0,0.166666667,14.86
00-0028118,T.Taylor,2016010300,1/3/2016 0:00,182,0,0,227,10,28,10,51,1,0,0,0,235.5,1.5,0.333333333,350.8333333,12.33333333,16.5,29.16666667,8,46,0.166666667,0,0.166666667,0.333333333,21.38
00-0028118,T.Taylor,2016091101,9/11/2016 0:00,111,0,0,125,7,22,5,11,0,0,0,0,227,1.5,0.333333333,323.1666667,11.33333333,16.16666667,27.83333333,9,54.33333333,0.333333333,0,0.166666667,0.333333333,8.54
00-0028118,T.Taylor,2016091500,9/15/2016 0:00,297,3,1,372,10,29,2,25,0,0,0,0,197,1,0.333333333,274.5,9.666666667,15.16666667,25.16666667,9,48.5,0.333333333,0,0.166666667,0.333333333,28.38
00-0028118,T.Taylor,2016092500,9/25/2016 0:00,119,0,1,268,10,25,9,76,1,0,0,0,211.3333333,1,0.5,282.1666667,9.666666667,16.33333333,26.5,8.166666667,48,0.166666667,0,0.166666667,0.333333333,20.36
00-0028118,T.Taylor,2016100205,10/2/2016 0:00,246,1,0,326,12,39,5,28,0,0,0,0,187.1666667,0.833333333,0.5,253.1666667,8.666666667,15.66666667,24.83333333,8.333333333,51.83333333,0.333333333,0,0.166666667,0.166666667,19.64
00-0028118,T.Taylor,2016100909,10/9/2016 0:00,124,2,0,181,11,23,5,28,0,0,0,0,189,0.666666667,0.5,255.5,8.833333333,17.5,26.83333333,7.5,43,0.333333333,0,0.166666667,0.166666667,18.76
00-0028118,T.Taylor,2016101600,10/16/2016 0:00,179,2,0,169,9,26,8,68,0,0,0,0,179.8333333,1,0.333333333,249.8333333,10,17.33333333,27.66666667,6,36.5,0.333333333,0,0,0,24.96
00-0028118,T.Taylor,2016102305,10/23/2016 0:00,221,1,0,324,14,28,7,35,1,0,0,0,179.3333333,1.333333333,0.333333333,240.1666667,9.833333333,17.16666667,27.33333333,5.666666667,39.33333333,0.166666667,0,0,0,25.34
00-0028118,T.Taylor,2016103002,10/30/2016 0:00,183,0,0,421,19,38,5,48,1,0,0,0,197.6666667,1.5,0.333333333,273.3333333,11,17,28.33333333,6,43.33333333,0.333333333,0,0,0,21.12
00-0028118,T.Taylor,2016110700,11/7/2016 0:00,289,1,1,334,10,38,9,45,1,0,0,0,178.6666667,1,0.166666667,281.5,12.5,17.16666667,29.83333333,6.5,47.16666667,0.5,0,0,0,28.06
00-0028118,T.Taylor,2016112000,11/20/2016 0:00,166,0,1,155,7,27,9,39,0,0,0,0,207,1.166666667,0.166666667,292.5,12.5,19.33333333,32,6.5,42,0.5,0,0,0,12.54
00-0028118,T.Taylor,2016112702,11/27/2016 0:00,166,1,0,149,6,18,7,38,1,0,0,0,193.6666667,1,0.333333333,264,11.66666667,18,30,7.166666667,43.83333333,0.5,0,0,0,23.44
00-0028118,T.Taylor,2016120408,12/4/2016 0:00,191,0,1,332,16,35,3,30,1,0,0,0,200.6666667,0.833333333,0.333333333,258.6666667,10.83333333,18,29.16666667,7.5,45.5,0.666666667,0,0,0,18.64
00-0028118,T.Taylor,2016121100,12/11/2016 0:00,228,2,1,233,9,25,3,2,0,0,0,0,202.6666667,0.5,0.5,285.8333333,12,18.16666667,30.66666667,6.666666667,39.16666667,0.833333333,0,0,0,19.32
00-0028118,T.Taylor,2016121801,12/18/2016 0:00,174,1,0,174,7,24,7,49,0,0,0,0,203.8333333,0.666666667,0.666666667,270.6666667,11.16666667,18.33333333,30.16666667,6,33.66666667,0.666666667,0,0,0,18.86
00-0028118,T.Taylor,2016122400,12/24/2016 0:00,329,3,0,471,13,39,12,60,0,0,0,0,202.3333333,0.833333333,0.666666667,229.5,9.166666667,18,27.83333333,6.333333333,33.83333333,0.5,0,0,0,34.16
00-0028118,T.Taylor,2017091000,9/10/2017 0:00,224,2,1,193,11,28,8,38,0,0,0,0,209,1.166666667,0.5,252.3333333,9.666666667,17.83333333,28,6.833333333,36.33333333,0.333333333,0,0,0,22.76
00-0028118,T.Taylor,2017091701,9/17/2017 0:00,125,0,0,157,8,25,8,55,0,0,0,1,218.6666667,1.5,0.5,258.6666667,10.33333333,17.33333333,28.16666667,6.666666667,36.16666667,0.333333333,0,0,0,12.5
00-0028118,T.Taylor,2017092401,9/24/2017 0:00,213,2,0,134,6,26,8,13,0,0,0,0,211.8333333,1.333333333,0.5,260,10.66666667,18.16666667,29.33333333,6.833333333,39,0.166666667,0,0,0.166666667,20.82
00-0028118,T.Taylor,2017100101,10/1/2017 0:00,182,1,0,332,8,20,7,12,0,0,0,0,215.5,1.666666667,0.333333333,227,9,18.5,27.83333333,7.666666667,36.16666667,0,0,0,0.166666667,15.48
00-0028118,T.Taylor,2017100800,10/8/2017 0:00,166,1,1,192,16,37,1,3,0,0,0,0,207.8333333,1.5,0.166666667,243.5,8.833333333,18,27,8.333333333,37.83333333,0,0,0,0.166666667,12.94
00-0028118,T.Taylor,2017102200,10/22/2017 0:00,268,1,0,398,13,33,6,53,0,0,0,0,206.5,1.5,0.333333333,246.5,10.33333333,18.5,29.16666667,7.333333333,30.16666667,0,0,0,0.166666667,23.02
00-0028118,T.Taylor,2017102901,10/29/2017 0:00,165,1,0,205,7,27,6,1,1,0,0,0,196.3333333,1.166666667,0.333333333,234.3333333,10.33333333,17.5,28.16666667,6.333333333,29,0,0,0,0.166666667,19.7
00-0028118,T.Taylor,2017110200,11/2/2017 0:00,285,2,0,344,11,40,6,35,1,0,2,2,186.5,1,0.166666667,236.3333333,9.666666667,18.16666667,28,6,22.83333333,0.166666667,0,0,0.166666667,29.9
00-0028118,T.Taylor,2017111907,11/19/2017 0:00,158,1,0,297,10,25,4,38,1,0,0,0,213.1666667,1.333333333,0.166666667,267.5,10.16666667,20.16666667,30.5,5.666666667,19.5,0.333333333,0,0.333333333,0.333333333,23.12
00-0028118,T.Taylor,2017112603,11/26/2017 0:00,183,1,0,236,10,29,9,27,0,0,0,0,204,1.166666667,0.166666667,294.6666667,10.83333333,19.33333333,30.33333333,5,23.66666667,0.5,0,0.333333333,0.333333333,17.02
00-0028118,T.Taylor,2017121700,12/17/2017 0:00,224,1,0,299,12,29,6,42,1,0,0,0,204.1666667,1.166666667,0.166666667,278.6666667,11.16666667,20.5,31.83333333,5.333333333,26.16666667,0.5,0,0.333333333,0.333333333,26.16
00-0028118,T.Taylor,2017122404,12/24/2017 0:00,281,0,0,310,17,38,3,16,0,0,0,0,213.8333333,1.166666667,0,296.5,10.5,20,30.5,6.166666667,32.66666667,0.666666667,0,0.333333333,0.333333333,15.84
00-0028118,T.Taylor,2017123104,12/31/2017 0:00,204,1,0,204,8,27,6,35,0,0,0,0,216,1,0,281.8333333,11.16666667,20.16666667,31.33333333,5.666666667,26.5,0.666666667,0,0.333333333,0.333333333,18.66
00-0028118,T.Taylor,2018090901,9/9/2018 0:00,197,1,1,413,23,39,8,77,1,0,0,0,222.5,1,0,281.6666667,11.33333333,20,31.33333333,5.666666667,32.16666667,0.5,0,0.333333333,0.333333333,27.58
00-0028118,T.Taylor,2018091603,9/16/2018 0:00,246,1,1,238,7,30,4,26,0,0,0,1,207.8333333,0.833333333,0.166666667,293.1666667,13.33333333,17.66666667,31.16666667,6,39.16666667,0.5,0,0,0,17.44
,,,,,,,,,,,,,,,,222.5,0.833333333,0.333333333,283.3333333,12.83333333,18.83333333,32,6,37.16666667,0.333333333,0,0,0.166666667,0
,,,,,,,,,,,,,,,,185,0,1,151,9,14,24,4,25,0,0,0,0,0
00-0028595,S.Tolzien,2013111712,11/17/2013 0:00,339,0,2,258,5,31,2,11,0,0,0,0,280,1,2,281,13,24,39,1,19,0,0,0,1,15.66
00-0028595,S.Tolzien,2016112402,11/24/2016 0:00,205,1,2,357,12,36,3,6,0,0,0,0,309.5,0.5,2,269.5,9,24,35,1.5,15,0,0,0,0.5,13.8
00-0028595,S.Tolzien,2017091009,9/10/2017 0:00,128,0,2,165,7,18,2,2,0,0,1,1,274.6666667,0.666666667,2,298.6666667,10,23.33333333,35.33333333,2,12,0,0,0,0.333333333,5.32
,,,,,,,,,,,,,,,,238,0.5,2,265.25,9.25,19.75,31,2,9.5,0,0,0.25,0.5,0
00-0028825,T.Pryor,2013090805,9/8/2013 0:00,217,1,2,301,8,29,13,112,0,0,0,0,150,2,1,298,14,13,28,9,49,1,0,0,0,27.88
00-0028825,T.Pryor,2013091512,9/15/2013 0:00,126,0,0,162,6,21,9,50,0,0,0,1,183.5,1.5,1.5,299.5,11,16,28.5,11,80.5,0.5,0,0,0,12.04
00-0028825,T.Pryor,2013092300,9/23/2013 0:00,281,1,0,200,9,28,4,36,0,0,0,1,164.3333333,1,1,253.6666667,9.333333333,15.66666667,26,10.33333333,70.33333333,0.333333333,0,0,0.333333333,20.84
00-0028825,T.Pryor,2013100610,10/6/2013 0:00,221,2,0,176,5,23,11,31,0,0,0,0,193.5,1,0.75,240.25,9.25,16.5,26.5,8.75,61.75,0.25,0,0,0.5,22.94
00-0028825,T.Pryor,2013101304,10/13/2013 0:00,216,1,3,244,13,34,6,60,0,0,0,0,199,1.2,0.6,227.4,8.4,16.8,25.8,9.2,55.6,0.2,0,0,0.4,18.64
00-0028825,T.Pryor,2013110306,11/3/2013 0:00,288,0,2,242,15,39,10,94,0,0,0,0,201.8333333,1.166666667,1,230.1666667,9.166666667,17,27.16666667,8.666666667,56.33333333,0.166666667,0,0,0.333333333,21.92
00-0028825,T.Pryor,2013111005,11/10/2013 0:00,122,0,1,123,14,26,5,19,1,0,0,0,224.8333333,0.833333333,1.166666667,220.8333333,9.333333333,18.5,29,8.833333333,63.83333333,0,0,0,0.333333333,14.78
00-0028825,T.Pryor,2013122913,12/29/2013 0:00,211,2,0,333,16,36,8,39,0,0,0,1,209,0.666666667,1,191.1666667,10.33333333,17.16666667,28.5,7.5,48.33333333,0.166666667,0,0,0.333333333,22.34
,,,,,,,,,,,,,,,,223.1666667,1,1,219.6666667,12,18,31,7.333333333,46.5,0.166666667,0,0,0.333333333,0
00-0028957,A.Davis,2014091409,9/14/2014 0:00,235,0,0,284,7,29,1,0,0,0,0,0,192,0,1,197,6,16,23,1,0,0,0,0,0,12.4
00-0028957,A.Davis,2014092109,9/21/2014 0:00,327,3,2,362,10,42,2,-1,0,0,0,0,213.5,0,0.5,240.5,6.5,19,26,1,0,0,0,0,0,25.98
00-0028957,A.Davis,2014100507,10/5/2014 0:00,341,3,0,485,20,45,3,30,0,0,0,0,251.3333333,1,1,281,7.666666667,22.66666667,31.33333333,1.333333333,-0.333333333,0,0,0,0,31.64
00-0028957,A.Davis,2014101300,10/13/2014 0:00,236,1,1,447,18,40,1,-1,0,0,0,0,273.75,1.5,0.75,332,10.75,23.25,34.75,1.75,7.25,0,0,0,0,15.34
00-0028957,A.Davis,2014101907,10/19/2014 0:00,152,2,0,111,3,21,2,-2,0,0,0,0,266.2,1.4,0.8,355,12.2,22.8,35.8,1.6,5.6,0,0,0,0,16.88
00-0028957,A.Davis,2014102604,10/26/2014 0:00,160,1,1,261,9,25,1,1,0,0,0,0,247.1666667,1.5,0.666666667,314.3333333,10.66666667,22,33.33333333,1.666666667,4.333333333,0,0,0,0,12.5
00-0028957,A.Davis,2014110207,11/2/2014 0:00,105,1,2,105,9,24,2,9,0,0,0,0,241.8333333,1.666666667,0.666666667,325,11.16666667,21.83333333,33.66666667,1.666666667,4.5,0,0,0,0,10.1
00-0028957,A.Davis,2014110908,11/9/2014 0:00,216,1,2,176,11,30,3,0,0,0,0,0,220.1666667,1.833333333,1,295.1666667,11.5,20.33333333,32.83333333,1.833333333,6,0,0,0,0,13.64
00-0028957,A.Davis,2015120603,12/6/2015 0:00,230,0,1,301,12,38,3,4,0,0,0,0,201.6666667,1.5,1,264.1666667,11.66666667,18.16666667,30.83333333,2,6.166666667,0,0,0,0,11.6
00-0028957,A.Davis,2016010303,1/3/2016 0:00,240,0,2,365,20,46,3,22,0,0,0,1,183.1666667,1,1.166666667,233.5,10.33333333,18.16666667,29.66666667,2,1.833333333,0,0,0,0,11.8
,,,,,,,,,,,,,,,,183.8333333,0.833333333,1.333333333,219.8333333,10.66666667,18.66666667,30.66666667,2.333333333,5.666666667,0,0,0,0.166666667,0
00-0028986,C.Keenum,2013110310,11/3/2013 0:00,350,3,0,391,13,33,3,26,0,0,0,0,271,1,0,271,10,15,25,3,10,0,0,0,0,31.6
00-0028986,C.Keenum,2013111009,11/10/2013 0:00,201,3,0,344,21,43,2,13,0,0,0,0,310.5,2,0,331,11.5,17.5,29,3,18,0,0,0,0,24.34
00-0028986,C.Keenum,2013112404,11/24/2013 0:00,169,0,1,222,14,33,1,2,0,0,0,0,274,2.333333333,0,335.3333333,14.66666667,19,33.66666667,2.666666667,16.33333333,0,0,0,0,8.96
00-0028986,C.Keenum,2013120109,12/1/2013 0:00,272,0,1,321,14,30,3,6,1,0,0,0,247.75,1.75,0.25,307,14.5,18.75,33.5,2.25,12.75,0,0,0,0,19.48
00-0028986,C.Keenum,2013120500,12/5/2013 0:00,159,1,1,232,12,29,1,13,0,0,0,0,252.6,1.4,0.4,309.8,14.4,18,32.8,2.4,11.4,0.2,0,0,0,13.66
00-0028986,C.Keenum,2013121502,12/15/2013 0:00,168,0,2,259,14,34,1,2,0,0,0,0,237,1.333333333,0.5,296.8333333,14,17.66666667,32.16666667,2.166666667,11.66666667,0.166666667,0,0,0,7.92
00-0028986,C.Keenum,2014122102,12/21/2014 0:00,185,0,1,291,21,42,4,19,0,0,0,1,219.8333333,1.166666667,0.833333333,294.8333333,14.66666667,18.16666667,33.66666667,1.833333333,10.33333333,0.166666667,0,0,0,10.3
00-0028986,C.Keenum,2014122803,12/28/2014 0:00,250,2,1,198,9,35,6,16,0,0,0,0,192.3333333,0.666666667,1,278.1666667,16,18.16666667,35.16666667,2,9.166666667,0.166666667,0,0,0.166666667,21.6
00-0028986,C.Keenum,2015112208,11/22/2015 0:00,136,1,0,214,14,26,2,0,0,0,0,0,200.5,0.5,1.166666667,253.8333333,14,18.66666667,33.83333333,2.666666667,9.666666667,0.166666667,0,0,0.166666667,12.44
00-0028986,C.Keenum,2015121309,12/13/2015 0:00,124,0,1,197,7,22,2,2,0,0,0,0,195,0.666666667,1,252.5,14,17.66666667,32.66666667,2.833333333,9.333333333,0.166666667,0,0,0.166666667,7.16
00-0028986,C.Keenum,2015121700,12/17/2015 0:00,234,2,0,100,3,17,3,-3,0,0,0,0,170.3333333,0.666666667,1,231.8333333,12.83333333,17.5,31.33333333,2.666666667,8.666666667,0,0,0,0.166666667,20.06
00-0028986,C.Keenum,2015122711,12/27/2015 0:00,103,1,0,157,9,23,4,4,0,0,0,0,182.8333333,0.833333333,0.833333333,209.8333333,11.33333333,17.16666667,29.33333333,3,6,0,0,0,0.166666667,11.52
00-0028986,C.Keenum,2016010315,1/3/2016 0:00,231,0,0,332,15,37,1,2,0,0,0,0,172,1,0.5,192.8333333,10.5,16.5,27.5,3.5,6.333333333,0,0,0,0.166666667,12.44
00-0028986,C.Keenum,2016091201,9/12/2016 0:00,130,0,2,204,16,35,3,10,0,0,0,0,179.6666667,1,0.333333333,199.6666667,9.5,16.83333333,26.66666667,3,3.5,0,0,0,0,7.2
00-0028986,C.Keenum,2016091809,9/18/2016 0:00,239,0,0,297,12,30,3,5,0,0,0,0,159.6666667,0.666666667,0.5,200.6666667,10.66666667,15.5,26.66666667,2.5,2.5,0,0,0,0,13.06
00-0028986,C.Keenum,2016092509,9/25/2016 0:00,190,2,1,166,11,26,3,1,0,0,1,1,176.8333333,0.5,0.5,214.5,10.33333333,16.5,27.33333333,2.666666667,3.333333333,0,0,0,0,16.7
00-0028986,C.Keenum,2016100209,10/2/2016 0:00,266,2,0,293,12,30,3,14,0,0,0,0,187.8333333,0.833333333,0.5,209.3333333,11,16.5,28,2.833333333,3.166666667,0,0,0.166666667,0.166666667,23.04
00-0028986,C.Keenum,2016101602,10/16/2016 0:00,321,3,1,213,4,32,3,7,1,0,0,0,193.1666667,0.833333333,0.5,241.5,12.5,17.16666667,30.16666667,2.833333333,6,0,0,0.166666667,0.166666667,33.54
00-0028986,C.Keenum,2016102300,10/23/2016 0:00,291,1,4,427,17,53,1,3,0,0,0,2,229.5,1.166666667,0.666666667,250.8333333,11.66666667,19.33333333,31.66666667,2.666666667,6.5,0.166666667,0,0.166666667,0.166666667,12.94
00-0028986,C.Keenum,2016111304,11/13/2016 0:00,159,0,0,195,13,29,5,11,0,0,0,0,239.5,1.333333333,1.333333333,266.6666667,12,21,34.33333333,2.666666667,6.666666667,0.166666667,0,0.166666667,0.5,10.46
00-0028986,C.Keenum,2017092406,9/24/2017 0:00,369,3,0,322,8,33,6,18,0,0,0,0,244.3333333,1.333333333,1,265.1666667,11.5,20.83333333,33.33333333,3,6.833333333,0.166666667,0,0.166666667,0.5,31.56
00-0028986,C.Keenum,2017100900,10/9/2017 0:00,140,1,0,78,4,21,1,22,0,0,0,0,266,1.833333333,1,269.3333333,10.83333333,22,33.83333333,3.5,9,0.166666667,0,0.166666667,0.5,14.8
00-0028986,C.Keenum,2017101503,10/15/2017 0:00,239,1,1,284,13,38,2,15,0,0,0,1,257.6666667,1.666666667,0.833333333,254.6666667,9.666666667,22.5,33,3.166666667,12.5,0.166666667,0,0,0.333333333,16.06
00-0028986,C.Keenum,2017102207,10/22/2017 0:00,188,0,1,203,10,31,1,9,0,0,0,0,253.1666667,1.5,1,253.1666667,9.833333333,23.5,34.33333333,3,12.66666667,0.166666667,0,0,0.5,10.42
00-0028986,C.Keenum,2017111207,11/12/2017 0:00,304,4,2,231,7,30,3,-1,0,0,0,1,231,1,1,251.5,10.83333333,22.33333333,34.16666667,2.666666667,13,0,0,0,0.5,28.06
00-0028986,C.Keenum,2017111904,11/19/2017 0:00,280,1,0,231,11,38,3,20,0,0,0,0,233.1666667,1.5,0.666666667,218.8333333,9.166666667,20.5,30.33333333,3,12.33333333,0,0,0,0.333333333,20.2
00-0028986,C.Keenum,2017112300,11/23/2017 0:00,282,2,0,316,9,30,7,20,1,0,0,0,253.3333333,1.666666667,0.666666667,224.8333333,8.833333333,22.33333333,31.83333333,2.666666667,13.83333333,0,0,0,0.333333333,30.28
00-0028986,C.Keenum,2017120300,12/3/2017 0:00,227,2,0,161,5,30,4,-1,0,0,0,0,238.8333333,1.5,0.666666667,223.8333333,9,21.66666667,31.33333333,2.833333333,14.16666667,0.166666667,0,0,0.333333333,19.98
00-0028986,C.Keenum,2017121001,12/10/2017 0:00,280,2,2,321,15,44,5,40,0,0,0,0,253.3333333,1.666666667,0.666666667,237.6666667,9.166666667,23,32.83333333,3.333333333,10.33333333,0.166666667,0,0,0.333333333,24.2
00-0028986,C.Keenum,2017121704,12/17/2017 0:00,236,2,0,98,3,23,1,20,0,0,0,0,260.1666667,1.833333333,0.833333333,243.8333333,9.5,23.5,33.83333333,3.833333333,14.5,0.166666667,0,0,0.166666667,22.44
00-0028986,C.Keenum,2017122301,12/23/2017 0:00,139,1,0,257,11,25,4,-2,0,0,0,0,268.1666667,2.166666667,0.666666667,226.3333333,8.333333333,23.5,32.5,3.833333333,16.33333333,0.166666667,0,0,0.166666667,12.36
00-0028986,C.Keenum,2017123105,12/31/2017 0:00,189,1,0,225,8,29,3,0,0,0,0,0,240.6666667,1.666666667,0.333333333,230.6666667,9,22.33333333,31.66666667,4,16.16666667,0.166666667,0,0,0,14.56
00-0028986,C.Keenum,2018091611,9/16/2018 0:00,222,0,1,339,15,35,3,16,1,0,0,0,225.5,1.666666667,0.333333333,229.6666667,8.5,21.33333333,30.16666667,4,12.83333333,0.166666667,0,0,0,18.48
00-0028986,C.Keenum,2018101409,10/14/2018 0:00,322,2,1,355,15,41,1,6,0,0,0,1,215.5,1.333333333,0.5,233.5,9.5,21,31,3.333333333,12.16666667,0.166666667,0,0,0,22.48
00-0028986,C.Keenum,2018101800,10/18/2018 0:00,161,1,1,167,6,21,4,4,0,0,0,0,231.3333333,1.333333333,0.666666667,265.8333333,11.16666667,21,32.83333333,2.833333333,13.33333333,0.166666667,0,0,0.166666667,12.84
00-0028986,C.Keenum,2018102805,10/28/2018 0:00,262,2,1,289,10,34,1,9,0,0,0,1,211.5,1.166666667,0.5,240.1666667,9.666666667,18.83333333,29,2.666666667,7.333333333,0.166666667,0,0,0.166666667,20.38
00-0028986,C.Keenum,2018111808,11/18/2018 0:00,205,0,0,159,12,31,1,0,0,0,0,0,215.8333333,1.166666667,0.666666667,272,10.83333333,19.33333333,30.83333333,2.666666667,5.5,0.166666667,0,0,0.333333333,11.2
00-0028986,C.Keenum,2018112509,11/25/2018 0:00,197,2,0,294,13,28,3,-3,0,0,0,0,226.8333333,1,0.666666667,255.6666667,11,20.16666667,31.83333333,2.166666667,5.833333333,0.166666667,0,0,0.333333333,18.58
00-0028986,C.Keenum,2018120201,12/2/2018 0:00,151,1,0,135,9,21,2,9,0,0,0,0,228.1666667,1.166666667,0.666666667,267.1666667,11.83333333,19.16666667,31.66666667,2.166666667,5.333333333,0.166666667,0,0,0.333333333,13.94
00-0028986,C.Keenum,2018120910,12/9/2018 0:00,186,1,0,219,18,42,4,24,0,0,0,2,216.3333333,1.333333333,0.5,233.1666667,10.83333333,18,29.33333333,2,4.166666667,0,0,0,0.333333333,14.84
00-0028986,C.Keenum,2018121501,12/15/2018 0:00,257,0,2,290,14,47,2,1,1,0,0,0,193.6666667,1.166666667,0.333333333,210.5,11.33333333,17.83333333,29.5,2.5,7.166666667,0,0,0,0.5,17.38
00-0028986,C.Keenum,2018122400,12/24/2018 0:00,202,2,2,343,12,37,3,19,0,0,0,0,209.6666667,1,0.5,231,12.66666667,20.66666667,33.83333333,2.166666667,6.666666667,0.166666667,0,0,0.5,18.98
00-0028986,C.Keenum,2018123013,12/30/2018 0:00,292,1,1,359,16,48,3,8,0,0,2,2,199.6666667,1,0.666666667,240,13,20.66666667,34.33333333,2.5,8.333333333,0.166666667,0,0,0.333333333,16.48
00-0028986,C.Keenum,2019091509,9/15/2019 0:00,221,2,0,224,11,37,1,-1,0,0,0,0,214.1666667,1.166666667,0.833333333,273.3333333,13.66666667,22.66666667,37.16666667,2.833333333,9.666666667,0.166666667,0,0.333333333,0.666666667,19.74
00-0028986,C.Keenum,2019092300,9/23/2019 0:00,332,2,3,252,9,42,2,3,0,0,0,0,218.1666667,1.166666667,0.833333333,261.6666667,13.33333333,24.5,38.66666667,2.5,10,0.166666667,0,0.333333333,0.666666667,21.58
00-0028986,C.Keenum,2019101305,10/13/2019 0:00,166,2,0,222,12,25,4,10,0,0,0,0,248.3333333,1.333333333,1.333333333,281.1666667,13.33333333,27.5,42.16666667,2.5,9,0.166666667,0,0.333333333,0.666666667,18.64
00-0028986,C.Keenum,2019122211,12/22/2019 0:00,158,1,0,148,6,22,1,1,1,0,0,0,245,1.5,1.333333333,281.6666667,12.33333333,25.66666667,39.33333333,2.5,6.666666667,0.166666667,0,0.333333333,0.333333333,19.42
,,,,,,,,,,,,,,,,228.5,1.666666667,1,258,11,23.16666667,35.16666667,2.333333333,6.666666667,0.166666667,0,0.333333333,0.333333333,0
00-0029234,K.Moore,2016010307,1/3/2016 0:00,435,3,2,370,13,48,1,0,0,0,0,0,186,0,1,287,17,13,31,1,-1,0,0,0,0,30.4
,,,,,,,,,,,,,,,,310.5,1.5,1.5,328.5,15,23,39.5,1,-0.5,0,0,0,0,0
00-0029263,R.Wilson,2012091608,9/16/2012 0:00,151,1,0,169,5,20,4,28,0,0,0,0,153,1,1,305,15,18,34,8,20,0,0,0,0,15.84
00-0029263,R.Wilson,2012092400,9/24/2012 0:00,130,2,0,232,11,21,3,18,0,0,0,0,152,1,0.5,237,10,16.5,27,6,24,0,0,0,0,18
00-0029263,R.Wilson,2012093005,9/30/2012 0:00,160,0,3,181,5,25,7,14,0,0,0,0,144.6666667,1.333333333,0.333333333,235.3333333,10.33333333,14.33333333,25,5,22,0,0,0,0,7.8
00-0029263,R.Wilson,2012100707,10/7/2012 0:00,221,1,2,186,4,25,5,12,0,0,0,0,148.5,1,1,221.75,9,15,25,5.5,20,0,0,0,0,15.04
00-0029263,R.Wilson,2012101408,10/14/2012 0:00,293,3,0,419,11,27,5,17,0,0,1,1,163,1,1.2,214.6,8,15.8,25,5.4,18.4,0,0,0,0,27.42
00-0029263,R.Wilson,2012101800,10/18/2012 0:00,122,0,0,285,13,22,3,10,0,0,0,0,184.6666667,1.333333333,1,248.6666667,8.5,15.83333333,25.33333333,5.333333333,18.16666667,0,0,0.166666667,0.166666667,8.88
00-0029263,R.Wilson,2012102807,10/28/2012 0:00,236,2,1,294,9,35,1,9,0,0,1,1,179.5,1.166666667,0.833333333,245.3333333,8.166666667,14.33333333,23.33333333,4.5,16.5,0,0,0.166666667,0.166666667,19.34
00-0029263,R.Wilson,2012110408,11/4/2012 0:00,173,3,0,146,8,24,9,27,0,0,0,0,193.6666667,1.333333333,1,266.1666667,8.833333333,16,25.83333333,4,13.33333333,0,0,0.333333333,0.333333333,24.62
00-0029263,R.Wilson,2012111108,11/11/2012 0:00,188,2,0,217,7,19,7,34,0,0,0,0,200.8333333,1.5,1,251.8333333,8.333333333,17,26.33333333,5,14.83333333,0,0,0.333333333,0.333333333,21.92
00-0029263,R.Wilson,2012112507,11/25/2012 0:00,224,2,0,228,6,27,5,38,0,0,0,0,205.5,1.833333333,0.5,257.8333333,8.666666667,16.16666667,25.33333333,5,18.16666667,0,0,0.333333333,0.333333333,23.76
00-0029263,R.Wilson,2012120200,12/2/2012 0:00,293,2,0,442,14,37,9,71,0,0,0,1,206,2,0.166666667,264.8333333,9,16.5,25.66666667,5,22.5,0,0,0.333333333,0.333333333,28.82
00-0029263,R.Wilson,2012120912,12/9/2012 0:00,148,1,1,183,5,13,3,12,0,0,0,0,206,1.833333333,0.166666667,268.6666667,9.5,17.66666667,27.33333333,5.666666667,31.5,0,0,0.166666667,0.333333333,13.12
00-0029263,R.Wilson,2012121610,12/16/2012 0:00,205,1,0,181,9,23,9,92,3,0,0,0,210.3333333,2,0.333333333,251.6666667,8.166666667,17.33333333,25.83333333,5.666666667,31.83333333,0,0,0.166666667,0.333333333,42.4
00-0029263,R.Wilson,2012122313,12/23/2012 0:00,171,4,1,209,5,21,6,29,0,0,0,0,205.1666667,1.833333333,0.166666667,232.8333333,8.166666667,15.5,23.83333333,7,45.66666667,0.5,0,0,0.166666667,27.74
00-0029263,R.Wilson,2012123015,12/30/2012 0:00,250,1,0,191,4,19,10,58,1,0,0,0,204.8333333,2,0.333333333,243.3333333,7.666666667,15.33333333,23.33333333,6.5,46,0.5,0,0,0.166666667,28.8
00-0029263,R.Wilson,2013090801,9/8/2013 0:00,314,1,0,286,8,32,5,7,0,0,0,0,215.1666667,1.833333333,0.333333333,239,7.166666667,15.83333333,23.33333333,7,50,0.666666667,0,0,0.166666667,20.26
00-0029263,R.Wilson,2013091513,9/15/2013 0:00,142,1,0,178,10,18,10,33,0,0,0,0,230.1666667,1.666666667,0.333333333,248.6666667,7.5,16.33333333,24.16666667,7,44.83333333,0.666666667,0,0,0.166666667,15.98
00-0029263,R.Wilson,2013092212,9/22/2013 0:00,202,4,1,270,6,21,2,14,0,0,0,0,205,1.5,0.333333333,204.6666667,6.833333333,13.83333333,21,7.166666667,38.5,0.666666667,0,0,0,27.48
00-0029263,R.Wilson,2013092903,9/29/2013 0:00,123,0,1,169,10,23,10,77,0,0,0,0,214,2,0.333333333,219.1666667,7,15,22.33333333,7,38.83333333,0.666666667,0,0,0,14.62
00-0029263,R.Wilson,2013100603,10/6/2013 0:00,210,2,1,340,15,31,13,102,0,0,0,0,200.3333333,1.833333333,0.5,217.1666667,7.166666667,14.66666667,22.33333333,7.166666667,36.33333333,0.166666667,0,0,0,31.6
00-0029263,R.Wilson,2013101309,10/13/2013 0:00,257,0,0,144,7,30,10,61,0,0,1,2,206.8333333,1.5,0.5,239,8.833333333,14.66666667,24,8.333333333,48.5,0.166666667,0,0,0,17.38
00-0029263,R.Wilson,2013101700,10/17/2013 0:00,235,3,0,248,11,29,8,29,0,0,0,0,208,1.333333333,0.5,231.1666667,9.333333333,16,25.83333333,8.333333333,49,0,0,0.166666667,0.333333333,27.3
00-0029263,R.Wilson,2013102800,10/28/2013 0:00,139,2,0,138,8,18,3,16,0,0,0,0,194.8333333,1.666666667,0.5,224.8333333,9.833333333,15,25.33333333,8.833333333,52.66666667,0,0,0.166666667,0.333333333,18.16
00-0029263,R.Wilson,2013110307,11/3/2013 0:00,217,2,2,163,5,26,6,36,1,0,0,0,194.3333333,1.833333333,0.5,218.1666667,9.5,15.33333333,25.33333333,7.666666667,49.83333333,0,0,0.166666667,0.333333333,27.28
00-0029263,R.Wilson,2013111000,11/10/2013 0:00,287,2,0,272,7,26,3,20,0,0,0,0,196.8333333,1.5,0.666666667,200.3333333,9.333333333,16.16666667,26.16666667,8.333333333,53.5,0.166666667,0,0.166666667,0.333333333,24.48
00-0029263,R.Wilson,2013111711,11/17/2013 0:00,230,2,0,229,4,17,2,14,0,0,0,0,224.1666667,1.833333333,0.5,217.5,8.833333333,17.33333333,26.66666667,7.166666667,44,0.166666667,0,0.166666667,0.333333333,21.6
00-0029263,R.Wilson,2013120200,12/2/2013 0:00,310,3,0,288,8,30,8,47,0,0,0,1,227.5,1.833333333,0.333333333,199,7,17,24.33333333,5.333333333,29.33333333,0.166666667,0,0.166666667,0.333333333,31.1
00-0029263,R.Wilson,2013120812,12/8/2013 0:00,199,1,1,291,9,25,1,2,0,0,0,0,236.3333333,2.333333333,0.333333333,223,7.166666667,16.83333333,24.33333333,5,27,0.166666667,0,0,0.166666667,14.16
00-0029263,R.Wilson,2013121506,12/15/2013 0:00,206,1,1,301,8,27,8,50,0,0,0,0,230.3333333,2,0.5,230.1666667,6.833333333,16.33333333,23.66666667,3.833333333,22.5,0.166666667,0,0,0.166666667,19.24
00-0029263,R.Wilson,2013122211,12/22/2013 0:00,108,1,1,395,15,27,2,32,0,0,0,1,241.5,1.833333333,0.666666667,257.3333333,6.833333333,17.66666667,25.16666667,4.666666667,28.16666667,0.166666667,0,0,0.166666667,12.52
00-0029263,R.Wilson,2013122915,12/29/2013 0:00,172,1,0,126,8,23,5,-1,0,0,0,0,223.3333333,1.666666667,0.5,296,8.5,16.33333333,25.33333333,4,27.5,0,0,0,0.333333333,13.78
00-0029263,R.Wilson,2014090400,9/4/2014 0:00,191,2,0,237,9,28,7,29,0,0,0,1,204.1666667,1.5,0.5,271.6666667,8.666666667,15.66666667,24.83333333,4.333333333,24,0,0,0,0.333333333,20.54
00-0029263,R.Wilson,2014091408,9/14/2014 0:00,202,2,0,195,8,25,2,18,0,0,0,0,197.6666667,1.5,0.5,273,9.5,16.66666667,26.66666667,5.166666667,26.5,0,0,0,0.5,20.88
00-0029263,R.Wilson,2014092112,9/21/2014 0:00,258,2,1,221,9,34,9,40,0,0,0,0,179.6666667,1.333333333,0.5,257.5,9.5,15.83333333,25.83333333,4.166666667,21.66666667,0,0,0,0.333333333,24.32
00-0029263,R.Wilson,2014100600,10/6/2014 0:00,201,2,0,145,6,24,11,122,1,0,0,1,189.5,1.5,0.5,245.8333333,9.5,17.33333333,27.33333333,5.5,28,0,0,0,0.333333333,39.24
00-0029263,R.Wilson,2014101211,10/12/2014 0:00,126,0,1,277,13,28,2,12,1,0,0,0,188.6666667,1.666666667,0.333333333,219.8333333,9.166666667,17.33333333,26.83333333,6,40,0.166666667,0,0,0.5,14.24
00-0029263,R.Wilson,2014101907,10/19/2014 0:00,313,2,0,297,13,36,7,106,1,0,0,0,191.6666667,1.5,0.333333333,200.1666667,8.833333333,17.83333333,27,6,36.66666667,0.333333333,0,0,0.333333333,43.12
00-0029263,R.Wilson,2014102601,10/26/2014 0:00,199,1,1,256,11,32,6,35,0,0,0,0,215.1666667,1.666666667,0.333333333,228.6666667,9.666666667,19.16666667,29.16666667,6.333333333,54.5,0.5,0,0,0.333333333,17.46
00-0029263,R.Wilson,2014110209,11/2/2014 0:00,179,0,0,288,18,35,8,31,0,0,0,0,216.5,1.5,0.5,231.8333333,10,19.33333333,29.83333333,6.166666667,55.5,0.5,0,0,0.166666667,13.26
00-0029263,R.Wilson,2014110909,11/9/2014 0:00,172,0,2,209,5,17,14,107,1,0,0,0,212.6666667,1.166666667,0.5,247.3333333,11.66666667,19.33333333,31.5,7.166666667,57.66666667,0.5,0,0,0.166666667,27.58
00-0029263,R.Wilson,2014111604,11/16/2014 0:00,178,2,0,213,12,32,8,71,0,0,0,0,198.3333333,0.833333333,0.666666667,245.3333333,11,17,28.66666667,8,68.83333333,0.666666667,0,0,0.166666667,25.22
00-0029263,R.Wilson,2014112309,11/23/2014 0:00,211,1,0,174,5,22,10,73,0,0,0,0,194.5,0.833333333,0.666666667,256.6666667,12,17.33333333,30,7.5,60.33333333,0.5,0,0,0,22.74
00-0029263,R.Wilson,2014112702,11/27/2014 0:00,236,1,0,129,7,22,7,35,0,0,0,0,208.6666667,1,0.5,239.5,10.66666667,17.83333333,29,8.833333333,70.5,0.333333333,0,0,0,19.94
00-0029263,R.Wilson,2014120712,12/7/2014 0:00,263,2,0,383,15,37,10,48,1,0,1,1,195.8333333,0.833333333,0.5,211.5,9.666666667,16.5,26.66666667,8.833333333,58.66666667,0.166666667,0,0,0,31.32
00-0029263,R.Wilson,2014121412,12/14/2014 0:00,168,1,1,324,11,24,5,27,0,0,0,0,206.5,1,0.333333333,232.6666667,10.33333333,16.83333333,27.5,9.5,60.83333333,0.333333333,0,0.166666667,0.166666667,15.42
00-0029263,R.Wilson,2014122111,12/21/2014 0:00,339,2,0,246,10,30,6,88,1,0,0,0,204.6666667,1.166666667,0.5,238.6666667,9.166666667,16,25.66666667,9,60.16666667,0.333333333,0,0.166666667,0.166666667,39.36
00-0029263,R.Wilson,2014122815,12/28/2014 0:00,239,0,1,168,7,25,6,7,0,0,1,1,232.5,1.5,0.166666667,244.8333333,10,17.66666667,27.83333333,7.666666667,57,0.333333333,0,0.166666667,0.166666667,11.26
00-0029263,R.Wilson,2015091301,9/13/2015 0:00,251,1,1,167,8,41,8,31,0,0,0,0,242.6666667,1.166666667,0.333333333,237.3333333,9.166666667,17.16666667,26.66666667,7.333333333,46.33333333,0.333333333,0,0.333333333,0.333333333,19.14
00-0029263,R.Wilson,2015092013,9/20/2015 0:00,206,2,1,302,9,29,10,78,0,0,1,2,249.3333333,1.166666667,0.5,236.1666667,9.666666667,19.66666667,29.83333333,7,39.33333333,0.333333333,0,0.333333333,0.333333333,24.04
00-0029263,R.Wilson,2015092711,9/27/2015 0:00,235,1,0,223,10,30,6,28,0,0,0,0,244.3333333,1.333333333,0.666666667,265,10,20.33333333,31,7.5,46.5,0.333333333,0,0.5,0.666666667,19.2
00-0029263,R.Wilson,2015100500,10/5/2015 0:00,287,1,0,193,6,26,10,40,0,0,0,0,239.6666667,1.166666667,0.666666667,238.3333333,9.166666667,20,29.83333333,6.833333333,43.16666667,0.166666667,0,0.333333333,0.5,22.48
00-0029263,R.Wilson,2015101102,10/11/2015 0:00,213,1,1,290,7,23,3,21,0,0,0,0,259.5,1.166666667,0.5,216.5,8.333333333,21.33333333,30.16666667,7.666666667,45.33333333,0.166666667,0,0.333333333,0.5,16.62
00-0029263,R.Wilson,2015101808,10/18/2015 0:00,241,1,0,367,12,30,8,53,0,0,0,0,238.5,1,0.666666667,223.8333333,7.833333333,20.5,29,7.166666667,34.16666667,0,0,0.333333333,0.5,21.94
00-0029263,R.Wilson,2015102200,10/22/2015 0:00,235,1,2,235,4,24,7,20,0,0,0,0,238.8333333,1.166666667,0.5,257,8.666666667,20.66666667,29.83333333,7.5,41.83333333,0,0,0.166666667,0.333333333,16.4
00-0029263,R.Wilson,2015110110,11/1/2015 0:00,210,1,1,208,10,30,6,32,0,0,0,0,236.1666667,1.166666667,0.666666667,268.3333333,8,18.33333333,27,7.333333333,40,0,0,0.166666667,0.333333333,17.6
00-0029263,R.Wilson,2015111511,11/15/2015 0:00,240,1,1,342,16,31,6,52,0,0,0,0,236.8333333,1,0.666666667,252.6666667,8.166666667,18.33333333,27.16666667,6.666666667,32.33333333,0,0,0,0,20.8
00-0029263,R.Wilson,2015112210,11/22/2015 0:00,260,3,0,161,5,29,9,30,0,0,0,0,237.6666667,1,0.833333333,272.5,9.166666667,17.33333333,27.33333333,6.666666667,36.33333333,0,0,0,0,28.4
00-0029263,R.Wilson,2015112910,11/29/2015 0:00,345,5,0,237,9,30,4,14,0,0,0,1,233.1666667,1.333333333,0.833333333,267.1666667,9,18,27.83333333,6.5,34.66666667,0,0,0,0,37.2
00-0029263,R.Wilson,2015120606,12/6/2015 0:00,274,3,0,206,6,27,9,51,1,0,0,0,255.1666667,2,0.666666667,258.3333333,9.333333333,19,29,6.666666667,33.5,0,0,0,0.166666667,37.06
00-0029263,R.Wilson,2015121313,12/13/2015 0:00,292,5,0,280,9,32,1,6,0,0,0,0,260.6666667,2.333333333,0.666666667,231.5,8.333333333,19.5,28.5,6.833333333,33.16666667,0.166666667,0,0,0.166666667,35.28
00-0029263,R.Wilson,2015122008,12/20/2015 0:00,249,3,0,288,9,30,5,46,0,0,0,0,270.1666667,3,0.333333333,239,9.166666667,20.33333333,29.83333333,5.833333333,30.83333333,0.166666667,0,0,0.166666667,29.56
00-0029263,R.Wilson,2015122711,12/27/2015 0:00,289,2,1,338,15,41,6,39,0,0,0,1,276.6666667,3.333333333,0.166666667,252.3333333,9,20.66666667,29.83333333,5.666666667,33.16666667,0.166666667,0,0,0.166666667,24.46
00-0029263,R.Wilson,2016010314,1/3/2016 0:00,197,3,0,252,9,28,5,13,0,0,0,0,284.8333333,3.5,0.166666667,251.6666667,8.833333333,22.5,31.5,5.666666667,31,0.166666667,0,0,0.333333333,24.18
00-0029263,R.Wilson,2016091109,9/11/2016 0:00,258,1,1,251,15,43,4,16,0,0,0,0,274.3333333,3.5,0.166666667,266.8333333,9.5,21.66666667,31.33333333,5,28.16666667,0.166666667,0,0,0.333333333,17.92
00-0029263,R.Wilson,2016091809,9/18/2016 0:00,254,0,0,309,13,35,5,14,0,0,1,1,259.8333333,2.833333333,0.333333333,269.1666667,10.5,22.66666667,33.5,5,28.5,0.166666667,0,0,0.166666667,13.56
00-0029263,R.Wilson,2016092508,9/25/2016 0:00,243,1,0,274,7,22,1,3,0,0,1,1,256.5,2.333333333,0.333333333,286.3333333,11.66666667,22.83333333,34.83333333,4.333333333,22.33333333,0,0,0.166666667,0.333333333,16.02
00-0029263,R.Wilson,2016100206,10/2/2016 0:00,309,3,0,291,9,32,5,-5,0,0,0,0,248.3333333,1.666666667,0.333333333,285.3333333,11.33333333,21.5,33.16666667,4.333333333,21.83333333,0,0,0.333333333,0.5,26.86
00-0029263,R.Wilson,2016101611,10/16/2016 0:00,270,0,0,201,12,37,6,7,0,0,0,1,258.3333333,1.666666667,0.333333333,285.8333333,11.33333333,21.83333333,33.5,4.333333333,13.33333333,0,0,0.333333333,0.5,13.5
00-0029263,R.Wilson,2016102312,10/23/2016 0:00,225,0,0,251,13,37,1,-2,0,0,0,1,255.1666667,1.333333333,0.166666667,263,10.83333333,21.83333333,32.83333333,4.333333333,8,0,0,0.333333333,0.5,10.8
00-0029263,R.Wilson,2016103006,10/30/2016 0:00,253,0,1,194,9,32,3,11,0,0,0,0,259.8333333,0.833333333,0.166666667,262.8333333,11.5,22.66666667,34.33333333,3.666666667,5.5,0,0,0.333333333,0.666666667,13.22
00-0029263,R.Wilson,2016110700,11/7/2016 0:00,282,2,0,287,6,26,3,10,1,0,0,0,259,0.666666667,0.166666667,253.3333333,10.5,21.83333333,32.5,3.5,4.666666667,0,0,0.333333333,0.666666667,29.28
00-0029263,R.Wilson,2016111312,11/13/2016 0:00,348,3,0,342,12,37,3,6,0,0,0,0,263.6666667,1,0.166666667,249.6666667,9.333333333,21.5,31,3.166666667,4,0.166666667,0,0.166666667,0.5,29.52
00-0029263,R.Wilson,2016112010,11/20/2016 0:00,272,1,0,315,13,31,8,19,0,0,0,1,281.1666667,1.333333333,0.166666667,261,10.16666667,23.16666667,33.5,3.5,4.5,0.166666667,0,0,0.333333333,18.78
00-0029263,R.Wilson,2016112708,11/27/2016 0:00,151,0,2,387,14,33,8,80,0,0,1,1,275,1,0.166666667,265,10.83333333,22.33333333,33.33333333,4,8.5,0.166666667,0,0,0.5,14.04
00-0029263,R.Wilson,2016120412,12/4/2016 0:00,277,1,1,241,9,36,3,29,0,0,0,1,255.1666667,1,0.5,296,11.16666667,21,32.66666667,4.333333333,20.66666667,0.166666667,0,0.166666667,0.5,18.98
00-0029263,R.Wilson,2016121111,12/11/2016 0:00,240,1,5,413,12,39,4,19,0,0,0,0,263.8333333,1.166666667,0.666666667,294.3333333,10.5,21.33333333,32.5,4.666666667,25.83333333,0.166666667,0,0.166666667,0.5,13.5
00-0029263,R.Wilson,2016121500,12/15/2016 0:00,229,3,1,216,4,24,6,12,0,0,0,0,261.6666667,1.333333333,1.333333333,330.8333333,11,21.33333333,33.66666667,4.833333333,27.16666667,0.166666667,0,0.166666667,0.5,24.36
00-0029263,R.Wilson,2016122410,12/24/2016 0:00,350,4,0,425,16,45,10,36,0,0,0,0,252.8333333,1.5,1.5,319,10.66666667,21.16666667,33.33333333,5.333333333,27.5,0,0,0.166666667,0.5,36.6
00-0029263,R.Wilson,2017010115,1/1/2017 0:00,258,1,0,317,13,32,2,4,0,0,0,0,253.1666667,1.666666667,1.5,332.8333333,11.33333333,21.83333333,34.66666667,6.5,32.5,0,0,0.166666667,0.5,17.72
00-0029263,R.Wilson,2017091010,9/10/2017 0:00,158,0,0,278,13,27,2,40,0,0,0,0,250.8333333,1.666666667,1.5,333.1666667,11.33333333,22,34.83333333,5.5,30,0,0,0.166666667,0.333333333,13.32
00-0029263,R.Wilson,2017091712,9/17/2017 0:00,198,1,0,280,16,39,12,34,0,0,0,0,252,1.666666667,1.166666667,315,11.16666667,21.5,33.83333333,4.5,23.33333333,0,0,0,0.166666667,18.32
00-0029263,R.Wilson,2017092410,9/24/2017 0:00,373,4,0,444,20,49,7,26,0,0,0,0,238.8333333,1.666666667,1,321.5,12.33333333,21,34.33333333,6,24.16666667,0,0,0,0,36.52
00-0029263,R.Wilson,2017100113,10/1/2017 0:00,295,2,2,322,3,26,4,38,1,0,0,0,261,2.166666667,0.166666667,326.6666667,13.66666667,22.16666667,36,6.5,25.33333333,0,0,0,0,30.6
00-0029263,R.Wilson,2017100808,10/8/2017 0:00,198,1,1,266,11,36,5,16,0,0,0,0,272,2,0.333333333,344.3333333,13.5,22.5,36.33333333,6.166666667,29.66666667,0.166666667,0,0,0,15.52
00-0029263,R.Wilson,2017102211,10/22/2017 0:00,334,3,0,399,12,39,2,10,0,0,0,0,246.6666667,1.5,0.5,317.8333333,12.66666667,21.66666667,34.83333333,5.333333333,26.33333333,0.166666667,0,0,0,29.36
00-0029263,R.Wilson,2017102908,10/29/2017 0:00,452,4,1,581,14,41,4,30,0,0,0,0,259.3333333,1.833333333,0.5,331.5,12.5,23,36,5.333333333,27.33333333,0.166666667,0,0,0,39.08
00-0029263,R.Wilson,2017110508,11/5/2017 0:00,291,2,2,549,18,43,10,77,0,0,0,0,308.3333333,2.5,0.666666667,382,12.66666667,25,38.33333333,5.666666667,25.66666667,0.166666667,0,0,0,28.34
00-0029263,R.Wilson,2017110900,11/9/2017 0:00,238,2,0,261,9,31,5,19,0,0,0,0,323.8333333,2.666666667,1,426.8333333,13,25,39,5.333333333,32.83333333,0.166666667,0,0,0,22.42
00-0029263,R.Wilson,2017112000,11/20/2017 0:00,258,2,1,264,14,41,7,86,1,0,0,1,301.3333333,2.333333333,1,396.3333333,11.16666667,23.83333333,36,5,31.66666667,0.166666667,0,0,0,33.92
00-0029263,R.Wilson,2017112608,11/26/2017 0:00,228,2,1,331,13,34,7,25,1,0,0,1,295.1666667,2.333333333,0.833333333,386.6666667,13,24.66666667,38.5,5.5,39.66666667,0.166666667,0,0,0.166666667,26.62
00-0029263,R.Wilson,2017120313,12/3/2017 0:00,227,3,0,209,11,31,6,31,0,0,0,0,300.1666667,2.5,0.833333333,397.5,13.33333333,24,38.16666667,5.833333333,41.16666667,0.333333333,0,0,0.333333333,27.18
00-0029263,R.Wilson,2017121005,12/10/2017 0:00,271,3,3,458,11,31,5,50,0,0,0,0,282.3333333,2.5,0.833333333,365.8333333,13.16666667,22.83333333,36.83333333,6.5,44.66666667,0.333333333,0,0,0.333333333,27.84
00-0029263,R.Wilson,2017121708,12/17/2017 0:00,142,1,0,365,16,30,5,39,0,1,1,1,252.1666667,2.333333333,1.166666667,345.3333333,12.66666667,21.33333333,35.16666667,6.666666667,48,0.333333333,0,0,0.333333333,15.58
00-0029263,R.Wilson,2017123115,12/31/2017 0:00,221,2,0,197,11,29,5,36,0,0,0,0,227.3333333,2.166666667,0.833333333,314.6666667,12.33333333,19.83333333,33,5.833333333,41.66666667,0.333333333,0.166666667,0.166666667,0.5,23.44
00-0029263,R.Wilson,2018090911,9/9/2018 0:00,298,3,2,337,12,33,2,5,0,0,0,0,224.5,2.166666667,0.833333333,304,12.66666667,19.16666667,32.66666667,5.833333333,44.5,0.333333333,0.166666667,0.166666667,0.5,25.42
00-0029263,R.Wilson,2018091700,9/17/2018 0:00,226,2,1,289,10,33,3,17,0,0,0,1,231.1666667,2.333333333,1,316.1666667,12.33333333,18,31.33333333,5,31,0.166666667,0.166666667,0.166666667,0.333333333,19.74
00-0029263,R.Wilson,2018092312,9/23/2018 0:00,192,2,0,241,10,26,2,-1,0,0,0,0,230.8333333,2.333333333,1,309.1666667,11.83333333,18.33333333,31.16666667,4.333333333,29.66666667,0,0.166666667,0.166666667,0.333333333,18.58
00-0029263,R.Wilson,2018093008,9/30/2018 0:00,172,0,0,136,6,25,4,21,0,0,0,2,225,2.166666667,1,314.5,11.66666667,17.66666667,30.33333333,3.666666667,24.33333333,0,0.166666667,0.166666667,0.333333333,9.98
00-0029263,R.Wilson,2018101407,10/14/2018 0:00,222,3,1,224,5,23,6,20,0,0,0,1,208.5,1.666666667,0.5,260.8333333,10.83333333,18,29.33333333,3.5,19.5,0,0.166666667,0.166666667,0.666666667,23.88
00-0029263,R.Wilson,2018102804,10/28/2018 0:00,248,3,0,187,3,17,2,15,0,0,0,0,221.8333333,2,0.666666667,237.3333333,9,18.5,28.16666667,3.666666667,16.33333333,0,0,0,0.666666667,26.42
00-0029263,R.Wilson,2018110408,11/4/2018 0:00,235,2,1,234,10,37,5,41,0,0,0,1,226.3333333,2.166666667,0.666666667,235.6666667,7.666666667,17.83333333,26.16666667,3.166666667,12.83333333,0,0,0,0.666666667,22.5
00-0029263,R.Wilson,2018111110,11/11/2018 0:00,176,3,0,217,8,25,9,92,0,0,0,0,215.8333333,2,0.5,218.5,7.333333333,19,26.83333333,3.666666667,18.83333333,0,0,0,0.833333333,31.24
00-0029263,R.Wilson,2018111500,11/15/2018 0:00,225,2,0,313,10,31,5,17,0,0,0,1,207.5,2.166666667,0.333333333,206.5,7,18.16666667,25.5,4.666666667,31.33333333,0,0,0,0.666666667,20.7
00-0029263,R.Wilson,2018112502,11/25/2018 0:00,339,2,0,316,8,30,3,4,0,0,0,0,213,2.166666667,0.333333333,218.5,7,19,26.33333333,5.166666667,34.33333333,0,0,0,0.833333333,24.96
00-0029263,R.Wilson,2018120213,12/2/2018 0:00,185,4,0,147,6,17,4,14,0,0,0,0,240.8333333,2.5,0.333333333,248.5,7.333333333,19.5,27.16666667,5,31.5,0,0,0,0.5,27.8
00-0029263,R.Wilson,2018121609,12/16/2018 0:00,237,2,0,211,8,31,5,15,0,0,0,0,234.6666667,2.666666667,0.166666667,235.6666667,7.5,18.5,26.16666667,4.666666667,30.5,0,0,0,0.333333333,21.98
00-0029263,R.Wilson,2018122314,12/23/2018 0:00,271,3,0,349,11,29,8,57,0,0,0,0,232.8333333,2.5,0.166666667,239.6666667,8.333333333,20,28.5,5.166666667,30.5,0,0,0,0.333333333,31.54
00-0029263,R.Wilson,2018123015,12/30/2018 0:00,152,1,1,191,8,21,2,-2,0,0,0,0,238.8333333,2.666666667,0,258.8333333,8.5,18.66666667,27.16666667,5.666666667,33.16666667,0,0,0,0.166666667,11.88
00-0029263,R.Wilson,2019090808,9/8/2019 0:00,195,2,0,197,6,20,4,8,0,0,1,1,234.8333333,2.333333333,0.166666667,254.5,8.5,17.83333333,26.5,4.5,17.5,0,0,0,0.166666667,18.6
00-0029263,R.Wilson,2019091507,9/15/2019 0:00,300,3,0,256,6,35,6,22,0,0,0,0,229.8333333,2.333333333,0.166666667,235.1666667,7.833333333,16.66666667,24.66666667,4.333333333,16,0,0,0.166666667,0.166666667,29.2
00-0029263,R.Wilson,2019092211,9/22/2019 0:00,406,2,0,552,17,49,7,51,2,0,0,0,223.3333333,2.5,0.166666667,225.1666667,7.5,17.83333333,25.5,4.833333333,19,0,0,0.166666667,0.166666667,44.34
00-0029263,R.Wilson,2019092908,9/29/2019 0:00,240,1,0,213,6,28,2,7,0,0,0,1,260.1666667,2.166666667,0.166666667,292.6666667,9.333333333,21.33333333,30.83333333,5.333333333,25.16666667,0.333333333,0,0.166666667,0.166666667,16.3
00-0029263,R.Wilson,2019100300,10/3/2019 0:00,268,4,0,259,6,23,8,32,0,0,1,1,260.6666667,2,0.166666667,293,9,21.16666667,30.33333333,4.833333333,23.83333333,0.333333333,0,0.166666667,0.333333333,31.92
00-0029263,R.Wilson,2019101302,10/13/2019 0:00,295,2,0,280,10,33,9,31,1,0,0,0,260.1666667,2.166666667,0.166666667,278,8.166666667,21,29.33333333,4.833333333,19.66666667,0.333333333,0,0.333333333,0.5,31.9
00-0029263,R.Wilson,2019102010,10/20/2019 0:00,241,1,1,459,20,41,3,27,0,0,1,1,284,2.333333333,0,292.8333333,8.5,22.83333333,31.33333333,6,25.16666667,0.5,0,0.333333333,0.5,17.34
00-0029263,R.Wilson,2019102700,10/27/2019 0:00,182,2,0,202,6,20,4,4,0,0,0,0,291.6666667,2.166666667,0.166666667,336.5,10.83333333,23.83333333,34.83333333,5.833333333,28.33333333,0.5,0,0.333333333,0.5,18.68
00-0029263,R.Wilson,2019110308,11/3/2019 0:00,378,5,0,346,14,43,1,21,0,0,0,0,272,2,0.166666667,327.5,10.83333333,21.33333333,32.33333333,5.5,25.33333333,0.5,0,0.333333333,0.5,40.22
00-0029263,R.Wilson,2019111100,11/11/2019 0:00,232,1,1,185,8,33,6,53,0,0,1,1,267.3333333,2.5,0.166666667,293.1666667,10.33333333,20.83333333,31.33333333,4.5,20.33333333,0.166666667,0,0.333333333,0.5,19.58
00-0029263,R.Wilson,2019112411,11/24/2019 0:00,200,1,1,387,11,25,3,15,0,0,0,0,266,2.5,0.333333333,288.5,10.66666667,21.16666667,32.16666667,5.166666667,28,0.166666667,0,0.5,0.5,15.5
00-0029263,R.Wilson,2019120200,12/2/2019 0:00,240,2,1,247,9,31,4,13,0,0,1,1,254.6666667,2,0.5,309.8333333,11.5,20.5,32.5,4.333333333,25.16666667,0.166666667,0,0.333333333,0.333333333,19.9
00-0029263,R.Wilson,2019120813,12/8/2019 0:00,245,0,1,395,13,36,5,28,0,0,0,0,245.5,2,0.666666667,304.3333333,11.33333333,20.16666667,32.16666667,3.5,22.16666667,0,0,0.5,0.5,14.6
00-0029263,R.Wilson,2019121500,12/15/2019 0:00,286,2,0,280,6,26,3,-1,0,0,0,0,246.1666667,1.833333333,0.666666667,293.6666667,10.16666667,20.5,31.33333333,3.833333333,22.33333333,0,0,0.333333333,0.333333333,22.34
00-0029263,R.Wilson,2019122213,12/22/2019 0:00,169,1,0,317,15,31,2,2,0,0,1,1,263.5,1.833333333,0.666666667,306.6666667,10.16666667,21.5,32.33333333,3.666666667,21.5,0,0,0.333333333,0.333333333,12.96
00-0029263,R.Wilson,2019122915,12/29/2019 0:00,233,2,0,267,14,39,8,29,0,0,0,1,228.6666667,1.166666667,0.666666667,301.8333333,10.33333333,19.33333333,30.33333333,3.833333333,18.33333333,0,0,0.5,0.5,22.22
,,,,,,,,,,,,,,,,228.8333333,1.333333333,0.5,315.5,11.33333333,19.5,31.33333333,4.166666667,14.33333333,0,0,0.333333333,0.5,0
00-0029531,R.Lindley,2012121608,12/16/2012 0:00,104,0,1,96,6,21,2,8,0,0,0,0,288,0,4,419,15,28,47,1,1,0,0,0,0,6.96
,,,,,,,,,,,,,,,,196,0,2.5,257.5,10.5,21,34,1.5,4.5,0,0,0,0,0
00-0029567,N.Foles,2012112600,11/26/2012 0:00,119,0,0,149,5,21,1,0,0,0,0,0,204,0,2,366,23,21,46,1,0,0,0,0,0,7.76
00-0029567,N.Foles,2012120907,12/9/2012 0:00,381,2,0,497,18,50,3,27,1,0,0,0,161.5,0,1,257.5,14,18.5,33.5,1,0,0,0,0,0,34.94
00-0029567,N.Foles,2012121300,12/13/2012 0:00,166,1,1,321,16,32,2,5,0,0,1,1,234.6666667,0.666666667,0.666666667,337.3333333,15.33333333,23,39,1.666666667,9,0.333333333,0,0,0,12.14
00-0029567,N.Foles,2012122307,12/23/2012 0:00,345,1,1,369,15,48,4,10,0,0,0,0,217.5,0.75,0.75,333.25,15.5,21,37.25,1.75,8,0.25,0,0.25,0.25,20.8
00-0029567,N.Foles,2013100605,10/6/2013 0:00,197,2,0,215,9,25,3,1,0,0,0,0,243,0.8,0.8,340.4,15.4,23.2,39.4,2.2,8.4,0.2,0,0.2,0.2,18.98
00-0029567,N.Foles,2013101307,10/13/2013 0:00,296,3,0,174,9,31,3,2,1,0,0,0,235.3333333,1,0.666666667,319.5,14.33333333,22,37,2.333333333,7.166666667,0.166666667,0,0.166666667,0.166666667,33.04
00-0029567,N.Foles,2013110306,11/3/2013 0:00,406,7,0,298,5,27,3,14,0,0,0,0,250.6666667,1.5,0.333333333,287.5,12,22.16666667,34.5,2.666666667,7.5,0.333333333,0,0.166666667,0.166666667,48.64
00-0029567,N.Foles,2013111003,11/10/2013 0:00,228,3,0,231,6,18,8,38,0,0,0,0,298.5,2.666666667,0.333333333,312.3333333,12,23.16666667,35.5,3,9.833333333,0.333333333,0,0.166666667,0.166666667,27.92
00-0029567,N.Foles,2013111706,11/17/2013 0:00,298,0,0,286,9,26,9,47,1,0,0,0,273,2.833333333,0.333333333,268,10,19.83333333,30.16666667,3.833333333,11.66666667,0.166666667,0,0.166666667,0.166666667,25.62
00-0029567,N.Foles,2013120106,12/1/2013 0:00,237,3,0,312,13,34,9,22,0,0,0,0,295,2.666666667,0.166666667,262.1666667,8.833333333,20.16666667,29.16666667,5,18.66666667,0.333333333,0,0,0,26.68
00-0029567,N.Foles,2013120805,12/8/2013 0:00,179,1,1,266,10,22,6,23,1,0,0,0,277,3,0,252.6666667,8.5,18.33333333,26.83333333,5.833333333,20.66666667,0.333333333,0,0,0,21.46
00-0029567,N.Foles,2013121505,12/15/2013 0:00,428,3,1,535,17,48,5,41,0,0,0,0,274,2.833333333,0.166666667,261.1666667,8.666666667,17.5,26.33333333,6.333333333,24.33333333,0.5,0,0,0,35.22
00-0029567,N.Foles,2013122207,12/22/2013 0:00,230,2,0,138,4,25,2,17,0,0,1,1,296,2.833333333,0.333333333,321.3333333,10,18.83333333,29.16666667,6.666666667,30.83333333,0.333333333,0,0,0,20.9
00-0029567,N.Foles,2013122903,12/29/2013 0:00,263,2,0,216,8,25,5,-5,0,0,0,0,266.6666667,2,0.333333333,294.6666667,9.833333333,18.66666667,28.83333333,6.5,31.33333333,0.333333333,0,0.166666667,0.166666667,21.02
00-0029567,N.Foles,2014091500,9/15/2014 0:00,331,1,1,310,15,37,4,22,0,0,0,0,272.5,1.833333333,0.333333333,292.1666667,10.16666667,19.5,30,6,24.16666667,0.333333333,0,0.166666667,0.166666667,21.44
00-0029567,N.Foles,2014092108,9/21/2014 0:00,325,3,0,377,14,42,4,12,0,0,0,0,278,2,0.5,296.1666667,11.16666667,20.16666667,31.83333333,5.166666667,20,0.166666667,0,0.166666667,0.166666667,29.2
00-0029567,N.Foles,2014092809,9/28/2014 0:00,195,0,2,523,20,43,1,1,0,0,2,2,292.6666667,2,0.5,307,11.33333333,21.33333333,33.16666667,4.333333333,18.33333333,0.166666667,0,0.166666667,0.166666667,6.9
00-0029567,N.Foles,2014100507,10/5/2014 0:00,207,2,1,294,12,37,2,13,0,0,1,1,295.3333333,1.833333333,0.666666667,349.8333333,13,23,36.66666667,3.5,14.66666667,0,0,0.5,0.5,18.58
00-0029567,N.Foles,2014101212,10/12/2014 0:00,248,2,2,261,11,34,2,5,0,0,0,0,258.5,1.666666667,0.666666667,309.6666667,12.16666667,22,34.83333333,3,10,0,0,0.666666667,0.666666667,19.42
00-0029567,N.Foles,2014102609,10/26/2014 0:00,411,2,2,612,24,62,2,14,0,0,1,1,261.5,1.666666667,1,330.1666667,13.33333333,22,36.33333333,3,8,0,0,0.5,0.5,25.84
00-0029567,N.Foles,2014110203,11/2/2014 0:00,124,1,1,118,2,13,1,1,0,0,0,0,286.1666667,1.666666667,1.333333333,396.1666667,16,25.16666667,42.5,2.5,11.16666667,0,0,0.666666667,0.666666667,11.06
00-0029567,N.Foles,2015091301,9/13/2015 0:00,297,1,0,259,9,27,4,11,1,0,0,0,251.6666667,1.666666667,1.333333333,364.1666667,13.83333333,23.33333333,38.5,2,7.666666667,0,0,0.666666667,0.666666667,25.98
00-0029567,N.Foles,2015092005,9/20/2015 0:00,150,1,0,243,15,31,1,1,0,0,0,0,247,1.333333333,1.333333333,344.5,13,21.66666667,36,2,7.5,0.166666667,0,0.666666667,0.666666667,13.1
00-0029567,N.Foles,2015092705,9/27/2015 0:00,197,0,1,213,8,28,1,10,0,0,0,0,239.5,1.5,1,297.8333333,12.16666667,20.83333333,34,2,7.5,0.166666667,0,0.333333333,0.333333333,10.88
00-0029567,N.Foles,2015100410,10/4/2015 0:00,171,3,0,154,8,24,1,-1,0,0,0,0,237.8333333,1.166666667,1,284.3333333,11.5,20,32.5,1.833333333,7,0.166666667,0,0.166666667,0.166666667,21.74
00-0029567,N.Foles,2015101107,10/11/2015 0:00,141,1,4,286,14,29,1,2,0,0,0,0,225,1.333333333,0.666666667,266.5,11,19.16666667,30.83333333,1.666666667,6,0.166666667,0,0.166666667,0.166666667,8.84
00-0029567,N.Foles,2015102501,10/25/2015 0:00,163,0,0,132,8,23,2,-2,0,0,1,1,180,1.166666667,1,212.1666667,9.333333333,15,25.33333333,1.5,4,0.166666667,0,0,0,8.32
00-0029567,N.Foles,2015110107,11/1/2015 0:00,191,1,0,224,9,23,3,-3,0,0,1,1,186.5,1,0.833333333,214.5,10.33333333,15.83333333,27,1.666666667,3.5,0.166666667,0,0.166666667,0.166666667,13.34
00-0029567,N.Foles,2015110800,11/8/2015 0:00,168,0,0,265,14,32,1,2,0,0,0,0,168.8333333,1,0.833333333,208.6666667,10.33333333,15.16666667,26.33333333,1.5,1.166666667,0,0,0.333333333,0.333333333,9.92
00-0029567,N.Foles,2015112902,11/29/2015 0:00,228,0,3,229,13,46,1,2,0,0,0,0,171.8333333,0.833333333,0.833333333,212.3333333,10.16666667,15.5,26.5,1.5,1.333333333,0,0,0.333333333,0.333333333,9.32
00-0029567,N.Foles,2015120609,12/6/2015 0:00,146,0,1,329,19,35,2,-2,0,0,0,1,177,0.833333333,1.166666667,215,11,17.33333333,29.5,1.5,0,0,0,0.333333333,0.333333333,6.64
00-0029567,N.Foles,2016103005,10/30/2016 0:00,223,2,0,197,6,22,1,-1,0,0,0,0,172.8333333,0.333333333,1.333333333,244.1666667,12.83333333,17.16666667,31.33333333,1.666666667,-0.166666667,0,0,0.333333333,0.5,19.82
00-0029567,N.Foles,2016110603,11/6/2016 0:00,187,1,0,234,13,33,3,-3,0,0,0,0,186.5,0.5,0.666666667,229.3333333,11.5,18,30.16666667,1.666666667,-0.666666667,0,0,0.333333333,0.5,14.18
00-0029567,N.Foles,2017121706,12/17/2017 0:00,237,4,0,332,14,38,2,0,0,0,0,0,190.5,0.666666667,0.666666667,246.3333333,12.33333333,18.83333333,31.83333333,1.833333333,-0.833333333,0,0,0.166666667,0.333333333,28.48
00-0029567,N.Foles,2018090600,9/6/2018 0:00,117,0,1,277,14,34,1,-1,0,0,0,0,198.1666667,1.166666667,0.666666667,264.3333333,13.16666667,20.5,34.33333333,1.666666667,-0.333333333,0,0,0,0.166666667,6.58
00-0029567,N.Foles,2018091606,9/16/2018 0:00,334,1,0,324,12,47,3,8,0,0,1,1,189.6666667,1.166666667,0.833333333,266.3333333,13.16666667,20.66666667,34.66666667,1.666666667,-0.833333333,0,0,0,0.166666667,20.16
00-0029567,N.Foles,2018121611,12/16/2018 0:00,270,0,1,234,6,31,2,5,0,0,0,0,207.3333333,1.333333333,0.333333333,282.1666667,13,21.5,34.83333333,2,0.166666667,0,0,0.166666667,0.333333333,13.3
00-0029567,N.Foles,2018122310,12/23/2018 0:00,471,4,1,341,12,48,1,1,0,0,0,1,228,1.333333333,0.333333333,266.3333333,10.83333333,23,34.16666667,2,1.333333333,0,0,0.166666667,0.166666667,35.94
00-0029567,N.Foles,2018123012,12/30/2018 0:00,221,2,1,113,4,33,2,4,0,0,0,1,269.3333333,1.666666667,0.5,290.3333333,11.83333333,26.16666667,38.5,2,1.666666667,0,0,0.166666667,0.333333333,18.24
00-0029567,N.Foles,2019112408,11/24/2019 0:00,272,0,0,380,16,48,3,20,0,0,0,0,275,1.833333333,0.666666667,270.1666667,10.33333333,27.5,38.5,1.833333333,2.833333333,0,0,0.166666667,0.5,15.88
,,,,,,,,,,,,,,,,280.8333333,1.166666667,0.666666667,278.1666667,10.66666667,28.83333333,40.16666667,2,6.166666667,0,0,0.166666667,0.5,0
00-0029604,K.Cousins,2013122209,12/22/2013 0:00,197,1,1,288,14,36,2,10,0,0,0,0,319,2,1,276,7,25,33,3,22,0,0,0,1,14.88
00-0029604,K.Cousins,2013122909,12/29/2013 0:00,169,0,2,391,28,49,1,3,0,0,0,0,258,1.5,1,282,10.5,23,34.5,2.5,16,0,0,0,0.5,8.06
00-0029604,K.Cousins,2014091407,9/14/2014 0:00,242,2,0,355,11,32,1,-1,0,0,0,0,228.3333333,1,1.333333333,318.3333333,16.33333333,21.66666667,39.33333333,2,11.66666667,0,0,0,0.333333333,20.58
00-0029604,K.Cousins,2014092108,9/21/2014 0:00,427,3,1,437,17,48,3,5,0,0,0,0,231.75,1.25,1,327.5,15,21.5,37.5,1.75,8.5,0,0,0,0.25,31.58
00-0029604,K.Cousins,2014092500,9/25/2014 0:00,257,1,4,314,10,33,1,12,0,0,1,1,270.8,1.6,1,349.4,15.4,23.2,39.6,2,7.8,0,0,0,0.2,13.48
00-0029604,K.Cousins,2014100600,10/6/2014 0:00,283,2,0,251,15,36,2,4,0,0,0,0,268.5,1.5,1.5,343.5,14.5,22.5,38.5,1.833333333,8.5,0,0,0.166666667,0.333333333,22.72
00-0029604,K.Cousins,2015091303,9/13/2015 0:00,196,1,2,300,8,31,2,-1,0,0,0,0,262.5,1.5,1.333333333,339.3333333,15.83333333,21.83333333,39,1.666666667,5.5,0,0,0.166666667,0.166666667,12.74
00-0029604,K.Cousins,2015100405,10/4/2015 0:00,290,1,0,314,15,46,1,1,1,0,1,1,262.3333333,1.5,1.5,341.3333333,14.83333333,21.83333333,38.16666667,1.666666667,3.666666667,0,0,0.166666667,0.166666667,23.7
00-0029604,K.Cousins,2015101103,10/11/2015 0:00,219,1,2,218,9,32,1,1,0,0,0,1,282.5,1.666666667,1.166666667,328.5,12.66666667,23.83333333,37.66666667,1.666666667,3.333333333,0.166666667,0,0.333333333,0.333333333,12.86
00-0029604,K.Cousins,2015101801,10/18/2015 0:00,196,1,2,359,16,43,1,1,0,0,0,0,278.6666667,1.5,1.5,305.6666667,12.33333333,23.83333333,37.66666667,1.666666667,3.666666667,0.166666667,0,0.333333333,0.5,12.94
00-0029604,K.Cousins,2015102505,10/25/2015 0:00,317,3,0,265,7,40,3,15,1,0,0,0,240.1666667,1.166666667,1.666666667,292.6666667,12.16666667,23,36.83333333,1.333333333,3,0.166666667,0,0.333333333,0.5,35.18
00-0029604,K.Cousins,2015112206,11/22/2015 0:00,207,1,1,240,7,30,1,4,0,0,1,1,250.1666667,1.5,1,284.5,11.66666667,25.33333333,38,1.666666667,3.5,0.333333333,0,0.166666667,0.333333333,13.68
00-0029604,K.Cousins,2015112900,11/29/2015 0:00,302,1,0,292,9,29,4,1,1,0,0,0,237.5,1.333333333,1.166666667,282.6666667,10.33333333,25.5,37,1.5,3.5,0.333333333,0,0.333333333,0.5,25.18
00-0029604,K.Cousins,2015120700,12/7/2015 0:00,219,1,0,272,9,31,1,6,0,0,0,0,255.1666667,1.333333333,0.833333333,281.3333333,10.5,25.33333333,36.66666667,1.833333333,3.833333333,0.5,0,0.333333333,0.5,16.36
00-0029604,K.Cousins,2015121306,12/13/2015 0:00,300,1,1,229,6,31,4,13,1,0,0,1,243.3333333,1.333333333,0.833333333,274.3333333,9.5,23.83333333,34.16666667,1.833333333,4.666666667,0.333333333,0,0.166666667,0.333333333,24.3
00-0029604,K.Cousins,2015122007,12/20/2015 0:00,319,4,0,231,6,28,3,11,1,0,0,0,256.8333333,1.333333333,0.666666667,276.1666667,9,24.33333333,34,2.333333333,6.666666667,0.5,0,0.166666667,0.333333333,38.86
00-0029604,K.Cousins,2015122600,12/26/2015 0:00,365,4,0,425,15,46,5,-4,0,0,0,0,277.3333333,1.833333333,0.333333333,254.8333333,7.333333333,23.83333333,31.5,2.666666667,8.333333333,0.666666667,0,0.166666667,0.333333333,33.2
00-0029604,K.Cousins,2016091200,9/12/2016 0:00,329,0,2,283,11,43,1,8,0,0,0,1,285.3333333,2,0.333333333,281.5,8.666666667,23.5,32.5,3,5.166666667,0.5,0,0.166666667,0.333333333,13.96
00-0029604,K.Cousins,2016091807,9/18/2016 0:00,364,1,1,479,16,45,2,20,0,0,0,0,305.6666667,1.833333333,0.5,288.6666667,9.333333333,24.83333333,34.66666667,3,5.833333333,0.5,0,0,0.333333333,22.56
00-0029604,K.Cousins,2016092506,9/25/2016 0:00,296,2,0,293,13,34,3,-5,0,0,0,0,316,1.833333333,0.666666667,319.8333333,10.5,26.16666667,37.33333333,2.666666667,9,0.333333333,0,0,0.333333333,22.34
00-0029604,K.Cousins,2016100900,10/9/2016 0:00,260,1,1,307,10,40,1,-1,0,0,1,2,328.8333333,2,0.666666667,323.3333333,11.16666667,26,37.83333333,3,7.166666667,0.333333333,0,0,0.333333333,14.3
00-0029604,K.Cousins,2016101608,10/16/2016 0:00,263,2,1,315,15,34,2,8,0,0,0,0,322.1666667,2,0.666666667,336.3333333,11.83333333,26.83333333,39.33333333,2.5,4.833333333,0.166666667,0,0.166666667,0.5,21.32
00-0029604,K.Cousins,2016102302,10/23/2016 0:00,301,1,0,359,9,39,3,19,1,0,0,0,312.8333333,1.666666667,0.833333333,350.3333333,13.33333333,26.16666667,40.33333333,2.333333333,4.333333333,0,0,0.166666667,0.5,26.94
00-0029604,K.Cousins,2016103000,10/30/2016 0:00,458,2,1,485,17,56,3,-1,0,0,0,0,302.1666667,1.166666667,0.833333333,339.3333333,12.33333333,26,39.16666667,2,8.166666667,0.166666667,0,0.166666667,0.5,28.22
00-0029604,K.Cousins,2016111308,11/13/2016 0:00,262,2,0,344,11,33,1,-1,0,0,0,0,323.6666667,1.5,0.666666667,373,13.33333333,27.33333333,41.33333333,2.333333333,6.666666667,0.166666667,0,0.166666667,0.333333333,21.38
00-0029604,K.Cousins,2016112011,11/20/2016 0:00,375,3,0,287,9,30,5,4,0,0,0,0,306.6666667,1.666666667,0.5,350.5,12.5,26.33333333,39.33333333,2.166666667,3.166666667,0.166666667,0,0.166666667,0.333333333,30.4
00-0029604,K.Cousins,2016112401,11/24/2016 0:00,449,3,0,393,12,53,1,2,0,0,0,0,319.8333333,1.833333333,0.5,349.5,11.83333333,26.33333333,38.66666667,2.5,4.666666667,0.166666667,0,0.166666667,0.333333333,33.16
00-0029604,K.Cousins,2016120409,12/4/2016 0:00,271,1,1,286,15,37,2,0,1,0,0,0,351.3333333,2.166666667,0.333333333,363.8333333,12.16666667,28.33333333,40.83333333,2.5,5.166666667,0.166666667,0,0,0,22.84
00-0029604,K.Cousins,2016121107,12/11/2016 0:00,234,2,1,234,6,21,4,6,0,0,0,0,352.6666667,2,0.333333333,359,12.16666667,28.83333333,41.33333333,2.5,3.833333333,0.333333333,0,0,0,19.96
00-0029604,K.Cousins,2016121900,12/19/2016 0:00,315,0,1,306,14,47,2,11,0,0,1,1,341.5,2.166666667,0.5,338.1666667,11.66666667,26.16666667,38.33333333,2.666666667,1.666666667,0.166666667,0,0,0,14.7
00-0029604,K.Cousins,2016122402,12/24/2016 0:00,270,1,0,349,11,29,5,30,2,0,0,0,317.6666667,1.833333333,0.5,308.3333333,11.16666667,25.16666667,36.83333333,2.5,3.666666667,0.166666667,0,0.166666667,0.166666667,32.8
00-0029604,K.Cousins,2017091008,9/10/2017 0:00,240,1,1,372,16,40,4,30,0,0,0,0,319,1.666666667,0.5,309.1666667,11.16666667,24.5,36.16666667,3.166666667,8.833333333,0.5,0,0.166666667,0.166666667,18.6
00-0029604,K.Cousins,2017091711,9/17/2017 0:00,179,1,0,105,9,27,3,7,0,0,0,1,296.5,1.333333333,0.666666667,323.3333333,12.33333333,24.83333333,37.83333333,3,13.16666667,0.5,0,0.166666667,0.166666667,13.86
00-0029604,K.Cousins,2017092413,9/24/2017 0:00,365,3,0,171,5,30,1,2,0,0,0,0,251.5,1,0.666666667,275.3333333,11.83333333,21,33.5,3.333333333,14,0.5,0,0.166666667,0.333333333,29.8
00-0029604,K.Cousins,2017100200,10/2/2017 0:00,220,2,0,266,10,24,7,38,0,0,1,1,267.1666667,1.333333333,0.5,256.1666667,10.16666667,21.66666667,32.33333333,3.166666667,14.33333333,0.333333333,0,0.166666667,0.333333333,22.6
00-0029604,K.Cousins,2017101506,10/15/2017 0:00,330,2,1,287,11,37,4,26,1,0,1,1,264.8333333,1.333333333,0.333333333,261.5,10.83333333,21.66666667,32.83333333,3.666666667,19.66666667,0.333333333,0,0.333333333,0.5,30.8
00-0029604,K.Cousins,2017102300,10/23/2017 0:00,303,3,1,260,9,40,3,18,0,0,0,0,267.3333333,1.666666667,0.333333333,258.3333333,10.33333333,20.5,31.16666667,4,22.16666667,0.5,0,0.333333333,0.5,27.92
00-0029604,K.Cousins,2017102909,10/29/2017 0:00,263,1,1,215,12,39,1,0,0,0,0,0,272.8333333,2,0.5,243.5,10,22.5,33,3.666666667,20.16666667,0.166666667,0,0.333333333,0.5,16.52
00-0029604,K.Cousins,2017110508,11/5/2017 0:00,247,0,0,258,10,31,3,4,0,0,0,0,276.6666667,2,0.5,217.3333333,9.333333333,23,32.83333333,3.166666667,15.16666667,0.166666667,0,0.333333333,0.5,13.28
00-0029604,K.Cousins,2017111207,11/12/2017 0:00,327,1,1,355,18,45,4,5,2,0,0,0,288,1.833333333,0.5,242.8333333,9.5,23.5,33.5,3.166666667,14.66666667,0.166666667,0,0.333333333,0.333333333,31.58
00-0029604,K.Cousins,2017111905,11/19/2017 0:00,322,3,0,331,10,32,3,11,0,0,0,0,281.6666667,1.5,0.666666667,273.5,11.66666667,23.66666667,36,3.666666667,15.16666667,0.5,0,0.333333333,0.333333333,28.98
00-0029604,K.Cousins,2017112302,11/23/2017 0:00,242,2,1,226,10,30,3,4,0,0,0,0,298.6666667,1.666666667,0.666666667,284.3333333,11.66666667,25,37.33333333,3,10.66666667,0.5,0,0.166666667,0.166666667,20.08
00-0029604,K.Cousins,2017113000,11/30/2017 0:00,251,2,2,182,9,37,3,6,0,0,0,0,284,1.666666667,0.666666667,274.1666667,11.5,24,36.16666667,2.833333333,7,0.333333333,0,0,0,19.64
00-0029604,K.Cousins,2017121010,12/10/2017 0:00,151,1,1,308,11,27,2,8,0,0,0,0,275.3333333,1.5,0.833333333,261.1666667,11.5,23.33333333,35.66666667,2.833333333,5,0.333333333,0,0,0,12.84
00-0029604,K.Cousins,2017121707,12/17/2017 0:00,196,2,0,184,8,26,2,0,0,0,1,1,256.6666667,1.5,0.833333333,276.6666667,11.33333333,21.5,33.66666667,3,6.333333333,0.333333333,0,0,0,17.84
00-0029604,K.Cousins,2017122408,12/24/2017 0:00,299,3,1,402,17,37,5,8,0,0,0,0,248.1666667,1.833333333,0.833333333,264.3333333,11,21,32.83333333,2.833333333,5.666666667,0.333333333,0,0.166666667,0.166666667,26.76
00-0029604,K.Cousins,2017123107,12/31/2017 0:00,158,0,3,236,14,37,1,12,1,0,0,0,243.5,2.166666667,0.833333333,272.1666667,10.83333333,19.83333333,31.5,3,6.166666667,0,0,0.166666667,0.166666667,13.52
00-0029604,K.Cousins,2018090904,9/9/2018 0:00,244,2,0,255,16,36,4,26,0,0,0,0,216.1666667,1.666666667,1.333333333,256.3333333,11.5,19.5,32.33333333,2.666666667,6.333333333,0.166666667,0,0.166666667,0.166666667,23.36
00-0029604,K.Cousins,2018091602,9/16/2018 0:00,425,4,1,361,12,48,2,5,0,0,0,0,216.5,1.666666667,1.166666667,261.1666667,12.5,19.66666667,33.33333333,2.833333333,10,0.166666667,0,0.166666667,0.166666667,35.5
00-0029604,K.Cousins,2018092307,9/23/2018 0:00,296,1,1,335,14,55,2,2,0,0,0,0,245.5,2,1,291,13,21.16666667,35.16666667,2.666666667,9.833333333,0.166666667,0,0.166666667,0.166666667,18.04
00-0029604,K.Cousins,2018092700,9/27/2018 0:00,422,3,0,304,14,50,4,28,0,0,0,0,269.6666667,2,1,295.5,13.5,25.33333333,39.83333333,2.666666667,8.833333333,0.166666667,0,0.166666667,0.166666667,34.68
00-0029604,K.Cousins,2018100709,10/7/2018 0:00,301,1,0,217,7,37,5,1,0,0,0,0,307.3333333,2.166666667,1,315.5,14.5,28.33333333,43.83333333,3,13.5,0.166666667,0,0,0,19.14
00-0029604,K.Cousins,2018101405,10/14/2018 0:00,233,1,1,160,8,33,4,14,1,0,0,0,307.6666667,1.833333333,0.833333333,284.6666667,12.83333333,30.16666667,43.83333333,3,12.33333333,0.166666667,0,0,0,22.72
00-0029604,K.Cousins,2018102107,10/21/2018 0:00,241,2,0,414,15,40,2,-1,0,0,0,0,320.1666667,2,0.5,272,11.83333333,30.83333333,43.16666667,3.5,12.66666667,0.166666667,0,0,0,20.54
00-0029604,K.Cousins,2018102811,10/28/2018 0:00,359,2,1,281,8,40,2,0,0,0,1,1,319.6666667,2,0.5,298.5,11.66666667,31.66666667,43.83333333,3.166666667,8.166666667,0.166666667,0,0,0,23.36
00-0029604,K.Cousins,2018110405,11/4/2018 0:00,164,1,1,131,3,22,2,3,0,0,0,0,308.6666667,1.666666667,0.5,285.1666667,11,31,42.5,3.166666667,7.333333333,0.166666667,0,0.166666667,0.166666667,12.86
00-0029604,K.Cousins,2018111802,11/18/2018 0:00,262,2,2,371,14,46,1,5,0,0,0,0,286.6666667,1.666666667,0.5,251.1666667,9.166666667,27.33333333,37,3.166666667,7.5,0.166666667,0,0.166666667,0.166666667,19.98
00-0029604,K.Cousins,2018112510,11/25/2018 0:00,342,3,0,275,8,37,6,17,0,0,0,0,260,1.5,0.833333333,262.3333333,9.166666667,26.33333333,36.33333333,2.666666667,3.666666667,0.166666667,0,0.166666667,0.166666667,30.38
00-0029604,K.Cousins,2018121000,12/10/2018 0:00,208,1,0,246,13,33,3,5,0,0,0,0,266.8333333,1.833333333,0.833333333,272,9.333333333,26.16666667,36.33333333,2.833333333,6.333333333,0.166666667,0,0.166666667,0.166666667,15.82
00-0029604,K.Cousins,2018121607,12/16/2018 0:00,215,2,1,144,6,21,5,7,0,0,0,0,262.6666667,1.833333333,0.666666667,286.3333333,10.16666667,25.5,36.33333333,2.666666667,4.833333333,0,0,0.166666667,0.166666667,19.3
00-0029604,K.Cousins,2018122307,12/23/2018 0:00,253,3,0,308,7,28,1,1,0,0,0,0,258.3333333,1.833333333,0.833333333,241.3333333,8.666666667,23.66666667,33.16666667,3.166666667,6.166666667,0,0,0.166666667,0.166666667,25.22
00-0029604,K.Cousins,2018123005,12/30/2018 0:00,132,1,0,290,13,33,1,7,0,0,0,0,240.6666667,2,0.666666667,245.8333333,8.5,22,31.16666667,3,6.333333333,0,0,0,0,12.98
00-0029604,K.Cousins,2019091503,9/15/2019 0:00,230,1,2,335,16,32,2,17,0,0,1,1,235.3333333,2,0.5,272.3333333,10.16666667,22.33333333,33,2.833333333,7,0,0,0,0,14.9
00-0029604,K.Cousins,2019092205,9/22/2019 0:00,174,1,0,100,6,21,4,16,0,0,0,0,230,1.833333333,0.5,266.3333333,10.5,19.66666667,30.66666667,3,9,0,0,0.166666667,0.166666667,15.56
00-0029604,K.Cousins,2019100604,10/6/2019 0:00,306,2,0,217,5,27,3,3,0,0,0,0,202,1.5,0.5,237.1666667,10.16666667,17.33333333,28,2.666666667,8.833333333,0,0,0.166666667,0.166666667,23.54
00-0029604,K.Cousins,2019101306,10/13/2019 0:00,333,4,1,374,6,29,2,0,0,0,0,0,218.3333333,1.666666667,0.5,232.3333333,8.833333333,17.66666667,27,2.666666667,8.5,0,0,0.166666667,0.166666667,31.32
00-0029604,K.Cousins,2019102003,10/20/2019 0:00,338,4,0,379,10,34,4,-3,0,0,0,2,238,2,0.5,270.6666667,8.833333333,19,28.33333333,2.166666667,7.333333333,0,0,0.166666667,0.166666667,30.22
00-0029604,K.Cousins,2019102400,10/24/2019 0:00,285,0,0,95,3,26,2,2,0,0,1,1,252.1666667,2.166666667,0.5,282.5,9.333333333,19.5,29.33333333,2.666666667,6.666666667,0,0,0.166666667,0.5,13.6
00-0029604,K.Cousins,2019110303,11/3/2019 0:00,220,3,0,258,19,38,1,5,0,0,0,0,277.6666667,2,0.5,250,7.666666667,20,28.16666667,2.833333333,5.833333333,0,0,0.333333333,0.666666667,24.3
00-0029604,K.Cousins,2019111010,11/10/2019 0:00,220,2,0,188,9,32,1,5,0,0,0,0,276,2.333333333,0.166666667,237.1666667,8.166666667,20.83333333,29.16666667,2.666666667,3.833333333,0,0,0.166666667,0.5,20.3
00-0029604,K.Cousins,2019111705,11/17/2019 0:00,319,3,0,281,6,35,2,1,0,0,0,0,283.6666667,2.5,0.166666667,251.8333333,8.666666667,22.16666667,31,2.166666667,2,0,0,0.166666667,0.5,27.86
00-0029604,K.Cousins,2019120805,12/8/2019 0:00,242,1,0,214,6,30,1,-1,0,0,0,0,285.8333333,2.666666667,0.166666667,262.5,8.833333333,23.33333333,32.33333333,2,1.666666667,0,0,0.166666667,0.5,16.58
00-0029604,K.Cousins,2019121513,12/15/2019 0:00,207,1,1,195,5,25,3,14,0,0,0,0,270.6666667,2.166666667,0,235.8333333,8.833333333,23.66666667,32.5,1.833333333,1.5,0,0,0.166666667,0.5,15.68
,,,,,,,,,,,,,,,,248.8333333,1.666666667,0.166666667,205.1666667,8,22.83333333,31,1.666666667,4.333333333,0,0,0.166666667,0.166666667,0
00-0029665,R.Griffin,2012091609,9/16/2012 0:00,206,1,1,217,8,29,11,82,2,0,0,0,320,2,0,151,7,19,26,10,42,0,0,0,0,34.44
00-0029665,R.Griffin,2012092304,9/23/2012 0:00,221,1,0,270,12,33,12,85,1,0,0,0,263,1.5,0.5,184,7.5,19.5,27.5,10.5,62,1,0,0,0,30.34
00-0029665,R.Griffin,2012093011,9/30/2012 0:00,323,0,0,225,8,34,7,43,1,0,0,0,249,1.333333333,0.333333333,212.6666667,9,20,29.33333333,11,69.66666667,1,0,0,0,26.22
00-0029665,R.Griffin,2012101410,10/14/2012 0:00,182,1,1,169,4,22,13,138,2,0,0,1,267.5,1,0.25,215.75,8.75,21.5,30.5,10,63,1,0,0,0,41.08
00-0029665,R.Griffin,2012102100,10/21/2012 0:00,258,2,1,324,7,28,9,89,0,0,1,2,250.4,1,0.4,206.4,7.8,20.6,28.8,10.6,78,1.2,0,0,0.2,27.22
00-0029665,R.Griffin,2012102808,10/28/2012 0:00,177,1,0,278,18,34,6,8,0,0,0,0,251.6666667,1.166666667,0.5,226,7.666666667,20.5,28.66666667,10.33333333,79.83333333,1,0,0.166666667,0.5,14.88
00-0029665,R.Griffin,2012110400,11/4/2012 0:00,215,0,0,297,16,39,11,53,0,0,0,0,227.8333333,1,0.5,247.1666667,9.5,20,30,9.666666667,74.16666667,1,0,0.166666667,0.5,16.9
00-0029665,R.Griffin,2012111800,11/18/2012 0:00,200,4,0,168,1,15,12,84,0,0,0,0,229.3333333,0.833333333,0.333333333,260.5,10.83333333,20.5,31.66666667,9.666666667,69.33333333,0.666666667,0,0.166666667,0.5,35.4
00-0029665,R.Griffin,2012112201,11/22/2012 0:00,311,4,1,218,7,28,6,29,0,0,0,0,225.8333333,1.333333333,0.333333333,243.5,9,19.33333333,28.66666667,9.666666667,69.16666667,0.5,0,0.166666667,0.5,33.34
00-0029665,R.Griffin,2012120300,12/3/2012 0:00,163,1,0,222,8,21,5,72,0,0,0,0,223.8333333,2,0.5,242.3333333,8.833333333,18.33333333,27.66666667,9.5,66.83333333,0.333333333,0,0.166666667,0.5,20.72
00-0029665,R.Griffin,2012120900,12/9/2012 0:00,246,1,0,272,10,25,7,34,0,0,0,0,220.6666667,2,0.333333333,251.1666667,9.5,17.66666667,27.5,8.166666667,55.83333333,0,0,0.166666667,0.333333333,20.24
00-0029665,R.Griffin,2012122307,12/23/2012 0:00,198,2,1,176,7,24,2,4,0,0,0,0,218.6666667,1.833333333,0.166666667,242.5,10,16.83333333,27,7.833333333,46.66666667,0,0,0,0,18.32
00-0029665,R.Griffin,2013090900,9/9/2013 0:00,314,2,2,402,17,47,5,24,0,0,0,0,222.1666667,2,0.333333333,225.5,8.166666667,16.83333333,25.33333333,7.166666667,46,0,0,0,0,23.96
00-0029665,R.Griffin,2013091504,9/15/2013 0:00,320,3,1,285,12,39,4,1,0,0,0,0,238.6666667,2.333333333,0.666666667,243,8.333333333,17.66666667,26.66666667,6.166666667,41.16666667,0,0,0,0,26.9
00-0029665,R.Griffin,2013092209,9/22/2013 0:00,316,0,1,434,17,49,6,37,0,0,0,0,258.6666667,2.166666667,0.833333333,262.5,10.16666667,19.66666667,30.66666667,4.833333333,27.33333333,0,0,0,0,18.34
00-0029665,R.Griffin,2013092910,9/29/2013 0:00,227,1,0,259,12,30,3,10,0,0,1,1,259.5,1.5,0.833333333,298.5,11.83333333,21.5,34.16666667,4.833333333,28.66666667,0,0,0,0,16.08
00-0029665,R.Griffin,2013101312,10/13/2013 0:00,246,0,1,324,19,39,9,77,0,0,0,0,270.1666667,1.5,0.833333333,304.6666667,12.5,22.33333333,35.66666667,4.5,18.33333333,0,0,0.166666667,0.166666667,19.54
00-0029665,R.Griffin,2013102009,10/20/2013 0:00,298,2,1,271,10,29,11,84,0,0,0,0,270.1666667,1.333333333,1,313.3333333,14,23,38,4.833333333,25.5,0,0,0.166666667,0.166666667,30.32
00-0029665,R.Griffin,2013102709,10/27/2013 0:00,132,1,2,317,13,30,5,7,0,0,0,0,286.8333333,1.333333333,1,329.1666667,14.5,23.33333333,38.83333333,6.333333333,38.83333333,0,0,0.166666667,0.166666667,10.98
00-0029665,R.Griffin,2013110305,11/3/2013 0:00,291,0,1,235,8,32,6,17,0,0,0,0,256.5,1.166666667,1,315,13.83333333,21.16666667,36,6.333333333,36,0,0,0.166666667,0.166666667,15.34
00-0029665,R.Griffin,2013110700,11/7/2013 0:00,281,3,0,186,12,36,7,44,0,0,0,0,251.6666667,0.666666667,1,306.6666667,13.16666667,20.66666667,34.83333333,6.666666667,38.66666667,0,0,0.166666667,0.166666667,30.64
00-0029665,R.Griffin,2013111706,11/17/2013 0:00,264,2,1,460,17,35,11,46,0,0,0,1,245.8333333,1.166666667,0.833333333,265.3333333,12.33333333,19.5,32.66666667,6.833333333,39.83333333,0,0,0.166666667,0.166666667,24.16
00-0029665,R.Griffin,2013112500,11/25/2013 0:00,127,0,1,245,9,27,6,22,0,0,0,0,252,1.333333333,1,298.8333333,13.16666667,19.33333333,33.5,8.166666667,45.83333333,0,0,0,0.166666667,9.28
00-0029665,R.Griffin,2013120111,12/1/2013 0:00,207,1,0,251,8,32,12,88,0,0,1,1,232.1666667,1.333333333,1,285.6666667,11.5,19,31.5,7.666666667,36.66666667,0,0,0,0.166666667,23.08
00-0029665,R.Griffin,2013120808,12/8/2013 0:00,164,1,1,244,12,25,4,29,0,0,0,0,217,1.166666667,0.833333333,282.3333333,11.16666667,20,32,7.833333333,37.33333333,0,0,0.166666667,0.333333333,15.46
00-0029665,R.Griffin,2014090703,9/7/2014 0:00,267,0,0,214,8,37,3,2,0,0,1,1,222.3333333,1.166666667,0.666666667,270.1666667,11,19.5,31.16666667,7.666666667,41,0,0,0.166666667,0.333333333,12.88
00-0029665,R.Griffin,2014110206,11/2/2014 0:00,251,1,1,306,9,28,8,24,0,0,0,0,218.3333333,1.166666667,0.5,266.6666667,11,20.5,32,7.166666667,38.5,0,0,0.333333333,0.5,18.44
00-0029665,R.Griffin,2014111608,11/16/2014 0:00,198,1,2,134,6,29,6,41,0,0,1,3,213.3333333,0.833333333,0.666666667,286.6666667,10.5,19.5,30.66666667,7.333333333,35.16666667,0,0,0.333333333,0.5,14.02
00-0029665,R.Griffin,2014112311,11/23/2014 0:00,106,0,0,160,8,19,4,11,0,0,0,0,202.3333333,0.666666667,0.833333333,232.3333333,8.666666667,20.16666667,29.66666667,6.5,34.33333333,0,0,0.5,0.833333333,8.34
00-0029665,R.Griffin,2014121409,12/14/2014 0:00,236,1,0,186,9,27,5,46,0,0,0,0,198.8333333,0.666666667,0.666666667,218.1666667,8.5,19.16666667,28.33333333,6.166666667,32.5,0,0,0.5,0.833333333,21.04
00-0029665,R.Griffin,2014122000,12/20/2014 0:00,220,0,1,235,6,23,5,11,0,0,0,0,203.6666667,0.666666667,0.666666667,207.3333333,8.666666667,18.16666667,27.5,5,25.5,0,0,0.333333333,0.666666667,11.9
00-0029665,R.Griffin,2014122812,12/28/2014 0:00,336,1,2,147,12,41,6,19,1,0,1,1,213,0.5,0.666666667,205.8333333,7.666666667,18.83333333,27.16666667,5.166666667,22.5,0,0,0.333333333,0.666666667,25.34
00-0029665,R.Griffin,2016091107,9/11/2016 0:00,190,0,1,287,13,26,5,37,0,0,0,0,224.5,0.666666667,1,194.6666667,8.333333333,18.5,27.83333333,5.666666667,25.33333333,0.166666667,0,0.333333333,0.666666667,13.3
00-0029665,R.Griffin,2016121102,12/11/2016 0:00,104,0,1,300,15,28,7,31,1,0,0,0,214.3333333,0.5,1,191.5,9,17.5,27.5,5.166666667,27.5,0.166666667,0,0.333333333,0.666666667,15.26
00-0029665,R.Griffin,2016121801,12/18/2016 0:00,196,0,0,249,11,28,8,48,1,0,0,1,198.6666667,0.333333333,0.833333333,219.1666667,10.5,16,27.33333333,5.333333333,25.83333333,0.333333333,0,0.166666667,0.166666667,20.64
00-0029665,R.Griffin,2016122403,12/24/2016 0:00,164,0,0,210,8,25,6,42,0,0,0,0,213.6666667,0.333333333,0.833333333,234,11,17,28.83333333,6,32,0.5,0,0.166666667,0.333333333,13.76
00-0029665,R.Griffin,2017010108,1/1/2017 0:00,232,2,1,229,10,40,5,32,0,0,0,0,201.6666667,0.166666667,0.833333333,238,10.83333333,16.83333333,28.5,6.166666667,31.33333333,0.5,0,0.166666667,0.333333333,22.48
,,,,,,,,,,,,,,,,203.6666667,0.5,0.833333333,237,11.5,19,31.33333333,6.166666667,34.83333333,0.5,0,0.166666667,0.333333333,0
00-0029668,A.Luck,2012091603,9/16/2012 0:00,224,2,0,231,9,29,4,21,0,0,0,0,309,1,3,418,19,23,45,2,9,0,0,0,0,22.06
00-0029668,A.Luck,2012092308,9/23/2012 0:00,313,2,1,542,21,44,4,50,0,0,0,0,266.5,1.5,1.5,324.5,14,21.5,37,3,15,0,0,0,0,27.52
00-0029668,A.Luck,2012100702,10/7/2012 0:00,362,2,1,543,23,55,6,24,1,0,0,0,282,1.666666667,1.333333333,397,16.33333333,21.66666667,39.33333333,3.333333333,26.66666667,0,0,0,0,32.88
00-0029668,A.Luck,2012101402,10/14/2012 0:00,280,0,2,415,20,44,1,-1,0,0,1,1,302,1.75,1.25,433.5,18,24,43.25,4,26,0.25,0,0,0,11.1
00-0029668,A.Luck,2012102106,10/21/2012 0:00,186,0,0,346,13,29,3,12,2,0,0,0,297.6,1.4,1.4,429.8,18.4,23.6,43.4,3.4,20.6,0.2,0,0.2,0.2,23.64
00-0029668,A.Luck,2012102803,10/28/2012 0:00,297,1,1,288,11,38,6,28,0,0,0,1,279,1.166666667,1.166666667,415.8333333,17.5,22.33333333,41,3.333333333,19.16666667,0.5,0,0.166666667,0.166666667,19.68
00-0029668,A.Luck,2012110407,11/4/2012 0:00,433,2,0,578,18,48,1,5,0,0,0,0,277,1.166666667,0.833333333,394.1666667,16.16666667,22.83333333,39.83333333,4,22.33333333,0.5,0,0.166666667,0.333333333,28.82
00-0029668,A.Luck,2012110800,11/8/2012 0:00,227,0,1,292,7,26,7,11,2,0,0,0,311.8333333,1.166666667,0.833333333,452,17.66666667,24.5,43,3.5,19.66666667,0.5,0,0.166666667,0.333333333,24.18
00-0029668,A.Luck,2012111806,11/18/2012 0:00,334,2,2,581,20,49,1,4,0,0,0,0,297.5,0.833333333,0.833333333,410.3333333,15.33333333,23.83333333,40,4,13.16666667,0.833333333,0,0.166666667,0.333333333,22.76
00-0029668,A.Luck,2012112502,11/25/2012 0:00,240,1,1,336,15,36,6,20,0,0,0,1,292.8333333,0.833333333,1,416.6666667,14.83333333,23.16666667,39,3.166666667,9.833333333,0.666666667,0,0.166666667,0.333333333,16.6
00-0029668,A.Luck,2012120205,12/2/2012 0:00,391,4,3,583,25,52,3,33,0,0,0,0,286.1666667,1,0.833333333,403.5,14,22.83333333,37.66666667,4,13.33333333,0.666666667,0,0,0.333333333,34.94
00-0029668,A.Luck,2012120903,12/9/2012 0:00,196,1,2,400,16,34,5,7,0,0,0,1,320.3333333,1.666666667,1.333333333,443,16,24.16666667,41.5,4,16.83333333,0.333333333,0,0,0.333333333,12.54
00-0029668,A.Luck,2012121607,12/16/2012 0:00,186,2,0,205,12,25,2,10,0,0,0,0,303.5,1.666666667,1.5,461.6666667,16.83333333,22.5,40.83333333,3.833333333,13.33333333,0.333333333,0,0,0.333333333,19.44
00-0029668,A.Luck,2012122305,12/23/2012 0:00,205,1,0,354,18,35,6,21,0,0,0,0,262.3333333,1.666666667,1.5,399.5,15.83333333,19.66666667,37,4,14.16666667,0.333333333,0,0,0.333333333,17.3
00-0029668,A.Luck,2012123004,12/30/2012 0:00,191,2,0,206,14,28,5,1,0,0,0,0,258.6666667,1.833333333,1.333333333,409.8333333,17.66666667,19.5,38.5,3.833333333,15.83333333,0,0,0,0.333333333,18.74
00-0029668,A.Luck,2013090805,9/8/2013 0:00,178,2,0,253,5,23,6,38,1,0,0,0,234.8333333,1.833333333,1,347.3333333,16.66666667,17.33333333,35,4.5,15.33333333,0,0,0,0.333333333,27.92
00-0029668,A.Luck,2013091506,9/15/2013 0:00,321,1,1,443,17,43,4,38,0,0,0,0,224.5,2,0.833333333,333.5,15,17,32.83333333,4.5,18.33333333,0.166666667,0,0,0.166666667,22.64
00-0029668,A.Luck,2013092211,9/22/2013 0:00,164,0,0,120,9,27,4,24,1,0,0,0,212.8333333,1.5,0.5,310.1666667,13.66666667,17.16666667,31.33333333,4.666666667,19.16666667,0.166666667,0,0,0.166666667,17.96
00-0029668,A.Luck,2013092904,9/29/2013 0:00,260,2,1,404,13,36,2,26,0,0,0,0,207.5,1.333333333,0.166666667,263.5,12.5,17.5,30.16666667,4.5,22,0.333333333,0,0,0,23
00-0029668,A.Luck,2013100603,10/6/2013 0:00,229,2,0,258,13,29,4,9,0,0,0,0,219.8333333,1.333333333,0.333333333,296.6666667,12.66666667,19,32,4.5,24.66666667,0.333333333,0,0,0,21.06
00-0029668,A.Luck,2013101400,10/14/2013 0:00,190,0,1,256,11,28,4,19,0,0,0,0,223.8333333,1.5,0.333333333,280.6666667,11.83333333,18.83333333,31,4.166666667,22.66666667,0.333333333,0,0,0,11.5
00-0029668,A.Luck,2013102012,10/20/2013 0:00,228,3,0,373,17,38,4,29,1,0,0,0,223.6666667,1.166666667,0.5,289,11.33333333,19.16666667,31,4,25.66666667,0.333333333,0,0,0,33.02
00-0029668,A.Luck,2013111004,11/10/2013 0:00,353,1,3,375,15,47,4,17,0,0,0,0,232,1.333333333,0.5,309,13.33333333,19.66666667,33.5,3.666666667,24.16666667,0.333333333,0,0,0,19.82
00-0029668,A.Luck,2013111400,11/14/2013 0:00,232,0,0,229,13,36,9,31,1,0,0,0,237.3333333,1.333333333,0.833333333,297.6666667,13,20.33333333,34.16666667,3.666666667,20.66666667,0.333333333,0,0,0,21.38
00-0029668,A.Luck,2013112408,11/24/2013 0:00,163,1,1,326,18,39,2,31,0,0,0,0,248.6666667,1.333333333,0.833333333,315.8333333,13.66666667,21.16666667,35.66666667,4.5,21.83333333,0.333333333,0,0,0,15.62
00-0029668,A.Luck,2013120102,12/1/2013 0:00,200,0,1,308,14,32,5,42,0,0,0,0,232.5,1.166666667,0.833333333,302.8333333,14.5,20.83333333,36.16666667,4.5,22.66666667,0.333333333,0,0,0,14.2
00-0029668,A.Luck,2013120801,12/8/2013 0:00,326,4,0,301,17,46,2,32,0,0,0,0,227.6666667,0.833333333,1,311.1666667,14.66666667,21,36.66666667,4.666666667,28.16666667,0.333333333,0,0,0,35.24
00-0029668,A.Luck,2013121502,12/15/2013 0:00,180,2,1,141,12,32,5,29,0,0,0,0,250.3333333,1.5,0.833333333,318.6666667,15.66666667,23.16666667,39.66666667,4.333333333,30.33333333,0.333333333,0,0,0,20.1
00-0029668,A.Luck,2013122205,12/22/2013 0:00,241,1,0,253,11,37,6,5,0,0,0,1,242.3333333,1.333333333,1,280,14.83333333,22.83333333,38.66666667,4.5,30.33333333,0.166666667,0,0,0,16.14
00-0029668,A.Luck,2013122904,12/29/2013 0:00,282,1,0,276,11,37,2,7,0,0,0,1,223.6666667,1.333333333,0.5,259.6666667,14.16666667,22.33333333,37,4.833333333,28.33333333,0.166666667,0,0,0.166666667,17.98
00-0029668,A.Luck,2014090712,9/7/2014 0:00,370,2,2,402,16,53,5,19,1,0,0,1,232,1.5,0.5,267.5,13.83333333,22.83333333,37.16666667,3.666666667,24.33333333,0,0,0,0.333333333,30.7
00-0029668,A.Luck,2014091500,9/15/2014 0:00,172,3,1,203,13,34,4,20,0,0,0,0,266.5,1.666666667,0.666666667,280.1666667,13.5,25.33333333,39.5,4.166666667,22.33333333,0.166666667,0,0,0.5,22.88
00-0029668,A.Luck,2014092104,9/21/2014 0:00,370,4,0,278,8,39,3,15,0,0,0,0,261.8333333,2.166666667,0.666666667,262.6666667,13.33333333,25.83333333,39.83333333,4,18.66666667,0.166666667,0,0,0.5,35.3
00-0029668,A.Luck,2014092803,9/28/2014 0:00,393,4,1,416,11,41,1,-1,0,0,0,0,269.1666667,2.166666667,0.666666667,258.8333333,11.83333333,26.16666667,38.66666667,4.166666667,15.83333333,0.166666667,0,0,0.5,33.62
00-0029668,A.Luck,2014100503,10/5/2014 0:00,312,1,2,424,15,49,6,12,1,0,0,1,304.6666667,2.5,0.666666667,304.6666667,11.66666667,27.83333333,40.16666667,3.5,10.83333333,0.166666667,0,0,0.5,23.68
00-0029668,A.Luck,2014100900,10/9/2014 0:00,370,3,1,425,18,44,7,18,0,0,0,0,316.5,2.5,1,333.1666667,12.33333333,28.83333333,42.16666667,3.5,12,0.333333333,0,0,0.5,30.6
00-0029668,A.Luck,2014101905,10/19/2014 0:00,344,2,0,255,15,42,4,5,0,0,0,0,331.1666667,2.833333333,1.166666667,358,13.5,28.66666667,43.33333333,4.333333333,13.83333333,0.333333333,0,0,0.333333333,25.26
00-0029668,A.Luck,2014102611,10/26/2014 0:00,400,3,2,476,17,45,3,26,0,1,0,0,326.8333333,2.833333333,0.833333333,333.5,13.33333333,27.33333333,41.5,4.166666667,11.5,0.166666667,0,0,0.166666667,31.6
00-0029668,A.Luck,2014110300,11/3/2014 0:00,354,4,0,376,21,46,2,5,0,0,0,0,364.8333333,2.833333333,1,379,14,28.33333333,43.33333333,4,12.5,0.166666667,0.166666667,0,0.166666667,33.66
00-0029668,A.Luck,2014111611,11/16/2014 0:00,303,2,1,417,15,39,3,15,0,0,0,0,362.1666667,2.833333333,1,395.3333333,16.16666667,27.33333333,44.5,3.833333333,10.83333333,0.166666667,0.166666667,0,0.166666667,23.62
00-0029668,A.Luck,2014112304,11/23/2014 0:00,253,1,0,280,11,32,8,49,0,0,0,1,347.1666667,2.5,1,395.5,16.83333333,26.33333333,44.16666667,4.166666667,13.5,0.166666667,0.166666667,0,0.166666667,21.02
00-0029668,A.Luck,2014113003,11/30/2014 0:00,370,5,1,346,7,27,4,20,0,0,1,2,337.3333333,2.5,0.666666667,371.5,16.16666667,24.5,41.33333333,4.5,19.66666667,0,0.166666667,0,0.166666667,36.8
00-0029668,A.Luck,2014120701,12/7/2014 0:00,294,2,2,544,27,53,5,37,1,0,1,1,337.3333333,2.833333333,0.666666667,358.3333333,14.33333333,23.5,38.5,4,20,0,0.166666667,0.166666667,0.5,29.46
00-0029668,A.Luck,2014121406,12/14/2014 0:00,187,2,1,362,15,34,8,18,0,0,1,1,329,2.833333333,1,406.5,16.33333333,23,40.33333333,4.166666667,25.33333333,0.166666667,0.166666667,0.333333333,0.666666667,18.28
00-0029668,A.Luck,2014122811,12/28/2014 0:00,160,2,0,125,6,16,1,5,0,0,0,0,293.5,2.666666667,0.833333333,387.5,16,21.66666667,38.5,5,24,0.166666667,0,0.5,0.833333333,17.9
00-0029668,A.Luck,2015091304,9/13/2015 0:00,243,2,2,452,21,49,4,20,0,0,0,0,261.1666667,2.333333333,0.833333333,345.6666667,13.5,19.16666667,33.5,4.833333333,24,0.166666667,0,0.5,0.833333333,20.72
00-0029668,A.Luck,2015092100,9/21/2015 0:00,250,1,3,395,13,37,4,24,0,0,0,0,251.1666667,2.333333333,1,351.5,14.5,19.66666667,35.16666667,5,24.83333333,0.166666667,0,0.5,0.833333333,16.4
00-0029668,A.Luck,2015092709,9/27/2015 0:00,260,2,2,298,10,30,6,21,0,0,0,0,250.6666667,2.333333333,1.5,370.6666667,14.83333333,19.66666667,36,4.333333333,20.66666667,0.166666667,0,0.5,0.666666667,21.5
00-0029668,A.Luck,2015101811,10/18/2015 0:00,312,3,0,434,20,50,4,35,0,0,0,0,232.3333333,1.833333333,1.666666667,362.6666667,15.33333333,19.5,36.5,4.666666667,20.83333333,0.166666667,0,0.333333333,0.333333333,30.98
00-0029668,A.Luck,2015102507,10/25/2015 0:00,333,3,2,392,19,44,3,27,0,0,0,0,235.3333333,2,1.333333333,344.3333333,14.16666667,20.5,36,4.5,20.5,0,0,0.166666667,0.166666667,29.02
00-0029668,A.Luck,2015110200,11/2/2015 0:00,231,2,3,566,19,45,6,35,0,0,0,0,259.6666667,2.166666667,1.5,349.3333333,14.83333333,21.33333333,37.66666667,3.666666667,22,0,0,0,0,20.74
00-0029668,A.Luck,2015110809,11/8/2015 0:00,252,2,0,256,15,36,6,34,0,0,0,0,271.5,2.166666667,2,422.8333333,17,23.5,42.5,4.5,27,0,0,0,0,24.48
00-0029668,A.Luck,2016091111,9/11/2016 0:00,385,4,0,450,16,47,3,21,0,0,0,0,273,2.166666667,1.666666667,390.1666667,16,22.66666667,40.33333333,4.833333333,29.33333333,0,0,0,0,36.5
00-0029668,A.Luck,2016091810,9/18/2016 0:00,197,1,1,319,18,40,3,22,0,0,0,0,295.5,2.666666667,1.166666667,399.3333333,16.5,24.33333333,42,4.666666667,28.83333333,0,0,0,0,16.08
00-0029668,A.Luck,2016100200,10/2/2016 0:00,234,2,1,216,13,41,4,23,0,0,0,1,285,2.5,1,402.8333333,17.83333333,24.83333333,43.66666667,4.166666667,29,0,0,0,0,20.66
00-0029668,A.Luck,2016100903,10/9/2016 0:00,322,2,0,348,11,39,5,13,0,0,0,1,272,2.333333333,1.166666667,366.5,16.66666667,24.33333333,42.16666667,4.166666667,27,0,0,0,0.166666667,24.18
00-0029668,A.Luck,2016101612,10/16/2016 0:00,252,1,1,263,10,32,7,53,1,0,0,0,270.1666667,2.166666667,0.833333333,359.1666667,15.33333333,25.16666667,41.33333333,4.5,24.66666667,0,0,0,0.333333333,27.38
00-0029668,A.Luck,2016102308,10/23/2016 0:00,353,3,0,382,12,39,5,17,0,0,0,0,273.6666667,2,0.5,308.6666667,13.83333333,24.83333333,39.16666667,4.666666667,27.66666667,0.166666667,0,0,0.333333333,30.82
00-0029668,A.Luck,2016103005,10/30/2016 0:00,210,2,1,235,14,34,9,60,0,0,0,1,290.5,2.166666667,0.5,329.6666667,13.33333333,25.83333333,39.66666667,4.5,24.83333333,0.166666667,0,0,0.333333333,23.4
00-0029668,A.Luck,2016110609,11/6/2016 0:00,281,1,2,284,11,36,7,15,0,0,0,0,261.3333333,1.833333333,0.666666667,293.8333333,13,23.83333333,37.5,5.5,31.33333333,0.166666667,0,0,0.5,17.74
00-0029668,A.Luck,2016112004,11/20/2016 0:00,262,2,1,272,12,28,8,22,0,0,0,0,275.3333333,1.833333333,0.833333333,288,11.83333333,24.16666667,36.83333333,6.166666667,30.16666667,0.166666667,0,0,0.5,22.68
00-0029668,A.Luck,2016120500,12/5/2016 0:00,278,4,0,203,6,28,3,26,0,0,1,1,280,1.833333333,0.833333333,297.3333333,11.66666667,22.16666667,34.66666667,6.833333333,30,0.166666667,0,0,0.333333333,31.72
00-0029668,A.Luck,2016121104,12/11/2016 0:00,276,2,2,346,19,45,2,32,0,0,0,0,272.6666667,2.166666667,0.833333333,273.1666667,10.83333333,21.16666667,32.83333333,6.5,32.16666667,0.166666667,0,0.166666667,0.333333333,23.24
00-0029668,A.Luck,2016121806,12/18/2016 0:00,250,2,0,229,7,28,1,8,0,0,0,0,276.6666667,2.333333333,1,287,12.33333333,21.66666667,35,5.666666667,28.66666667,0,0,0.166666667,0.333333333,21.8
00-0029668,A.Luck,2016122408,12/24/2016 0:00,288,2,2,275,8,29,4,12,1,0,0,0,259.5,2.166666667,1,261.5,11.5,20.66666667,33.16666667,5,27.16666667,0,0,0.166666667,0.333333333,27.72
00-0029668,A.Luck,2017010103,1/1/2017 0:00,321,2,1,347,13,38,3,17,0,0,0,0,272.5,2.166666667,1.166666667,268.1666667,10.5,20.66666667,32.33333333,4.166666667,19.16666667,0.166666667,0,0.166666667,0.166666667,24.54
00-0029668,A.Luck,2018090902,9/9/2018 0:00,319,2,1,297,13,53,1,7,0,0,1,1,279.1666667,2.333333333,1,278.6666667,10.83333333,20.83333333,32.66666667,3.5,19.5,0.166666667,0,0.166666667,0.166666667,22.46
00-0029668,A.Luck,2018091608,9/16/2018 0:00,179,2,2,132,8,31,4,2,0,0,0,1,288.6666667,2.333333333,1,282.8333333,11,24.83333333,36.83333333,2.333333333,17,0.166666667,0,0.333333333,0.333333333,15.36
00-0029668,A.Luck,2018092308,9/23/2018 0:00,164,1,0,219,15,40,1,33,0,0,0,0,272.1666667,2,1.333333333,271,11.33333333,24.66666667,37.33333333,2.5,13,0.166666667,0,0.166666667,0.333333333,16.86
00-0029668,A.Luck,2018093004,9/30/2018 0:00,464,4,0,523,22,62,3,11,0,0,0,0,253.5,1.833333333,1,249.8333333,10.66666667,24.83333333,36.5,2.333333333,13.16666667,0.166666667,0,0.166666667,0.333333333,38.66
00-0029668,A.Luck,2018101406,10/14/2018 0:00,301,4,3,396,17,43,2,7,0,0,0,0,289.1666667,2.166666667,1,298.8333333,13.16666667,28,42.16666667,2.666666667,13.66666667,0.166666667,0,0.166666667,0.333333333,28.74
00-0029668,A.Luck,2018102103,10/21/2018 0:00,156,4,0,113,6,23,3,5,0,0,0,0,291.3333333,2.5,1.166666667,319,14.66666667,28.66666667,44.5,2.333333333,12.83333333,0,0,0.166666667,0.333333333,25.74
00-0029668,A.Luck,2018102808,10/28/2018 0:00,239,3,0,230,9,31,2,-2,0,0,0,0,263.8333333,2.833333333,1,280,13.5,27.5,42,2.333333333,10.83333333,0,0,0.166666667,0.333333333,24.36
00-0029668,A.Luck,2018111104,11/11/2018 0:00,285,3,1,237,7,29,5,-2,0,0,0,0,250.5,3,0.833333333,268.8333333,12.83333333,24.66666667,38.33333333,2.5,9.333333333,0,0,0,0.166666667,25.2
00-0029668,A.Luck,2018112504,11/25/2018 0:00,343,3,2,296,5,37,2,5,0,0,1,1,268.1666667,3.166666667,0.666666667,286.3333333,12.66666667,24.66666667,38,2.666666667,8.666666667,0,0,0,0,26.22
00-0029668,A.Luck,2018120205,12/2/2018 0:00,248,0,1,355,18,52,2,16,0,0,0,0,298,3.5,1,299.1666667,11,25.5,37.5,2.833333333,4,0,0,0.166666667,0.166666667,13.52
00-0029668,A.Luck,2018120904,12/9/2018 0:00,399,2,1,354,13,41,6,16,0,0,0,0,262,2.833333333,1.166666667,271.1666667,10.33333333,24.33333333,35.83333333,2.666666667,4.833333333,0,0,0.166666667,0.166666667,27.56
00-0029668,A.Luck,2018121605,12/16/2018 0:00,192,0,0,223,10,26,6,20,0,0,0,1,278.3333333,2.5,0.833333333,264.1666667,9.666666667,25,35.5,3.333333333,6.333333333,0,0,0.166666667,0.166666667,11.68
00-0029668,A.Luck,2018122300,12/23/2018 0:00,357,2,1,414,14,46,2,13,0,0,0,0,284.3333333,1.833333333,0.833333333,282.5,10.33333333,24.83333333,36,3.833333333,8.833333333,0,0,0.166666667,0.333333333,25.58
00-0029668,A.Luck,2018123011,12/30/2018 0:00,285,3,1,285,10,35,7,17,0,0,1,1,304,1.666666667,1,313.1666667,11.16666667,26.33333333,38.5,3.833333333,11.33333333,0,0,0.166666667,0.333333333,26.1
,,,,,,,,,,,,,,,,304,1.666666667,1,321.1666667,11.66666667,26.83333333,39.5,4.166666667,14.5,0,0,0.333333333,0.5,0
00-0029677,B.Weeden,2012091606,9/16/2012 0:00,322,2,0,302,11,37,2,6,0,0,1,1,118,0,4,274,19,12,35,2,25,0,0,0,0,23.48
00-0029677,B.Weeden,2012100703,10/7/2012 0:00,291,2,2,211,11,35,1,2,0,0,0,0,220,1,2,288,15,19,36,2,15.5,0,0,0.5,0.5,20.84
00-0029677,B.Weeden,2012101403,10/14/2012 0:00,215,2,1,110,11,27,3,3,0,0,0,0,243.6666667,1.333333333,2,262.3333333,13.66666667,20,35.66666667,1.666666667,11,0,0,0.333333333,0.333333333,18.9
00-0029677,B.Weeden,2012102106,10/21/2012 0:00,264,2,0,437,16,41,1,13,0,0,0,1,236.5,1.5,1.75,224.25,13,18.75,33.5,2,9,0,0,0.25,0.25,21.86
00-0029677,B.Weeden,2012102802,10/28/2012 0:00,129,0,0,115,16,27,4,4,0,0,0,0,242,1.6,1.4,266.8,13.6,20,35,1.8,9.8,0,0,0.2,0.4,8.56
00-0029677,B.Weeden,2012110405,11/4/2012 0:00,176,0,2,300,15,37,2,11,0,0,0,0,223.1666667,1.333333333,1.166666667,241.5,14,18.5,33.66666667,2.166666667,8.833333333,0,0,0.166666667,0.333333333,9.14
00-0029677,B.Weeden,2012112501,11/25/2012 0:00,158,1,1,181,8,26,2,8,0,0,0,0,232.8333333,1.333333333,0.833333333,245.8333333,13.33333333,19.83333333,34,2.166666667,6.5,0,0,0.166666667,0.333333333,13.12
00-0029677,B.Weeden,2012120211,12/2/2012 0:00,364,1,2,291,9,36,5,11,0,0,0,0,205.5,1.166666667,1,225.6666667,12.83333333,18.33333333,32.16666667,2.166666667,6.833333333,0,0,0,0.166666667,20.66
00-0029677,B.Weeden,2012120901,12/9/2012 0:00,217,0,0,195,13,30,1,15,0,0,0,0,217.6666667,1,1,239,12.5,18.83333333,32.33333333,2.833333333,8.333333333,0,0,0,0.166666667,13.18
00-0029677,B.Weeden,2012121604,12/16/2012 0:00,236,1,2,206,10,32,1,9,0,0,0,0,218,0.666666667,0.833333333,253.1666667,12.83333333,19.16666667,32.83333333,2.5,10.33333333,0,0,0,0.166666667,15.34
00-0029677,B.Weeden,2012122311,12/23/2012 0:00,104,0,0,101,7,19,3,4,0,0,0,0,213.3333333,0.5,1.166666667,214.6666667,11.83333333,18.33333333,31.33333333,2.5,9.666666667,0,0,0,0,7.56
00-0029677,B.Weeden,2013091501,9/15/2013 0:00,227,0,0,308,12,33,2,7,0,0,0,0,209.1666667,0.5,1.166666667,212.3333333,10.33333333,18.5,30,2.333333333,9.666666667,0,0,0,0,12.78
00-0029677,B.Weeden,2013100300,10/3/2013 0:00,197,1,0,196,11,24,3,0,0,0,0,1,217.6666667,0.5,0.833333333,213.6666667,9.833333333,18.66666667,29.33333333,2.333333333,9,0,0,0,0,13.88
00-0029677,B.Weeden,2013101302,10/13/2013 0:00,292,2,2,367,14,42,2,10,0,0,0,0,224.1666667,0.5,0.666666667,216.1666667,10.33333333,18,29,2.5,7.666666667,0,0,0,0.166666667,21.68
00-0029677,B.Weeden,2013102003,10/20/2013 0:00,149,1,1,330,24,42,2,20,0,0,0,0,212.1666667,0.666666667,0.666666667,228.8333333,11.16666667,18.16666667,30,2,7.5,0,0,0,0.166666667,13.96
00-0029677,B.Weeden,2014110202,11/2/2014 0:00,183,1,1,271,13,32,2,2,0,0,0,0,200.8333333,0.833333333,0.833333333,251.3333333,13,18.16666667,32,2.166666667,8.333333333,0,0,0,0.166666667,13.52
00-0029677,B.Weeden,2015100412,10/4/2015 0:00,246,1,0,256,9,25,3,5,0,0,0,0,192,0.833333333,0.666666667,262.1666667,13.5,17.83333333,32,2.333333333,7.166666667,0,0,0,0.166666667,17.34
00-0029677,B.Weeden,2015101109,10/11/2015 0:00,188,0,1,221,12,39,3,18,0,0,1,1,215.6666667,1,0.666666667,288,13.83333333,18.5,33,2.333333333,7.333333333,0,0,0,0.166666667,10.32
00-0029677,B.Weeden,2015122004,12/20/2015 0:00,105,1,0,110,6,17,5,6,0,0,0,0,209.1666667,1,0.833333333,273.5,13.83333333,19.33333333,34,2.5,9.166666667,0,0,0.166666667,0.333333333,11.8
00-0029677,B.Weeden,2015122703,12/27/2015 0:00,200,2,0,255,9,24,2,11,1,0,0,0,193.8333333,1,0.833333333,259.1666667,13,19,32.83333333,2.833333333,10.16666667,0,0,0.166666667,0.166666667,26.1
,,,,,,,,,,,,,,,,178.5,1,0.5,240.5,12.16666667,17.16666667,29.83333333,2.833333333,10.33333333,0.166666667,0,0.166666667,0.166666667,0
00-0029682,B.Osweiler,2015111510,11/15/2015 0:00,146,1,1,187,9,24,4,18,0,0,0,0,109,0,0,92,3,10,13,1,-1,0,0,0,0,13.64
00-0029682,B.Osweiler,2015112200,11/22/2015 0:00,250,2,0,188,7,27,2,4,0,0,0,0,127.5,0.5,0.5,139.5,6,12,18.5,2.5,8.5,0,0,0,0,21.4
00-0029682,B.Osweiler,2015112911,11/29/2015 0:00,270,1,1,402,18,42,2,4,0,0,0,0,168.3333333,1,0.333333333,155.6666667,6.333333333,14.66666667,21.33333333,2.333333333,7,0,0,0,0,17.2
00-0029682,B.Osweiler,2015120611,12/6/2015 0:00,166,1,1,255,9,26,3,1,0,0,0,0,193.75,1,0.5,217.25,9.25,16.75,26.5,2.25,6.25,0,0,0,0,12.74
00-0029682,B.Osweiler,2015121311,12/13/2015 0:00,308,0,0,300,16,51,3,10,0,0,1,2,188.2,1,0.6,224.8,9.2,16.6,26.4,2.4,5.2,0,0,0,0,14.32
00-0029682,B.Osweiler,2015122010,12/20/2015 0:00,296,3,1,489,22,44,5,19,1,0,0,0,208.1666667,0.833333333,0.5,237.3333333,10.33333333,19.66666667,30.5,2.5,6,0,0,0.166666667,0.333333333,33.74
00-0029682,B.Osweiler,2015122800,12/28/2015 0:00,299,1,0,365,12,39,3,5,0,0,0,0,239.3333333,1.333333333,0.666666667,303.5,13.5,21.5,35.66666667,3.166666667,9.333333333,0.166666667,0,0.166666667,0.333333333,19.46
00-0029682,B.Osweiler,2016091102,9/11/2016 0:00,231,2,1,401,12,35,4,14,0,0,0,0,264.8333333,1.333333333,0.5,333.1666667,14,23.66666667,38.16666667,3,7.166666667,0.166666667,0,0.166666667,0.333333333,20.64
00-0029682,B.Osweiler,2016091803,9/18/2016 0:00,268,1,2,354,12,33,2,-3,0,0,0,0,261.6666667,1.333333333,0.666666667,368.6666667,14.83333333,24,39.5,3.333333333,8.833333333,0.166666667,0,0.166666667,0.333333333,15.42
00-0029682,B.Osweiler,2016092200,9/22/2016 0:00,196,0,1,301,16,41,1,13,0,0,0,0,261.3333333,1.333333333,0.833333333,360.6666667,13.83333333,23.33333333,38,3.333333333,7.666666667,0.166666667,0,0.166666667,0.333333333,11.14
00-0029682,B.Osweiler,2016100204,10/2/2016 0:00,254,2,2,287,10,37,1,14,0,0,0,0,266.3333333,1.166666667,0.833333333,368.3333333,15,24.66666667,40.5,3,9.666666667,0.166666667,0,0.166666667,0.333333333,20.56
00-0029682,B.Osweiler,2016101612,10/16/2016 0:00,269,2,1,338,13,39,2,-4,0,0,0,0,257.3333333,1.5,1.166666667,366.1666667,14,23,38.16666667,2.666666667,10.33333333,0.166666667,0,0,0,20.36
00-0029682,B.Osweiler,2016102400,10/24/2016 0:00,131,0,0,348,19,41,3,16,0,0,0,0,252.8333333,1.333333333,1.166666667,341,12.5,23.66666667,37.33333333,2.166666667,6.5,0,0,0,0,9.84
00-0029682,B.Osweiler,2016103004,10/30/2016 0:00,186,1,1,246,8,29,3,-3,0,0,0,0,224.8333333,1.166666667,1.166666667,338.1666667,13.66666667,22.83333333,37.66666667,2.166666667,8.333333333,0,0,0,0,13.14
00-0029682,B.Osweiler,2016112100,11/21/2016 0:00,243,1,1,312,12,39,2,19,0,0,0,0,217.3333333,1,1.166666667,312.3333333,13,22.5,36.66666667,2,5.5,0,0,0,0,17.62
00-0029682,B.Osweiler,2016112705,11/27/2016 0:00,246,0,3,436,11,36,3,23,1,0,0,0,213.1666667,1,1,305.3333333,13,23.66666667,37.66666667,2,9.166666667,0,0,0,0,18.14
00-0029682,B.Osweiler,2016120404,12/4/2016 0:00,202,2,0,285,13,35,3,20,0,0,1,1,221.5,1,1.333333333,327.8333333,12.16666667,23.33333333,36.83333333,2.333333333,10.83333333,0.166666667,0,0,0,20.08
00-0029682,B.Osweiler,2016121104,12/11/2016 0:00,147,0,1,209,8,23,2,-2,0,0,0,0,212.8333333,1,1,327.5,12.66666667,22.83333333,36.5,2.666666667,11.83333333,0.166666667,0,0.166666667,0.166666667,7.68
00-0029682,B.Osweiler,2017010110,1/1/2017 0:00,253,1,0,297,18,39,1,1,1,0,0,0,192.5,0.666666667,1,306,11.83333333,21,33.83333333,2.666666667,12.16666667,0.166666667,0,0.166666667,0.166666667,23.22
00-0029682,B.Osweiler,2017111211,11/12/2017 0:00,221,1,1,271,14,33,1,-1,0,0,0,0,212.8333333,0.833333333,1,297.5,11.66666667,20.83333333,33.5,2.333333333,9.666666667,0.333333333,0,0.166666667,0.166666667,14.74
00-0029682,B.Osweiler,2017111908,11/19/2017 0:00,254,1,1,336,18,42,4,24,0,0,0,1,218.6666667,0.833333333,1,301.6666667,12.66666667,20.5,34.16666667,2,10,0.333333333,0,0.166666667,0.166666667,17.56
00-0029682,B.Osweiler,2017121400,12/14/2017 0:00,194,2,0,233,5,17,3,17,1,0,0,0,220.5,0.833333333,1,305.6666667,13.66666667,20,34.66666667,2.333333333,10.83333333,0.333333333,0,0.166666667,0.333333333,26.46
00-0029682,B.Osweiler,2017122408,12/24/2017 0:00,193,0,1,180,14,37,4,27,0,0,1,1,211.8333333,1.166666667,0.5,271.8333333,12.66666667,18.33333333,31.5,2.333333333,9.833333333,0.333333333,0,0.166666667,0.333333333,11.42
00-0029682,B.Osweiler,2018101404,10/14/2018 0:00,380,3,2,293,13,43,2,8,0,0,0,0,210.3333333,0.833333333,0.666666667,254.3333333,12.83333333,18.33333333,31.83333333,2.5,11,0.333333333,0,0.166666667,0.333333333,29
00-0029682,B.Osweiler,2018102106,10/21/2018 0:00,239,2,0,309,9,31,1,2,0,0,0,0,249.1666667,1.333333333,0.833333333,268.3333333,13.66666667,20.66666667,35.16666667,2.5,12.66666667,0.333333333,0,0.166666667,0.333333333,20.76
00-0029682,B.Osweiler,2018110404,11/4/2018 0:00,139,0,0,168,9,24,3,4,0,0,0,0,246.8333333,1.5,0.833333333,270.3333333,12.16666667,20.83333333,33.83333333,2.5,12.83333333,0.166666667,0,0.166666667,0.333333333,8.96
00-0029682,B.Osweiler,2018111103,11/11/2018 0:00,213,0,1,232,13,37,1,0,0,0,0,0,233.1666667,1.333333333,0.666666667,253.1666667,11.33333333,20.33333333,32.33333333,2.833333333,13.66666667,0.166666667,0,0.166666667,0.333333333,10.52
,,,,,,,,,,,,,,,,226.3333333,1.166666667,0.666666667,235.8333333,10.5,20.33333333,31.5,2.333333333,9.666666667,0.166666667,0,0.166666667,0.166666667,0
00-0029701,R.Tannehill,2012091612,9/16/2012 0:00,200,1,0,235,12,30,3,14,1,0,0,0,219,0,3,185,13,20,36,2,-1,0,0,0,0,22.4
00-0029701,R.Tannehill,2012092306,9/23/2012 0:00,196,0,1,377,19,36,3,3,0,0,0,0,209.5,0.5,1.5,210,12.5,19,33,2.5,6.5,0.5,0,0,0,10.14
00-0029701,R.Tannehill,2012093007,9/30/2012 0:00,431,1,2,432,13,41,1,0,0,0,1,1,205,0.333333333,1.333333333,265.6666667,14.66666667,18,34,2.666666667,5.333333333,0.333333333,0,0,0,21.24
00-0029701,R.Tannehill,2012100705,10/7/2012 0:00,223,0,0,263,9,26,4,-4,0,0,0,0,261.5,0.5,1.5,307.25,14.25,20,35.75,2.25,4,0.25,0,0.25,0.25,11.52
00-0029701,R.Tannehill,2012101405,10/14/2012 0:00,185,2,0,102,8,29,5,-1,0,0,0,0,253.8,0.4,1.2,298.4,13.2,19.4,33.8,2.6,2.4,0.2,0,0.2,0.2,18.3
00-0029701,R.Tannehill,2012110407,11/4/2012 0:00,290,1,0,261,16,38,1,-1,0,0,0,0,242.3333333,0.666666667,1,265.6666667,12.33333333,19.66666667,33,3,1.833333333,0.166666667,0,0.166666667,0.166666667,18.5
00-0029701,R.Tannehill,2012111102,11/11/2012 0:00,217,0,3,254,13,39,1,-1,0,0,0,0,254.1666667,0.833333333,0.5,278.3333333,12.83333333,20,33.33333333,2.833333333,1.833333333,0.166666667,0,0.166666667,0.166666667,8.58
00-0029701,R.Tannehill,2012111500,11/15/2012 0:00,141,1,2,304,12,28,1,7,0,0,1,1,257,0.666666667,1,281.5,13,20.83333333,34.83333333,2.5,-0.666666667,0,0,0.166666667,0.166666667,10.34
00-0029701,R.Tannehill,2012112507,11/25/2012 0:00,253,1,1,243,6,25,4,33,0,0,0,0,247.8333333,0.833333333,1.166666667,269.3333333,11.83333333,20.5,33.5,2.166666667,0,0,0,0.333333333,0.333333333,19.42
00-0029701,R.Tannehill,2012120207,12/2/2012 0:00,186,0,0,339,15,28,5,19,1,0,0,1,218.1666667,0.833333333,1,237.8333333,10.66666667,19.16666667,30.83333333,2.666666667,5.5,0,0,0.166666667,0.166666667,17.34
00-0029701,R.Tannehill,2012120910,12/9/2012 0:00,150,1,0,349,16,33,3,25,0,0,0,1,212,0.833333333,1,250.5,11.66666667,18.5,31.16666667,2.833333333,9.333333333,0.166666667,0,0.166666667,0.333333333,14.5
00-0029701,R.Tannehill,2012121605,12/16/2012 0:00,220,2,0,217,6,28,8,52,0,0,0,0,206.1666667,0.666666667,1,291.6666667,13,17.83333333,31.83333333,2.5,13.66666667,0.166666667,0,0.166666667,0.5,25
00-0029701,R.Tannehill,2012122302,12/23/2012 0:00,130,2,0,205,12,25,6,44,0,0,0,0,194.5,0.833333333,1,284.3333333,11.33333333,17.83333333,30.16666667,3.666666667,22.5,0.166666667,0,0.166666667,0.5,20.6
00-0029701,R.Tannehill,2012123001,12/30/2012 0:00,235,0,1,300,14,35,2,8,0,0,0,0,180,1.166666667,0.5,276.1666667,11.16666667,16.16666667,27.83333333,4.5,30,0.166666667,0,0.166666667,0.5,12.2
00-0029701,R.Tannehill,2013090803,9/8/2013 0:00,272,1,1,353,13,38,5,3,0,0,0,0,195.6666667,1,0.333333333,275.5,11.5,17.16666667,29,4.666666667,30.16666667,0.166666667,0,0,0.333333333,17.18
00-0029701,R.Tannehill,2013091506,9/15/2013 0:00,319,1,0,233,9,32,4,1,0,0,0,0,198.8333333,1,0.333333333,293.8333333,12.66666667,18.16666667,31.16666667,4.833333333,25.16666667,0.166666667,0,0,0.333333333,19.86
00-0029701,R.Tannehill,2013092203,9/22/2013 0:00,236,2,1,302,10,35,2,7,0,0,0,0,221,1.166666667,0.333333333,276.1666667,11.66666667,19.83333333,31.83333333,4.666666667,22.16666667,0,0,0,0.166666667,20.14
00-0029701,R.Tannehill,2013093000,9/30/2013 0:00,249,1,3,224,10,35,4,48,0,0,0,0,235.3333333,1.333333333,0.5,268.3333333,10.66666667,21,32.16666667,4.5,19.16666667,0,0,0,0,18.76
00-0029701,R.Tannehill,2013100604,10/6/2013 0:00,307,1,0,437,18,39,2,6,0,0,0,0,240.1666667,1.166666667,1,269.5,11.33333333,21,33.33333333,3.833333333,18.5,0,0,0,0,19.88
00-0029701,R.Tannehill,2013102006,10/20/2013 0:00,194,3,2,403,16,37,3,5,0,0,0,0,269.6666667,1,1,308.1666667,12.33333333,22.33333333,35.66666667,3.166666667,12.16666667,0,0,0,0,21.26
00-0029701,R.Tannehill,2013102703,10/27/2013 0:00,192,2,2,370,18,42,1,12,0,0,0,0,262.8333333,1.5,1.166666667,325.3333333,12.66666667,22.16666667,36,3.333333333,11.66666667,0,0,0,0,17.88
00-0029701,R.Tannehill,2013103100,10/31/2013 0:00,208,0,0,196,8,28,1,1,1,0,0,0,249.5,1.666666667,1.333333333,328.1666667,13.5,21.83333333,36.66666667,2.666666667,13.16666667,0,0,0,0,17.42
00-0029701,R.Tannehill,2013111100,11/11/2013 0:00,229,2,1,421,14,42,1,2,0,0,0,0,231,1.5,1.333333333,322,13.33333333,21.33333333,36,2.166666667,13.16666667,0.166666667,0,0,0,19.36
00-0029701,R.Tannehill,2013111705,11/17/2013 0:00,268,1,1,311,12,35,4,21,0,0,0,0,229.8333333,1.5,1.333333333,341.8333333,14,21.83333333,37.16666667,2,12.33333333,0.166666667,0,0,0,18.82
00-0029701,R.Tannehill,2013112406,11/24/2013 0:00,310,1,1,457,12,41,4,36,0,0,0,0,233,1.5,1,356.3333333,14.33333333,21.83333333,37.16666667,2,7.833333333,0.166666667,0,0,0,22
00-0029701,R.Tannehill,2013120105,12/1/2013 0:00,331,2,1,297,14,43,3,22,0,0,0,0,233.5,1.5,1.166666667,359.6666667,13.33333333,23,37.5,2.333333333,12.83333333,0.166666667,0,0,0,25.44
00-0029701,R.Tannehill,2013120806,12/8/2013 0:00,160,2,1,216,9,25,2,56,0,0,0,0,256.3333333,1.333333333,1,342,13,24.5,38.5,2.333333333,15.66666667,0.166666667,0,0,0,22
00-0029701,R.Tannehill,2013121504,12/15/2013 0:00,312,3,0,410,12,37,1,-1,0,0,0,0,251,1.333333333,0.833333333,316.3333333,11.5,23.33333333,35.66666667,2.5,23,0.166666667,0,0,0,27.38
00-0029701,R.Tannehill,2013122905,12/29/2013 0:00,204,1,3,391,16,39,2,19,0,0,0,0,268.3333333,1.833333333,0.833333333,352,12.16666667,24.16666667,37.16666667,2.5,22.66666667,0,0,0,0,14.06
00-0029701,R.Tannehill,2014090705,9/7/2014 0:00,178,2,1,277,13,32,3,-2,0,0,1,1,264.1666667,1.666666667,1.166666667,347,12.5,23,36.66666667,2.666666667,25.5,0,0,0,0,15.92
00-0029701,R.Tannehill,2014091400,9/14/2014 0:00,241,1,1,338,17,49,4,11,0,0,0,0,249.1666667,1.833333333,1.166666667,341.3333333,12.66666667,22.33333333,36.16666667,2.5,21.66666667,0,0,0.166666667,0.166666667,16.74
00-0029701,R.Tannehill,2014092111,9/21/2014 0:00,205,1,0,306,22,43,1,9,0,0,0,0,237.6666667,1.833333333,1.166666667,321.5,13.5,22.83333333,37.5,2.5,17.5,0,0,0.166666667,0.166666667,16.1
00-0029701,R.Tannehill,2014092806,9/28/2014 0:00,278,2,1,178,7,31,5,35,0,0,0,0,216.6666667,1.666666667,1,323,14.83333333,21.66666667,37.5,2.166666667,15.33333333,0,0,0.166666667,0.166666667,24.62
00-0029701,R.Tannehill,2014101204,10/12/2014 0:00,231,2,2,275,9,31,3,49,0,0,1,1,236.3333333,1.666666667,1,316.6666667,14.5,23,38.5,2.666666667,11.83333333,0,0,0.166666667,0.166666667,22.14
00-0029701,R.Tannehill,2014101902,10/19/2014 0:00,277,2,0,221,7,32,6,48,0,0,0,0,222.8333333,1.5,1.333333333,294.1666667,14,22.16666667,37.5,3,20.16666667,0,0,0.333333333,0.333333333,26.88
00-0029701,R.Tannehill,2014102603,10/26/2014 0:00,196,1,1,289,12,29,5,48,0,0,0,0,235,1.666666667,0.833333333,265.8333333,12.5,23,36.33333333,3.666666667,25,0,0,0.333333333,0.333333333,18.64
00-0029701,R.Tannehill,2014110205,11/2/2014 0:00,288,3,0,254,10,34,4,47,0,0,0,0,238,1.5,0.833333333,267.8333333,12.33333333,22.66666667,35.83333333,4,33.33333333,0,0,0.166666667,0.166666667,31.22
00-0029701,R.Tannehill,2014110902,11/9/2014 0:00,201,1,1,225,9,37,2,0,0,0,0,1,245.8333333,1.833333333,0.666666667,253.8333333,11.16666667,21.5,33.33333333,4,39.33333333,0,0,0.166666667,0.166666667,13.04
00-0029701,R.Tannehill,2014111300,11/13/2014 0:00,240,2,0,249,8,34,4,16,0,0,0,0,245.1666667,1.833333333,0.833333333,240.3333333,9,22.5,32.33333333,4.166666667,37.83333333,0,0,0.166666667,0.333333333,22.2
00-0029701,R.Tannehill,2014112310,11/23/2014 0:00,228,3,1,230,9,36,4,15,1,0,0,3,238.8333333,1.833333333,0.666666667,252.1666667,9.166666667,23,32.83333333,4,34.66666667,0,0,0.166666667,0.333333333,27.62
00-0029701,R.Tannehill,2014120100,12/1/2014 0:00,235,0,1,307,9,35,4,13,0,0,0,0,238.3333333,2,0.5,244.6666667,9.166666667,24,33.66666667,4.166666667,29,0.166666667,0,0,0.666666667,12.7
00-0029701,R.Tannehill,2014120704,12/7/2014 0:00,227,1,0,192,10,33,2,6,0,0,0,0,231.3333333,1.666666667,0.666666667,259,9.5,24,34.16666667,3.833333333,23.16666667,0.166666667,0,0,0.666666667,16.68
00-0029701,R.Tannehill,2014121408,12/14/2014 0:00,346,1,2,526,16,47,3,21,0,0,0,1,236.5,1.666666667,0.5,242.8333333,9.166666667,25.16666667,34.83333333,3.333333333,16.16666667,0.166666667,0,0,0.666666667,19.94
00-0029701,R.Tannehill,2014122103,12/21/2014 0:00,396,4,1,266,11,47,5,1,0,0,0,0,246.1666667,1.333333333,0.833333333,288.1666667,10.16666667,26,37,3.166666667,11.83333333,0.166666667,0,0,0.833333333,33.94
00-0029701,R.Tannehill,2015091303,9/13/2015 0:00,226,1,0,275,12,34,3,7,0,0,0,0,278.6666667,1.833333333,0.833333333,295,10.5,27.33333333,38.66666667,3.666666667,12,0.166666667,0,0,0.666666667,16.74
00-0029701,R.Tannehill,2015092011,9/20/2015 0:00,359,2,0,391,13,43,3,17,0,0,0,0,276.3333333,1.666666667,0.833333333,299.3333333,11.16666667,26.66666667,38.66666667,3.5,10.5,0.166666667,0,0,0.666666667,27.06
00-0029701,R.Tannehill,2015092712,9/27/2015 0:00,297,2,3,432,20,49,1,-1,0,0,0,0,298.1666667,1.5,0.666666667,326.1666667,11.83333333,27.33333333,39.83333333,3.333333333,10.83333333,0,0,0,0.166666667,19.78
00-0029701,R.Tannehill,2015100400,10/4/2015 0:00,198,2,2,402,23,44,1,4,0,0,0,0,308.5,1.833333333,1,347,13.66666667,27.5,42.16666667,2.833333333,8.5,0,0,0,0.166666667,17.32
00-0029701,R.Tannehill,2015101806,10/18/2015 0:00,266,2,2,227,5,29,2,14,0,0,0,0,303.6666667,2,1.333333333,382,15.83333333,26.83333333,44,2.666666667,8.166666667,0,0,0,0.166666667,21.04
00-0029701,R.Tannehill,2015102502,10/25/2015 0:00,282,4,0,65,1,19,1,3,0,0,0,0,290.3333333,2.166666667,1.333333333,332.1666667,14,25.66666667,41,2.5,7,0,0,0,0,30.58
00-0029701,R.Tannehill,2015102900,10/29/2015 0:00,300,0,2,421,14,44,2,-1,0,0,0,0,271.3333333,2.166666667,1.166666667,298.6666667,12.33333333,22.83333333,36.33333333,1.833333333,7.333333333,0,0,0,0,12.9
00-0029701,R.Tannehill,2015110804,11/8/2015 0:00,309,0,0,208,9,36,2,3,0,0,0,0,283.6666667,2,1.5,323,12.66666667,23.83333333,38,1.666666667,6,0,0,0,0,15.66
00-0029701,R.Tannehill,2015111505,11/15/2015 0:00,217,2,0,282,15,36,2,-2,0,0,0,0,275.3333333,1.666666667,1.5,292.5,12,23.33333333,36.83333333,1.5,3.666666667,0,0,0,0,19.48
00-0029701,R.Tannehill,2015112207,11/22/2015 0:00,188,2,1,241,10,24,3,13,0,0,0,1,262,1.666666667,1,267.5,11.16666667,22.5,34.66666667,1.666666667,3.5,0,0,0,0,17.82
00-0029701,R.Tannehill,2015121400,12/14/2015 0:00,236,1,0,476,15,40,4,24,0,0,1,2,260.3333333,1.666666667,0.833333333,240.6666667,9,21.5,31.33333333,2,5,0,0,0,0.166666667,16.84
00-0029701,R.Tannehill,2015122011,12/20/2015 0:00,216,0,0,307,13,33,3,4,1,0,0,0,255.3333333,1.5,0.5,282.1666667,10.66666667,22,33.16666667,2.333333333,6.666666667,0,0,0.166666667,0.5,18.04
00-0029701,R.Tannehill,2015122701,12/27/2015 0:00,329,0,1,302,11,38,1,28,0,0,0,0,244.3333333,0.833333333,0.5,322.5,12.66666667,22.33333333,35.5,2.666666667,6.833333333,0.166666667,0,0.166666667,0.5,17.96
00-0029701,R.Tannehill,2016010301,1/3/2016 0:00,350,2,0,490,13,38,3,17,0,0,0,1,249.1666667,0.833333333,0.333333333,302.6666667,12.16666667,22,34.5,2.5,11.66666667,0.166666667,0,0.166666667,0.5,25.7
00-0029701,R.Tannehill,2016091109,9/11/2016 0:00,186,0,0,237,13,29,5,17,1,0,0,0,256,1.166666667,0.333333333,349.6666667,12.83333333,21.66666667,34.83333333,2.666666667,14,0.166666667,0,0.166666667,0.666666667,18.14
00-0029701,R.Tannehill,2016091804,9/18/2016 0:00,389,2,2,422,10,44,6,35,0,0,1,1,250.8333333,0.833333333,0.333333333,342.1666667,12.5,20.83333333,33.66666667,3.166666667,17.16666667,0.333333333,0,0.166666667,0.666666667,27.06
00-0029701,R.Tannehill,2016092505,9/25/2016 0:00,319,3,2,336,11,38,1,2,0,0,0,0,284.3333333,0.833333333,0.5,372.3333333,12.5,24,37,3.666666667,20.83333333,0.333333333,0,0.333333333,0.666666667,25.96
00-0029701,R.Tannehill,2016101603,10/16/2016 0:00,252,0,0,207,8,32,2,3,0,0,0,0,298.1666667,1.166666667,0.833333333,349,11.83333333,24,36.66666667,3.166666667,17.16666667,0.333333333,0,0.166666667,0.333333333,13.38
00-0029701,R.Tannehill,2016102305,10/23/2016 0:00,204,1,0,278,10,25,6,21,0,0,0,0,304.1666667,1.166666667,0.833333333,332.3333333,11,24.66666667,36.5,3,17,0.166666667,0,0.166666667,0.333333333,17.26
00-0029701,R.Tannehill,2016110604,11/6/2016 0:00,149,1,0,142,11,28,2,-3,0,0,0,0,283.3333333,1.333333333,0.666666667,328.3333333,10.83333333,22.83333333,34.33333333,3.833333333,15.83333333,0.166666667,0,0.166666667,0.333333333,12.66
00-0029701,R.Tannehill,2016111309,11/13/2016 0:00,240,2,0,190,7,24,3,16,0,0,0,0,249.8333333,1.166666667,0.666666667,270.3333333,10.5,21.5,32.66666667,3.666666667,12.5,0.166666667,0,0.166666667,0.166666667,22.2
00-0029701,R.Tannehill,2016112008,11/20/2016 0:00,172,2,1,273,9,34,2,19,0,0,0,0,258.8333333,1.5,0.666666667,262.5,9.5,21.66666667,31.83333333,3.333333333,12.33333333,0,0,0.166666667,0.166666667,18.78
00-0029701,R.Tannehill,2016112706,11/27/2016 0:00,285,3,0,328,10,30,6,34,0,0,0,0,222.6666667,1.5,0.5,237.6666667,9.333333333,20.33333333,30.16666667,2.666666667,9.666666667,0,0,0,0,29.8
00-0029701,R.Tannehill,2016120401,12/4/2016 0:00,226,1,3,244,8,40,1,0,0,0,0,0,217,1.5,0.166666667,236.3333333,9.166666667,19.5,28.83333333,3.5,15,0,0,0,0,13.04
00-0029701,R.Tannehill,2016121106,12/11/2016 0:00,195,3,1,133,4,20,5,20,0,0,0,0,212.6666667,1.666666667,0.666666667,242.5,9.166666667,20.33333333,30.16666667,3.333333333,14.5,0,0,0,0,23.8
00-0029701,R.Tannehill,2018090903,9/9/2018 0:00,230,2,2,291,6,28,4,4,0,0,0,0,211.1666667,2,0.833333333,218.3333333,8.166666667,20.33333333,29.33333333,3.166666667,14.33333333,0,0,0,0,18.6
00-0029701,R.Tannehill,2018091604,9/16/2018 0:00,168,2,0,137,6,23,8,44,0,0,0,0,224.6666667,2.166666667,1.166666667,243.1666667,7.333333333,20.83333333,29.33333333,3.5,15.5,0,0,0,0,22.12
00-0029701,R.Tannehill,2018092306,9/23/2018 0:00,289,3,0,229,6,23,3,26,0,0,0,0,212.6666667,2.166666667,1.166666667,234.3333333,7.166666667,20.83333333,29.16666667,4.333333333,20.16666667,0,0,0,0,29.16
00-0029701,R.Tannehill,2018100702,10/7/2018 0:00,185,1,2,202,12,34,3,17,0,0,0,0,232.1666667,2.333333333,1,227,6.666666667,19.66666667,27.33333333,4.5,21.33333333,0,0,0,0,14.1
00-0029701,R.Tannehill,2018112504,11/25/2018 0:00,204,2,0,138,8,25,3,14,0,0,1,1,215.5,2,1.333333333,206,7,19.66666667,28,4,18.5,0,0,0,0,19.56
00-0029701,R.Tannehill,2018120206,12/2/2018 0:00,137,3,1,241,7,24,3,-5,0,0,0,0,211.8333333,2.166666667,0.833333333,188.3333333,7,17.66666667,25.5,4.333333333,20.83333333,0,0,0.166666667,0.166666667,18.98
00-0029701,R.Tannehill,2018120906,12/9/2018 0:00,265,3,0,197,5,19,1,13,0,0,0,0,202.1666667,2.166666667,0.833333333,206.3333333,7.5,17.83333333,26.16666667,4,16.66666667,0,0,0.166666667,0.166666667,26.9
00-0029701,R.Tannehill,2018121607,12/16/2018 0:00,108,0,0,231,13,24,1,1,0,0,0,0,208,2.333333333,0.5,190.6666667,7.333333333,16.83333333,24.66666667,3.5,18.16666667,0,0,0.166666667,0.166666667,7.42
00-0029701,R.Tannehill,2018122302,12/23/2018 0:00,146,1,1,102,6,22,3,22,0,0,0,0,198,2,0.5,206.3333333,8.5,15.83333333,24.83333333,2.333333333,11,0,0,0.166666667,0.166666667,14.04
00-0029701,R.Tannehill,2018123001,12/30/2018 0:00,147,0,2,245,11,31,2,9,0,0,0,0,174.1666667,1.666666667,0.666666667,185.1666667,8.5,15.5,24.66666667,2.333333333,10.33333333,0,0,0.166666667,0.166666667,7.78
00-0029701,R.Tannehill,2019101309,10/13/2019 0:00,144,0,1,150,2,16,1,6,0,0,0,0,167.8333333,1.5,0.666666667,192.3333333,8.333333333,15.16666667,24.16666667,2.166666667,9,0,0,0.166666667,0.166666667,8.36
00-0029701,R.Tannehill,2019102008,10/20/2019 0:00,312,2,1,209,5,29,5,7,0,0,0,0,157.8333333,1.166666667,0.833333333,194.3333333,7.333333333,14.5,22.66666667,1.833333333,7.666666667,0,0,0,0,23.18
00-0029701,R.Tannehill,2019102708,10/27/2019 0:00,193,3,0,337,12,33,4,-3,0,0,0,0,187,1,0.833333333,189,7,15.66666667,23.5,2.166666667,9.666666667,0,0,0,0,22.42
00-0029701,R.Tannehill,2019110302,11/3/2019 0:00,331,1,2,304,8,37,4,38,1,0,0,0,175,1,0.833333333,212.3333333,8.166666667,16.83333333,25.83333333,2.666666667,7,0,0,0,0,28.04
00-0029701,R.Tannehill,2019111007,11/10/2019 0:00,181,2,0,251,6,19,4,39,0,0,0,0,212.1666667,1.166666667,1.166666667,224.5,7.333333333,19.5,28,3.166666667,13.16666667,0.166666667,0,0,0,22.14
00-0029701,R.Tannehill,2019112408,11/24/2019 0:00,259,2,0,137,4,18,7,40,2,0,0,0,218,1.333333333,1,249.3333333,7.333333333,19.16666667,27.5,3.333333333,16,0.166666667,0,0,0,37.36
00-0029701,R.Tannehill,2019120103,12/1/2019 0:00,182,2,0,167,5,22,4,5,0,0,0,0,236.6666667,1.666666667,0.666666667,231.3333333,6.166666667,18.5,25.33333333,4.166666667,21.16666667,0.5,0,0,0,18.78
00-0029701,R.Tannehill,2019120812,12/8/2019 0:00,391,3,1,294,5,27,4,19,0,0,0,0,243,2,0.5,234.1666667,6.666666667,19.16666667,26.33333333,4.666666667,21,0.5,0,0,0,31.54
00-0029701,R.Tannehill,2019121507,12/15/2019 0:00,279,2,1,353,12,35,3,10,1,0,0,0,256.1666667,2.166666667,0.5,248.3333333,6.666666667,18.83333333,26,4.5,23,0.5,0,0,0,28.16
00-0029701,R.Tannehill,2019122210,12/22/2019 0:00,272,3,0,241,10,27,1,8,0,0,1,1,270.5,2,0.666666667,251,6.666666667,19,26.33333333,4.333333333,25.16666667,0.666666667,0,0,0,25.68
00-0029701,R.Tannehill,2019122906,12/29/2019 0:00,198,2,0,272,7,20,5,20,0,0,0,0,260.6666667,2.333333333,0.333333333,240.5,7,17.33333333,24.66666667,3.833333333,20.16666667,0.5,0,0.166666667,0.166666667,20.92
,,,,,,,,,,,,,,,,263.5,2.333333333,0.333333333,244,7.166666667,17.33333333,24.83333333,4,17,0.5,0,0.166666667,0.166666667,0
,,,,,,,,,,,,,,,,229,1,2,403,19,18,39,3,17,0,0,1,1,0
00-0030419,M.McGloin,2013112409,11/24/2013 0:00,260,1,1,234,12,32,2,6,0,0,1,1,197,3,0,285,14,18,32,3,-3,0,0,0,0,16
00-0030419,M.McGloin,2013112801,11/28/2013 0:00,255,0,1,350,11,30,2,-1,0,0,0,0,228.5,2,0.5,259.5,13,18.5,32,2.5,1.5,0,0,0.5,0.5,12.1
00-0030419,M.McGloin,2013120803,12/8/2013 0:00,245,2,1,241,12,31,2,20,0,0,0,0,237.3333333,1.333333333,0.666666667,289.6666667,12.33333333,18.33333333,31.33333333,2.333333333,0.666666667,0,0,0.333333333,0.333333333,21.8
00-0030419,M.McGloin,2013121511,12/15/2013 0:00,297,2,4,304,13,35,1,0,0,0,0,0,239.25,1.5,0.75,277.5,12.25,18.25,31.25,2.25,5.5,0,0,0.25,0.25,18.88
00-0030419,M.McGloin,2013122213,12/22/2013 0:00,206,0,1,293,15,36,1,5,0,0,0,0,250.8,1.6,1.4,282.8,12.4,18.2,32,2,4.4,0,0,0.2,0.2,10.74
00-0030419,M.McGloin,2014092806,9/28/2014 0:00,129,1,2,172,5,19,2,3,0,0,0,0,243.3333333,1.333333333,1.333333333,284.5,12.83333333,18.5,32.66666667,1.833333333,4.5,0,0,0.166666667,0.166666667,10.46
,,,,,,,,,,,,,,,,232,1,1.666666667,265.6666667,11.33333333,17.5,30.5,1.666666667,5.5,0,0,0.166666667,0.166666667,0
00-0030520,M.Glennon,2013101307,10/13/2013 0:00,273,2,1,378,13,40,3,20,0,0,0,0,193,1,2,303,17,24,43,2,-1,0,0,0,0,22.92
00-0030520,M.Glennon,2013102000,10/20/2013 0:00,256,2,0,350,18,44,1,13,0,0,0,1,233,1.5,1.5,340.5,15,25,41.5,2.5,9.5,0,0,0,0,21.54
00-0030520,M.Glennon,2013102400,10/24/2013 0:00,275,1,0,382,21,51,3,2,0,0,0,0,240.6666667,1.666666667,1,343.6666667,16,25.33333333,42.33333333,2,10.66666667,0,0,0,0.333333333,18.2
00-0030520,M.Glennon,2013110307,11/3/2013 0:00,168,2,0,150,6,23,4,13,0,0,0,0,249.25,1.5,0.75,353.25,17.25,26.5,44.5,2.25,8.5,0,0,0,0.25,19.02
00-0030520,M.Glennon,2013111100,11/11/2013 0:00,139,1,1,245,9,21,4,-3,0,0,0,0,233,1.6,0.6,312.6,15,24.6,40.2,2.6,9.4,0,0,0,0.2,11.26
00-0030520,M.Glennon,2013111708,11/17/2013 0:00,231,2,0,180,3,23,1,4,0,0,0,0,217.3333333,1.5,0.666666667,301.3333333,14,22.33333333,37,2.833333333,7.333333333,0,0,0,0.166666667,20.64
00-0030520,M.Glennon,2013112402,11/24/2013 0:00,236,2,0,201,7,20,4,-17,0,0,0,0,223.6666667,1.666666667,0.333333333,280.8333333,11.66666667,21.66666667,33.66666667,2.666666667,8.166666667,0,0,0,0.166666667,18.74
00-0030520,M.Glennon,2013120100,12/1/2013 0:00,180,0,1,233,6,21,2,3,0,0,0,0,217.5,1.666666667,0.166666667,251.3333333,10.66666667,19.5,30.33333333,2.833333333,2,0,0,0,0.166666667,9.5
00-0030520,M.Glennon,2013122208,12/22/2013 0:00,158,0,0,210,10,26,2,3,0,0,0,0,204.8333333,1.333333333,0.333333333,231.8333333,8.666666667,17.5,26.5,3,0.333333333,0,0,0,0,9.62
00-0030520,M.Glennon,2014091800,9/18/2014 0:00,121,1,0,221,7,24,3,19,0,0,0,0,185.3333333,1.166666667,0.333333333,203.1666667,6.833333333,15.16666667,22.33333333,2.833333333,0.5,0,0,0,0,13.74
00-0030520,M.Glennon,2014100505,10/5/2014 0:00,238,2,1,335,12,31,1,0,0,0,0,1,177.5,1,0.333333333,215,7,15.16666667,22.5,2.666666667,1.5,0,0,0,0,18.52
00-0030520,M.Glennon,2014102607,10/26/2014 0:00,171,1,1,196,8,28,3,13,0,0,1,1,194,1.166666667,0.333333333,230,7.5,16.33333333,24.16666667,2.166666667,2,0,0,0,0.166666667,13.14
00-0030520,M.Glennon,2014110201,11/2/2014 0:00,260,2,2,499,14,33,3,17,0,0,0,0,184,1,0.5,232.6666667,8.333333333,16.16666667,25,2.5,3.5,0,0,0.166666667,0.333333333,21.1
00-0030520,M.Glennon,2017092403,9/24/2017 0:00,101,1,1,88,6,22,3,4,0,0,0,1,188,1,0.833333333,282.3333333,9.5,16.83333333,27.16666667,2.333333333,9.166666667,0,0,0.166666667,0.333333333,9.44
00-0030520,M.Glennon,2017092800,9/28/2017 0:00,218,1,2,286,10,33,1,0,0,0,0,0,174.8333333,1.166666667,0.833333333,258.1666667,9.5,17,27.33333333,2.5,9.333333333,0,0,0.166666667,0.5,13.72
,,,,,,,,,,,,,,,,184.8333333,1.333333333,1.166666667,270.8333333,9.5,17.83333333,28.5,2.333333333,8.833333333,0,0,0.166666667,0.5,0
00-0030524,L.Jones,2015102504,10/25/2015 0:00,209,1,2,291,11,29,1,-2,0,0,0,0,168,2,0,111,4,8,12,1,-1,0,0,0,0,13.16
00-0030524,L.Jones,2017123109,12/31/2017 0:00,239,1,1,214,3,27,3,-6,0,0,0,1,188.5,1.5,1,201,7.5,12,20.5,1,-1.5,0,0,0,0,13.96
,,,,,,,,,,,,,,,,205.3333333,1.333333333,1,205.3333333,6,15.66666667,22.66666667,1.666666667,-3,0,0,0,0.333333333,0
00-0030526,E.Manuel,2013091502,9/15/2013 0:00,296,1,1,245,11,39,4,13,0,0,0,0,150,2,0,194,9,18,27,3,23,0,0,1,2,19.14
00-0030526,E.Manuel,2013092205,9/22/2013 0:00,243,1,0,460,22,41,6,40,0,0,0,0,223,1.5,0.5,219.5,10,22.5,33,3.5,18,0,0,0.5,1,20.72
00-0030526,E.Manuel,2013092900,9/29/2013 0:00,167,1,2,313,10,22,11,1,0,0,0,0,229.6666667,1.333333333,0.333333333,299.6666667,14,21.33333333,35.66666667,4.333333333,25.33333333,0,0,0.333333333,0.666666667,11.78
00-0030526,E.Manuel,2013100300,10/3/2013 0:00,129,0,0,93,8,19,1,14,0,0,0,0,214,1.25,0.75,303,13,18.5,32.25,6,19.25,0,0,0.25,0.5,9.56
00-0030526,E.Manuel,2013111006,11/10/2013 0:00,155,1,1,218,16,39,2,17,0,0,0,0,197,1,0.6,261,12,17,29.6,5,18.2,0,0,0.2,0.4,13.9
00-0030526,E.Manuel,2013111700,11/17/2013 0:00,245,2,0,276,8,28,7,9,0,0,0,0,190,1,0.666666667,253.8333333,12.66666667,17.83333333,31.16666667,4.5,18,0,0,0.166666667,0.333333333,21.7
00-0030526,E.Manuel,2013120107,12/1/2013 0:00,210,1,0,316,14,32,4,3,1,0,2,2,205.8333333,1,0.666666667,267.5,12.5,18.16666667,31.33333333,5.166666667,15.66666667,0,0,0,0,19.7
00-0030526,E.Manuel,2013120807,12/8/2013 0:00,184,0,4,208,11,33,5,29,0,0,0,0,191.5,1,0.5,279.3333333,13,16.66666667,30.16666667,5.166666667,14,0.166666667,0,0.333333333,0.333333333,9.26
00-0030526,E.Manuel,2013121503,12/15/2013 0:00,193,2,1,156,6,24,10,37,1,0,0,0,181.6666667,0.833333333,1.166666667,237.3333333,11.16666667,16.5,28.83333333,5,12.16666667,0.166666667,0,0.333333333,0.333333333,27.42
00-0030526,E.Manuel,2014090702,9/7/2014 0:00,173,1,1,211,5,22,6,19,1,0,0,0,186,1,1,211.1666667,10.5,17.66666667,29.16666667,4.833333333,18.16666667,0.333333333,0,0.333333333,0.333333333,20.82
00-0030526,E.Manuel,2014091400,9/14/2014 0:00,202,1,0,193,10,26,4,6,0,0,0,0,193.3333333,1.166666667,1.166666667,230.8333333,10,18.5,29.66666667,5.666666667,19,0.5,0,0.333333333,0.333333333,15.68
00-0030526,E.Manuel,2014092100,9/21/2014 0:00,238,1,0,247,16,39,5,24,0,1,0,0,201.1666667,1.166666667,1,226.6666667,9,17.5,27.5,6,17.16666667,0.5,0,0.333333333,0.333333333,18.92
00-0030526,E.Manuel,2014092802,9/28/2014 0:00,225,2,2,366,20,43,1,3,0,0,0,0,200,1,1,221.8333333,10.33333333,18,29.33333333,5.666666667,19.66666667,0.5,0.166666667,0.333333333,0.333333333,18.3
00-0030526,E.Manuel,2015101804,10/18/2015 0:00,263,1,1,368,12,41,6,22,1,0,0,0,202.5,1.166666667,1.333333333,230.1666667,11.33333333,18.5,31.16666667,5.166666667,19.66666667,0.333333333,0.166666667,0,0,24.72
00-0030526,E.Manuel,2015102500,10/25/2015 0:00,298,2,2,374,16,42,8,38,0,0,1,2,215.6666667,1.333333333,0.833333333,256.8333333,11.5,20.16666667,32.5,5.333333333,18.5,0.5,0.166666667,0,0,22.72
00-0030526,E.Manuel,2017100809,10/8/2017 0:00,159,1,0,242,13,26,2,15,0,0,1,1,233.1666667,1.333333333,1,293.1666667,13.16666667,21.33333333,35.5,5,18.66666667,0.333333333,0.166666667,0.166666667,0.333333333,13.86
,,,,,,,,,,,,,,,,230.8333333,1.333333333,0.833333333,298.3333333,14.5,20.83333333,36.16666667,4.333333333,18,0.166666667,0.166666667,0.333333333,0.5,0
00-0030533,M.Barkley,2016120402,12/4/2016 0:00,192,0,0,235,7,18,4,3,0,0,0,0,316,3,2,508,24,28,54,2,0,0,0,0,0,10.98
00-0030533,M.Barkley,2018111106,11/11/2018 0:00,232,2,0,310,10,25,3,-2,0,0,0,1,254,1.5,1,371.5,15.5,19.5,36,3,1.5,0,0,0,0,19.08
00-0030533,M.Barkley,2019122901,12/29/2019 0:00,232,0,2,272,14,34,2,-4,0,0,0,0,246.6666667,1.666666667,0.666666667,351,13.66666667,18,32.33333333,3,0.333333333,0,0,0,0.333333333,9.88
,,,,,,,,,,,,,,,,243,1.25,1,331.25,13.75,18,32.75,2.75,-0.75,0,0,0,0.25,0
00-0030565,G.Smith,2013091200,9/12/2013 0:00,214,0,3,443,17,35,3,17,0,0,1,1,256,1,1,263,12,24,37,6,47,0,0,0,0,9.26
00-0030565,G.Smith,2013092205,9/22/2013 0:00,331,2,2,389,11,29,4,14,1,0,0,0,235,0.5,2,353,14.5,19.5,36,4.5,32,0,0,0.5,0.5,29.64
00-0030565,G.Smith,2013092908,9/29/2013 0:00,289,1,2,310,9,34,3,7,0,0,0,0,267,1,2,365,13.33333333,18.33333333,33.66666667,4.333333333,26,0.333333333,0,0.333333333,0.333333333,17.26
00-0030565,G.Smith,2013100700,10/7/2013 0:00,199,3,0,149,4,20,3,21,0,0,0,0,272.5,1,2,351.25,12.25,19.5,33.75,4,21.25,0.25,0,0.25,0.25,25.06
00-0030565,G.Smith,2013101306,10/13/2013 0:00,201,0,2,368,13,34,3,8,0,0,0,0,257.8,1.4,1.6,310.8,10.6,18.8,31,3.8,21.2,0.2,0,0.2,0.2,9.84
00-0030565,G.Smith,2013102007,10/20/2013 0:00,233,1,1,425,15,33,6,32,1,0,0,0,248.3333333,1.166666667,1.666666667,320.3333333,11,18.83333333,31.5,3.666666667,19,0.166666667,0,0.166666667,0.166666667,24.52
00-0030565,G.Smith,2013102707,10/27/2013 0:00,159,0,2,191,8,30,2,8,0,0,0,0,244.5,1.166666667,1.666666667,347.3333333,11.5,17.66666667,30.83333333,3.666666667,16.5,0.333333333,0,0.166666667,0.166666667,8.16
00-0030565,G.Smith,2013110303,11/3/2013 0:00,115,0,0,62,11,19,6,18,1,0,0,0,235.3333333,1.166666667,1.5,305.3333333,10,18.5,30,3.5,15,0.333333333,0,0,0,15.4
00-0030565,G.Smith,2013111700,11/17/2013 0:00,103,0,3,203,12,23,1,0,0,0,0,0,199.3333333,0.833333333,1.166666667,250.8333333,10,17.16666667,28.33333333,3.833333333,15.66666667,0.333333333,0,0,0,4.12
00-0030565,G.Smith,2013112400,11/24/2013 0:00,127,0,2,251,11,22,3,6,0,0,0,0,168.3333333,0.666666667,1.333333333,233,10.5,14.66666667,26.5,3.5,14.5,0.333333333,0,0,0,6.68
00-0030565,G.Smith,2013120803,12/8/2013 0:00,219,1,1,130,8,25,5,50,1,0,0,0,156.3333333,0.166666667,1.666666667,250,11.66666667,13.5,26.83333333,3.5,12,0.333333333,0,0,0,25.76
00-0030565,G.Smith,2013121510,12/15/2013 0:00,167,1,1,234,12,28,6,44,0,0,0,0,159.3333333,0.333333333,1.5,210.3333333,10.83333333,13,25.33333333,3.833333333,19,0.5,0,0,0,17.08
00-0030565,G.Smith,2013122206,12/22/2013 0:00,214,2,0,251,16,36,10,48,1,0,0,0,148.3333333,0.333333333,1.5,178.5,10.33333333,12.66666667,24.5,3.833333333,21,0.333333333,0,0,0,30.36
00-0030565,G.Smith,2013122905,12/29/2013 0:00,190,0,0,192,10,27,10,44,1,0,0,0,157.5,0.666666667,1.166666667,188.5,11.66666667,12.66666667,25.5,5.166666667,27.66666667,0.5,0,0,0,21
00-0030565,G.Smith,2014090706,9/7/2014 0:00,221,1,1,165,4,28,10,38,0,0,0,0,170,0.666666667,1.166666667,210.1666667,11.5,14.16666667,26.83333333,5.833333333,32,0.5,0,0,0,18.64
00-0030565,G.Smith,2014091411,9/14/2014 0:00,176,1,1,276,13,30,7,26,1,0,0,0,189.6666667,0.833333333,0.833333333,203.8333333,10.16666667,16.66666667,27.66666667,7.333333333,38.33333333,0.5,0,0,0,21.64
00-0030565,G.Smith,2014092200,9/22/2014 0:00,316,1,2,335,15,43,3,20,0,0,0,2,197.8333333,1,0.666666667,208,10.5,17.83333333,29,8,41.66666667,0.666666667,0,0,0,17.64
00-0030565,G.Smith,2014092805,9/28/2014 0:00,209,1,0,148,15,32,4,4,0,0,0,0,214,1,0.833333333,242.1666667,11.66666667,19.5,32,7.666666667,36.66666667,0.5,0,0,0.333333333,15.76
00-0030565,G.Smith,2014101206,10/12/2014 0:00,190,2,1,219,19,43,2,11,0,0,0,1,221,1,0.666666667,227.8333333,12.16666667,19.83333333,32.66666667,7.333333333,30,0.5,0,0,0.333333333,17.7
00-0030565,G.Smith,2014101600,10/16/2014 0:00,226,1,0,237,13,33,7,37,0,0,0,0,217,1,0.833333333,222.5,12.66666667,20.33333333,33.83333333,6,23.83333333,0.333333333,0,0,0.5,19.74
00-0030565,G.Smith,2014120705,12/7/2014 0:00,254,1,1,255,10,29,6,33,0,0,0,1,223,1.166666667,0.833333333,230,13.16666667,20.83333333,34.83333333,5.5,22.66666667,0.166666667,0,0,0.5,18.46
00-0030565,G.Smith,2014121411,12/14/2014 0:00,179,1,0,264,12,28,4,16,0,1,0,0,228.5,1.166666667,0.833333333,245,14.16666667,20,35,4.833333333,21.83333333,0.166666667,0,0,0.666666667,15.76
00-0030565,G.Smith,2014122105,12/21/2014 0:00,210,1,1,277,9,27,3,9,0,0,0,0,229,1.166666667,0.666666667,243,14,20,34.66666667,4.333333333,20.16666667,0,0.166666667,0,0.666666667,15.3
00-0030565,G.Smith,2014122805,12/28/2014 0:00,358,3,0,249,5,25,5,18,0,0,0,0,211.3333333,1.166666667,0.5,233.3333333,13,18.5,32,4.333333333,18.33333333,0,0.166666667,0,0.333333333,31.12
00-0030565,G.Smith,2015110109,11/1/2015 0:00,265,2,1,372,14,42,2,34,0,0,0,0,236.1666667,1.5,0.5,250.1666667,11.33333333,19,30.83333333,4.5,20.66666667,0,0.166666667,0,0.333333333,24
00-0030565,G.Smith,2017120312,12/3/2017 0:00,212,1,0,172,12,33,3,13,0,0,0,0,248.6666667,1.5,0.5,275.6666667,10.5,19.66666667,30.66666667,4.5,24.5,0,0.166666667,0,0.166666667,16.78
,,,,,,,,,,,,,,,,246.3333333,1.5,0.5,264.8333333,10.33333333,19.83333333,30.66666667,3.833333333,20.5,0,0.166666667,0,0.166666667,0
,,,,,,,,,,,,,,,,177,0,1,250,13,14,28,7,9,0,0,0,0,0
00-0031064,T.Savage,2016121804,12/18/2016 0:00,260,0,0,370,13,36,3,0,0,0,0,0,127,0,1,222,8,10,19,4,-4,0,0,0,0,13.4
00-0031064,T.Savage,2016122411,12/24/2016 0:00,176,0,0,171,11,29,1,11,0,0,0,1,193.5,0,0.5,296,10.5,16.5,27.5,3.5,-2,0,0,0,0,10.14
00-0031064,T.Savage,2017111208,11/12/2017 0:00,221,1,2,348,16,36,2,0,0,0,0,0,187.6666667,0,0.333333333,254.3333333,10.66666667,17,28,2.666666667,2.333333333,0,0,0,0.333333333,13.84
00-0031064,T.Savage,2017111903,11/19/2017 0:00,230,2,1,287,9,32,1,3,0,0,0,1,196,0.25,0.75,277.75,12,17.25,30,2.5,1.75,0,0,0,0.25,18.5
00-0031064,T.Savage,2017120309,12/3/2017 0:00,365,1,1,378,16,48,1,-1,0,0,0,0,202.8,0.6,0.8,279.6,11.4,18.2,30.4,2.2,2,0,0,0,0.4,20.5
,,,,,,,,,,,,,,,,229.8333333,0.666666667,0.833333333,296,12.16666667,20.33333333,33.33333333,2,1.5,0,0,0,0.333333333,0
,,,,,,,,,,,,,,,,265,1,1,240,12,29,42,4,8,1,0,0,1,0
00-0031237,T.Bridgewater,2014092804,9/28/2014 0:00,317,0,0,283,11,30,5,27,1,0,0,0,150,0,0,122,8,12,20,6,27,0,0,0,0,24.38
00-0031237,T.Bridgewater,2014101205,10/12/2014 0:00,188,0,3,190,11,37,3,11,0,0,0,0,233.5,0,0,202.5,9.5,15.5,25,5.5,27,0.5,0,0,0,8.62
00-0031237,T.Bridgewater,2014101901,10/19/2014 0:00,157,1,1,238,9,25,1,7,0,0,0,0,218.3333333,0,1,198.3333333,10,18,29,4.666666667,21.66666667,0.333333333,0,0,0,12.98
00-0031237,T.Bridgewater,2014102607,10/26/2014 0:00,241,1,0,381,17,41,1,3,0,0,0,0,203,0.25,1,208.25,9.75,17.25,28,3.75,18,0.25,0,0,0,16.94
00-0031237,T.Bridgewater,2014110206,11/2/2014 0:00,268,1,0,549,16,42,3,20,0,0,0,0,210.6,0.4,0.8,242.8,11.2,18.6,30.6,3.2,15,0.2,0,0,0,19.72
00-0031237,T.Bridgewater,2014111601,11/16/2014 0:00,137,1,1,149,9,26,4,2,0,0,0,0,220.1666667,0.5,0.666666667,293.8333333,12,19.83333333,32.5,3.166666667,15.83333333,0.166666667,0,0,0,11.68
00-0031237,T.Bridgewater,2014112305,11/23/2014 0:00,210,2,1,317,15,37,5,32,0,0,0,0,218,0.666666667,0.833333333,298.3333333,12.16666667,20.5,33.5,2.833333333,11.66666667,0.166666667,0,0,0,21.6
00-0031237,T.Bridgewater,2014113005,11/30/2014 0:00,138,2,0,117,5,20,2,12,0,0,0,1,200.1666667,1,1,304,12.83333333,20.83333333,34.66666667,2.833333333,12.5,0,0,0,0,16.72
00-0031237,T.Bridgewater,2014120705,12/7/2014 0:00,326,2,1,296,7,28,3,7,0,0,0,1,191.8333333,1.333333333,0.5,291.8333333,11.83333333,19.5,31.83333333,2.666666667,12.66666667,0,0,0,0.166666667,22.74
00-0031237,T.Bridgewater,2014121405,12/14/2014 0:00,315,1,2,159,6,39,3,30,0,0,0,0,220,1.5,0.5,301.5,11.5,20.33333333,32.33333333,3,12.66666667,0,0,0,0.333333333,20.6
00-0031237,T.Bridgewater,2014122103,12/21/2014 0:00,259,2,1,149,5,25,5,13,0,0,0,0,232.3333333,1.5,0.833333333,264.5,9.666666667,21.5,32,3.333333333,17.16666667,0,0,0,0.333333333,21.66
00-0031237,T.Bridgewater,2014122806,12/28/2014 0:00,209,1,1,187,7,25,6,18,0,0,0,0,230.8333333,1.666666667,1,197.8333333,7.833333333,20.33333333,29.16666667,3.666666667,16,0,0,0,0.333333333,16.16
00-0031237,T.Bridgewater,2015091401,9/14/2015 0:00,210,0,1,276,8,31,3,16,0,0,0,0,242.8333333,1.666666667,1,204.1666667,7.5,20.5,29,4,18.66666667,0,0,0,0.333333333,12
00-0031237,T.Bridgewater,2015092007,9/20/2015 0:00,152,1,0,83,4,17,6,21,1,0,0,0,242.8333333,1.333333333,1,197.3333333,6.333333333,20.66666667,28,3.666666667,16,0,0,0,0.333333333,21.18
00-0031237,T.Bridgewater,2015092704,9/27/2015 0:00,121,0,1,197,10,24,1,-1,0,0,0,0,245.1666667,1.166666667,1,191.6666667,6.166666667,20.33333333,27.5,4.333333333,17.5,0.166666667,0,0,0.166666667,6.74
00-0031237,T.Bridgewater,2015100411,10/4/2015 0:00,269,1,0,346,14,41,3,23,0,0,0,2,211,0.833333333,1,175.1666667,6.666666667,19.16666667,26.83333333,4,16.16666667,0.166666667,0,0,0,18.06
00-0031237,T.Bridgewater,2015101803,10/18/2015 0:00,249,1,2,286,12,31,3,-5,0,0,0,0,203.3333333,0.833333333,0.666666667,206.3333333,8,18.5,27.16666667,4,15,0.166666667,0,0,0.333333333,14.46
00-0031237,T.Bridgewater,2015102506,10/25/2015 0:00,316,2,0,279,10,35,3,1,0,0,0,0,201.6666667,0.666666667,0.833333333,229.1666667,9.166666667,18.16666667,28.16666667,3.666666667,12,0.166666667,0,0,0.333333333,23.74
00-0031237,T.Bridgewater,2015110104,11/1/2015 0:00,187,1,1,232,11,29,2,21,0,0,0,0,219.5,0.833333333,0.666666667,244.5,9.666666667,19.5,29.83333333,3.166666667,9.166666667,0.166666667,0,0,0.333333333,15.58
00-0031237,T.Bridgewater,2015110800,11/8/2015 0:00,144,0,1,196,7,21,4,19,1,0,0,0,215.6666667,1,0.666666667,237.1666667,10.16666667,18.66666667,29.5,3,10,0.166666667,0,0,0.333333333,15.66
00-0031237,T.Bridgewater,2015111508,11/15/2015 0:00,140,1,0,87,8,22,2,23,0,0,0,0,214.3333333,0.833333333,0.833333333,256,10.66666667,18.66666667,30.16666667,2.666666667,9.666666667,0.166666667,0,0,0.333333333,14.9
00-0031237,T.Bridgewater,2015112205,11/22/2015 0:00,296,1,0,280,12,37,4,43,0,0,0,0,217.5,1,0.666666667,237.6666667,10.33333333,18.83333333,29.83333333,2.833333333,13.66666667,0.166666667,0,0,0.333333333,23.14
00-0031237,T.Bridgewater,2015112901,11/29/2015 0:00,174,0,1,118,7,28,4,-3,0,0,0,0,222,1,0.666666667,226.6666667,10,18.5,29.16666667,3,17,0.166666667,0,0,0,8.66
00-0031237,T.Bridgewater,2015120606,12/6/2015 0:00,118,0,1,216,10,28,1,2,0,0,0,0,209.5,0.833333333,0.5,198.6666667,9.166666667,19,28.66666667,3.166666667,17.33333333,0.166666667,0,0,0,6.92
00-0031237,T.Bridgewater,2015121000,12/10/2015 0:00,335,1,0,208,10,35,1,3,0,0,1,1,176.5,0.5,0.666666667,188.1666667,9.166666667,17.66666667,27.5,2.833333333,17.5,0.166666667,0,0,0,19.7
00-0031237,T.Bridgewater,2015122002,12/20/2015 0:00,231,4,0,49,3,20,4,17,1,0,0,0,201.1666667,0.5,0.5,184.1666667,9,19,28.5,2.666666667,14.5,0.166666667,0,0.166666667,0.166666667,35.94
00-0031237,T.Bridgewater,2015122706,12/27/2015 0:00,168,1,0,191,10,25,2,12,0,0,0,0,215.6666667,1.166666667,0.333333333,159.6666667,8.333333333,19.66666667,28.33333333,2.666666667,14.16666667,0.166666667,0,0.166666667,0.166666667,14.92
00-0031237,T.Bridgewater,2018123007,12/30/2018 0:00,118,1,1,136,7,22,4,12,0,0,0,0,220.3333333,1.166666667,0.333333333,177,8.666666667,19.83333333,28.83333333,2.666666667,12.33333333,0.166666667,0,0.166666667,0.166666667,11.92
00-0031237,T.Bridgewater,2019091512,9/15/2019 0:00,165,0,0,196,13,30,2,5,0,0,0,0,190.6666667,1.166666667,0.5,153,7.833333333,18,26.33333333,2.666666667,7.166666667,0.166666667,0,0.166666667,0.166666667,10.1
00-0031237,T.Bridgewater,2019092211,9/22/2019 0:00,177,2,0,95,8,27,4,12,0,0,0,0,189.1666667,1.166666667,0.333333333,166,8.833333333,17.5,26.66666667,2.333333333,8.5,0.166666667,0,0.166666667,0.166666667,19.28
00-0031237,T.Bridgewater,2019092912,9/29/2019 0:00,193,0,1,195,6,30,3,8,0,0,0,0,199,1.5,0.166666667,145.8333333,8.5,17.83333333,26.5,2.833333333,10.16666667,0.166666667,0,0.166666667,0.166666667,10.52
00-0031237,T.Bridgewater,2019100603,10/6/2019 0:00,314,4,1,234,7,34,5,7,0,0,0,0,175.3333333,1.333333333,0.333333333,143.6666667,7.833333333,17.5,25.66666667,3.166666667,11,0.166666667,0,0,0,31.26
00-0031237,T.Bridgewater,2019101303,10/13/2019 0:00,240,1,0,213,12,36,3,0,0,0,0,0,189.1666667,1.333333333,0.5,174.5,8.5,19,28,3.333333333,9.333333333,0,0,0,0,16.6
00-0031237,T.Bridgewater,2019102009,10/20/2019 0:00,281,2,0,282,15,38,4,7,0,0,0,0,201.1666667,1.333333333,0.5,178.1666667,8.833333333,20.5,29.83333333,3.5,7.333333333,0,0,0,0,22.94
,,,,,,,,,,,,,,,,228.3333333,1.5,0.333333333,202.5,10.16666667,22,32.5,3.5,6.5,0,0,0,0,0
00-0031266,Z.Mettenberger,2014112307,11/23/2014 0:00,305,1,1,300,18,38,2,-2,0,0,1,1,299,2,1,353,13,27,41,1,-1,0,0,0,0,17
00-0031266,Z.Mettenberger,2014113002,11/30/2014 0:00,184,1,1,228,5,19,1,8,0,0,0,0,302,1.5,1,326.5,15.5,23,39.5,1.5,-1.5,0,0,0.5,0.5,14.16
00-0031266,Z.Mettenberger,2014120707,12/7/2014 0:00,125,0,1,185,9,24,1,-1,0,0,0,0,262.6666667,1.333333333,1,293.6666667,12,19.66666667,32.66666667,1.333333333,1.666666667,0,0,0.333333333,0.333333333,6.9
00-0031266,Z.Mettenberger,2015102508,10/25/2015 0:00,187,1,2,314,11,35,1,0,0,0,0,0,228.25,1,1,266.5,11.25,18.25,30.5,1.25,1,0,0,0.25,0.25,12.48
00-0031266,Z.Mettenberger,2015122005,12/20/2015 0:00,242,2,2,273,6,28,2,5,0,0,0,0,220,1,1.2,276,11.2,19,31.4,1.2,0.8,0,0,0.2,0.2,19.18
,,,,,,,,,,,,,,,,223.6666667,1.166666667,1.333333333,275.5,10.33333333,19.16666667,30.83333333,1.333333333,1.5,0,0,0.166666667,0.166666667,0
00-0031280,D.Carr,2014091412,9/14/2014 0:00,263,1,2,331,13,42,4,58,0,0,2,2,151,2,0,168,12,20,32,1,-1,0,0,0,0,19.32
00-0031280,D.Carr,2014092806,9/28/2014 0:00,146,1,1,136,8,25,2,9,0,0,0,0,207,1.5,1,249.5,12.5,23.5,37,2.5,28.5,0,0,1,1,12.74
00-0031280,D.Carr,2014101209,10/12/2014 0:00,282,4,1,348,15,34,1,2,0,0,0,0,186.6666667,1.333333333,1,211.6666667,11,21,33,2.333333333,22,0,0,0.666666667,0.666666667,29.48
00-0031280,D.Carr,2014101911,10/19/2014 0:00,173,0,0,266,12,28,2,2,0,0,0,0,210.5,2,1,245.75,12,20.25,33.25,2,17,0,0,0.5,0.5,10.12
00-0031280,D.Carr,2014102610,10/26/2014 0:00,328,1,0,403,17,51,2,-3,0,0,0,0,203,1.6,0.8,249.8,12,19.4,32.2,2,14,0,0,0.4,0.4,19.82
00-0031280,D.Carr,2014110209,11/2/2014 0:00,194,2,2,229,14,40,2,9,0,0,0,1,223.8333333,1.5,0.666666667,275.3333333,12.83333333,21.83333333,35.33333333,2,11.16666667,0,0,0.333333333,0.333333333,16.66
00-0031280,D.Carr,2014111609,11/16/2014 0:00,172,0,0,336,17,33,2,0,0,0,0,0,231,1.5,1,285.5,13.16666667,22.5,36.66666667,2.166666667,12.83333333,0,0,0.333333333,0.5,9.88
00-0031280,D.Carr,2014112000,11/20/2014 0:00,174,1,0,271,17,35,3,2,0,0,0,0,215.8333333,1.333333333,0.666666667,286.3333333,13.83333333,20.66666667,35.16666667,1.833333333,3.166666667,0,0,0,0.166666667,14.16
00-0031280,D.Carr,2014113007,11/30/2014 0:00,173,0,2,243,13,39,1,1,0,0,0,0,220.5,1.333333333,0.5,308.8333333,15.33333333,21,36.83333333,2,2,0,0,0,0.166666667,8.02
00-0031280,D.Carr,2014120711,12/7/2014 0:00,254,3,0,238,6,28,2,2,0,0,0,0,202.3333333,0.666666667,0.666666667,291.3333333,15,22,37.66666667,2,1.833333333,0,0,0,0.166666667,25.36
00-0031280,D.Carr,2014121407,12/14/2014 0:00,222,1,0,473,28,55,1,0,0,0,0,0,215.8333333,1.166666667,0.666666667,286.6666667,14,23,37.66666667,2,1.833333333,0,0,0,0.166666667,15.88
00-0031280,D.Carr,2014122110,12/21/2014 0:00,214,2,0,330,17,34,4,0,0,0,0,0,198.1666667,1.166666667,0.666666667,298.3333333,15.83333333,21.83333333,38.33333333,1.833333333,2.333333333,0,0,0,0.166666667,19.56
00-0031280,D.Carr,2014122813,12/28/2014 0:00,158,1,1,324,17,36,3,6,0,0,0,0,201.5,1.166666667,0.333333333,315.1666667,16.33333333,20.66666667,37.33333333,2.166666667,0.833333333,0,0,0,0,12.92
00-0031280,D.Carr,2015092010,9/20/2015 0:00,351,3,1,394,15,46,2,23,0,0,0,0,199.1666667,1.333333333,0.5,313.1666667,16.33333333,21,37.83333333,2.333333333,1.833333333,0,0,0,0,30.34
00-0031280,D.Carr,2015092708,9/27/2015 0:00,314,2,0,220,12,32,1,-1,0,0,1,1,228.6666667,1.666666667,0.666666667,333.6666667,16,23,39.66666667,2.166666667,5.333333333,0,0,0,0,22.46
00-0031280,D.Carr,2015101110,10/11/2015 0:00,249,1,1,267,12,39,1,-1,0,0,0,1,252.1666667,2,0.333333333,329.8333333,15.83333333,22.33333333,38.5,2.166666667,5,0,0,0.166666667,0.166666667,14.86
00-0031280,D.Carr,2015102509,10/25/2015 0:00,289,3,0,219,7,31,2,3,0,0,0,0,251.3333333,1.666666667,0.5,334.6666667,16.83333333,23,40.33333333,2,4.5,0,0,0.166666667,0.333333333,26.86
00-0031280,D.Carr,2015110109,11/1/2015 0:00,333,4,0,247,13,36,2,-2,0,0,0,0,262.5,2,0.5,292.3333333,13.33333333,22.5,36.33333333,2.166666667,5,0,0,0.166666667,0.333333333,32.12
00-0031280,D.Carr,2015110806,11/8/2015 0:00,301,4,1,470,19,44,2,3,0,0,0,1,282.3333333,2.333333333,0.5,278.5,12.66666667,23.5,36.66666667,1.833333333,4.666666667,0,0,0.166666667,0.333333333,29.34
00-0031280,D.Carr,2015111508,11/15/2015 0:00,302,2,2,311,12,43,2,12,0,0,0,1,306.1666667,2.833333333,0.5,302.8333333,13,24.5,38,1.666666667,4.166666667,0,0,0.166666667,0.5,21.28
00-0031280,D.Carr,2015112201,11/22/2015 0:00,169,0,0,199,12,25,2,8,0,0,0,1,298,2.666666667,0.666666667,289,12.5,24.33333333,37.5,1.666666667,2.333333333,0,0,0.166666667,0.666666667,9.56
00-0031280,D.Carr,2015112907,11/29/2015 0:00,325,3,0,388,13,37,4,5,0,0,0,1,273.8333333,2.333333333,0.666666667,285.5,12.5,23.16666667,36.33333333,1.833333333,3.833333333,0,0,0,0.666666667,27.5
00-0031280,D.Carr,2015121311,12/13/2015 0:00,135,2,0,298,17,29,4,-4,0,0,0,0,286.5,2.666666667,0.5,305.6666667,12.66666667,22.83333333,36,2.333333333,4.833333333,0,0,0,0.666666667,16
00-0031280,D.Carr,2015122009,12/20/2015 0:00,276,2,2,546,22,47,4,42,0,0,0,0,260.8333333,2.5,0.5,318.8333333,14.33333333,20.83333333,35.66666667,2.666666667,3.666666667,0,0,0,0.666666667,24.24
00-0031280,D.Carr,2015122400,12/24/2015 0:00,204,1,1,259,14,38,4,30,0,0,0,0,251.3333333,2.166666667,0.833333333,368.6666667,15.83333333,20.83333333,37.5,3,11,0,0,0,0.666666667,17.16
00-0031280,D.Carr,2016010306,1/3/2016 0:00,194,1,1,175,10,32,2,12,0,0,0,0,235.1666667,1.666666667,0.833333333,333.5,15,20.66666667,36.5,3.333333333,15.5,0,0,0,0.5,14.96
00-0031280,D.Carr,2016091105,9/11/2016 0:00,319,1,0,264,13,37,2,16,0,0,0,1,217.1666667,1.5,0.666666667,310.8333333,14.66666667,19.33333333,34.66666667,3.333333333,15.5,0,0,0,0.333333333,20.36
00-0031280,D.Carr,2016091811,9/18/2016 0:00,299,3,0,242,11,45,2,10,0,0,0,1,242.1666667,1.666666667,0.666666667,321.6666667,14.83333333,21.16666667,36.66666667,3.333333333,16.83333333,0,0,0,0.333333333,26.96
00-0031280,D.Carr,2016092507,9/25/2016 0:00,230,0,1,364,13,34,1,-1,0,0,0,0,237.8333333,1.666666667,0.666666667,297.3333333,14.5,22.83333333,38,3,17.66666667,0,0,0,0.333333333,11.1
00-0031280,D.Carr,2016100202,10/2/2016 0:00,199,4,0,260,10,35,3,-2,0,0,0,0,253.6666667,1.333333333,0.833333333,308.3333333,13.83333333,24.16666667,38.83333333,2.5,18.16666667,0,0,0,0.333333333,26.76
00-0031280,D.Carr,2016100910,10/9/2016 0:00,317,2,1,333,14,40,2,13,0,0,0,0,240.8333333,1.666666667,0.5,260.6666667,11.83333333,24.5,36.83333333,2.333333333,10.83333333,0,0,0,0.333333333,23.98
00-0031280,D.Carr,2016101609,10/16/2016 0:00,225,1,1,275,10,33,3,8,0,0,0,0,259.6666667,1.833333333,0.5,273,11.83333333,24.83333333,37.16666667,2,8,0,0,0,0.333333333,15.8
00-0031280,D.Carr,2016102303,10/23/2016 0:00,200,1,0,179,14,37,4,4,0,0,0,0,264.8333333,1.833333333,0.5,289.6666667,11.83333333,25,37.33333333,2.166666667,7.333333333,0,0,0,0.333333333,15.4
00-0031280,D.Carr,2016103007,10/30/2016 0:00,513,4,0,482,19,59,1,13,0,0,0,0,245,1.833333333,0.5,275.5,12,24.83333333,37.33333333,2.5,5.333333333,0,0,0,0.166666667,40.82
00-0031280,D.Carr,2016110600,11/6/2016 0:00,184,0,0,257,11,31,4,3,0,0,0,0,280.6666667,2,0.5,315.5,13.33333333,25.83333333,39.66666667,2.333333333,5.833333333,0,0,0,0,10.66
00-0031280,D.Carr,2016112100,11/21/2016 0:00,295,3,1,257,9,31,2,-2,0,0,0,1,273,2,0.333333333,297.6666667,13,25.83333333,39.16666667,2.833333333,6.5,0,0,0,0,24.6
00-0031280,D.Carr,2016112710,11/27/2016 0:00,315,2,1,289,11,38,4,-13,0,0,0,0,289,1.833333333,0.5,297.1666667,12.83333333,25.16666667,38.5,2.666666667,6.5,0,0,0,0.166666667,21.3
00-0031280,D.Carr,2016120408,12/4/2016 0:00,260,2,0,307,16,35,2,4,0,0,0,0,288.6666667,1.833333333,0.5,289.8333333,12.33333333,25.33333333,38.16666667,3,2.166666667,0,0,0,0.166666667,21.8
00-0031280,D.Carr,2016120800,12/8/2016 0:00,117,0,0,331,24,41,2,3,0,0,0,0,294.5,2,0.333333333,295.1666667,13.33333333,24.83333333,38.5,2.833333333,1.5,0,0,0,0.166666667,7.98
00-0031280,D.Carr,2016121811,12/18/2016 0:00,213,1,1,209,10,30,5,5,0,0,0,0,280.6666667,1.833333333,0.333333333,320.5,15,23.83333333,39.16666667,2.5,1.333333333,0,0,0,0.166666667,15.02
00-0031280,D.Carr,2016122408,12/24/2016 0:00,228,3,0,297,10,30,1,8,0,0,0,0,230.6666667,1.333333333,0.5,275,13.5,20.33333333,34.33333333,3.166666667,0,0,0,0,0.166666667,24.92
00-0031280,D.Carr,2017091007,9/10/2017 0:00,262,2,0,197,10,32,2,2,0,0,0,0,238,1.833333333,0.5,281.6666667,13.33333333,20.33333333,34.16666667,2.666666667,0.833333333,0,0,0,0.166666667,21.68
00-0031280,D.Carr,2017092413,9/24/2017 0:00,118,1,2,221,9,30,2,5,0,0,1,1,232.5,1.666666667,0.333333333,271.6666667,13.5,20.5,34.33333333,2.666666667,1.5,0,0,0,0,9.22
00-0031280,D.Carr,2017101510,10/15/2017 0:00,171,1,2,182,7,30,1,0,0,0,0,0,199.6666667,1.5,0.5,260.3333333,13.16666667,19.33333333,33,2.333333333,4.5,0,0,0.166666667,0.166666667,11.84
00-0031280,D.Carr,2017101900,10/19/2017 0:00,417,3,0,569,23,52,1,15,0,0,0,0,184.8333333,1.333333333,0.833333333,239.5,11.66666667,19.66666667,32.16666667,2.166666667,3.833333333,0,0,0.166666667,0.166666667,33.18
00-0031280,D.Carr,2017110510,11/5/2017 0:00,300,1,1,325,8,30,4,-3,0,0,0,0,234.8333333,1.833333333,0.833333333,279.1666667,11.5,21.66666667,34,2,5.833333333,0,0,0.166666667,0.166666667,17.7
00-0031280,D.Carr,2017112610,11/26/2017 0:00,253,2,0,200,6,24,3,-3,0,0,0,0,249.3333333,1.833333333,0.833333333,298.5,11.16666667,22,34,1.833333333,4.5,0,0,0.166666667,0.166666667,20.82
00-0031280,D.Carr,2017120312,12/3/2017 0:00,287,1,0,300,14,36,1,-1,0,0,1,1,253.5,1.666666667,0.833333333,282.3333333,10.5,21.66666667,33,2.166666667,2.666666667,0,0,0.166666667,0.166666667,17.38
00-0031280,D.Carr,2017121711,12/17/2017 0:00,171,2,0,263,17,38,4,47,0,0,0,1,257.6666667,1.5,0.833333333,299.5,11.16666667,21.66666667,33.66666667,2,2.166666667,0,0,0.333333333,0.333333333,21.54
00-0031280,D.Carr,2017122501,12/25/2017 0:00,140,1,2,170,12,29,3,3,0,0,1,1,266.5,1.666666667,0.5,306.5,12.5,22,35,2.333333333,9.166666667,0,0,0.166666667,0.333333333,9.9
00-0031280,D.Carr,2017123113,12/31/2017 0:00,243,1,1,216,8,28,2,1,0,0,0,0,261.3333333,1.666666667,0.5,304.5,13.33333333,21,34.83333333,2.666666667,9.666666667,0,0,0.333333333,0.5,15.82
00-0031280,D.Carr,2018091001,9/10/2018 0:00,303,0,3,209,8,40,2,1,0,0,0,0,232.3333333,1.333333333,0.666666667,245.6666667,10.83333333,19.33333333,30.83333333,2.833333333,7.333333333,0,0,0.333333333,0.5,12.22
00-0031280,D.Carr,2018092306,9/23/2018 0:00,345,1,2,233,10,39,2,-2,0,0,0,0,232.8333333,1.166666667,1,226.3333333,10.83333333,20.66666667,32.5,2.5,8,0,0,0.333333333,0.5,18.6
00-0031280,D.Carr,2018093009,9/30/2018 0:00,437,4,2,474,20,57,2,1,0,0,0,0,248.1666667,1,1.333333333,231.8333333,11.5,22.16666667,35,2.333333333,8.166666667,0,0,0.333333333,0.5,34.58
00-0031280,D.Carr,2018100708,10/7/2018 0:00,268,1,1,228,6,31,1,5,0,0,1,1,273.1666667,1.5,1.666666667,260.8333333,12.5,24.33333333,38.5,2.5,8.5,0,0,0.166666667,0.333333333,16.22
00-0031280,D.Carr,2018101407,10/14/2018 0:00,142,0,0,91,8,31,4,31,0,0,0,1,289.3333333,1.333333333,1.833333333,255,10.66666667,24.83333333,37.33333333,2,1.5,0,0,0.333333333,0.333333333,10.78
00-0031280,D.Carr,2018102808,10/28/2018 0:00,244,3,0,198,7,28,2,0,1,0,0,0,289.6666667,1.166666667,1.5,241.8333333,10,26.16666667,37.66666667,2.166666667,6.166666667,0,0,0.166666667,0.333333333,30.76
00-0031280,D.Carr,2018110100,11/1/2018 0:00,171,0,0,106,5,21,3,5,0,0,0,0,289.8333333,1.5,1.333333333,238.8333333,9.833333333,26.5,37.66666667,2.166666667,6,0.166666667,0,0.166666667,0.333333333,10.34
00-0031280,D.Carr,2018111109,11/11/2018 0:00,243,0,0,208,13,37,2,2,0,0,0,0,267.8333333,1.5,0.833333333,221.6666667,9.333333333,24.33333333,34.5,2.333333333,6.666666667,0.166666667,0,0.166666667,0.333333333,12.92
00-0031280,D.Carr,2018120210,12/2/2018 0:00,285,3,0,317,9,38,1,8,0,0,0,0,250.8333333,1.333333333,0.5,217.5,9.833333333,23.83333333,34.16666667,2.333333333,7.333333333,0.166666667,0,0.166666667,0.333333333,27.2
00-0031280,D.Carr,2018120913,12/9/2018 0:00,322,2,0,301,9,34,1,-1,0,0,0,0,225.5,1.166666667,0.166666667,191.3333333,8,22.83333333,31,2.166666667,8.5,0.166666667,0,0.166666667,0.333333333,23.78
00-0031280,D.Carr,2018122400,12/24/2018 0:00,167,0,0,170,7,26,4,-3,0,0,0,0,234.5,1.333333333,0,203.5,8.5,23,31.5,2.166666667,7.5,0.166666667,0,0,0.166666667,9.38
00-0031280,D.Carr,2019090901,9/9/2019 0:00,259,1,0,214,4,26,2,2,0,0,0,0,238.6666667,1.333333333,0,216.6666667,8.333333333,22.33333333,30.66666667,2.166666667,1.833333333,0.166666667,0,0,0,17.56
00-0031280,D.Carr,2019091510,9/15/2019 0:00,198,1,2,252,13,38,2,18,0,0,0,1,241.1666667,1,0,219.3333333,7.833333333,22.5,30.33333333,2.166666667,2.166666667,0,0,0,0,13.72
00-0031280,D.Carr,2019092205,9/22/2019 0:00,242,2,1,211,6,34,1,0,0,0,0,0,245.6666667,1.166666667,0.333333333,243.6666667,9.166666667,23.66666667,33.16666667,2,4.333333333,0,0,0,0.166666667,19.68
00-0031280,D.Carr,2019092905,9/29/2019 0:00,189,2,0,176,10,31,2,-1,0,0,0,0,245.5,1.5,0.5,244.1666667,8,24.16666667,32.66666667,1.833333333,4,0,0,0,0.166666667,18.46
00-0031280,D.Carr,2019100605,10/6/2019 0:00,229,0,0,99,7,32,3,8,0,0,1,1,229.5,1.333333333,0.5,220.6666667,8.166666667,22.83333333,31.5,2,2.5,0,0,0,0.166666667,11.96
00-0031280,D.Carr,2019102004,10/20/2019 0:00,293,2,1,270,5,28,2,0,0,0,0,0,214,1,0.5,187,7.833333333,22.83333333,31.16666667,2.333333333,4,0,0,0.166666667,0.333333333,21.72
00-0031280,D.Carr,2019110700,11/7/2019 0:00,218,1,0,183,10,31,1,4,0,0,0,0,235,1.333333333,0.666666667,203.6666667,7.5,23.33333333,31.5,2,4.5,0,0,0.166666667,0.333333333,16.12
00-0031280,D.Carr,2019111709,11/17/2019 0:00,292,1,1,186,3,29,5,1,1,0,0,0,228.1666667,1.333333333,0.666666667,198.5,8.5,23.16666667,32.33333333,1.833333333,4.833333333,0,0,0.166666667,0.333333333,23.78
00-0031280,D.Carr,2019112406,11/24/2019 0:00,127,0,1,136,10,26,1,11,0,0,0,0,243.8333333,1.333333333,0.5,187.5,6.833333333,23.5,30.83333333,2.333333333,2,0.166666667,0,0.166666667,0.166666667,8.18
00-0031280,D.Carr,2019120105,12/1/2019 0:00,222,1,2,170,8,30,3,7,0,0,0,0,224.6666667,1,0.5,175,7.5,21.5,29.5,2.333333333,3.833333333,0.166666667,0,0.166666667,0.166666667,14.58
00-0031280,D.Carr,2019120812,12/8/2019 0:00,262,2,0,247,9,34,2,17,0,0,1,1,230.1666667,0.833333333,0.833333333,174,7.166666667,21.33333333,29.33333333,2.5,5.166666667,0.166666667,0,0.166666667,0.166666667,22.18
00-0031280,D.Carr,2019121510,12/15/2019 0:00,267,1,0,237,14,36,1,12,0,0,0,0,235.6666667,1.166666667,0.833333333,198.6666667,7.5,21.33333333,29.66666667,2.333333333,6.666666667,0.166666667,0,0.166666667,0.166666667,18.88
00-0031280,D.Carr,2019122201,12/22/2019 0:00,291,1,0,137,4,30,1,3,1,0,0,0,231.3333333,1,0.666666667,193.1666667,9,21.33333333,31,2.166666667,8.666666667,0.166666667,0,0.166666667,0.166666667,24.94
00-0031280,D.Carr,2019122913,12/29/2019 0:00,391,1,0,306,16,45,1,0,0,0,1,1,243.5,1,0.666666667,185.5,8,22.16666667,30.83333333,2.166666667,8.5,0.333333333,0,0.166666667,0.166666667,21.64
,,,,,,,,,,,,,,,,260,1,0.5,205.5,10.16666667,22.83333333,33.5,1.5,8.333333333,0.166666667,0,0.333333333,0.333333333,0
00-0031288,A.McCarron,2015122012,12/20/2015 0:00,192,1,0,195,6,21,2,2,0,0,0,0,280,2,2,283,8,22,32,3,8,0,0,0,0,14.88
00-0031288,A.McCarron,2015122800,12/28/2015 0:00,200,1,0,339,12,34,4,21,0,0,0,0,236,1.5,1,239,7,18.5,26.5,2.5,5,0,0,0,0,17.1
00-0031288,A.McCarron,2016010302,1/3/2016 0:00,160,2,0,130,10,27,3,2,0,0,0,1,224,1.333333333,0.666666667,272.3333333,8.666666667,19.66666667,29,3,10.33333333,0,0,0,0,16.6
00-0031288,A.McCarron,2019122906,12/29/2019 0:00,225,0,1,308,14,36,5,39,1,0,0,0,208,1.5,0.5,236.75,9,19,28.5,3,8.25,0,0,0,0.25,20.9
,,,,,,,,,,,,,,,,211.4,1.2,0.6,251,10,19.4,30,3.4,14.4,0.2,0,0,0.2,0
00-0031345,J.Garoppolo,2017120303,12/3/2017 0:00,293,0,1,284,10,37,4,8,0,0,0,0,264,1,0,210,9,24,33,4,12,0,0,0,0,14.52
00-0031345,J.Garoppolo,2017121004,12/10/2017 0:00,334,1,1,413,11,32,5,-3,0,0,0,0,278.5,0.5,0.5,247,9.5,25,35,4,10,0,0,0,0,19.06
00-0031345,J.Garoppolo,2017122409,12/24/2017 0:00,242,2,1,238,8,30,3,3,1,0,0,0,297,0.666666667,0.666666667,302.3333333,10,23.33333333,34,4.333333333,5.666666667,0,0,0,0,25.98
00-0031345,J.Garoppolo,2017123114,12/31/2017 0:00,292,2,2,266,11,33,2,-1,0,0,0,1,283.25,1,0.75,286.25,9.5,22.75,33,4,5,0.25,0,0,0,19.58
00-0031345,J.Garoppolo,2018090904,9/9/2018 0:00,261,1,3,368,15,33,2,6,0,0,0,0,285,1.2,1,282.2,9.8,22.2,33,3.6,3.8,0.2,0,0,0.2,15.04
00-0031345,J.Garoppolo,2018091610,9/16/2018 0:00,206,2,0,152,8,26,3,4,0,0,0,0,281,1.166666667,1.333333333,296.5,10.66666667,21,33,3.333333333,4.166666667,0.166666667,0,0,0.166666667,19.64
00-0031345,J.Garoppolo,2018092305,9/23/2018 0:00,251,2,0,272,10,30,3,23,0,0,0,0,271.3333333,1.333333333,1.333333333,286.8333333,10.5,20,31.83333333,3.166666667,2.833333333,0.166666667,0,0,0.166666667,23.34
00-0031345,J.Garoppolo,2019090811,9/8/2019 0:00,166,1,1,156,8,27,2,-2,0,0,1,1,264.3333333,1.666666667,1.166666667,284.8333333,10.5,19,30.66666667,3,5.333333333,0.166666667,0,0,0.166666667,11.44
00-0031345,J.Garoppolo,2019091501,9/15/2019 0:00,296,3,1,191,7,25,4,8,0,0,0,0,236.3333333,1.666666667,1.166666667,242,10,18.66666667,29.83333333,2.5,5.5,0.166666667,0,0.166666667,0.333333333,26.64
00-0031345,J.Garoppolo,2019092212,9/22/2019 0:00,277,1,2,266,7,32,6,3,0,0,0,0,245.3333333,1.833333333,1.166666667,234.1666667,9.833333333,18,29,2.666666667,6.333333333,0,0,0.166666667,0.333333333,16.38
00-0031345,J.Garoppolo,2019100700,10/7/2019 0:00,181,2,0,181,9,29,4,-3,0,0,0,0,242.8333333,1.666666667,1.166666667,234.1666667,9.166666667,18.5,28.83333333,3.333333333,7,0,0,0.166666667,0.166666667,17.94
00-0031345,J.Garoppolo,2019101308,10/13/2019 0:00,243,0,1,145,8,33,5,4,1,0,0,0,229.5,1.833333333,0.666666667,203,8.166666667,19.33333333,28.16666667,3.666666667,5.5,0,0,0.166666667,0.166666667,18.12
00-0031345,J.Garoppolo,2019102007,10/20/2019 0:00,151,0,1,187,8,21,4,20,0,0,0,0,235.6666667,1.5,0.833333333,201.8333333,8.166666667,20.33333333,29.33333333,4,5.5,0.166666667,0,0.166666667,0.166666667,10.04
00-0031345,J.Garoppolo,2019103100,10/31/2019 0:00,317,4,0,261,9,37,3,2,0,0,0,0,219,1.166666667,1,187.6666667,7.833333333,19,27.83333333,4.166666667,5,0.166666667,0,0.166666667,0.166666667,31.88
00-0031345,J.Garoppolo,2019111100,11/11/2019 0:00,248,1,1,374,20,45,2,1,0,0,0,0,244.1666667,1.666666667,0.833333333,205.1666667,8,20.66666667,29.5,4.333333333,5.666666667,0.166666667,0,0,0,16.02
00-0031345,J.Garoppolo,2019111708,11/17/2019 0:00,424,4,2,222,9,45,1,7,0,0,0,0,236.1666667,1.333333333,0.833333333,235.6666667,10.16666667,21.83333333,32.83333333,4,4.5,0.166666667,0,0,0,34.66
00-0031345,J.Garoppolo,2019112410,11/24/2019 0:00,253,2,0,121,5,19,2,1,0,0,0,0,260.6666667,1.833333333,0.833333333,228.3333333,10.5,23.66666667,35,3.166666667,5.166666667,0.166666667,0,0,0,21.22
00-0031345,J.Garoppolo,2019120100,12/1/2019 0:00,165,1,0,158,6,21,3,5,0,0,0,0,272.6666667,1.833333333,0.833333333,218.3333333,9.833333333,22.66666667,33.33333333,2.833333333,5.833333333,0.166666667,0,0,0,14.1
00-0031345,J.Garoppolo,2019120806,12/8/2019 0:00,349,4,1,220,8,35,2,1,0,0,0,0,259.6666667,2,0.666666667,220.5,9.5,21.16666667,31.33333333,2.5,6,0,0,0,0,32.06
00-0031345,J.Garoppolo,2019121512,12/15/2019 0:00,200,1,0,135,12,34,2,6,0,0,0,1,292.6666667,2.666666667,0.666666667,226,9.5,23.5,33.66666667,2.166666667,2.833333333,0,0,0,0,14.6
00-0031345,J.Garoppolo,2019122102,12/21/2019 0:00,248,1,2,207,9,27,4,5,0,0,0,0,273.1666667,2.166666667,0.666666667,205,10,22.5,33.16666667,2,3.5,0,0,0,0.166666667,15.42
00-0031345,J.Garoppolo,2019122915,12/29/2019 0:00,285,0,0,147,4,22,2,4,0,0,0,1,273.1666667,2.166666667,0.833333333,177.1666667,8.166666667,21.16666667,30.16666667,2.333333333,4.166666667,0,0,0,0.166666667,13.8
,,,,,,,,,,,,,,,,250,1.5,0.5,164.6666667,7.333333333,18.5,26.33333333,2.5,3.666666667,0,0,0,0.333333333,0
00-0031407,B.Bortles,2014092808,9/28/2014 0:00,253,1,2,200,6,37,5,24,0,0,0,0,223,2,2,208,8,14,24,2,30,0,0,0,0,17.52
00-0031407,B.Bortles,2014100504,10/5/2014 0:00,191,0,0,233,12,34,4,14,0,0,0,0,238,1.5,2,204,7,21.5,30.5,3.5,27,0,0,0,0,12.04
00-0031407,B.Bortles,2014101208,10/12/2014 0:00,336,1,1,319,12,45,5,38,0,0,1,1,222.3333333,1,1.333333333,213.6666667,8.666666667,21.66666667,31.66666667,3.666666667,22.66666667,0,0,0,0,22.24
00-0031407,B.Bortles,2014101906,10/19/2014 0:00,159,1,3,249,11,31,5,37,0,0,0,0,250.75,1,1.25,240,9.5,24.25,35,4,26.5,0,0,0.25,0.25,14.06
00-0031407,B.Bortles,2014102603,10/26/2014 0:00,221,1,1,230,14,33,6,48,0,0,0,0,232.4,1,1.6,241.8,9.8,22.8,34.2,4.2,28.6,0,0,0.2,0.2,19.64
00-0031407,B.Bortles,2014110200,11/2/2014 0:00,247,2,1,260,10,33,4,10,0,0,0,0,230.5,1,1.5,239.8333333,10.5,22,34,4.5,31.83333333,0,0,0.166666667,0.166666667,20.88
00-0031407,B.Bortles,2014110903,11/9/2014 0:00,290,0,1,218,14,37,3,3,0,0,0,0,234.5,1,1.333333333,248.5,10.83333333,23.33333333,35.5,4.833333333,28.5,0,0,0.166666667,0.166666667,13.9
00-0031407,B.Bortles,2014112304,11/23/2014 0:00,146,0,1,66,11,27,5,24,0,0,0,0,240.6666667,0.833333333,1.166666667,251.5,12.16666667,22.16666667,35.5,4.5,25,0,0,0.166666667,0.166666667,10.24
00-0031407,B.Bortles,2014113004,11/30/2014 0:00,194,1,0,290,14,35,5,68,0,0,0,0,233.1666667,0.833333333,1.333333333,223.6666667,12,21,34.33333333,4.666666667,26.66666667,0,0,0.166666667,0.166666667,21.56
00-0031407,B.Bortles,2014120703,12/7/2014 0:00,205,1,1,234,18,39,3,10,0,0,0,0,209.5,0.833333333,1.166666667,218.8333333,12.33333333,19.16666667,32.66666667,4.666666667,31.66666667,0,0,0,0,15.2
00-0031407,B.Bortles,2014121401,12/14/2014 0:00,210,0,1,349,15,37,1,2,0,0,0,0,217.1666667,0.833333333,0.833333333,216.3333333,13.5,19.66666667,34,4.333333333,27.16666667,0,0,0,0,10.6
00-0031407,B.Bortles,2014121800,12/18/2014 0:00,115,1,0,149,13,26,5,50,0,0,0,0,215.3333333,0.666666667,0.833333333,236.1666667,13.66666667,20.16666667,34.66666667,3.5,19.5,0,0,0,0,16.6
00-0031407,B.Bortles,2014122803,12/28/2014 0:00,117,0,0,177,19,33,3,61,0,0,0,0,193.3333333,0.5,0.666666667,217.6666667,14.16666667,18.66666667,33.5,3.666666667,26.16666667,0,0,0,0,13.78
00-0031407,B.Bortles,2015091302,9/13/2015 0:00,183,1,2,285,15,39,4,26,0,0,1,1,164.5,0.5,0.5,210.8333333,15,17.33333333,32.83333333,3.666666667,35.83333333,0,0,0,0,13.92
00-0031407,B.Bortles,2015092011,9/20/2015 0:00,273,2,0,386,15,33,2,27,0,0,0,0,170.6666667,0.666666667,0.666666667,247.3333333,15.66666667,18.5,34.83333333,3.5,36.16666667,0,0,0.166666667,0.166666667,24.62
00-0031407,B.Bortles,2015092706,9/27/2015 0:00,242,2,1,391,15,33,3,7,0,0,0,0,183.8333333,0.833333333,0.666666667,263.3333333,15.83333333,18,34.5,3,29.33333333,0,0,0.166666667,0.166666667,20.38
00-0031407,B.Bortles,2015100404,10/4/2015 0:00,298,1,0,408,21,49,4,31,0,0,0,1,190,1,0.666666667,289.5,15.33333333,17.5,33.5,3,28.83333333,0,0,0.166666667,0.166666667,21.02
00-0031407,B.Bortles,2015101104,10/11/2015 0:00,303,4,1,335,9,33,1,21,0,0,0,0,204.6666667,1.166666667,0.5,299.3333333,16.33333333,18.66666667,35.5,3.5,33.66666667,0,0,0.166666667,0.333333333,32.22
00-0031407,B.Bortles,2015101807,10/18/2015 0:00,331,3,3,487,20,53,4,37,0,0,0,0,236,1.666666667,0.666666667,330.3333333,15.66666667,20.33333333,36.66666667,2.833333333,28.83333333,0,0,0.166666667,0.333333333,28.94
00-0031407,B.Bortles,2015102500,10/25/2015 0:00,182,2,1,372,15,29,5,-3,0,0,0,0,271.6666667,2.166666667,1.166666667,382,15.83333333,23,40,3,24.83333333,0,0,0.166666667,0.333333333,16.98
00-0031407,B.Bortles,2015110805,11/8/2015 0:00,381,2,2,481,14,40,4,32,0,0,0,0,271.5,2.333333333,1,396.5,15.83333333,21.5,38.33333333,3.166666667,20,0,0,0,0.166666667,27.44
00-0031407,B.Bortles,2015111506,11/15/2015 0:00,188,2,1,321,22,45,2,25,0,0,0,0,289.5,2.333333333,1.333333333,412.3333333,15.66666667,22.5,39.5,3.5,20.83333333,0,0,0,0.166666667,20.02
00-0031407,B.Bortles,2015111900,11/19/2015 0:00,242,1,1,243,8,30,2,9,0,0,0,0,280.5,2.333333333,1.333333333,400.6666667,16.83333333,23.33333333,41.5,3.333333333,23.83333333,0,0,0,0.166666667,16.58
00-0031407,B.Bortles,2015112906,11/29/2015 0:00,329,2,1,352,18,49,6,33,0,0,0,0,271.1666667,2.333333333,1.5,373.1666667,14.66666667,22.16666667,38.33333333,3,20.16666667,0,0,0,0,26.46
00-0031407,B.Bortles,2015120604,12/6/2015 0:00,322,5,0,310,12,36,2,-1,0,0,0,0,275.5,2,1.5,376,16.16666667,23.33333333,41,3.833333333,22.16666667,0,0,0,0,35.78
00-0031407,B.Bortles,2015121304,12/13/2015 0:00,250,3,0,276,14,30,4,17,1,0,0,0,274,2.333333333,1,346.5,14.83333333,22.33333333,38.16666667,3.5,15.83333333,0,0,0,0,32.7
00-0031407,B.Bortles,2015122003,12/20/2015 0:00,297,1,1,314,13,37,6,44,1,0,0,0,285.3333333,2.5,0.833333333,330.5,14.66666667,22.83333333,38.33333333,3.333333333,19.16666667,0.166666667,0,0,0,28.28
00-0031407,B.Bortles,2015122700,12/27/2015 0:00,368,4,2,294,6,35,3,5,0,0,0,0,271.3333333,2.333333333,0.666666667,302.6666667,14.5,22.66666667,37.83333333,3.666666667,21.16666667,0.333333333,0,0,0,32.22
00-0031407,B.Bortles,2016091103,9/11/2016 0:00,320,1,1,370,14,39,2,2,0,0,0,2,301.3333333,2.666666667,0.833333333,298.1666667,11.83333333,23.5,36.16666667,3.833333333,17.83333333,0.333333333,0,0,0,17
00-0031407,B.Bortles,2016091812,9/18/2016 0:00,329,2,2,405,17,50,3,34,0,0,0,0,314.3333333,2.666666667,0.833333333,319.3333333,12.83333333,24,37.66666667,3.833333333,16.66666667,0.333333333,0,0,0.333333333,25.56
00-0031407,B.Bortles,2016092504,9/25/2016 0:00,194,2,3,321,11,38,3,17,0,0,0,0,314.3333333,2.666666667,1,328.1666667,12.66666667,24.16666667,37.83333333,3.333333333,16.83333333,0.333333333,0,0,0.333333333,17.46
00-0031407,B.Bortles,2016100200,10/2/2016 0:00,207,2,0,208,14,33,7,36,1,0,0,0,293,2.166666667,1.5,330,12.5,24.16666667,38.16666667,3.5,19.83333333,0.333333333,0,0,0.333333333,28.88
00-0031407,B.Bortles,2016101601,10/16/2016 0:00,271,1,1,317,12,33,3,1,0,0,0,0,285.8333333,2,1.5,318.6666667,12.5,24.66666667,38.66666667,4,23,0.333333333,0,0,0.333333333,16.94
00-0031407,B.Bortles,2016102303,10/23/2016 0:00,246,1,2,327,18,43,5,33,0,0,0,0,281.5,2,1.5,319.1666667,12.33333333,24.16666667,38,3.5,15.83333333,0.166666667,0,0,0.333333333,18.14
00-0031407,B.Bortles,2016102700,10/27/2016 0:00,337,3,0,410,21,54,5,24,0,0,0,0,261.1666667,1.5,1.5,324.6666667,14.33333333,23.5,39.33333333,3.833333333,20.5,0.166666667,0,0,0.333333333,30.88
00-0031407,B.Bortles,2016110603,11/6/2016 0:00,252,2,1,415,18,41,6,54,0,0,0,0,264,1.833333333,1.333333333,331.3333333,15.5,25,41.83333333,4.333333333,24.16666667,0.166666667,0,0,0,25.48
00-0031407,B.Bortles,2016111302,11/13/2016 0:00,265,2,1,407,16,49,3,11,0,0,0,0,251.1666667,1.833333333,1.166666667,333,15.66666667,23.5,40.33333333,4.833333333,27.5,0.166666667,0,0,0,21.7
00-0031407,B.Bortles,2016112003,11/20/2016 0:00,202,2,2,267,11,35,1,3,0,0,0,0,263,1.833333333,0.833333333,347.3333333,16.5,24.83333333,42.16666667,4.833333333,26.5,0.166666667,0,0,0,17.38
00-0031407,B.Bortles,2016112702,11/27/2016 0:00,126,2,0,252,13,26,8,81,0,0,0,0,262.1666667,1.833333333,1.166666667,357.1666667,16,25.33333333,42.5,3.833333333,21,0,0,0,0,24.14
00-0031407,B.Bortles,2016120405,12/4/2016 0:00,181,0,2,264,21,42,2,29,1,0,0,0,238,2,1,346.3333333,16.16666667,24.16666667,41.33333333,4.666666667,34.33333333,0,0,0,0,17.14
00-0031407,B.Bortles,2016121105,12/11/2016 0:00,257,1,0,298,14,37,3,13,0,0,0,0,227.1666667,1.833333333,1,335.8333333,16.66666667,23.5,41.16666667,4.166666667,33.66666667,0.166666667,0,0,0,18.58
00-0031407,B.Bortles,2016122405,12/24/2016 0:00,325,1,0,306,12,38,3,7,0,0,0,0,213.8333333,1.5,1,317.1666667,15.5,21.83333333,38.33333333,3.833333333,31.83333333,0.166666667,0,0,0,20.7
00-0031407,B.Bortles,2017010103,1/1/2017 0:00,301,1,0,318,14,39,3,21,0,0,0,0,226,1.333333333,0.833333333,299,14.5,22.5,37.83333333,3.333333333,24,0.166666667,0,0,0,21.14
00-0031407,B.Bortles,2017091005,9/10/2017 0:00,125,1,0,173,10,21,3,13,0,0,0,0,232,1.166666667,0.666666667,284.1666667,14.16666667,21.33333333,36.16666667,3.333333333,25.66666667,0.166666667,0,0,0,13.3
00-0031407,B.Bortles,2017091703,9/17/2017 0:00,223,1,2,260,12,34,4,29,0,0,0,1,219.1666667,1,0.333333333,268.5,14,19.5,33.83333333,3.666666667,27.33333333,0.166666667,0,0,0,15.82
00-0031407,B.Bortles,2017092400,9/24/2017 0:00,244,4,0,188,11,31,3,18,0,0,0,0,235.3333333,0.833333333,0.666666667,269.8333333,13.83333333,20.66666667,35.16666667,3,18.66666667,0.166666667,0,0,0.166666667,30.56
00-0031407,B.Bortles,2017100108,10/1/2017 0:00,140,1,1,245,19,35,4,38,0,0,0,0,245.8333333,1.5,0.333333333,257.1666667,12.16666667,20.83333333,33.33333333,3.166666667,16.83333333,0,0,0,0.166666667,15.4
00-0031407,B.Bortles,2017101508,10/15/2017 0:00,241,1,1,187,11,35,2,19,0,0,0,0,226.3333333,1.5,0.5,248.3333333,13,19.5,33,3.333333333,21,0,0,0,0.166666667,17.54
00-0031407,B.Bortles,2017102204,10/22/2017 0:00,330,1,0,267,8,26,4,11,0,0,0,1,212.3333333,1.5,0.666666667,228.5,12.83333333,19,32.5,3.166666667,23,0,0,0,0.166666667,20.3
00-0031407,B.Bortles,2017110502,11/5/2017 0:00,259,1,0,281,14,38,5,20,0,0,0,0,217.1666667,1.5,0.666666667,220,11.83333333,17.83333333,30.33333333,3.333333333,21.33333333,0,0,0,0.333333333,19.36
00-0031407,B.Bortles,2017111204,11/12/2017 0:00,273,1,2,492,21,51,5,34,0,0,0,0,239.5,1.5,0.666666667,238,12.5,20,33.16666667,3.666666667,22.5,0,0,0,0.333333333,19.32
00-0031407,B.Bortles,2017111901,11/19/2017 0:00,154,1,0,169,13,30,4,4,0,0,0,1,247.8333333,1.5,0.666666667,276.6666667,14,21.33333333,36,3.833333333,23.33333333,0,0,0,0.166666667,12.56
00-0031407,B.Bortles,2017112609,11/26/2017 0:00,160,0,1,254,12,32,6,62,2,0,0,0,232.8333333,1,0.666666667,273.5,14.33333333,20.83333333,35.83333333,4,21,0,0,0,0.333333333,26.6
00-0031407,B.Bortles,2017120305,12/3/2017 0:00,309,2,0,255,9,35,3,27,0,0,0,0,236.1666667,0.833333333,0.666666667,275,13.16666667,21.5,35.33333333,4.333333333,25,0.333333333,0,0,0.333333333,26.06
00-0031407,B.Bortles,2017121005,12/10/2017 0:00,268,2,0,229,9,27,6,-1,0,0,0,0,247.5,1,0.5,286.3333333,12.83333333,22,35.33333333,4.5,26.33333333,0.333333333,0,0,0.333333333,21.62
00-0031407,B.Bortles,2017122409,12/24/2017 0:00,382,2,3,390,15,50,5,31,0,0,0,0,237.1666667,1.166666667,0.5,280,13,22,35.5,4.833333333,24.33333333,0.333333333,0,0,0.166666667,26.38
00-0031407,B.Bortles,2017123111,12/31/2017 0:00,158,0,2,359,17,34,1,9,0,0,1,1,257.6666667,1.333333333,1,298.1666667,13.16666667,23.33333333,37.5,4.833333333,26.16666667,0.333333333,0,0,0.166666667,7.22
00-0031407,B.Bortles,2018090907,9/9/2018 0:00,176,1,1,230,14,33,4,42,0,0,0,0,238.5,1.166666667,1,276,12.5,21.16666667,34.66666667,4.166666667,22,0.333333333,0,0.166666667,0.333333333,17.24
00-0031407,B.Bortles,2018091612,9/16/2018 0:00,376,4,1,351,15,45,6,35,0,0,1,2,242.1666667,1.166666667,1.166666667,286.1666667,12.66666667,21.33333333,35.16666667,4.166666667,28.33333333,0.333333333,0,0.166666667,0.166666667,34.54
00-0031407,B.Bortles,2018092304,9/23/2018 0:00,155,0,0,144,13,34,5,27,0,0,1,1,278.1666667,1.833333333,1.166666667,302.3333333,13.16666667,23,37.33333333,4.166666667,23.83333333,0,0,0.333333333,0.5,10.9
00-0031407,B.Bortles,2018093005,9/30/2018 0:00,388,2,1,138,8,38,3,28,0,0,1,1,252.5,1.5,1.166666667,283.8333333,13.83333333,22.16666667,37.16666667,4.5,23.83333333,0,0,0.5,0.666666667,27.32
00-0031407,B.Bortles,2018100705,10/7/2018 0:00,430,1,4,647,24,61,4,34,1,0,0,0,272.5,1.5,1.333333333,268.6666667,13.66666667,24,39,4,28.66666667,0,0,0.666666667,0.833333333,29.6
00-0031407,B.Bortles,2018101410,10/14/2018 0:00,149,1,1,221,10,26,4,22,0,0,1,1,280.5,1.333333333,1.5,311.5,15.16666667,24.16666667,40.83333333,3.833333333,29.16666667,0.166666667,0,0.666666667,0.833333333,13.16
00-0031407,B.Bortles,2018102800,10/28/2018 0:00,286,1,0,257,17,41,8,43,0,0,1,1,279,1.5,1.333333333,288.5,14,24.16666667,39.5,4.333333333,31.33333333,0.166666667,0,0.666666667,0.833333333,21.74
00-0031407,B.Bortles,2018111104,11/11/2018 0:00,320,2,0,150,12,38,2,8,0,0,1,1,297.3333333,1.5,1.166666667,293,14.5,25.16666667,40.83333333,5,31.5,0.166666667,0,0.833333333,1,23.6
00-0031407,B.Bortles,2018111810,11/18/2018 0:00,104,0,0,151,8,18,2,17,0,0,0,0,288,1.166666667,1,259.5,14,24.66666667,39.66666667,4.333333333,27,0.166666667,0,0.833333333,0.833333333,8.86
00-0031407,B.Bortles,2018112501,11/25/2018 0:00,127,1,2,176,9,23,6,39,0,0,0,0,279.5,1.166666667,1,260.6666667,13.16666667,22.83333333,37,3.833333333,25.33333333,0.166666667,0,0.666666667,0.666666667,13.98
00-0031407,B.Bortles,2018123003,12/30/2018 0:00,107,0,1,271,12,28,4,15,0,0,0,0,236,1,1.166666667,267,13.33333333,20,34.5,4.333333333,27.16666667,0.166666667,0,0.5,0.5,7.78
,,,,,,,,,,,,,,,,182.1666667,0.833333333,0.666666667,204.3333333,11.33333333,17,29,4.333333333,24,0,0,0.5,0.5,0
00-0031409,J.Manziel,2015092003,9/20/2015 0:00,172,2,0,137,7,15,4,3,0,0,0,0,182,1,1,174,10,13,24,5,35,0,0,0,0,18.18
00-0031409,J.Manziel,2015110500,11/5/2015 0:00,168,1,0,285,18,33,4,31,0,0,0,0,177,1.5,0.5,155.5,8.5,10.5,19.5,4.5,19,0,0,0,0,16.82
00-0031409,J.Manziel,2015111507,11/15/2015 0:00,372,1,1,294,11,45,3,17,0,0,1,1,174,1.333333333,0.333333333,198.6666667,11.66666667,12,24,4.333333333,23,0,0,0,0,21.58
00-0031409,J.Manziel,2015121310,12/13/2015 0:00,270,1,1,228,9,31,7,15,0,0,0,1,223.5,1.25,0.5,222.5,11.5,17.25,29.25,4,21.5,0,0,0.25,0.25,17.3
00-0031409,J.Manziel,2015122008,12/20/2015 0:00,161,1,1,181,12,32,2,17,0,0,0,1,232.8,1.2,0.6,223.6,11,18,29.6,4.6,20.2,0,0,0.2,0.4,13.14
00-0031409,J.Manziel,2015122704,12/27/2015 0:00,136,0,1,291,16,30,11,108,0,0,0,0,220.8333333,1.166666667,0.666666667,216.5,11.16666667,18.16666667,30,4.166666667,19.66666667,0,0,0.166666667,0.5,21.24
,,,,,,,,,,,,,,,,213.1666667,1,0.666666667,236,12.16666667,18.16666667,31,5.166666667,31.83333333,0,0,0.166666667,0.5,0
00-0031503,J.Winston,2015092008,9/20/2015 0:00,207,1,0,206,7,21,6,23,1,0,0,0,210,2,2,259,15,16,33,6,18,0,0,0,0,23.58
00-0031503,J.Winston,2015100406,10/4/2015 0:00,287,2,4,301,13,43,4,12,0,0,0,0,208.5,1.5,1,232.5,11,15,27,6,20.5,0.5,0,0,0,19.68
00-0031503,J.Winston,2015101104,10/11/2015 0:00,209,1,0,174,6,19,4,9,0,0,0,0,234.6666667,1.666666667,2,255.3333333,11.66666667,18.66666667,32.33333333,5.333333333,17.66666667,0.333333333,0,0,0,16.26
00-0031503,J.Winston,2015102505,10/25/2015 0:00,297,2,0,256,8,29,1,5,0,0,1,1,228.25,1.5,1.5,235,10.25,17.25,29,5,15.5,0.25,0,0,0,22.38
00-0031503,J.Winston,2015110105,11/1/2015 0:00,177,1,0,293,13,29,3,24,1,0,0,0,242,1.6,1.2,239.2,9.8,18,29,4.2,13.4,0.2,0,0.2,0.2,22.48
00-0031503,J.Winston,2015110807,11/8/2015 0:00,249,0,0,349,17,36,3,24,1,0,1,1,231.1666667,1.5,1,248.1666667,10.33333333,17.66666667,29,4,15.16666667,0.333333333,0,0.166666667,0.166666667,20.36
00-0031503,J.Winston,2015111502,11/15/2015 0:00,264,0,2,431,15,39,2,0,1,0,0,0,237.6666667,1.166666667,0.666666667,263.1666667,10.66666667,18.16666667,29.5,3.5,16.16666667,0.5,0,0.333333333,0.333333333,17.56
00-0031503,J.Winston,2015112204,11/22/2015 0:00,246,5,0,290,10,29,4,0,0,0,0,0,247.1666667,1,1,300.6666667,12,19.5,32.5,2.833333333,12.33333333,0.5,0,0.333333333,0.333333333,32.84
00-0031503,J.Winston,2015112904,11/29/2015 0:00,245,1,1,485,15,36,3,27,0,0,0,0,240.3333333,1.5,0.333333333,298.8333333,11.5,18.33333333,30.16666667,2.833333333,10.33333333,0.5,0,0.333333333,0.333333333,18.5
00-0031503,J.Winston,2015120608,12/6/2015 0:00,227,1,1,254,8,27,5,15,1,0,0,0,246.3333333,1.5,0.5,350.6666667,13,19.5,33,2.666666667,13.33333333,0.5,0,0.333333333,0.333333333,22.58
00-0031503,J.Winston,2015121308,12/13/2015 0:00,182,1,0,284,13,31,3,24,0,0,0,0,234.6666667,1.333333333,0.666666667,350.3333333,13,19,32.66666667,3.333333333,15,0.666666667,0,0.166666667,0.166666667,16.68
00-0031503,J.Winston,2015121700,12/17/2015 0:00,363,2,1,481,19,49,2,5,0,0,0,1,235.5,1.333333333,0.666666667,348.8333333,13,19.33333333,33,3.333333333,15,0.5,0,0.166666667,0.166666667,24.02
00-0031503,J.Winston,2015122708,12/27/2015 0:00,295,2,1,425,12,28,4,10,0,0,1,1,254.5,1.666666667,0.833333333,370.8333333,13.33333333,21,35.16666667,3.166666667,11.83333333,0.333333333,0,0,0.166666667,21.8
00-0031503,J.Winston,2016010312,1/3/2016 0:00,325,0,2,336,16,47,3,14,1,0,0,0,259.6666667,2,0.666666667,369.8333333,12.83333333,19.83333333,33.33333333,3.5,13.5,0.166666667,0,0.166666667,0.333333333,21.4
00-0031503,J.Winston,2016091100,9/11/2016 0:00,281,4,1,327,9,33,4,3,0,0,0,0,272.8333333,1.166666667,1,377.5,13.83333333,21.5,36.33333333,3.333333333,15.83333333,0.333333333,0,0.166666667,0.333333333,29.54
00-0031503,J.Winston,2016091808,9/18/2016 0:00,243,1,3,522,21,51,3,9,0,0,0,0,278.8333333,1.666666667,1,351.1666667,12.83333333,22,35.83333333,3.5,11.83333333,0.333333333,0,0.166666667,0.333333333,14.62
00-0031503,J.Winston,2016092509,9/25/2016 0:00,405,3,1,389,21,58,4,13,0,0,0,0,281.5,1.666666667,1.333333333,395.8333333,15,23.5,39.83333333,3.166666667,10.83333333,0.166666667,0,0.166666667,0.333333333,31.5
00-0031503,J.Winston,2016100208,10/2/2016 0:00,179,0,2,442,16,35,5,19,1,0,0,0,318.6666667,2,1.5,413.3333333,16.33333333,26.5,44.33333333,3.333333333,9,0.166666667,0,0.166666667,0.333333333,16.06
00-0031503,J.Winston,2016101000,10/10/2016 0:00,219,1,0,348,12,30,4,6,0,0,0,0,288,1.666666667,1.666666667,406.8333333,15.83333333,24.5,42,3.833333333,11.33333333,0.333333333,0,0.166666667,0.166666667,16.36
00-0031503,J.Winston,2016102310,10/23/2016 0:00,269,3,1,260,8,30,1,-1,0,0,0,0,275.3333333,1.5,1.5,394,15.83333333,25,42.33333333,3.833333333,10.66666667,0.333333333,0,0,0,24.66
00-0031503,J.Winston,2016103007,10/30/2016 0:00,180,2,0,400,16,32,3,16,0,0,0,1,266,2,1.333333333,381.3333333,14.5,23.66666667,39.5,3.5,8.166666667,0.166666667,0,0,0,18.8
00-0031503,J.Winston,2016110300,11/3/2016 0:00,261,3,0,348,14,37,3,14,0,0,0,0,249.1666667,1.666666667,1.166666667,393.5,15.66666667,22.5,39.33333333,3.333333333,10.33333333,0.166666667,0,0,0.166666667,26.84
00-0031503,J.Winston,2016112005,11/20/2016 0:00,331,1,0,439,15,39,5,22,0,0,0,0,252.1666667,2,0.666666667,364.5,14.5,21.83333333,37,3.333333333,11.16666667,0.166666667,0,0,0.166666667,22.44
00-0031503,J.Winston,2016112708,11/27/2016 0:00,220,2,1,332,6,28,5,12,0,0,0,0,239.8333333,1.666666667,0.5,372.8333333,13.5,19.83333333,33.83333333,3.5,12.66666667,0.166666667,0,0,0.166666667,20
00-0031503,J.Winston,2016120411,12/4/2016 0:00,280,1,1,279,9,30,4,1,0,0,0,0,246.6666667,2,0.333333333,354.5,11.83333333,20.5,32.66666667,3.5,11.5,0,0,0,0.166666667,17.3
00-0031503,J.Winston,2016121108,12/11/2016 0:00,184,0,0,246,10,26,5,16,0,0,0,0,256.8333333,2,0.5,343,11.33333333,20.83333333,32.66666667,3.5,10.66666667,0,0,0,0.166666667,11.96
00-0031503,J.Winston,2016121803,12/18/2016 0:00,247,2,3,488,15,35,1,6,0,0,0,0,242.6666667,1.5,0.333333333,340.6666667,11.66666667,20,32,4.166666667,13.5,0,0,0,0.166666667,18.48
00-0031503,J.Winston,2016122407,12/24/2016 0:00,277,2,2,344,10,35,3,14,0,0,0,0,253.8333333,1.5,0.833333333,355.3333333,11.5,20.16666667,32.5,3.833333333,11.83333333,0,0,0,0,21.48
00-0031503,J.Winston,2017010109,1/1/2017 0:00,202,1,1,268,14,35,3,18,0,0,0,0,256.5,1.333333333,1.166666667,354.6666667,10.83333333,20.16666667,32.16666667,3.833333333,11.83333333,0,0,0,0,15.88
00-0031503,J.Winston,2017091707,9/17/2017 0:00,204,1,0,369,12,30,1,3,0,0,1,1,235,1.333333333,1.333333333,326.1666667,10.66666667,19.5,31.5,3.5,11.16666667,0,0,0,0,14.46
00-0031503,J.Winston,2017092406,9/24/2017 0:00,328,2,3,458,9,40,1,4,0,0,0,2,232.3333333,1.166666667,1.166666667,332.3333333,11.66666667,19,31.83333333,2.833333333,9.666666667,0,0,0.166666667,0.166666667,19.52
00-0031503,J.Winston,2017100111,10/1/2017 0:00,332,3,0,357,16,38,4,12,0,0,0,1,240.3333333,1.333333333,1.5,362.1666667,11.66666667,20.33333333,33.5,2.333333333,10.16666667,0,0,0.166666667,0.5,28.48
00-0031503,J.Winston,2017100500,10/5/2017 0:00,334,1,0,541,19,45,3,11,0,0,0,0,265,1.833333333,1.5,380.6666667,12.66666667,21.33333333,35.5,2.166666667,9.5,0,0,0.166666667,0.666666667,21.46
00-0031503,J.Winston,2017102200,10/22/2017 0:00,384,3,1,459,11,44,1,0,0,0,1,3,279.5,1.666666667,1,389.5,13.33333333,22.83333333,37.16666667,2.5,10.33333333,0,0,0.166666667,0.666666667,26.36
00-0031503,J.Winston,2017102907,10/29/2017 0:00,210,0,2,401,15,38,3,13,0,0,0,1,297.3333333,1.833333333,0.833333333,408.6666667,13.5,24.33333333,38.66666667,2.166666667,8,0,0,0.333333333,1.166666667,9.7
00-0031503,J.Winston,2017120304,12/3/2017 0:00,270,2,0,278,11,32,5,18,0,0,0,0,298.6666667,1.666666667,1,430.8333333,13.66666667,24.5,39.16666667,2.166666667,7.166666667,0,0,0.333333333,1.333333333,23.6
00-0031503,J.Winston,2017121007,12/10/2017 0:00,285,2,2,323,10,38,2,10,0,0,1,1,309.6666667,1.833333333,1,415.6666667,13.5,25,39.5,2.833333333,9.666666667,0,0,0.166666667,1.166666667,20.4
00-0031503,J.Winston,2017121800,12/18/2017 0:00,299,3,0,333,6,33,3,18,0,0,0,0,302.5,1.833333333,0.833333333,393.1666667,13.66666667,24.66666667,39.16666667,3,10.66666667,0,0,0.333333333,1,28.76
00-0031503,J.Winston,2017122400,12/24/2017 0:00,367,1,0,338,6,27,3,6,0,0,0,0,297,1.833333333,0.833333333,389.1666667,12,25.5,38.33333333,2.833333333,11.66666667,0,0,0.333333333,0.833333333,22.28
00-0031503,J.Winston,2017123110,12/31/2017 0:00,363,1,3,586,20,51,5,32,1,0,0,0,302.5,1.833333333,0.833333333,355.3333333,9.833333333,24.66666667,35.33333333,2.833333333,10.83333333,0,0,0.333333333,0.833333333,27.72
00-0031503,J.Winston,2018093001,9/30/2018 0:00,145,1,2,170,2,20,1,7,0,0,0,0,299,1.5,1.166666667,376.5,11.33333333,24,36.5,3.5,16.16666667,0.166666667,0,0.166666667,0.333333333,11.5
00-0031503,J.Winston,2018101400,10/14/2018 0:00,395,4,2,457,8,40,5,29,0,0,0,1,288.1666667,1.666666667,1.166666667,338,9.166666667,23.16666667,33.5,3.166666667,15.16666667,0.166666667,0,0.166666667,0.166666667,34.7
00-0031503,J.Winston,2018102109,10/21/2018 0:00,365,0,2,546,18,52,10,55,1,0,1,1,309,2,1.5,367.8333333,8.666666667,24.66666667,34.83333333,3.166666667,17,0.166666667,0,0.166666667,0.333333333,26.1
00-0031503,J.Winston,2018102803,10/28/2018 0:00,276,1,4,451,13,35,3,18,0,0,0,0,322.3333333,1.666666667,1.5,405,10,25.66666667,37.16666667,4.5,24.5,0.333333333,0,0.166666667,0.333333333,15.84
00-0031503,J.Winston,2018111805,11/18/2018 0:00,199,2,1,217,3,16,5,16,0,0,0,0,318.5,1.333333333,2.166666667,424.6666667,11.16666667,24.16666667,37.5,4.5,24.5,0.333333333,0,0.166666667,0.333333333,19.56
00-0031503,J.Winston,2018112507,11/25/2018 0:00,312,2,0,372,9,38,7,24,0,0,0,0,290.5,1.5,2.333333333,404.5,10.66666667,22.66666667,35.66666667,4.833333333,26.16666667,0.333333333,0,0.166666667,0.333333333,25.88
00-0031503,J.Winston,2018120209,12/2/2018 0:00,249,2,0,234,10,30,5,48,0,0,0,0,282,1.666666667,1.833333333,368.8333333,8.833333333,22.83333333,33.5,5.166666667,24.83333333,0.166666667,0,0.166666667,0.333333333,25.76
00-0031503,J.Winston,2018120907,12/9/2018 0:00,213,2,1,473,19,38,5,47,0,0,0,1,299.3333333,1.833333333,1.5,379.5,10.16666667,23.5,35.16666667,5.833333333,31.66666667,0.166666667,0,0.166666667,0.333333333,22.22
00-0031503,J.Winston,2018121601,12/16/2018 0:00,157,0,1,260,11,25,2,0,0,0,0,0,269,1.5,1.333333333,382.1666667,12,21.5,34.83333333,5.833333333,34.66666667,0.166666667,0,0.166666667,0.333333333,8.28
00-0031503,J.Winston,2018122306,12/23/2018 0:00,336,1,0,482,14,48,4,14,0,0,0,0,234.3333333,1.5,1.166666667,334.5,10.83333333,18.33333333,30.33333333,4.5,25.5,0,0,0,0.166666667,21.84
00-0031503,J.Winston,2018123010,12/30/2018 0:00,345,4,1,416,12,35,2,23,0,0,0,0,244.3333333,1.5,0.5,339.6666667,11,21,32.5,4.666666667,24.83333333,0,0,0,0.166666667,34.1
00-0031503,J.Winston,2019090811,9/8/2019 0:00,194,1,3,315,13,36,5,13,0,0,1,1,268.6666667,1.833333333,0.5,372.8333333,12.5,22.66666667,35.66666667,4.166666667,26,0,0,0,0.166666667,12.06
00-0031503,J.Winston,2019091200,9/12/2019 0:00,208,1,0,305,9,25,4,9,0,0,0,0,249,1.666666667,1,363.3333333,13.16666667,21.16666667,35.33333333,3.833333333,24.16666667,0,0,0.166666667,0.333333333,16.22
00-0031503,J.Winston,2019092209,9/22/2019 0:00,380,3,1,482,12,36,4,3,0,0,0,0,242.1666667,1.5,1,375.1666667,13,20.5,34.5,3.666666667,17.66666667,0,0,0.166666667,0.333333333,29.5
00-0031503,J.Winston,2019092909,9/29/2019 0:00,385,4,1,393,12,41,1,-1,0,0,0,0,270,1.666666667,1,376.6666667,11.83333333,21.33333333,34.16666667,3.5,10.33333333,0,0,0.166666667,0.166666667,33.3
00-0031503,J.Winston,2019100603,10/6/2019 0:00,204,2,0,233,12,27,3,13,0,0,0,0,308,2.333333333,1,398.8333333,12,23.83333333,36.83333333,3.333333333,10.16666667,0,0,0.166666667,0.166666667,20.46
00-0031503,J.Winston,2019101300,10/13/2019 0:00,400,1,5,596,19,54,2,3,0,0,0,0,286,2.5,1,357.3333333,11.66666667,20.66666667,33.33333333,3.166666667,10,0,0,0.166666667,0.166666667,18.3
00-0031503,J.Winston,2019102708,10/27/2019 0:00,301,2,2,458,19,42,8,53,0,0,0,0,295.1666667,2,1.666666667,387.3333333,12.83333333,22,36.5,3.166666667,6.666666667,0,0,0.166666667,0.166666667,26.34
00-0031503,J.Winston,2019110308,11/3/2019 0:00,335,2,0,448,15,44,2,8,0,0,0,0,313,2.166666667,1.5,411.1666667,13.83333333,22.16666667,37.5,3.666666667,13.33333333,0,0,0,0,25.2
00-0031503,J.Winston,2019111006,11/10/2019 0:00,358,1,2,440,16,48,3,40,0,0,1,1,334.1666667,2.333333333,1.5,435,14.83333333,24.33333333,40.66666667,3.333333333,13.16666667,0,0,0,0,22.32
00-0031503,J.Winston,2019111706,11/17/2019 0:00,313,2,4,463,17,51,2,23,0,0,0,0,330.5,2,1.666666667,428,15.5,25.5,42.66666667,3.166666667,19.33333333,0,0,0.166666667,0.166666667,21.82
00-0031503,J.Winston,2019112400,11/24/2019 0:00,313,3,2,284,8,28,8,38,0,0,0,0,318.5,1.666666667,2.166666667,439.6666667,16.33333333,25.83333333,44.33333333,3.333333333,23.33333333,0,0,0.166666667,0.166666667,29.32
00-0031503,J.Winston,2019120104,12/1/2019 0:00,268,0,0,337,12,33,6,20,0,0,0,0,336.6666667,1.833333333,2.5,448.1666667,15.66666667,26.33333333,44.5,4.166666667,27.5,0,0,0.166666667,0.166666667,15.72
00-0031503,J.Winston,2019120808,12/8/2019 0:00,456,4,3,397,9,45,6,5,1,0,1,1,314.6666667,1.666666667,1.666666667,405,14.5,24.83333333,41,4.833333333,30.33333333,0,0,0.166666667,0.166666667,39.74
00-0031503,J.Winston,2019121502,12/15/2019 0:00,458,4,1,468,13,42,2,4,0,0,0,0,340.5,2,1.833333333,394.8333333,12.83333333,26.83333333,41.5,4.5,22.33333333,0.166666667,0,0.333333333,0.333333333,36.72
00-0031503,J.Winston,2019122100,12/21/2019 0:00,335,1,4,623,19,48,2,16,0,0,0,0,361,2.333333333,2,398.1666667,12.5,26.66666667,41.16666667,4.5,21.66666667,0.166666667,0,0.333333333,0.333333333,18
00-0031503,J.Winston,2019122912,12/29/2019 0:00,201,2,2,258,9,24,3,7,0,0,0,0,357.1666667,2.333333333,2.333333333,428.6666667,13,25.83333333,41.16666667,4.333333333,17.66666667,0.166666667,0,0.166666667,0.166666667,17.74
,,,,,,,,,,,,,,,,338.5,2.333333333,2,394.5,11.66666667,23,36.66666667,4.5,15,0.166666667,0,0.166666667,0.166666667,0
00-0031568,B.Petty,2016121700,12/17/2016 0:00,235,1,2,292,14,36,1,0,0,0,0,0,257,0,1,360,11,23,35,5,21,0,0,0,0,14.4
00-0031568,B.Petty,2017121705,12/17/2017 0:00,179,1,2,270,18,39,2,16,0,0,0,0,246,0.5,1.5,326,12.5,21.5,35.5,3,10.5,0,0,0,0,13.76
00-0031568,B.Petty,2017122406,12/24/2017 0:00,119,0,1,255,12,28,3,33,0,0,1,1,223.6666667,0.666666667,1.666666667,307.3333333,14.33333333,20.66666667,36.66666667,2.666666667,12.33333333,0,0,0,0,9.06
00-0031568,B.Petty,2017123106,12/31/2017 0:00,232,0,0,297,17,36,1,-1,0,0,0,0,197.5,0.5,1.5,294.25,13.75,19.25,34.5,2.75,17.5,0,0,0.25,0.25,12.18
,,,,,,,,,,,,,,,,204.4,0.4,1.2,294.8,14.4,19.2,34.8,2.4,13.8,0,0,0.2,0.2,0
00-0031589,B.Hundley,2017110600,11/6/2017 0:00,245,0,0,234,12,38,4,22,1,0,0,0,157,1,3,257,12,18,33,1,3,0,0,0,0,21
00-0031589,B.Hundley,2017111201,11/12/2017 0:00,212,1,0,158,7,25,2,16,0,0,0,0,201,0.5,1.5,245.5,12,22,35.5,2.5,12.5,0.5,0,0,0,17.08
00-0031589,B.Hundley,2017111902,11/19/2017 0:00,239,0,3,327,12,36,3,19,0,0,0,0,204.6666667,0.666666667,1,216.3333333,10.33333333,20.66666667,32,2.333333333,13.66666667,0.333333333,0,0,0,11.46
00-0031589,B.Hundley,2017112611,11/26/2017 0:00,245,3,0,134,9,26,1,6,0,0,0,0,213.25,0.5,1.5,244,10.75,20.75,33,2.5,15,0.25,0,0,0,25.4
00-0031589,B.Hundley,2017121003,12/10/2017 0:00,265,3,0,216,11,46,7,31,0,0,0,0,219.6,1,1.2,222,10.4,20,31.6,2.2,13.2,0.2,0,0,0,28.7
00-0031589,B.Hundley,2017122301,12/23/2017 0:00,130,0,2,512,21,40,5,48,0,0,0,0,227.1666667,1.333333333,1,221,10.5,22.5,34,3,16.16666667,0.166666667,0,0,0,11
00-0031589,B.Hundley,2017123102,12/31/2017 0:00,172,1,2,138,8,24,3,15,0,0,0,0,222.6666667,1.166666667,0.833333333,263.5,12,22.33333333,35.16666667,3.666666667,23.66666667,0.166666667,0,0,0,13.38
,,,,,,,,,,,,,,,,210.5,1.333333333,1.166666667,247.5,11.33333333,20.33333333,32.83333333,3.5,22.5,0,0,0,0,0
,,,,,,,,,,,,,,,,274,1,3,411,16,33,52,3,33,0,0,1,1,0
00-0032156,T.Siemian,2016091810,9/18/2016 0:00,266,0,1,220,10,33,1,7,0,0,0,0,178,1,2,125,6,18,26,5,20,0,0,0,0,13.34
00-0032156,T.Siemian,2016092502,9/25/2016 0:00,312,4,0,230,11,34,4,5,0,0,1,1,222,0.5,1.5,172.5,8,20,29.5,3,13.5,0,0,0,0,30.98
00-0032156,T.Siemian,2016101300,10/13/2016 0:00,230,1,0,423,19,49,1,1,0,0,2,2,252,1.666666667,1,191.6666667,9,21,31,3.333333333,10.66666667,0,0,0.333333333,0.333333333,14.3
00-0032156,T.Siemian,2016102400,10/24/2016 0:00,157,1,0,228,11,25,1,-1,0,0,0,0,246.5,1.5,0.75,249.5,11.5,23.25,35.5,2.75,8.25,0,0,0.75,0.75,13.18
00-0032156,T.Siemian,2016103008,10/30/2016 0:00,276,0,1,408,17,38,3,-2,0,0,1,1,228.6,1.4,0.6,245.2,11.4,21.4,33.4,2.4,6.4,0,0,0.6,0.6,11.84
00-0032156,T.Siemian,2016111303,11/13/2016 0:00,258,2,2,295,13,40,6,5,0,0,0,0,236.5,1.166666667,0.666666667,272.3333333,12.33333333,21.16666667,34.16666667,2.5,5,0,0,0.666666667,0.666666667,19.82
00-0032156,T.Siemian,2016112709,11/27/2016 0:00,368,3,0,380,14,34,5,23,0,0,0,0,249.8333333,1.333333333,0.666666667,300.6666667,13.5,22.33333333,36.5,2.666666667,2.5,0,0,0.666666667,0.666666667,32.02
00-0032156,T.Siemian,2016121810,12/18/2016 0:00,282,0,1,346,14,40,1,4,0,0,1,1,266.8333333,1.833333333,0.5,327.3333333,14.16666667,22,36.66666667,3.333333333,5.166666667,0,0,0.666666667,0.666666667,12.68
00-0032156,T.Siemian,2017010112,1/1/2017 0:00,206,2,1,250,9,27,2,-5,0,0,0,0,261.8333333,1.166666667,0.666666667,346.6666667,14.66666667,22.33333333,37.66666667,2.833333333,5,0,0,0.666666667,0.666666667,17.74
00-0032156,T.Siemian,2017091101,9/11/2017 0:00,219,2,1,207,10,28,6,19,1,0,0,0,257.8333333,1.333333333,0.833333333,317.8333333,13,20.16666667,34,3,4,0,0,0.333333333,0.333333333,26.66
00-0032156,T.Siemian,2017091710,9/17/2017 0:00,231,4,1,247,9,32,4,13,0,0,0,0,268.1666667,1.5,1,314.3333333,12.83333333,20.66666667,34.5,3.833333333,7.333333333,0.166666667,0,0.333333333,0.333333333,28.54
00-0032156,T.Siemian,2017092401,9/24/2017 0:00,259,0,2,412,14,40,3,12,0,0,0,0,260.6666667,2.166666667,1,287.5,11.5,21,33.5,4,9.833333333,0.166666667,0,0.166666667,0.166666667,12.56
00-0032156,T.Siemian,2017100112,10/1/2017 0:00,179,1,0,278,10,26,4,1,0,0,0,0,260.8333333,1.833333333,1,307,11.66666667,20.83333333,33.5,3.5,11,0.166666667,0,0.166666667,0.166666667,14.26
00-0032156,T.Siemian,2017101511,10/15/2017 0:00,376,1,2,458,19,50,1,9,0,0,1,1,229.3333333,1.5,1,290,11,20.16666667,32.16666667,3.333333333,7.333333333,0.166666667,0,0.166666667,0.166666667,19.94
00-0032156,T.Siemian,2017102210,10/22/2017 0:00,207,0,1,217,9,35,2,14,0,0,1,1,245,1.666666667,1.166666667,308.6666667,11.83333333,20.83333333,33.83333333,3.333333333,8.166666667,0.166666667,0,0.166666667,0.166666667,10.68
00-0032156,T.Siemian,2017103000,10/30/2017 0:00,198,1,3,315,14,36,2,20,0,0,0,0,245.1666667,1.333333333,1.166666667,303.1666667,11.83333333,22.16666667,35.16666667,3.333333333,11.33333333,0.166666667,0,0.333333333,0.333333333,13.92
00-0032156,T.Siemian,2017112610,11/26/2017 0:00,149,2,0,243,10,21,2,9,0,0,0,0,241.6666667,1.166666667,1.5,321.1666667,12.5,22.5,36.5,2.666666667,11.5,0,0,0.333333333,0.333333333,17.86
00-0032156,T.Siemian,2017120306,12/3/2017 0:00,200,0,3,303,19,41,3,16,0,0,0,0,228,0.833333333,1.333333333,320.5,12.66666667,20.66666667,34.66666667,2.333333333,10.83333333,0,0,0.333333333,0.333333333,9.6
00-0032156,T.Siemian,2017121009,12/10/2017 0:00,200,1,0,275,12,31,3,13,0,0,0,0,218.1666667,0.833333333,1.5,302.3333333,13.5,19.83333333,34.83333333,2.333333333,11.5,0,0,0.333333333,0.333333333,16.3
,,,,,,,,,,,,,,,,221.6666667,0.833333333,1.5,301.8333333,13.83333333,20.33333333,35.66666667,2.166666667,13.5,0,0,0.333333333,0.333333333,0
00-0032245,S.Mannion,2019122909,12/29/2019 0:00,126,0,2,132,7,21,1,0,0,0,0,0,169,0,0,250,14,20,34,2,4,0,0,1,2,6.04
,,,,,,,,,,,,,,,,147.5,0,1,191,10.5,16,27.5,1.5,2,0,0,0.5,1,0
00-0032268,M.Mariota,2015092003,9/20/2015 0:00,257,2,0,422,16,37,3,19,0,0,0,0,209,4,0,105,3,13,16,2,6,0,0,0,0,23.18
00-0032268,M.Mariota,2015101106,10/11/2015 0:00,187,0,1,225,10,32,5,47,0,0,0,0,233,3,0,263.5,9.5,17,26.5,2.5,12.5,0,0,0,0,14.18
00-0032268,M.Mariota,2015110803,11/8/2015 0:00,371,4,0,279,11,39,1,5,0,0,0,1,217.6666667,2,0.333333333,250.6666667,9.666666667,18.33333333,28.33333333,3.333333333,24,0,0,0,0,33.34
00-0032268,M.Mariota,2015111503,11/15/2015 0:00,185,0,1,214,7,24,5,24,0,0,1,1,256,2.5,0.25,257.75,10,20.75,31,2.75,19.25,0,0,0,0.25,10.8
00-0032268,M.Mariota,2015111900,11/19/2015 0:00,231,0,0,359,11,33,5,29,1,0,1,1,241.8,2,0.4,249,9.4,19.8,29.6,3.2,20.2,0,0,0.2,0.4,20.14
00-0032268,M.Mariota,2015112907,11/29/2015 0:00,218,3,2,401,17,36,1,7,0,0,0,0,240,1.666666667,0.333333333,267.3333333,9.666666667,20.16666667,30.16666667,3.5,21.66666667,0.166666667,0,0.333333333,0.5,22.42
00-0032268,M.Mariota,2015120604,12/6/2015 0:00,268,3,1,284,8,29,9,112,1,0,0,0,241.5,1.5,0.666666667,316.6666667,12,20.83333333,33.5,3.333333333,21.83333333,0.166666667,0,0.333333333,0.5,44.92
00-0032268,M.Mariota,2015121301,12/13/2015 0:00,274,0,1,411,17,39,3,3,0,0,0,0,243.3333333,1.666666667,0.833333333,293.6666667,10.66666667,20.66666667,32.16666667,4.333333333,37.33333333,0.333333333,0,0.333333333,0.5,13.26
00-0032268,M.Mariota,2016091108,9/11/2016 0:00,271,2,1,314,15,41,4,19,0,0,0,0,257.8333333,1.666666667,0.833333333,324.6666667,11.83333333,20.66666667,33.33333333,4,30,0.333333333,0,0.333333333,0.5,22.74
00-0032268,M.Mariota,2016091802,9/18/2016 0:00,238,2,1,240,7,33,2,11,0,0,0,0,241.1666667,1.333333333,1,330.5,12.5,20.16666667,33.66666667,4.5,32.33333333,0.333333333,0,0.333333333,0.333333333,20.62
00-0032268,M.Mariota,2016092507,9/25/2016 0:00,214,0,1,327,14,32,3,22,0,0,0,0,250,1.666666667,1,334.8333333,12.5,21.66666667,35.16666667,4,30.16666667,0.333333333,0,0.166666667,0.166666667,12.76
00-0032268,M.Mariota,2016100204,10/2/2016 0:00,202,0,1,322,15,29,4,20,0,0,0,0,247.1666667,1.666666667,1.166666667,329.5,13,20.83333333,35,3.666666667,29,0.166666667,0,0,0,12.08
00-0032268,M.Mariota,2016100904,10/9/2016 0:00,163,3,0,263,9,29,7,60,1,0,0,1,244.5,1.166666667,1,316.3333333,12.66666667,20.16666667,33.83333333,4.166666667,31.16666667,0.166666667,0,0,0,32.52
00-0032268,M.Mariota,2016101607,10/16/2016 0:00,284,3,1,269,6,24,7,64,0,0,0,0,227,1.166666667,0.833333333,312.8333333,12.83333333,20.16666667,33.83333333,3.833333333,22.5,0.166666667,0,0,0.166666667,31.76
00-0032268,M.Mariota,2016102308,10/23/2016 0:00,232,2,0,330,14,36,2,14,0,0,0,0,228.6666667,1.666666667,0.833333333,289.1666667,11,19.5,31.33333333,4.5,32.66666667,0.166666667,0,0,0.166666667,21.68
00-0032268,M.Mariota,2016102700,10/27/2016 0:00,270,2,0,186,4,22,3,11,0,0,0,0,222.1666667,1.666666667,0.666666667,291.8333333,10.83333333,19,30.5,4.166666667,31.83333333,0.166666667,0,0,0.166666667,22.9
00-0032268,M.Mariota,2016110610,11/6/2016 0:00,313,3,2,473,13,42,3,14,1,0,0,0,227.5,1.666666667,0.5,282.8333333,10.33333333,17.83333333,28.66666667,4.333333333,31.83333333,0.166666667,0,0,0.166666667,32.92
00-0032268,M.Mariota,2016111307,11/13/2016 0:00,295,4,0,279,7,26,4,8,0,0,0,0,244,2.166666667,0.666666667,307.1666667,10.16666667,19.5,30.33333333,4.333333333,30.5,0.333333333,0,0,0.166666667,31.6
00-0032268,M.Mariota,2016112004,11/20/2016 0:00,290,2,0,322,13,38,5,29,0,0,0,0,259.5,2.833333333,0.5,300,8.833333333,20.5,29.83333333,4.333333333,28.5,0.333333333,0,0,0.166666667,25.5
00-0032268,M.Mariota,2016112703,11/27/2016 0:00,226,2,0,279,8,23,4,46,0,0,0,0,280.6666667,2.666666667,0.5,309.8333333,9.5,21.33333333,31.33333333,4,23.33333333,0.166666667,0,0,0,24.64
00-0032268,M.Mariota,2016121805,12/18/2016 0:00,241,0,1,282,12,32,1,-2,0,0,1,1,271,2.5,0.333333333,311.5,9.833333333,21,31.16666667,3.5,20.33333333,0.166666667,0,0,0,10.44
00-0032268,M.Mariota,2017091007,9/10/2017 0:00,256,0,0,375,16,41,3,26,1,0,0,0,272.5,2.166666667,0.5,303.5,9.5,20.5,30.5,3.333333333,17.66666667,0.166666667,0,0.166666667,0.166666667,21.84
00-0032268,M.Mariota,2017091703,9/17/2017 0:00,215,1,1,255,11,27,6,24,0,0,0,0,270.1666667,1.833333333,0.5,335,11.5,21.66666667,33.66666667,3.333333333,20.16666667,0.333333333,0,0.166666667,0.166666667,17
00-0032268,M.Mariota,2017092410,9/24/2017 0:00,225,2,0,239,11,31,7,27,0,0,0,0,253.8333333,1.5,0.333333333,298.6666667,11.16666667,19.66666667,31.16666667,3.833333333,21.83333333,0.166666667,0,0.166666667,0.166666667,22.7
00-0032268,M.Mariota,2017101600,10/16/2017 0:00,306,1,1,268,8,32,2,0,0,0,0,0,242.1666667,1.166666667,0.333333333,292,11.83333333,19.83333333,32,4.333333333,25,0.166666667,0,0.166666667,0.166666667,18.24
00-0032268,M.Mariota,2017102202,10/22/2017 0:00,203,0,0,305,13,34,1,8,0,0,1,1,244.8333333,1,0.5,283,11,19.5,31,3.833333333,20.16666667,0.166666667,0,0.166666667,0.166666667,10.92
00-0032268,M.Mariota,2017110506,11/5/2017 0:00,218,2,1,280,8,28,3,6,0,0,0,0,241,0.666666667,0.5,287.3333333,11.83333333,20.5,32.83333333,3.333333333,13.83333333,0.166666667,0,0.333333333,0.333333333,19.32
00-0032268,M.Mariota,2017111206,11/12/2017 0:00,264,1,1,397,18,44,6,51,0,0,1,1,237.1666667,1,0.5,287,11.16666667,20.5,32.16666667,3.666666667,15.16666667,0.166666667,0,0.166666667,0.166666667,20.66
00-0032268,M.Mariota,2017111600,11/16/2017 0:00,306,1,4,285,7,33,5,5,1,0,0,0,238.5,1.166666667,0.666666667,290.6666667,11.5,20.5,32.66666667,4.166666667,19.33333333,0,0,0.333333333,0.333333333,21.74
00-0032268,M.Mariota,2017112602,11/26/2017 0:00,184,1,2,187,6,25,3,4,0,0,0,0,253.6666667,1.166666667,1.166666667,295.6666667,10.83333333,21.66666667,33.66666667,4,16.16666667,0.166666667,0,0.333333333,0.333333333,12.76
00-0032268,M.Mariota,2017120309,12/3/2017 0:00,150,1,0,202,8,23,3,23,1,0,0,0,246.8333333,1,1.5,287,10,21.16666667,32.66666667,3.333333333,12.33333333,0.166666667,0,0.333333333,0.333333333,21.3
00-0032268,M.Mariota,2017121008,12/10/2017 0:00,159,0,2,346,13,31,2,11,0,0,0,0,220.8333333,1,1.333333333,276,10,19.83333333,31.16666667,3.5,16.16666667,0.333333333,0,0.333333333,0.333333333,8.46
00-0032268,M.Mariota,2017121710,12/17/2017 0:00,241,2,0,302,10,33,2,4,0,0,1,1,213.5,1,1.666666667,282.8333333,10,19,30.66666667,3.666666667,16.66666667,0.333333333,0,0.166666667,0.166666667,20.04
00-0032268,M.Mariota,2017122407,12/24/2017 0:00,275,0,1,299,16,39,3,24,0,0,0,0,217.3333333,1,1.5,286.5,10.33333333,19.66666667,31.5,3.5,16.33333333,0.333333333,0,0.333333333,0.333333333,15.4
00-0032268,M.Mariota,2017123111,12/31/2017 0:00,134,1,0,161,9,21,10,60,0,0,0,0,219.1666667,0.833333333,1.5,270.1666667,10,19.16666667,30.66666667,3,11.83333333,0.333333333,0,0.166666667,0.166666667,18.36
00-0032268,M.Mariota,2018090903,9/9/2018 0:00,103,0,2,119,5,16,3,15,0,0,0,0,190.5,0.833333333,0.833333333,249.5,10.33333333,17.5,28.66666667,3.833333333,21,0.166666667,0,0.166666667,0.166666667,6.62
00-0032268,M.Mariota,2018093007,9/30/2018 0:00,344,2,1,421,12,43,10,46,1,0,0,0,177,0.666666667,0.833333333,238.1666667,10.16666667,16.16666667,27.16666667,3.833333333,22.83333333,0.166666667,0,0.166666667,0.166666667,34.36
00-0032268,M.Mariota,2018100700,10/7/2018 0:00,129,0,1,180,11,26,2,10,0,0,1,1,209.3333333,0.833333333,1,274.6666667,10.83333333,18.66666667,30.5,5,26.66666667,0.166666667,0,0.166666667,0.166666667,7.16
00-0032268,M.Mariota,2018101411,10/14/2018 0:00,117,0,0,175,5,15,2,25,0,0,0,0,204.3333333,0.833333333,0.833333333,247,10.5,18.33333333,29.66666667,5,26.5,0.166666667,0,0.333333333,0.333333333,10.18
00-0032268,M.Mariota,2018102100,10/21/2018 0:00,237,1,1,149,7,32,7,38,0,0,0,0,183.6666667,0.5,0.833333333,225.8333333,9.666666667,16.16666667,26.66666667,5,30,0.166666667,0,0.166666667,0.166666667,19.28
00-0032268,M.Mariota,2018110500,11/5/2018 0:00,240,2,0,216,8,29,10,32,1,0,0,0,177.3333333,0.666666667,0.833333333,200.8333333,8.166666667,16.5,25.5,5.666666667,32.33333333,0.166666667,0,0.166666667,0.166666667,29.8
00-0032268,M.Mariota,2018111108,11/11/2018 0:00,228,2,0,270,8,24,2,21,0,0,0,1,195,0.833333333,0.833333333,210,8,18,26.83333333,5.666666667,27.66666667,0.333333333,0,0.166666667,0.166666667,21.22
00-0032268,M.Mariota,2018112600,11/26/2018 0:00,303,2,0,114,1,23,6,28,0,0,1,1,215.8333333,1.166666667,0.5,235.1666667,8.5,19.16666667,28.16666667,5.5,28.66666667,0.333333333,0,0.166666667,0.333333333,24.92
00-0032268,M.Mariota,2018120211,12/2/2018 0:00,282,2,1,364,14,35,4,43,0,0,0,0,209,1.166666667,0.333333333,184,6.666666667,17.83333333,24.83333333,4.833333333,25.66666667,0.166666667,0,0.333333333,0.5,25.58
00-0032268,M.Mariota,2018120600,12/6/2018 0:00,162,0,1,158,5,24,4,13,0,0,0,0,234.5,1.5,0.333333333,214.6666667,7.166666667,18.83333333,26.33333333,5.166666667,31.16666667,0.166666667,0,0.166666667,0.333333333,9.78
00-0032268,M.Mariota,2018122200,12/22/2018 0:00,110,0,0,58,3,13,1,7,0,0,0,0,242,1.5,0.5,211.8333333,7.166666667,20.16666667,27.83333333,5.5,29.16666667,0.166666667,0,0.166666667,0.333333333,8.1
00-0032268,M.Mariota,2019090801,9/8/2019 0:00,248,3,0,145,10,24,3,24,0,0,0,0,220.8333333,1.333333333,0.333333333,196.6666667,6.5,17.83333333,24.66666667,4.5,24,0.166666667,0,0.166666667,0.333333333,27.32
00-0032268,M.Mariota,2019091508,9/15/2019 0:00,154,1,0,148,7,26,5,32,0,0,0,0,222.1666667,1.5,0.333333333,184.8333333,6.833333333,16.66666667,23.83333333,3.333333333,22.66666667,0,0,0.166666667,0.333333333,16.36
00-0032268,M.Mariota,2019091900,9/19/2019 0:00,304,0,0,431,17,40,6,34,0,0,0,1,209.8333333,1.333333333,0.333333333,164.5,6.666666667,17.16666667,24.16666667,3.833333333,24.5,0,0,0.166666667,0.166666667,17.56
00-0032268,M.Mariota,2019092900,9/29/2019 0:00,227,3,0,131,9,27,3,22,0,0,0,1,210,1,0.333333333,217.3333333,9.333333333,17.33333333,27,3.833333333,25.5,0,0,0,0.166666667,25.28
00-0032268,M.Mariota,2019100608,10/6/2019 0:00,183,0,0,96,9,22,5,13,0,0,0,0,200.8333333,1.166666667,0.166666667,178.5,8.5,17,25.66666667,3.666666667,22,0,0,0,0.333333333,11.62
,,,,,,,,,,,,,,,,204.3333333,1.166666667,0,168.1666667,9.166666667,16.16666667,25.33333333,3.833333333,22,0,0,0,0.333333333,0
00-0032434,B.Allen,2019111705,11/17/2019 0:00,240,1,1,318,21,39,3,18,0,0,0,0,193,2,0,181,8,12,20,5,13,0,0,1,1,17.4
,,,,,,,,,,,,,,,,216.5,1.5,0.5,249.5,14.5,14.5,29.5,4,15.5,0,0,0.5,0.5,0
00-0032436,J.Driskel,2018120201,12/2/2018 0:00,236,1,1,201,11,37,3,3,0,0,0,0,155,1,0,233,12,17,29,3,9,1,0,0,0,15.74
00-0032436,J.Driskel,2018120909,12/9/2018 0:00,170,1,0,163,9,27,2,12,0,0,0,0,195.5,1,0.5,217,11.5,21,33,3,6,0.5,0,0,0,15
00-0032436,J.Driskel,2018121604,12/16/2018 0:00,130,1,1,337,18,33,7,32,0,0,0,0,187,1,0.333333333,199,10.66666667,20,31,2.666666667,8,0.333333333,0,0,0,14.4
00-0032436,J.Driskel,2018122305,12/23/2018 0:00,133,2,0,134,6,19,5,21,0,0,0,0,172.75,1,0.5,233.5,12.5,18.5,31.5,3.75,14,0.25,0,0,0,18.42
00-0032436,J.Driskel,2019111000,11/10/2019 0:00,269,1,1,307,16,44,5,37,0,0,0,0,164.8,1.2,0.4,213.6,11.2,17.4,29,4,15.4,0.2,0,0,0,20.46
00-0032436,J.Driskel,2019111702,11/17/2019 0:00,209,2,0,257,11,26,8,51,1,0,0,0,182.1666667,1.166666667,0.5,229.1666667,12,19,31.5,4.166666667,19,0.166666667,0,0,0,30.46
00-0032436,J.Driskel,2019112407,11/24/2019 0:00,207,1,3,297,10,33,9,63,0,0,0,0,191.1666667,1.333333333,0.5,233.1666667,11.83333333,18.66666667,31,5,26,0.166666667,0,0,0,18.58
,,,,,,,,,,,,,,,,186.3333333,1.333333333,0.833333333,249.1666667,11.66666667,17.83333333,30.33333333,6,36,0.166666667,0,0,0,0
00-0032784,K.Hogan,2017100801,10/8/2017 0:00,194,2,1,146,2,19,4,30,0,0,0,0,118,1,1,163,5,5,11,1,5,0,0,0,0,20.76
00-0032784,K.Hogan,2017101502,10/15/2017 0:00,140,1,3,292,14,37,5,36,0,1,0,0,156,1.5,1,154.5,3.5,10.5,15,2.5,17.5,0,0,0,0,13.2
,,,,,,,,,,,,,,,,150.6666667,1.333333333,1.666666667,200.3333333,7,13.66666667,22.33333333,3.333333333,23.66666667,0,0.333333333,0,0,0
,,,,,,,,,,,,,,,,134,0,0,95,4,19,23,1,22,0,0,1,1,0
00-0032950,C.Wentz,2016091900,9/19/2016 0:00,190,1,0,259,12,33,6,10,0,0,0,0,278,2,0,249,15,22,37,2,1,0,0,0,1,15.6
00-0032950,C.Wentz,2016092510,9/25/2016 0:00,301,2,0,194,7,30,1,10,0,0,0,1,234,1.5,0,254,13.5,21.5,35,4,5.5,0,0,0,0.5,23.04
00-0032950,C.Wentz,2016100902,10/9/2016 0:00,238,2,1,241,7,33,2,14,0,0,0,1,256.3333333,1.666666667,0,234,11.33333333,22,33.33333333,3,7,0,0,0,0.666666667,19.92
00-0032950,C.Wentz,2016101608,10/16/2016 0:00,179,0,0,236,11,22,2,2,0,0,0,0,251.75,1.75,0.25,235.75,10.25,22.75,33.25,2.75,8.75,0,0,0,0.75,10.36
00-0032950,C.Wentz,2016102307,10/23/2016 0:00,138,1,2,217,10,28,6,8,0,0,0,1,237.2,1.4,0.2,235.8,10.4,20.4,31,2.6,7.4,0,0,0,0.6,10.32
00-0032950,C.Wentz,2016103010,10/30/2016 0:00,202,1,0,169,11,43,1,-3,0,0,0,1,220.6666667,1.333333333,0.5,232.6666667,10.33333333,19.66666667,30.5,3.166666667,7.5,0,0,0,0.666666667,13.78
00-0032950,C.Wentz,2016110606,11/6/2016 0:00,364,0,2,521,18,47,4,-4,0,0,0,1,208,1.166666667,0.5,219.3333333,9.666666667,21.33333333,31.5,3,6.833333333,0,0,0,0.666666667,14.16
00-0032950,C.Wentz,2016111305,11/13/2016 0:00,231,0,0,258,11,36,4,10,0,0,0,1,237,1,0.833333333,263,10.66666667,22.33333333,33.83333333,2.666666667,4.5,0,0,0,0.833333333,12.24
00-0032950,C.Wentz,2016112010,11/20/2016 0:00,218,2,2,397,20,45,1,2,0,0,0,0,225.3333333,0.666666667,0.833333333,273.6666667,11.33333333,22.66666667,34.83333333,3.166666667,4.5,0,0,0,0.833333333,17.92
00-0032950,C.Wentz,2016112800,11/28/2016 0:00,254,0,1,250,10,35,4,33,1,0,0,0,222,0.666666667,1,299.6666667,13.5,22.33333333,36.83333333,3,2.5,0,0,0,0.666666667,21.46
00-0032950,C.Wentz,2016120403,12/4/2016 0:00,301,1,3,435,21,59,3,16,0,0,0,0,234.5,0.666666667,1.166666667,302,13.33333333,24.5,39,3.333333333,7.666666667,0.166666667,0,0,0.666666667,17.64
00-0032950,C.Wentz,2016121107,12/11/2016 0:00,314,1,1,310,13,46,2,5,0,0,0,0,261.6666667,0.666666667,1.333333333,338.3333333,15.16666667,27.66666667,44.16666667,2.833333333,9,0.166666667,0,0,0.5,19.06
00-0032950,C.Wentz,2016121800,12/18/2016 0:00,170,0,1,200,19,42,4,8,1,0,0,0,280.3333333,0.666666667,1.5,361.8333333,15.5,27.66666667,44.66666667,3,10.33333333,0.166666667,0,0,0.333333333,15.6
00-0032950,C.Wentz,2016122200,12/22/2016 0:00,152,1,1,261,9,23,4,27,0,0,0,0,248,0.666666667,1.333333333,308.3333333,15.66666667,26.83333333,43.83333333,3,12.33333333,0.333333333,0,0,0.166666667,14.78
00-0032950,C.Wentz,2017010107,1/1/2017 0:00,245,2,0,317,16,43,1,13,0,0,0,0,234.8333333,0.833333333,1.5,308.8333333,15.33333333,24.83333333,41.66666667,3,15.16666667,0.333333333,0,0,0,22.1
00-0032950,C.Wentz,2017091008,9/10/2017 0:00,307,2,1,401,12,39,4,6,0,0,0,0,239.3333333,0.833333333,1.166666667,295.5,14.66666667,25.5,41.33333333,3,17,0.333333333,0,0,0,22.88
00-0032950,C.Wentz,2017091704,9/17/2017 0:00,333,2,1,542,20,46,4,55,0,0,0,0,248.1666667,1.166666667,1.166666667,320.6666667,15,25.83333333,42,3,12.5,0.166666667,0,0,0,28.82
00-0032950,C.Wentz,2017092409,9/24/2017 0:00,176,1,0,211,10,31,6,22,0,0,1,1,253.5,1.333333333,0.833333333,338.5,14.83333333,24.16666667,39.83333333,3.166666667,19,0.166666667,0,0,0,15.24
00-0032950,C.Wentz,2017100110,10/1/2017 0:00,242,1,0,270,14,31,6,14,0,0,0,0,230.5,1.333333333,0.666666667,322,14.33333333,22.33333333,37.33333333,3.833333333,21.83333333,0.166666667,0,0.166666667,0.166666667,18.08
00-0032950,C.Wentz,2017100806,10/8/2017 0:00,304,4,1,287,8,30,6,11,0,0,0,0,242.5,1.5,0.5,333.6666667,13.5,21.5,35.5,4.166666667,22.83333333,0,0,0.166666667,0.166666667,31.26
00-0032950,C.Wentz,2017101200,10/12/2017 0:00,222,3,0,273,14,30,6,25,0,0,0,0,267.8333333,2,0.5,338,13.33333333,22.83333333,36.66666667,4.5,20.16666667,0,0,0.166666667,0.166666667,26.38
00-0032950,C.Wentz,2017102300,10/23/2017 0:00,268,4,1,357,7,25,8,63,0,0,0,0,264,2.166666667,0.5,330.6666667,13,21,34.5,5.333333333,22.16666667,0,0,0.166666667,0.166666667,35.02
00-0032950,C.Wentz,2017102906,10/29/2017 0:00,211,2,1,300,13,32,2,7,0,0,0,0,257.5,2.5,0.5,323.3333333,12.16666667,19.5,32.16666667,6,31.66666667,0,0,0.166666667,0.166666667,19.14
00-0032950,C.Wentz,2017110505,11/5/2017 0:00,199,4,0,279,12,27,2,8,0,0,0,0,237.1666667,2.5,0.5,283,11,18.33333333,29.83333333,5.666666667,23.66666667,0,0,0.166666667,0.166666667,27.76
00-0032950,C.Wentz,2017111910,11/19/2017 0:00,168,2,0,243,13,27,6,13,0,0,0,0,241,3,0.5,294.3333333,11.33333333,17.33333333,29.16666667,5,21.33333333,0,0,0,0,19.02
00-0032950,C.Wentz,2017112606,11/26/2017 0:00,227,3,0,291,13,36,5,29,0,0,0,0,228.6666667,3.166666667,0.5,289.8333333,11.16666667,16.83333333,28.5,5,21.16666667,0,0,0,0,26.98
00-0032950,C.Wentz,2017120313,12/3/2017 0:00,348,1,1,529,15,45,6,30,0,0,0,0,215.8333333,3,0.333333333,290.5,12,17.16666667,29.5,4.833333333,24.16666667,0,0,0,0,22.92
00-0032950,C.Wentz,2017121011,12/10/2017 0:00,291,4,1,362,17,41,3,16,0,0,0,0,236.8333333,2.666666667,0.5,333.1666667,12.16666667,19.33333333,32,4.833333333,25,0,0,0,0,31.24
00-0032950,C.Wentz,2018092308,9/23/2018 0:00,255,1,1,288,11,37,3,10,0,0,0,0,240.6666667,2.666666667,0.5,334,13.83333333,20.33333333,34.66666667,4,17.16666667,0,0,0,0,17.2
00-0032950,C.Wentz,2018093007,9/30/2018 0:00,348,2,0,375,17,50,2,8,0,0,0,2,248,2.5,0.5,332,13.5,21.5,35.5,4.166666667,17.66666667,0,0,0,0,23.72
00-0032950,C.Wentz,2018100709,10/7/2018 0:00,311,2,0,307,10,34,5,26,0,0,0,0,272.8333333,2.166666667,0.5,348,14.33333333,24.5,39.33333333,4.166666667,17.66666667,0,0,0,0.333333333,26.04
00-0032950,C.Wentz,2018101100,10/11/2018 0:00,278,3,0,234,10,36,2,14,0,0,0,1,296.6666667,2.166666667,0.5,358.6666667,13.83333333,26.16666667,40.5,4,19.83333333,0,0,0,0.333333333,26.52
00-0032950,C.Wentz,2018102108,10/21/2018 0:00,310,2,0,300,7,37,3,3,0,0,0,0,305.1666667,2.166666667,0.5,349.1666667,13.33333333,26.66666667,40.5,3.5,17.33333333,0,0,0,0.5,23.7
00-0032950,C.Wentz,2018102800,10/28/2018 0:00,286,3,1,242,8,30,6,28,0,0,0,0,298.8333333,2.333333333,0.333333333,311,12,26.83333333,39.16666667,3,12.83333333,0,0,0,0.5,28.24
00-0032950,C.Wentz,2018111111,11/11/2018 0:00,360,2,1,379,10,43,2,7,0,0,0,0,298,2.166666667,0.333333333,291,10.5,26.5,37.33333333,3.5,14.83333333,0,0,0,0.5,25.1
00-0032950,C.Wentz,2018111809,11/18/2018 0:00,156,0,3,315,11,33,1,6,0,0,0,0,315.5,2.333333333,0.333333333,306.1666667,10.33333333,27.66666667,38.33333333,3.333333333,14.33333333,0,0,0,0.5,6.84
00-0032950,C.Wentz,2018112506,11/25/2018 0:00,236,1,0,159,8,28,2,-2,0,0,0,0,283.5,2,0.833333333,296.1666667,9.333333333,25.33333333,35.5,3.166666667,14,0,0,0,0.166666667,16.24
00-0032950,C.Wentz,2018120300,12/3/2018 0:00,306,2,1,245,11,39,4,-4,0,0,0,2,271,1.833333333,0.833333333,271.5,9,24.66666667,34.5,2.666666667,9.333333333,0,0,0,0.166666667,19.84
00-0032950,C.Wentz,2018120912,12/9/2018 0:00,228,3,0,276,10,32,4,-3,0,0,0,0,275.6666667,1.666666667,1,273.3333333,9.166666667,24.83333333,35,3,6.333333333,0,0,0,0.333333333,23.82
00-0032950,C.Wentz,2019090806,9/8/2019 0:00,313,3,0,343,11,39,4,5,0,0,0,0,262,1.833333333,1,269.3333333,9.666666667,23.5,34.16666667,3.166666667,5.333333333,0,0,0,0.333333333,28.02
00-0032950,C.Wentz,2019091513,9/15/2019 0:00,231,1,2,410,16,43,4,3,1,0,0,0,266.5,1.833333333,0.833333333,286.1666667,10.16666667,24.66666667,35.66666667,2.833333333,1.5,0,0,0,0.333333333,20.54
00-0032950,C.Wentz,2019092207,9/22/2019 0:00,259,2,0,405,16,35,4,33,0,0,1,1,245,1.666666667,1,291.3333333,11.16666667,23.5,35.66666667,3.166666667,0.833333333,0.166666667,0,0,0.333333333,23.66
00-0032950,C.Wentz,2019092600,9/26/2019 0:00,160,3,0,184,11,27,6,13,0,0,0,0,262.1666667,2,0.5,306.3333333,12,23.5,36,3.666666667,5.333333333,0.166666667,0,0.166666667,0.5,22.7
00-0032950,C.Wentz,2019100606,10/6/2019 0:00,189,1,0,202,12,29,2,5,0,0,0,2,249.5,2.333333333,0.5,310.5,12.5,22.83333333,35.83333333,4.333333333,7.833333333,0.166666667,0,0.166666667,0.5,13.06
00-0032950,C.Wentz,2019101306,10/13/2019 0:00,306,2,1,369,13,40,2,23,0,0,1,1,230,2.166666667,0.333333333,303.3333333,12.66666667,21.16666667,34.16666667,4,9.333333333,0.166666667,0,0.166666667,0.5,23.54
00-0032950,C.Wentz,2019102011,10/20/2019 0:00,191,1,1,323,9,26,4,12,0,0,1,1,243,2,0.5,318.8333333,13.16666667,21.83333333,35.5,3.666666667,13.66666667,0.166666667,0,0.333333333,0.666666667,13.84
00-0032950,C.Wentz,2019102701,10/27/2019 0:00,172,1,0,121,7,24,8,35,0,0,0,0,222.6666667,1.666666667,0.666666667,315.5,12.83333333,19.83333333,33.33333333,3.666666667,14.83333333,0.166666667,0,0.5,0.833333333,17.38
00-0032950,C.Wentz,2019110305,11/3/2019 0:00,239,1,0,303,13,39,4,15,0,0,0,0,212.8333333,1.666666667,0.333333333,267.3333333,11.33333333,18.5,30.16666667,4.333333333,20.16666667,0,0,0.5,0.833333333,18.06
00-0032950,C.Wentz,2019111710,11/17/2019 0:00,214,1,0,405,19,39,3,17,0,0,0,0,209.5,1.5,0.333333333,250.3333333,10.83333333,19.66666667,30.83333333,4.333333333,17.16666667,0,0,0.333333333,0.666666667,17.26
00-0032950,C.Wentz,2019112411,11/24/2019 0:00,256,1,2,280,10,45,6,27,0,0,1,1,218.5,1.166666667,0.333333333,287.1666667,12.16666667,20.33333333,32.83333333,3.833333333,17.83333333,0,0,0.333333333,0.666666667,16.94
00-0032950,C.Wentz,2019120900,12/9/2019 0:00,325,2,0,314,17,50,5,9,0,0,0,0,229.6666667,1.166666667,0.666666667,300.1666667,11.83333333,23,35.5,4.5,21.5,0,0,0.5,0.5,24.9
00-0032950,C.Wentz,2019121508,12/15/2019 0:00,266,3,0,209,13,43,3,9,0,0,0,1,232.8333333,1.166666667,0.5,291,12.5,24.16666667,37.16666667,5,19.16666667,0,0,0.333333333,0.333333333,25.54
00-0032950,C.Wentz,2019122212,12/22/2019 0:00,319,1,0,203,9,40,6,22,0,0,0,0,245.3333333,1.5,0.333333333,272,13.16666667,26.5,40,4.833333333,18.66666667,0,0,0.166666667,0.333333333,21.96
00-0032950,C.Wentz,2019122911,12/29/2019 0:00,289,1,0,301,17,40,3,15,0,0,0,0,269.8333333,1.5,0.333333333,285.6666667,13.5,28.83333333,42.66666667,4.5,16.5,0,0,0.166666667,0.333333333,20.06
,,,,,,,,,,,,,,,,278.1666667,1.5,0.333333333,285.3333333,14.16666667,28.33333333,42.83333333,4.333333333,16.5,0,0,0.166666667,0.333333333,0
00-0033077,D.Prescott,2016091807,9/18/2016 0:00,292,0,0,191,8,30,1,6,1,0,0,0,227,0,0,406,18,25,43,2,12,0,0,0,0,21.28
00-0033077,D.Prescott,2016092513,9/25/2016 0:00,248,1,0,206,5,24,4,36,1,0,1,1,259.5,0,0,298.5,13,23.5,36.5,1.5,9,0.5,0,0,0,25.52
00-0033077,D.Prescott,2016100211,10/2/2016 0:00,245,2,0,179,9,32,5,3,0,0,0,0,255.6666667,0.333333333,0,267.6666667,10.33333333,22,32.33333333,2.333333333,18,0.666666667,0,0.333333333,0.333333333,21.1
00-0033077,D.Prescott,2016100908,10/9/2016 0:00,227,1,0,140,6,24,7,4,1,0,0,0,253,0.75,0,245.5,10,22.25,32.25,3,14.25,0.5,0,0.25,0.25,22.48
00-0033077,D.Prescott,2016101610,10/16/2016 0:00,247,3,1,236,8,27,1,6,0,0,0,0,247.8,0.8,0,224.4,9.2,21.4,30.6,3.8,12.2,0.6,0,0.2,0.2,24.48
00-0033077,D.Prescott,2016103010,10/30/2016 0:00,287,2,1,385,18,38,7,38,1,0,0,0,247.6666667,1.166666667,0.166666667,226.3333333,9,20.83333333,30,3.333333333,11.16666667,0.5,0,0.166666667,0.166666667,31.28
00-0033077,D.Prescott,2016110602,11/6/2016 0:00,247,3,0,211,6,27,4,20,0,0,0,0,257.6666667,1.5,0.333333333,222.8333333,9,19.83333333,29.16666667,4.166666667,15.5,0.666666667,0,0.166666667,0.166666667,26.88
00-0033077,D.Prescott,2016112002,11/20/2016 0:00,301,3,0,279,9,36,2,16,0,0,0,1,250.1666667,2,0.333333333,226.1666667,8.666666667,19.66666667,28.66666667,4.666666667,17.83333333,0.5,0,0.166666667,0.166666667,27.64
00-0033077,D.Prescott,2016112401,11/24/2016 0:00,195,1,0,268,7,24,8,39,1,0,0,0,259,2.333333333,0.333333333,238.3333333,9.333333333,21,30.66666667,4.333333333,14.5,0.333333333,0,0,0.166666667,24.7
00-0033077,D.Prescott,2016120100,12/1/2016 0:00,139,1,0,150,6,18,6,37,0,0,0,0,250.6666667,2.166666667,0.333333333,253.1666667,9,20,29.33333333,4.833333333,20.5,0.5,0,0,0.166666667,16.26
00-0033077,D.Prescott,2016121113,12/11/2016 0:00,165,1,2,338,18,37,1,1,0,0,1,1,236,2.166666667,0.333333333,254.8333333,9,19,28.33333333,4.666666667,26,0.333333333,0,0,0.166666667,10.7
00-0033077,D.Prescott,2016121803,12/18/2016 0:00,279,0,0,228,4,36,4,20,1,0,1,1,222.3333333,1.833333333,0.5,271.8333333,10.66666667,18.83333333,30,4.666666667,25.16666667,0.333333333,0,0.166666667,0.333333333,21.16
00-0033077,D.Prescott,2016122600,12/26/2016 0:00,212,3,0,192,5,20,4,35,0,0,0,0,221,1.5,0.333333333,245.6666667,8.333333333,21,29.66666667,4.166666667,22.16666667,0.333333333,0,0.333333333,0.5,26.98
00-0033077,D.Prescott,2017091012,9/10/2017 0:00,268,1,0,297,14,38,3,24,0,0,0,0,215.1666667,1.5,0.333333333,242.5,8.166666667,20,28.5,4.166666667,24.66666667,0.333333333,0,0.333333333,0.5,20.12
00-0033077,D.Prescott,2017091710,9/17/2017 0:00,238,2,2,346,18,50,3,24,0,0,0,0,209.6666667,1.166666667,0.333333333,245.5,9,19.5,28.83333333,4.333333333,26,0.333333333,0,0.333333333,0.333333333,20.92
00-0033077,D.Prescott,2017092500,9/25/2017 0:00,183,2,0,169,5,18,3,16,1,0,0,0,216.8333333,1.333333333,0.666666667,258.5,10.83333333,21.66666667,33.16666667,3.5,23.5,0.166666667,0,0.333333333,0.333333333,25.92
00-0033077,D.Prescott,2017100104,10/1/2017 0:00,252,3,1,347,14,35,3,25,0,0,0,0,224.1666667,1.5,0.666666667,261.6666667,10.66666667,21.83333333,33.16666667,3,20,0.333333333,0,0.333333333,0.333333333,26.58
00-0033077,D.Prescott,2017100810,10/8/2017 0:00,251,3,1,241,10,36,4,37,1,0,1,1,238.6666667,1.833333333,0.5,263.1666667,10,22.33333333,32.83333333,3.333333333,24,0.333333333,0,0.166666667,0.166666667,32.74
00-0033077,D.Prescott,2017102209,10/22/2017 0:00,234,3,0,127,9,25,4,26,1,0,0,0,234,2.333333333,0.666666667,265.3333333,11,21.16666667,32.83333333,3.333333333,26.83333333,0.333333333,0,0.166666667,0.166666667,32.96
00-0033077,D.Prescott,2017102909,10/29/2017 0:00,143,0,0,173,8,22,3,16,0,0,0,0,237.6666667,2.333333333,0.666666667,254.5,11.66666667,21.33333333,33.66666667,3.333333333,25.33333333,0.5,0,0.166666667,0.166666667,10.32
00-0033077,D.Prescott,2017110509,11/5/2017 0:00,249,2,0,300,12,33,3,27,1,0,0,0,216.8333333,2.166666667,0.666666667,233.8333333,10.66666667,19.66666667,31,3.333333333,24,0.5,0,0.166666667,0.166666667,29.66
00-0033077,D.Prescott,2017111209,11/12/2017 0:00,176,0,0,270,10,30,6,42,1,0,0,0,218.6666667,2.166666667,0.333333333,226.1666667,9.666666667,18.16666667,28.16666667,3.333333333,24.5,0.666666667,0,0.166666667,0.166666667,20.24
00-0033077,D.Prescott,2017111910,11/19/2017 0:00,145,0,3,281,10,31,2,10,0,0,0,0,217.5,1.833333333,0.333333333,243,10.5,19.33333333,30.16666667,3.833333333,28.83333333,0.666666667,0,0.166666667,0.166666667,6.8
00-0033077,D.Prescott,2017113000,11/30/2017 0:00,102,2,0,188,11,22,5,28,0,0,0,0,199.6666667,1.333333333,0.666666667,232,9.833333333,19,29.5,3.666666667,26.33333333,0.666666667,0,0.166666667,0.166666667,17.88
00-0033077,D.Prescott,2017121012,12/10/2017 0:00,332,3,0,184,10,30,6,13,0,0,0,0,174.8333333,1.166666667,0.5,223.1666667,10,16.66666667,27.16666667,3.833333333,24.83333333,0.5,0,0,0,29.58
00-0033077,D.Prescott,2017121711,12/17/2017 0:00,212,0,2,293,7,27,6,32,1,0,0,0,191.1666667,1.166666667,0.5,232.6666667,10.16666667,17.33333333,28,4.166666667,22.66666667,0.333333333,0,0,0,18.68
00-0033077,D.Prescott,2017122411,12/24/2017 0:00,182,0,2,233,11,34,4,21,0,0,1,1,202.6666667,1.166666667,0.833333333,252.6666667,10,18,28.83333333,4.666666667,25.33333333,0.5,0,0,0,9.38
00-0033077,D.Prescott,2017123108,12/31/2017 0:00,179,1,0,220,13,30,2,16,0,0,0,0,191.5,0.833333333,1.166666667,241.5,9.833333333,18,29,4.833333333,24.33333333,0.333333333,0,0.166666667,0.166666667,15.76
00-0033077,D.Prescott,2018090910,9/9/2018 0:00,170,0,0,216,10,29,6,21,0,0,0,0,192,1,1.166666667,233.1666667,10.33333333,17.5,29,4.166666667,20,0.166666667,0,0.166666667,0.166666667,11.9
00-0033077,D.Prescott,2018091613,9/16/2018 0:00,160,1,0,230,9,25,7,45,0,0,0,1,196.1666667,1,0.666666667,222.3333333,10.33333333,17.66666667,28.66666667,4.833333333,21.83333333,0.166666667,0,0.166666667,0.166666667,16.9
00-0033077,D.Prescott,2018092312,9/23/2018 0:00,168,1,2,186,13,34,2,21,0,0,0,0,205.8333333,0.833333333,0.666666667,229.3333333,10,18.5,29.16666667,5.166666667,24.66666667,0.166666667,0,0.166666667,0.333333333,13.82
00-0033077,D.Prescott,2018093002,9/30/2018 0:00,255,2,0,261,10,27,3,2,0,0,0,1,178.5,0.5,1,229.6666667,10.5,18.33333333,29.83333333,4.5,26,0.166666667,0,0.166666667,0.333333333,20.4
00-0033077,D.Prescott,2018100712,10/7/2018 0:00,208,1,2,221,9,29,6,34,0,0,0,0,185.6666667,0.833333333,0.666666667,224.3333333,11,18.16666667,29.83333333,4,21,0,0,0.166666667,0.5,16.72
00-0033077,D.Prescott,2018101410,10/14/2018 0:00,183,2,0,244,10,27,11,82,1,0,0,0,190,1,0.666666667,222.3333333,10.66666667,17.66666667,29,4.333333333,23.16666667,0,0,0,0.333333333,32.52
00-0033077,D.Prescott,2018102110,10/21/2018 0:00,273,1,0,361,13,35,6,33,1,0,0,1,190.6666667,1.166666667,0.666666667,226.3333333,10.16666667,17.66666667,28.5,5.833333333,34.16666667,0.166666667,0,0,0.333333333,26.22
00-0033077,D.Prescott,2018110500,11/5/2018 0:00,243,2,1,214,9,31,2,11,0,0,0,0,207.8333333,1.333333333,0.666666667,250.5,10.66666667,18.16666667,29.5,5.833333333,36.16666667,0.333333333,0,0,0.5,20.82
00-0033077,D.Prescott,2018111111,11/11/2018 0:00,270,1,0,205,10,36,6,9,1,0,0,1,221.6666667,1.5,0.833333333,247.8333333,10.66666667,19,30.5,5,30.5,0.333333333,0,0,0.333333333,23.7
00-0033077,D.Prescott,2018111800,11/18/2018 0:00,208,0,0,218,10,32,4,5,1,0,0,0,238.6666667,1.5,0.5,251,10.16666667,20.16666667,30.83333333,5.666666667,28.5,0.5,0,0,0.5,17.82
00-0033077,D.Prescott,2018112201,11/22/2018 0:00,289,2,0,182,9,31,6,18,1,0,0,0,230.8333333,1.166666667,0.5,243.8333333,10.16666667,21,31.66666667,5.833333333,29,0.666666667,0,0,0.333333333,30.36
00-0033077,D.Prescott,2018112900,11/29/2018 0:00,249,1,0,188,4,28,5,22,0,0,1,1,244.3333333,1.333333333,0.166666667,237.3333333,10.16666667,21.66666667,32,5.833333333,26.33333333,0.833333333,0,0,0.333333333,18.16
00-0033077,D.Prescott,2018120912,12/9/2018 0:00,455,3,2,429,10,54,4,2,0,0,0,0,255.3333333,1.166666667,0.166666667,228,9.166666667,22.83333333,32.16666667,4.833333333,16.33333333,0.666666667,0,0.166666667,0.5,31.4
00-0033077,D.Prescott,2018122306,12/23/2018 0:00,161,1,0,113,5,25,4,2,1,0,0,0,285.6666667,1.5,0.5,239.3333333,8.666666667,26.16666667,35.33333333,4.5,11.16666667,0.5,0,0.166666667,0.333333333,19.64
00-0033077,D.Prescott,2018123008,12/30/2018 0:00,387,4,0,434,17,44,4,0,0,0,1,1,272,1.333333333,0.333333333,222.5,8,26,34.33333333,4.833333333,9.666666667,0.666666667,0,0.166666667,0.333333333,33.48
00-0033077,D.Prescott,2019090810,9/8/2019 0:00,405,4,0,301,7,32,4,12,0,0,0,0,291.5,1.833333333,0.333333333,260.6666667,9.166666667,26.16666667,35.66666667,4.5,8.166666667,0.5,0,0.333333333,0.333333333,36.4
00-0033077,D.Prescott,2019091509,9/15/2019 0:00,269,3,1,257,3,30,5,69,0,0,0,0,324.3333333,2.5,0.333333333,274.5,8.666666667,26.66666667,35.66666667,4.5,9.333333333,0.333333333,0,0.333333333,0.333333333,31.66
00-0033077,D.Prescott,2019092201,9/22/2019 0:00,246,2,1,413,12,32,2,7,1,0,0,1,321,2.666666667,0.5,287,7.666666667,27.33333333,35.5,4.333333333,17.83333333,0.166666667,0,0.333333333,0.333333333,25.54
00-0033077,D.Prescott,2019092912,9/29/2019 0:00,223,0,1,316,9,32,1,7,0,0,1,1,320.5,2.833333333,0.666666667,324.5,9,26.5,36.16666667,3.833333333,15.33333333,0.333333333,0,0.166666667,0.333333333,10.62
00-0033077,D.Prescott,2019100611,10/6/2019 0:00,463,2,3,470,14,44,4,27,0,0,0,0,281.8333333,2.333333333,0.5,305.6666667,8.833333333,23.16666667,32.5,3.333333333,16.16666667,0.333333333,0,0.333333333,0.5,29.22
00-0033077,D.Prescott,2019101310,10/13/2019 0:00,278,0,0,341,12,40,3,11,1,0,0,0,332.1666667,2.5,1,365.1666667,10.33333333,24.33333333,35.66666667,3.333333333,20.33333333,0.166666667,0,0.333333333,0.5,21.22
00-0033077,D.Prescott,2019102011,10/20/2019 0:00,239,1,1,225,5,27,5,30,1,0,0,0,314,1.833333333,1,349.6666667,9.5,24.5,35,3.166666667,22.16666667,0.333333333,0,0.166666667,0.333333333,24.56
00-0033077,D.Prescott,2019110400,11/4/2019 0:00,257,3,1,360,12,35,3,12,0,0,1,1,286.3333333,1.333333333,1.166666667,337,9.166666667,23.83333333,34.16666667,3.333333333,25.16666667,0.5,0,0.166666667,0.333333333,24.48
00-0033077,D.Prescott,2019111702,11/17/2019 0:00,444,3,0,454,17,46,6,18,0,0,0,0,284.3333333,1.333333333,1.166666667,354.1666667,10.66666667,23.16666667,35,3,15.66666667,0.5,0,0.333333333,0.5,34.56
00-0033077,D.Prescott,2019112409,11/24/2019 0:00,212,0,1,185,13,33,1,4,0,0,0,2,317.3333333,1.5,1,361,11.5,24.83333333,37.33333333,3.666666667,17.5,0.333333333,0,0.333333333,0.333333333,8.88
00-0033077,D.Prescott,2019112801,11/28/2019 0:00,355,2,1,331,16,49,4,25,0,0,0,0,315.5,1.5,1,339.1666667,12.16666667,24.33333333,37.5,3.666666667,17,0.333333333,0,0.166666667,0.5,26.7
00-0033077,D.Prescott,2019120500,12/5/2019 0:00,334,1,0,513,22,49,3,1,0,0,0,0,297.5,1.5,0.666666667,316,12.5,25.16666667,38.33333333,3.666666667,16.66666667,0.333333333,0,0.166666667,0.5,20.46
00-0033077,D.Prescott,2019121511,12/15/2019 0:00,212,2,0,137,8,23,7,12,0,0,0,0,306.8333333,1.666666667,0.666666667,344.6666667,14.16666667,25,39.83333333,3.666666667,15,0.166666667,0,0.166666667,0.5,20.68
00-0033077,D.Prescott,2019122212,12/22/2019 0:00,265,0,0,434,19,44,1,7,0,0,0,0,302.3333333,1.833333333,0.5,330,14.66666667,24,39.16666667,4,12,0,0,0.166666667,0.5,14.3
00-0033077,D.Prescott,2019122904,12/29/2019 0:00,303,4,0,206,10,33,3,35,0,0,0,0,303.6666667,1.333333333,0.333333333,342.3333333,15.83333333,24.5,40.66666667,3.666666667,11.16666667,0,0,0,0.333333333,34.62
,,,,,,,,,,,,,,,,280.1666667,1.5,0.333333333,301,14.66666667,23.5,38.5,3.166666667,14,0,0,0,0.333333333,0
00-0033104,C.Kessler,2016100207,10/2/2016 0:00,223,1,1,174,10,39,2,2,0,0,0,0,244,0,0,233,12,21,33,2,-1,0,0,0,1,15.12
00-0033104,C.Kessler,2016101607,10/16/2016 0:00,336,2,0,406,15,41,1,3,0,0,0,0,233.5,0.5,0.5,203.5,11,24.5,36,2,0.5,0,0,0,0.5,24.74
00-0033104,C.Kessler,2016110602,11/6/2016 0:00,203,1,0,240,8,27,2,11,0,0,0,0,267.6666667,1,0.333333333,271,12.33333333,25,37.66666667,1.666666667,1.333333333,0,0,0,0.333333333,16.22
00-0033104,C.Kessler,2016112001,11/20/2016 0:00,128,0,1,166,6,14,1,2,0,0,0,0,251.5,1,0.25,263.25,11.25,23.5,35,1.75,3.75,0,0,0,0.25,7.32
00-0033104,C.Kessler,2017102202,10/22/2017 0:00,121,0,1,167,8,19,1,-1,0,0,0,0,226.8,0.8,0.4,243.8,10.2,20.2,30.8,1.6,3.4,0,0,0,0.2,6.74
00-0033104,C.Kessler,2018102104,10/21/2018 0:00,156,1,1,170,8,30,2,8,0,0,0,0,209.1666667,0.666666667,0.5,231,9.833333333,18.5,28.83333333,1.5,2.666666667,0,0,0,0.166666667,13.04
00-0033104,C.Kessler,2018120205,12/2/2018 0:00,150,0,0,118,6,24,5,28,0,0,0,0,194.5,0.833333333,0.666666667,220.5,9.166666667,18.5,28.33333333,1.5,4.166666667,0,0,0,0,11.8
00-0033104,C.Kessler,2018120600,12/6/2018 0:00,240,1,0,396,18,43,5,17,0,0,0,0,182.3333333,0.666666667,0.5,211.1666667,8.5,16.83333333,25.83333333,2,8.5,0,0,0,0,18.3
00-0033104,C.Kessler,2018122302,12/23/2018 0:00,106,0,0,108,5,17,1,2,0,0,0,0,166.3333333,0.5,0.5,209.5,9,16.66666667,26.16666667,2.666666667,10.83333333,0,0,0,0,7.44
,,,,,,,,,,,,,,,,150.1666667,0.333333333,0.5,187.5,8.5,15.5,24.5,2.5,9.333333333,0,0,0,0,0
00-0033106,J.Goff,2016120406,12/4/2016 0:00,161,1,2,256,16,32,1,-1,0,0,0,0,134,0,0,231,14,17,31,4,11,0,0,1,1,11.34
00-0033106,J.Goff,2016121112,12/11/2016 0:00,235,0,2,227,15,41,1,2,1,0,0,0,147.5,0.5,1,243.5,15,15.5,31.5,2.5,5,0,0,0.5,0.5,16.6
00-0033106,J.Goff,2017091009,9/10/2017 0:00,306,1,0,248,8,29,1,2,0,0,0,0,176.6666667,0.333333333,1.333333333,238,15,18.33333333,34.66666667,2,4,0.333333333,0,0.333333333,0.333333333,19.44
00-0033106,J.Goff,2017091711,9/17/2017 0:00,224,1,1,161,9,25,3,1,0,0,0,0,209,0.5,1,240.5,13.25,19,33.25,1.75,3.5,0.25,0,0.25,0.25,15.06
00-0033106,J.Goff,2017092100,9/21/2017 0:00,292,3,0,220,6,28,1,-1,0,0,0,0,212,0.6,1,224.6,12.4,18.2,31.6,2,3,0.2,0,0.2,0.2,26.58
00-0033106,J.Goff,2017100104,10/1/2017 0:00,255,2,0,233,15,36,1,-1,0,0,0,0,225.3333333,1,0.833333333,223.8333333,11.33333333,18.83333333,31,1.833333333,2.333333333,0.166666667,0,0.166666667,0.166666667,21.1
00-0033106,J.Goff,2017100808,10/8/2017 0:00,288,0,2,554,22,46,1,22,0,0,0,0,245.5,1.333333333,0.833333333,224.1666667,11.5,19.5,31.83333333,1.333333333,0.333333333,0.166666667,0,0,0,14.72
00-0033106,J.Goff,2017101508,10/15/2017 0:00,124,1,0,224,10,21,4,9,0,0,1,1,266.6666667,1.166666667,0.833333333,273.8333333,12.5,20.83333333,34.16666667,1.333333333,4.166666667,0.166666667,0,0,0,11.86
00-0033106,J.Goff,2017102205,10/22/2017 0:00,235,1,1,234,14,37,2,13,1,0,0,0,248.1666667,1.333333333,0.5,273.3333333,11.66666667,18.66666667,30.83333333,1.833333333,5.333333333,0,0,0.166666667,0.166666667,22.7
00-0033106,J.Goff,2017111208,11/12/2017 0:00,355,3,0,265,12,37,4,3,0,0,0,0,236.3333333,1.333333333,0.666666667,271,12.66666667,18.83333333,32.16666667,2,7.166666667,0.166666667,0,0.166666667,0.166666667,29.5
00-0033106,J.Goff,2017111904,11/19/2017 0:00,225,0,0,350,13,36,2,8,0,0,1,1,258.1666667,1.666666667,0.5,288.3333333,13.16666667,20.5,34.16666667,2.166666667,7.5,0.166666667,0,0.166666667,0.166666667,11.8
00-0033106,J.Goff,2017112607,11/26/2017 0:00,354,2,1,338,14,43,3,-3,0,0,0,0,247,1.166666667,0.5,310,14.33333333,20.66666667,35.5,2.333333333,9,0.166666667,0,0.333333333,0.333333333,23.86
00-0033106,J.Goff,2017120311,12/3/2017 0:00,220,2,1,181,9,31,1,2,0,0,0,0,263.5,1.166666667,0.666666667,327.5,14.16666667,21.83333333,36.66666667,2.666666667,8.666666667,0.166666667,0,0.333333333,0.333333333,19
00-0033106,J.Goff,2017121011,12/10/2017 0:00,199,2,0,184,10,26,2,2,0,0,1,1,252.1666667,1.5,0.5,265.3333333,12,21.66666667,34.16666667,2.666666667,5.333333333,0.166666667,0,0.333333333,0.333333333,18.16
00-0033106,J.Goff,2017122407,12/24/2017 0:00,301,4,0,268,16,38,3,-6,0,0,0,0,264.6666667,1.666666667,0.5,258.6666667,12,22.5,35,2.333333333,4.166666667,0.166666667,0,0.333333333,0.333333333,30.44
00-0033106,J.Goff,2018091001,9/10/2018 0:00,233,2,0,330,15,33,1,-1,0,0,0,0,275.6666667,2.166666667,0.333333333,264.3333333,12.33333333,22.5,35.16666667,2.5,1,0,0,0.333333333,0.333333333,20.22
00-0033106,J.Goff,2018091609,9/16/2018 0:00,354,1,1,302,7,32,2,2,0,0,0,0,255.3333333,2,0.333333333,275.1666667,12.83333333,21.33333333,34.5,2,0.333333333,0,0,0.333333333,0.333333333,20.36
00-0033106,J.Goff,2018092310,9/23/2018 0:00,354,3,1,212,6,36,3,14,0,0,1,1,276.8333333,2.166666667,0.5,267.1666667,11.83333333,21.5,33.83333333,2,-0.666666667,0,0,0.166666667,0.166666667,28.56
00-0033106,J.Goff,2018092700,9/27/2018 0:00,465,5,0,272,7,33,2,7,0,0,0,1,276.8333333,2.333333333,0.5,246.1666667,10.5,21.66666667,32.66666667,2,2.166666667,0,0,0.333333333,0.333333333,41.3
00-0033106,J.Goff,2018100711,10/7/2018 0:00,321,1,2,271,7,32,5,15,0,0,0,1,317.6666667,2.833333333,0.333333333,261.3333333,10.16666667,22.5,33,2.166666667,3,0,0,0.333333333,0.5,18.34
00-0033106,J.Goff,2018101409,10/14/2018 0:00,201,0,1,230,13,28,4,14,0,0,0,0,338,2.666666667,0.666666667,275.8333333,9.666666667,23.66666667,34,2.666666667,5.166666667,0,0,0.166666667,0.5,11.44
00-0033106,J.Goff,2018102111,10/21/2018 0:00,202,2,0,224,6,24,3,4,0,0,0,0,321.3333333,2,0.833333333,269.5,9.166666667,22.33333333,32.33333333,2.833333333,8.5,0,0,0.166666667,0.5,19.48
00-0033106,J.Goff,2018102810,10/28/2018 0:00,295,3,0,400,16,35,5,7,0,0,0,0,316.1666667,2,0.833333333,251.8333333,7.666666667,22.33333333,30.83333333,3.166666667,9.333333333,0,0,0.166666667,0.5,27.5
00-0033106,J.Goff,2018110409,11/4/2018 0:00,391,3,1,351,11,40,3,17,0,0,0,0,306.3333333,2.333333333,0.666666667,268.1666667,9.166666667,21.5,31.33333333,3.666666667,10.16666667,0,0,0.166666667,0.5,31.34
00-0033106,J.Goff,2018111110,11/11/2018 0:00,318,2,0,271,11,39,3,3,0,0,0,0,312.5,2.333333333,0.666666667,291.3333333,10,21.33333333,32,3.666666667,10.66666667,0,0,0,0.333333333,24.02
00-0033106,J.Goff,2018111900,11/19/2018 0:00,413,4,0,486,18,49,4,6,1,0,0,1,288,1.833333333,0.666666667,291.1666667,10.66666667,21.66666667,33,3.833333333,10,0,0,0,0.166666667,41.12
00-0033106,J.Goff,2018120202,12/2/2018 0:00,207,1,1,348,15,33,2,-2,0,0,0,0,303.3333333,2.333333333,0.333333333,327,12.5,23,35.83333333,3.666666667,8.5,0.166666667,0,0,0.166666667,14.08
00-0033106,J.Goff,2018120901,12/9/2018 0:00,180,0,4,378,20,44,1,5,0,0,0,0,304.3333333,2.5,0.333333333,346.6666667,12.83333333,23.5,36.66666667,3.333333333,5.833333333,0.166666667,0,0,0.166666667,6.7
00-0033106,J.Goff,2018121611,12/16/2018 0:00,339,0,1,349,16,52,2,11,0,0,0,0,300.6666667,2.166666667,1,372.3333333,15.16666667,23.83333333,40,3,6,0.166666667,0,0,0.166666667,16.66
00-0033106,J.Goff,2018122311,12/23/2018 0:00,216,1,0,185,5,24,2,6,1,0,0,0,308,1.666666667,1.166666667,363.8333333,15.16666667,26.5,42.83333333,2.5,6.666666667,0.166666667,0,0,0.166666667,22.24
00-0033106,J.Goff,2018123014,12/30/2018 0:00,199,4,0,256,10,25,1,0,0,0,0,0,278.8333333,1.333333333,1,336.1666667,14.16666667,25,40.16666667,2.333333333,4.833333333,0.333333333,0,0,0.166666667,26.96
00-0033106,J.Goff,2019090800,9/8/2019 0:00,186,1,1,273,15,39,4,0,0,0,0,0,259,1.666666667,1,333.6666667,14,22.83333333,37.83333333,2,4.333333333,0.333333333,0,0,0.166666667,13.44
00-0033106,J.Goff,2019091512,9/15/2019 0:00,283,1,0,200,9,28,4,-2,1,0,0,0,221.1666667,1.166666667,1.166666667,298.1666667,13.5,21.5,36.16666667,2,3.333333333,0.166666667,0,0,0,24.12
00-0033106,J.Goff,2019092213,9/22/2019 0:00,268,2,2,390,12,38,4,14,0,0,0,0,233.8333333,1.166666667,1,273.5,12.5,21.83333333,35.33333333,2.333333333,3.333333333,0.333333333,0,0,0,21.12
00-0033106,J.Goff,2019100300,10/3/2019 0:00,395,1,1,411,19,49,2,1,0,0,0,0,248.5,1.5,0.666666667,275.5,11.16666667,22.5,34.33333333,2.833333333,4.833333333,0.333333333,0,0,0,21.9
00-0033106,J.Goff,2019102000,10/20/2019 0:00,268,2,0,373,15,37,3,3,1,0,0,0,257.8333333,1.666666667,0.666666667,285.8333333,11.66666667,21.5,33.83333333,2.833333333,3.166666667,0.333333333,0,0,0,28.02
00-0033106,J.Goff,2019111009,11/10/2019 0:00,243,0,2,294,17,41,1,0,0,0,0,0,266.5,1.833333333,0.666666667,317.1666667,13.33333333,22,36,3,2.666666667,0.333333333,0,0,0,10.72
00-0033106,J.Goff,2019111711,11/17/2019 0:00,173,0,1,158,6,18,3,3,0,0,0,2,273.8333333,1.166666667,1,323.5,14.5,23.16666667,38.66666667,3,2.666666667,0.333333333,0,0,0,7.22
00-0033106,J.Goff,2019112500,11/25/2019 0:00,212,0,2,312,9,37,1,-1,0,0,0,0,271.6666667,1,1,304.3333333,13,21.16666667,35.16666667,2.833333333,3.166666667,0.333333333,0,0,0.333333333,9.38
00-0033106,J.Goff,2019120813,12/8/2019 0:00,293,2,2,286,7,31,2,4,0,0,0,0,259.8333333,0.833333333,1.333333333,323,13,22.33333333,36.66666667,2.333333333,3.333333333,0.166666667,0,0,0.333333333,21.12
00-0033106,J.Goff,2019121511,12/15/2019 0:00,284,2,1,304,17,51,3,2,0,0,0,0,264,0.833333333,1.333333333,305.6666667,12.16666667,22,35.5,2,1.666666667,0.166666667,0,0,0.333333333,21.56
00-0033106,J.Goff,2019122102,12/21/2019 0:00,323,2,1,289,18,46,4,12,0,0,0,1,245.5,1,1.333333333,287.8333333,11.83333333,22.66666667,35.83333333,2.166666667,1.833333333,0.166666667,0,0,0.333333333,23.12
00-0033106,J.Goff,2019122914,12/29/2019 0:00,319,3,0,352,16,45,2,4,0,0,0,0,254.6666667,1,1.5,273.8333333,12.33333333,23.5,37.33333333,2.333333333,3.333333333,0,0,0,0.5,28.16
,,,,,,,,,,,,,,,,267.3333333,1.5,1.166666667,283.5,12.16666667,24.66666667,38,2.5,4,0,0,0,0.5,0
00-0033108,P.Lynch,2016100907,10/9/2016 0:00,223,1,1,311,10,34,6,18,0,0,0,1,170,1,0,315,10,14,24,3,-4,0,0,0,0,15.72
00-0033108,P.Lynch,2016120405,12/4/2016 0:00,104,0,0,282,12,24,2,11,0,0,0,0,196.5,1,0.5,313,10,18.5,29,4.5,7,0,0,0,0.5,8.26
00-0033108,P.Lynch,2017123112,12/31/2017 0:00,254,2,2,288,8,31,3,13,0,0,0,0,165.6666667,0.666666667,0.333333333,302.6666667,10.66666667,16.33333333,27.33333333,3.666666667,8.333333333,0,0,0,0.333333333,20.46
,,,,,,,,,,,,,,,,187.75,1,0.75,299,10,17.5,28.25,3.5,9.5,0,0,0,0.25,0
00-0033119,J.Brissett,2016100205,10/2/2016 0:00,205,0,0,257,10,27,4,23,0,0,0,0,103,0,0,139,8,11,19,8,48,1,0,0,0,13.5
00-0033119,J.Brissett,2017091702,9/17/2017 0:00,216,0,1,314,16,37,6,22,0,0,0,0,154,0,0,198,9,14,23,6,35.5,0.5,0,0,0,12.84
00-0033119,J.Brissett,2017092405,9/24/2017 0:00,259,1,0,181,7,24,5,14,2,0,1,1,174.6666667,0,0.333333333,236.6666667,11.33333333,16,27.66666667,6,31,0.333333333,0,0,0,29.76
00-0033119,J.Brissett,2017100113,10/1/2017 0:00,157,1,1,233,12,29,3,33,0,0,0,0,195.75,0.25,0.25,222.75,10.25,16.25,26.75,5.75,26.75,0.75,0,0.25,0.25,15.58
00-0033119,J.Brissett,2017100803,10/8/2017 0:00,314,0,1,400,11,34,8,14,1,0,0,0,188,0.4,0.4,224.8,10.6,16.2,27.2,5.2,28,0.6,0,0.2,0.2,21.96
00-0033119,J.Brissett,2017101600,10/16/2017 0:00,212,1,0,224,16,37,5,15,0,0,1,1,209,0.333333333,0.5,254,10.66666667,17.16666667,28.33333333,5.666666667,25.66666667,0.666666667,0,0.166666667,0.166666667,15.98
00-0033119,J.Brissett,2017102204,10/22/2017 0:00,200,0,0,289,15,37,5,31,0,0,0,0,227.1666667,0.5,0.5,268.1666667,12,18.83333333,31.33333333,5.166666667,20.16666667,0.5,0,0.333333333,0.333333333,14.1
00-0033119,J.Brissett,2017102902,10/29/2017 0:00,233,2,1,265,13,39,1,6,0,0,0,0,226.3333333,0.5,0.5,273.5,12.83333333,19.66666667,33,5.333333333,21.5,0.5,0,0.333333333,0.333333333,19.92
00-0033119,J.Brissett,2017110501,11/5/2017 0:00,308,2,0,207,10,30,2,12,0,0,0,0,229.1666667,0.833333333,0.5,265.3333333,12.33333333,20.5,33.33333333,4.5,18.83333333,0.5,0,0.333333333,0.333333333,24.52
00-0033119,J.Brissett,2017111203,11/12/2017 0:00,222,2,1,190,9,24,4,7,0,0,0,0,237.3333333,1,0.5,269.6666667,12.83333333,21,34.33333333,4,18.5,0.166666667,0,0.166666667,0.166666667,19.58
00-0033119,J.Brissett,2017112602,11/26/2017 0:00,196,0,0,162,12,29,3,16,0,0,0,0,248.1666667,1.166666667,0.5,262.5,12.33333333,20.66666667,33.5,4.166666667,14.16666667,0.166666667,0,0.166666667,0.166666667,12.44
00-0033119,J.Brissett,2017120305,12/3/2017 0:00,174,1,2,207,11,34,6,36,0,0,0,0,228.5,1.166666667,0.333333333,222.8333333,12.5,19.83333333,32.66666667,3.333333333,14.5,0,0,0.166666667,0.166666667,15.56
00-0033119,J.Brissett,2017121400,12/14/2017 0:00,158,0,0,180,13,30,5,18,1,0,0,1,222.1666667,1.166666667,0.666666667,220,11.66666667,19.83333333,32.16666667,3.5,18,0,0,0,0,16.12
00-0033119,J.Brissett,2017122300,12/23/2017 0:00,215,1,0,244,17,33,3,8,0,0,0,0,215.1666667,1.166666667,0.666666667,201.8333333,11.33333333,19,31,3.5,15.83333333,0.166666667,0,0,0.166666667,16.4
00-0033119,J.Brissett,2017123103,12/31/2017 0:00,114,1,0,177,10,25,5,18,0,0,0,0,212.1666667,1,0.5,198.3333333,12,17.5,30,3.833333333,16.16666667,0.166666667,0,0,0.166666667,13.36
00-0033119,J.Brissett,2019090807,9/8/2019 0:00,190,2,0,158,6,27,3,9,0,0,0,0,179.8333333,0.833333333,0.5,193.3333333,12,16.66666667,29.16666667,4.333333333,17.16666667,0.166666667,0,0,0.166666667,19.5
00-0033119,J.Brissett,2019091508,9/15/2019 0:00,146,3,1,140,9,27,7,25,0,0,0,0,174.5,0.833333333,0.333333333,188,11.5,17.83333333,29.66666667,4.166666667,17.5,0.166666667,0,0,0.166666667,22.34
00-0033119,J.Brissett,2019092203,9/22/2019 0:00,310,2,0,206,9,37,3,4,0,0,0,0,166.1666667,1.333333333,0.5,184.3333333,11,17.83333333,29.33333333,4.833333333,19,0.166666667,0,0,0.166666667,23.8
00-0033119,J.Brissett,2019092905,9/29/2019 0:00,265,3,1,484,21,46,5,19,0,0,1,1,188.8333333,1.5,0.166666667,184.1666667,10.66666667,19,29.83333333,4.333333333,13.66666667,0.166666667,0,0,0.166666667,25.5
00-0033119,J.Brissett,2019100612,10/6/2019 0:00,151,0,1,148,10,29,6,9,1,0,0,0,206.6666667,2,0.333333333,234.8333333,12,20.16666667,32.5,4.333333333,13.83333333,0,0,0.166666667,0.166666667,14.94
00-0033119,J.Brissett,2019102005,10/20/2019 0:00,326,4,0,281,13,39,5,6,0,0,0,0,196,1.833333333,0.5,218.8333333,10.83333333,20.5,31.83333333,4.833333333,14,0.166666667,0,0.166666667,0.166666667,32.64
00-0033119,J.Brissett,2019102710,10/27/2019 0:00,202,0,0,205,9,24,6,34,0,0,0,1,231.3333333,2.333333333,0.5,236.1666667,11.33333333,22.33333333,34.16666667,4.833333333,12,0.166666667,0,0.166666667,0.166666667,13.48
00-0033119,J.Brissett,2019111703,11/17/2019 0:00,148,1,1,219,8,24,2,12,1,0,0,0,233.3333333,2,0.5,244,11.83333333,21.33333333,33.66666667,5.333333333,16.16666667,0.166666667,0,0.166666667,0.333333333,19.12
00-0033119,J.Brissett,2019112100,11/21/2019 0:00,129,0,0,178,8,24,4,20,1,0,0,0,233.6666667,1.666666667,0.5,257.1666667,11.66666667,21,33.16666667,4.5,14,0.333333333,0,0.166666667,0.333333333,16.16
00-0033119,J.Brissett,2019120103,12/1/2019 0:00,319,1,2,322,13,40,1,-1,0,0,1,1,203.5,1.333333333,0.5,252.5,11.5,19,31,4.666666667,16.66666667,0.5,0,0.166666667,0.333333333,16.66
00-0033119,J.Brissett,2019120808,12/8/2019 0:00,251,2,0,359,17,36,4,26,0,0,1,1,212.5,1,0.666666667,225.5,10.16666667,19.16666667,30,4,13.33333333,0.5,0,0.166666667,0.333333333,22.64
00-0033119,J.Brissett,2019121600,12/16/2019 0:00,165,0,0,311,16,34,1,7,0,0,0,0,229.1666667,1.333333333,0.5,260.6666667,11.33333333,19.33333333,31.16666667,3.666666667,16.16666667,0.333333333,0,0.333333333,0.5,10.3
00-0033119,J.Brissett,2019122207,12/22/2019 0:00,119,0,0,289,13,27,3,37,1,0,0,0,202.3333333,0.666666667,0.5,265.6666667,11.83333333,18,30.33333333,3,16.33333333,0.333333333,0,0.333333333,0.5,17.46
00-0033119,J.Brissett,2019122907,12/29/2019 0:00,162,0,0,197,13,25,4,17,0,0,0,0,188.5,0.666666667,0.5,279.6666667,12.5,17.83333333,30.83333333,2.5,16.83333333,0.5,0,0.333333333,0.333333333,11.18
,,,,,,,,,,,,,,,,190.8333333,0.5,0.333333333,276,13.33333333,17.33333333,31,2.833333333,17.66666667,0.333333333,0,0.333333333,0.333333333,0
00-0033319,N.Mullens,2018111200,11/12/2018 0:00,250,1,2,276,8,37,2,1,0,0,0,0,262,3,0,146,6,16,22,4,-3,0,0,0,0,15.1
00-0033319,N.Mullens,2018112507,11/25/2018 0:00,221,1,2,269,12,32,2,-1,0,0,0,0,256,2,1,211,7,21.5,29.5,3,-1,0,0,0,0,13.74
00-0033319,N.Mullens,2018120213,12/2/2018 0:00,414,2,1,202,15,46,3,1,0,0,0,0,244.3333333,1.666666667,1.333333333,230.3333333,8.666666667,20.33333333,30.33333333,2.666666667,-1,0,0,0,0,26.66
00-0033319,N.Mullens,2018120910,12/9/2018 0:00,332,2,1,219,12,33,5,-10,0,0,0,1,286.75,1.75,1.25,223.25,10.25,22.75,34.25,2.75,-0.5,0,0,0,0,21.28
00-0033319,N.Mullens,2018121609,12/16/2018 0:00,275,1,0,233,9,29,2,-2,0,0,0,0,295.8,1.8,1.2,222.4,10.6,22.2,34,3.2,-2.4,0,0,0,0.2,17.8
00-0033319,N.Mullens,2018123014,12/30/2018 0:00,282,3,3,191,7,33,1,-2,0,0,0,0,292.3333333,1.666666667,1,224.1666667,10.33333333,21.83333333,33.16666667,3,-2.333333333,0,0,0,0.166666667,23.08
,,,,,,,,,,,,,,,,295.6666667,1.666666667,1.5,231.6666667,10.5,23,35,2.5,-2.166666667,0,0,0,0.166666667,0
00-0033537,D.Watson,2017091400,9/14/2017 0:00,125,0,0,182,9,24,5,67,1,0,0,0,102,1,1,211,10,12,23,2,16,0,0,0,0,20.7
00-0033537,D.Watson,2017092407,9/24/2017 0:00,301,2,2,404,9,33,8,41,0,0,0,0,113.5,0.5,0.5,196.5,9.5,13.5,23.5,3.5,41.5,0.5,0,0,0,25.14
00-0033537,D.Watson,2017100105,10/1/2017 0:00,283,4,1,318,8,34,4,24,1,0,0,0,176,1,1,265.6666667,9.333333333,16.33333333,26.66666667,5,41.33333333,0.333333333,0,0,0,37.72
00-0033537,D.Watson,2017100811,10/8/2017 0:00,261,5,0,447,13,29,4,33,0,0,0,0,202.75,1.75,1,278.75,9,18.5,28.5,4.75,37,0.5,0,0,0,36.74
00-0033537,D.Watson,2017101502,10/15/2017 0:00,225,3,1,216,11,29,6,23,0,0,0,0,214.4,2.4,0.8,312.4,9.8,18,28.6,4.6,36.2,0.4,0,0,0,25.3
00-0033537,D.Watson,2017102908,10/29/2017 0:00,402,4,3,466,8,30,8,67,0,0,0,0,216.1666667,2.5,0.833333333,296.3333333,10,17.83333333,28.66666667,4.833333333,34,0.333333333,0,0,0,38.78
00-0033537,D.Watson,2018090905,9/9/2018 0:00,176,1,1,377,16,34,8,40,0,0,0,0,266.1666667,3,1.166666667,338.8333333,9.666666667,19,29.83333333,5.833333333,42.5,0.333333333,0,0,0,17.04
00-0033537,D.Watson,2018091607,9/16/2018 0:00,310,2,1,399,8,31,5,44,0,0,0,0,274.6666667,3.166666667,1.333333333,371.3333333,10.83333333,19.33333333,31.5,6.333333333,38,0.166666667,0,0,0,26.8
00-0033537,D.Watson,2018092303,9/23/2018 0:00,385,2,1,438,13,38,5,36,0,0,1,1,276.1666667,3.166666667,1.166666667,370.5,10.66666667,19.33333333,31.16666667,5.833333333,38.5,0.166666667,0,0,0,28
00-0033537,D.Watson,2018093004,9/30/2018 0:00,375,2,1,342,10,40,6,41,1,0,0,0,293.1666667,2.833333333,1.166666667,390.5,11.5,19.16666667,31.83333333,6,40.5,0,0,0.166666667,0.166666667,35.1
00-0033537,D.Watson,2018100712,10/7/2018 0:00,375,1,1,290,10,44,10,40,0,0,1,1,312.1666667,2.333333333,1.333333333,373,11,21.33333333,33.66666667,6.333333333,41.83333333,0.166666667,0,0.166666667,0.166666667,24
00-0033537,D.Watson,2018101403,10/14/2018 0:00,177,1,2,196,8,25,2,2,0,0,0,0,337.1666667,2,1.333333333,385.3333333,10.83333333,24,36.16666667,7,44.66666667,0.166666667,0,0.333333333,0.333333333,12.28
00-0033537,D.Watson,2018102104,10/21/2018 0:00,139,1,0,221,12,24,7,13,0,0,0,1,299.6666667,1.5,1.166666667,340.3333333,10.83333333,23.33333333,35.33333333,6,33.83333333,0.166666667,0,0.333333333,0.333333333,12.86
00-0033537,D.Watson,2018102500,10/25/2018 0:00,239,5,0,185,4,20,1,14,0,0,0,0,293.5,1.5,1,314.3333333,10.16666667,22.5,33.66666667,5.833333333,29.33333333,0.166666667,0,0.333333333,0.5,33.96
00-0033537,D.Watson,2018110407,11/4/2018 0:00,213,2,0,159,7,24,6,38,0,0,0,0,281.6666667,2,0.833333333,278.6666667,9.5,21.5,31.83333333,5.166666667,24.33333333,0.166666667,0,0.333333333,0.5,23.32
00-0033537,D.Watson,2018111806,11/18/2018 0:00,208,1,2,122,6,24,3,7,0,0,1,1,253,2,0.666666667,232.1666667,8.5,20.33333333,29.5,5.333333333,24.66666667,0.166666667,0,0.166666667,0.333333333,13.02
00-0033537,D.Watson,2018112600,11/26/2018 0:00,210,2,0,189,4,23,9,70,1,0,0,0,225.1666667,1.833333333,0.833333333,195.5,7.833333333,18.16666667,26.83333333,4.833333333,19,0,0,0.333333333,0.5,32.4
00-0033537,D.Watson,2018120204,12/2/2018 0:00,224,1,0,232,9,31,7,30,0,0,0,1,197.6666667,2,0.666666667,178.6666667,6.833333333,15.83333333,23.33333333,4.666666667,24,0.166666667,0,0.166666667,0.333333333,17.96
00-0033537,D.Watson,2018120904,12/9/2018 0:00,267,1,0,257,11,38,5,35,0,0,0,0,205.5,2,0.333333333,184.6666667,7,17,24.33333333,5.5,28.66666667,0.166666667,0,0.166666667,0.5,21.18
00-0033537,D.Watson,2018121500,12/15/2018 0:00,294,2,0,264,6,28,4,26,0,0,0,0,226.8333333,2,0.333333333,190.6666667,6.833333333,19.5,26.66666667,5.166666667,32.33333333,0.166666667,0,0.166666667,0.333333333,25.36
00-0033537,D.Watson,2018122310,12/23/2018 0:00,339,2,0,418,11,40,8,49,2,0,0,0,236,1.5,0.333333333,203.8333333,7.166666667,20.5,28,5.666666667,34.33333333,0.166666667,0,0.166666667,0.333333333,41.46
00-0033537,D.Watson,2018123003,12/30/2018 0:00,234,0,0,230,10,35,13,66,1,0,0,0,257,1.5,0.333333333,247,7.833333333,22.5,30.66666667,6,36.16666667,0.5,0,0.166666667,0.333333333,24.96
00-0033537,D.Watson,2019090900,9/9/2019 0:00,268,3,1,325,9,30,4,40,1,0,0,0,261.3333333,1.333333333,0,265,8.5,24,32.5,7.666666667,46,0.666666667,0,0,0.166666667,34.72
00-0033537,D.Watson,2019091504,9/15/2019 0:00,159,0,0,371,13,29,4,5,1,0,0,0,271,1.5,0.166666667,287.6666667,9.333333333,24.16666667,33.66666667,6.833333333,41,0.666666667,0,0,0.166666667,15.86
00-0033537,D.Watson,2019092210,9/22/2019 0:00,351,3,0,265,9,34,7,18,0,0,0,1,260.1666667,1.333333333,0.166666667,310.8333333,10,23.16666667,33.33333333,6.333333333,36.83333333,0.833333333,0,0,0,29.84
00-0033537,D.Watson,2019092904,9/29/2019 0:00,160,0,0,305,11,32,3,12,1,0,0,0,274.1666667,1.666666667,0.166666667,312.1666667,9.666666667,22.83333333,32.66666667,6.666666667,34,0.833333333,0,0,0.166666667,16.6
00-0033537,D.Watson,2019100602,10/6/2019 0:00,426,5,0,286,5,33,4,47,0,0,0,1,251.8333333,1.333333333,0.166666667,319,10.5,22.66666667,33.33333333,6.5,31.66666667,1,0,0,0.166666667,43.74
00-0033537,D.Watson,2019101304,10/13/2019 0:00,280,1,2,369,10,42,10,42,2,0,0,0,266.3333333,1.833333333,0.166666667,297,9.5,22.5,32.16666667,5.833333333,31.33333333,0.666666667,0,0,0.333333333,32.4
00-0033537,D.Watson,2019102005,10/20/2019 0:00,308,1,2,268,9,34,3,32,0,0,0,0,274,2,0.5,320.1666667,9.5,23.33333333,33.33333333,5.333333333,27.33333333,0.833333333,0,0,0.333333333,20.52
00-0033537,D.Watson,2019102704,10/27/2019 0:00,279,3,0,266,12,39,10,46,0,0,0,0,280.6666667,1.666666667,0.666666667,310.6666667,9.5,23.83333333,34,5.166666667,26,0.666666667,0,0,0.333333333,30.76
00-0033537,D.Watson,2019110300,11/3/2019 0:00,201,2,0,181,6,28,7,37,0,0,0,0,300.6666667,2.166666667,0.666666667,293.1666667,9.333333333,25.66666667,35.66666667,6.166666667,32.83333333,0.5,0,0,0.333333333,22.74
00-0033537,D.Watson,2019111700,11/17/2019 0:00,169,0,1,222,10,29,3,12,0,0,0,0,275.6666667,2,0.666666667,279.1666667,8.833333333,25.16666667,34.66666667,6.166666667,36,0.5,0,0,0.166666667,9.96
00-0033537,D.Watson,2019112100,11/21/2019 0:00,298,2,1,423,10,30,3,10,0,0,0,0,277.1666667,2,0.833333333,265.3333333,8.666666667,24.66666667,34.16666667,6.166666667,36,0.333333333,0,0,0.166666667,22.92
00-0033537,D.Watson,2019120111,12/1/2019 0:00,234,3,0,195,7,25,4,-1,0,0,0,0,255.8333333,1.5,1,288.1666667,9.5,23.16666667,33.66666667,6,29.83333333,0.333333333,0,0,0,24.26
00-0033537,D.Watson,2019120804,12/8/2019 0:00,292,1,2,434,19,49,6,44,2,0,1,1,248.1666667,1.833333333,0.666666667,259.1666667,9,21.16666667,30.83333333,5,22.66666667,0,0,0,0,32.08
00-0033537,D.Watson,2019121507,12/15/2019 0:00,243,2,2,271,6,27,7,32,0,0,0,0,245.5,1.833333333,0.666666667,286.8333333,10.66666667,22,33.33333333,5.5,24.66666667,0.333333333,0,0.166666667,0.166666667,21.92
00-0033537,D.Watson,2019122100,12/21/2019 0:00,184,0,1,219,12,32,7,37,0,0,0,0,239.5,1.666666667,1,287.6666667,9.666666667,20.66666667,31.33333333,5,22.33333333,0.333333333,0,0.166666667,0.166666667,13.06
,,,,,,,,,,,,,,,,236.6666667,1.333333333,1.166666667,294,10.66666667,20.16666667,32,5,22.33333333,0.333333333,0,0.166666667,0.166666667,0
00-0033869,M.Trubisky,2017101501,10/15/2017 0:00,113,1,0,136,8,16,4,32,0,0,0,2,128,1,1,185,12,12,25,4,24,0,0,0,0,12.72
00-0033869,M.Trubisky,2017102201,10/22/2017 0:00,107,0,0,110,3,7,5,3,0,0,0,0,120.5,1,0.5,160.5,10,10,20.5,4,28,0,0,0,1,7.58
00-0033869,M.Trubisky,2017102904,10/29/2017 0:00,164,0,1,300,17,32,3,53,0,0,0,0,116,0.666666667,0.333333333,143.6666667,7.666666667,8,16,4.333333333,19.66666667,0,0,0,0.666666667,13.86
00-0033869,M.Trubisky,2017111900,11/19/2017 0:00,179,1,0,232,12,30,6,53,0,0,0,0,128,0.5,0.5,182.75,10,9.5,20,4,28,0,0,0,0.5,19.46
00-0033869,M.Trubisky,2017112606,11/26/2017 0:00,147,0,2,292,14,33,4,12,0,0,1,1,138.2,0.6,0.4,192.6,10.4,11.2,22,4.4,33,0,0,0,0.4,7.08
00-0033869,M.Trubisky,2017120303,12/3/2017 0:00,102,1,0,56,3,15,4,19,0,0,0,0,139.6666667,0.5,0.666666667,209.1666667,11,12.16666667,23.83333333,4.333333333,29.5,0,0,0.166666667,0.5,12.98
00-0033869,M.Trubisky,2017121002,12/10/2017 0:00,271,1,0,234,6,31,2,5,1,0,0,0,135.3333333,0.5,0.5,187.6666667,9.5,12.16666667,22.16666667,4.333333333,28.66666667,0,0,0.166666667,0.5,24.34
00-0033869,M.Trubisky,2017121600,12/16/2017 0:00,314,1,3,321,12,46,2,3,0,0,0,0,161.6666667,0.5,0.5,204,9.166666667,15,24.66666667,4,24.16666667,0.166666667,0,0.166666667,0.166666667,16.86
00-0033869,M.Trubisky,2017122401,12/24/2017 0:00,165,0,0,135,9,22,7,44,1,0,0,0,196.1666667,0.666666667,1,239.1666667,10.66666667,19.5,31.16666667,3.5,24.16666667,0.166666667,0,0.166666667,0.166666667,20
00-0033869,M.Trubisky,2017123105,12/31/2017 0:00,178,0,0,222,16,36,1,2,0,1,0,0,196.3333333,0.666666667,0.833333333,211.6666667,9.333333333,19.33333333,29.5,4.166666667,22.66666667,0.333333333,0,0.166666667,0.166666667,10.32
00-0033869,M.Trubisky,2018090912,9/9/2018 0:00,171,0,0,222,12,35,7,32,1,0,0,0,196.1666667,0.5,0.833333333,210,10,19.66666667,30.5,3.333333333,14.16666667,0.333333333,0.166666667,0.166666667,0.166666667,19.04
00-0033869,M.Trubisky,2018091700,9/17/2018 0:00,200,2,2,207,7,34,5,24,0,0,0,0,200.1666667,0.5,0.5,198.3333333,9.666666667,20.66666667,30.83333333,3.833333333,17.5,0.5,0.166666667,0,0,19.4
00-0033869,M.Trubisky,2018092311,9/23/2018 0:00,220,0,1,338,10,35,2,8,0,0,0,0,216.5,0.666666667,0.833333333,223.5,10.33333333,22.83333333,34,4,18.33333333,0.5,0.166666667,0,0,11.6
00-0033869,M.Trubisky,2018093001,9/30/2018 0:00,354,6,0,270,7,26,3,53,0,0,0,0,208,0.5,1,240.8333333,11,22.66666667,34.66666667,4,18.83333333,0.333333333,0.166666667,0,0,46.46
00-0033869,M.Trubisky,2018101404,10/14/2018 0:00,316,3,1,339,8,31,8,47,0,0,1,1,214.6666667,1.333333333,0.5,232.3333333,10.16666667,20.66666667,31.33333333,4.166666667,27.16666667,0.333333333,0.166666667,0,0,30.34
00-0033869,M.Trubisky,2018102102,10/21/2018 0:00,333,2,2,567,21,49,6,81,1,0,0,0,239.8333333,1.833333333,0.666666667,266.3333333,10,22.16666667,32.83333333,4.333333333,27.66666667,0.166666667,0.166666667,0.166666667,0.166666667,36.42
00-0033869,M.Trubisky,2018102802,10/28/2018 0:00,220,2,0,266,13,29,6,51,0,0,0,0,265.6666667,2.166666667,1,323.8333333,10.83333333,23.16666667,35,5.166666667,40.83333333,0.333333333,0,0.166666667,0.166666667,24.9
00-0033869,M.Trubisky,2018110401,11/4/2018 0:00,135,1,1,211,7,20,1,6,0,0,0,0,273.8333333,2.5,1,331.1666667,11,22,34,5,44,0.166666667,0,0.166666667,0.166666667,12
00-0033869,M.Trubisky,2018111100,11/11/2018 0:00,355,3,0,339,7,30,3,18,1,0,0,0,263,2.333333333,0.833333333,331.8333333,11,19.83333333,31.66666667,4.333333333,41,0.166666667,0,0.166666667,0.166666667,37
00-0033869,M.Trubisky,2018111802,11/18/2018 0:00,165,1,2,244,9,31,10,43,0,0,0,0,285.5,2.833333333,0.666666667,332,10.5,19.66666667,30.83333333,4.5,42.66666667,0.333333333,0,0.166666667,0.166666667,15.9
00-0033869,M.Trubisky,2018120901,12/9/2018 0:00,110,1,3,223,11,30,6,23,0,0,0,0,254,2,1,327.6666667,10.83333333,19.83333333,31.66666667,5.666666667,41,0.333333333,0,0.166666667,0.166666667,10.7
00-0033869,M.Trubisky,2018121603,12/16/2018 0:00,235,2,0,198,8,28,3,16,0,0,0,0,219.6666667,1.666666667,1.333333333,308.3333333,11.33333333,18.83333333,31.5,5.333333333,37,0.333333333,0,0,0,22
00-0033869,M.Trubisky,2018122312,12/23/2018 0:00,246,1,0,179,4,29,5,3,0,0,1,1,203.3333333,1.666666667,1,246.8333333,9.166666667,17.83333333,28,4.833333333,26.16666667,0.166666667,0,0,0,16.14
00-0033869,M.Trubisky,2018123005,12/30/2018 0:00,163,0,0,233,8,26,3,16,0,0,0,0,207.6666667,1.5,1,232.3333333,7.666666667,19.33333333,28,4.666666667,18.16666667,0.166666667,0,0.166666667,0.166666667,11.12
00-0033869,M.Trubisky,2019090500,9/5/2019 0:00,228,0,1,378,18,45,3,11,0,0,0,0,212.3333333,1.333333333,0.833333333,236,7.833333333,20.33333333,29,5,19.83333333,0.166666667,0,0.166666667,0.166666667,12.22
00-0033869,M.Trubisky,2019091511,9/15/2019 0:00,120,0,0,212,11,27,1,8,0,0,0,0,191.1666667,0.833333333,1,242.5,9.666666667,20.83333333,31.5,5,18.66666667,0,0,0.166666667,0.166666667,8.6
00-0033869,M.Trubisky,2019092300,9/23/2019 0:00,231,3,1,162,5,31,1,2,0,0,0,0,183.6666667,0.666666667,0.666666667,237.1666667,10,20.16666667,30.83333333,3.5,12.83333333,0,0,0.166666667,0.166666667,23.44
00-0033869,M.Trubisky,2019102702,10/27/2019 0:00,253,0,1,308,10,34,4,10,0,0,0,0,203.8333333,1,0.333333333,227,9,21.66666667,31,2.666666667,9.333333333,0,0,0.166666667,0.166666667,13.12
00-0033869,M.Trubisky,2019110305,11/3/2019 0:00,125,0,0,225,11,21,2,15,0,0,0,0,206.8333333,0.666666667,0.5,245.3333333,9.333333333,22.16666667,32,2.833333333,8.333333333,0,0,0.166666667,0.166666667,9.5
00-0033869,M.Trubisky,2019111000,11/10/2019 0:00,173,3,0,221,7,23,3,8,0,0,0,0,186.6666667,0.5,0.5,253,10.5,19.66666667,30.66666667,2.333333333,10.33333333,0,0,0,0,22.72
00-0033869,M.Trubisky,2019111711,11/17/2019 0:00,190,1,1,335,18,43,1,4,0,0,0,0,188.3333333,1,0.5,251,10.33333333,19.33333333,30.16666667,2.333333333,9,0,0,0,0,14
00-0033869,M.Trubisky,2019112402,11/24/2019 0:00,278,1,2,354,14,41,7,18,1,0,0,0,182,1.166666667,0.5,243.8333333,10.33333333,19,29.83333333,2,7.833333333,0,0,0,0,23.92
00-0033869,M.Trubisky,2019112800,11/28/2019 0:00,338,3,1,335,8,38,4,4,0,0,0,0,208.3333333,1.333333333,0.833333333,267.5,10.83333333,20.5,32.16666667,3,9.5,0.166666667,0,0,0,27.92
00-0033869,M.Trubisky,2019120500,12/5/2019 0:00,244,3,1,199,7,31,10,63,1,0,0,0,226.1666667,1.333333333,0.833333333,296.3333333,11.33333333,21.16666667,33.33333333,3.5,9.833333333,0.166666667,0,0,0,36.06
00-0033869,M.Trubisky,2019121503,12/15/2019 0:00,334,1,2,536,21,52,4,29,0,0,1,1,224.6666667,1.833333333,0.833333333,278.1666667,10.83333333,21.16666667,32.83333333,4.5,18.66666667,0.333333333,0,0,0,20.26
00-0033869,M.Trubisky,2019122214,12/22/2019 0:00,157,0,0,274,15,33,6,20,0,0,0,0,259.5,2,1.166666667,330,12.5,24.33333333,38,4.833333333,21,0.333333333,0,0.166666667,0.166666667,11.28
00-0033869,M.Trubisky,2019122909,12/29/2019 0:00,207,0,0,214,11,37,2,1,0,0,0,0,256.8333333,1.5,1.166666667,338.8333333,13.83333333,24.66666667,39.66666667,5.333333333,23,0.333333333,0,0.166666667,0.166666667,11.38
,,,,,,,,,,,,,,,,259.6666667,1.333333333,1,318.6666667,12.66666667,25,38.66666667,5.5,22.5,0.333333333,0,0.166666667,0.166666667,0
00-0033873,P.Mahomes,2018090908,9/9/2018 0:00,256,4,0,351,12,27,5,21,0,0,0,0,284,0,1,261,12,22,35,7,10,0,0,0,0,31.34
00-0033873,P.Mahomes,2018091605,9/16/2018 0:00,326,6,0,302,5,28,5,18,0,0,1,1,270,2,0.5,306,12,18.5,31,6,15.5,0,0,0,0,40.84
00-0033873,P.Mahomes,2018092305,9/23/2018 0:00,314,3,0,389,14,38,5,7,0,0,0,1,288.6666667,3.333333333,0.333333333,304.6666667,9.666666667,20,30,5.666666667,16.33333333,0,0,0.333333333,0.333333333,27.26
00-0033873,P.Mahomes,2018100100,10/1/2018 0:00,304,1,0,357,17,45,3,7,1,0,0,0,295,3.25,0.25,325.75,10.75,21,32,5.5,14,0,0,0.25,0.5,25.86
00-0033873,P.Mahomes,2018100705,10/7/2018 0:00,313,0,2,356,14,38,4,13,1,0,0,0,296.8,2.8,0.2,332,12,22.4,34.6,5,12.6,0.2,0,0.2,0.4,20.82
00-0033873,P.Mahomes,2018101412,10/14/2018 0:00,352,4,2,319,11,36,2,9,0,0,0,0,299.5,2.333333333,0.5,336,12.33333333,22.33333333,35.16666667,4.833333333,12.66666667,0.333333333,0,0.166666667,0.333333333,31.98
00-0033873,P.Mahomes,2018102105,10/21/2018 0:00,358,4,1,336,10,39,4,45,0,0,0,2,310.8333333,3,0.666666667,345.6666667,12.16666667,22.5,35.33333333,4,12.5,0.333333333,0,0.166666667,0.333333333,34.82
00-0033873,P.Mahomes,2018102805,10/28/2018 0:00,303,4,1,245,9,34,2,-1,0,0,0,0,327.8333333,3,0.833333333,343.1666667,11.83333333,24.66666667,37.33333333,3.833333333,16.5,0.333333333,0,0.166666667,0.666666667,30.02
00-0033873,P.Mahomes,2018110403,11/4/2018 0:00,375,3,1,216,7,31,2,18,0,0,0,0,324,2.666666667,1,333.6666667,12.5,24.83333333,38.33333333,3.333333333,13.33333333,0.333333333,0,0,0.5,30.8
00-0033873,P.Mahomes,2018111105,11/11/2018 0:00,249,2,0,204,7,28,4,21,0,0,0,1,334.1666667,2.666666667,1.166666667,304.8333333,11.33333333,24.66666667,37.16666667,2.833333333,15.16666667,0.333333333,0,0,0.333333333,22.06
00-0033873,P.Mahomes,2018111900,11/19/2018 0:00,478,6,3,467,10,46,6,28,0,0,0,0,325,2.833333333,1.166666667,279.3333333,9.666666667,23.5,34.33333333,3,17.5,0.166666667,0,0,0.5,45.92
00-0033873,P.Mahomes,2018120210,12/2/2018 0:00,295,4,0,450,15,38,9,52,0,0,1,1,352.5,3.833333333,1.333333333,297.8333333,9,25.33333333,35.66666667,3.333333333,20,0,0,0,0.5,35
00-0033873,P.Mahomes,2018120905,12/9/2018 0:00,377,2,1,408,17,53,2,-3,0,0,0,0,343,3.833333333,1,319.6666667,9.666666667,25.33333333,36,4.5,27.16666667,0,0,0.166666667,0.666666667,24.78
00-0033873,P.Mahomes,2018121300,12/13/2018 0:00,243,2,0,210,10,34,2,3,0,0,0,0,346.1666667,3.5,1,331.6666667,10.83333333,26.5,38.33333333,4.166666667,19.16666667,0,0,0.166666667,0.333333333,21.02
00-0033873,P.Mahomes,2018122314,12/23/2018 0:00,273,3,0,395,17,40,4,35,0,0,1,1,336.1666667,3.166666667,0.833333333,325.8333333,11,26.5,38.33333333,4.166666667,19.83333333,0,0,0.166666667,0.333333333,28.42
00-0033873,P.Mahomes,2018123004,12/30/2018 0:00,281,2,1,255,9,24,2,1,0,0,0,0,319.1666667,3.166666667,0.666666667,355.6666667,12.66666667,26.5,39.83333333,4.5,22.66666667,0,0,0.333333333,0.5,21.34
00-0033873,P.Mahomes,2019090802,9/8/2019 0:00,378,3,0,184,8,33,1,2,0,0,0,0,324.5,3.166666667,0.833333333,364.1666667,13,25.33333333,39.16666667,4.166666667,19.33333333,0,0,0.333333333,0.333333333,30.32
00-0033873,P.Mahomes,2019091510,9/15/2019 0:00,443,4,0,557,14,44,1,-1,0,0,0,0,307.8333333,2.666666667,0.333333333,317,12.66666667,24,37,3.333333333,15,0,0,0.333333333,0.333333333,36.62
00-0033873,P.Mahomes,2019092204,9/22/2019 0:00,374,3,0,326,10,37,4,9,0,0,0,1,332.5,2.666666667,0.333333333,334.8333333,12.5,25.16666667,38,2,6.166666667,0,0,0.166666667,0.166666667,29.86
00-0033873,P.Mahomes,2019092903,9/29/2019 0:00,315,0,0,502,18,42,6,54,0,0,1,1,332,2.833333333,0.166666667,321.1666667,11.33333333,23.83333333,35.33333333,2.333333333,8.166666667,0,0,0.166666667,0.333333333,20
00-0033873,P.Mahomes,2019100612,10/6/2019 0:00,321,1,0,463,17,39,3,17,0,0,1,1,344,2.5,0.166666667,369.8333333,12.66666667,23.83333333,36.66666667,3,16.66666667,0,0,0.333333333,0.5,20.54
00-0033873,P.Mahomes,2019101304,10/13/2019 0:00,273,3,1,350,15,35,1,-1,0,0,0,0,352,2.166666667,0.166666667,381.1666667,12.66666667,23.66666667,36.5,2.833333333,13.66666667,0,0,0.333333333,0.5,24.82
00-0033873,P.Mahomes,2019111800,11/18/2019 0:00,182,1,1,255,12,32,5,59,0,0,0,0,350.6666667,2.333333333,0.166666667,397,13.66666667,24.5,38.33333333,2.666666667,13.33333333,0,0,0.333333333,0.5,19.18
00-0033873,P.Mahomes,2019120105,12/1/2019 0:00,175,1,0,259,14,29,3,25,1,0,0,0,318,2,0.333333333,408.8333333,14.33333333,23.5,38.16666667,3.333333333,22.83333333,0,0,0.333333333,0.5,22.5
00-0033873,P.Mahomes,2019120811,12/8/2019 0:00,283,1,1,219,13,40,6,6,0,0,1,2,273.3333333,1.5,0.333333333,359.1666667,14.33333333,21,35.66666667,3.666666667,27.16666667,0.166666667,0,0.333333333,0.5,15.92
00-0033873,P.Mahomes,2019121504,12/15/2019 0:00,340,2,1,329,6,34,3,11,0,0,0,0,258.1666667,1.166666667,0.5,341.3333333,14.83333333,20.83333333,36.16666667,4,26.66666667,0.166666667,0,0.5,0.666666667,24.7
00-0033873,P.Mahomes,2019122214,12/22/2019 0:00,251,2,0,244,10,33,2,14,1,0,0,0,262.3333333,1.5,0.666666667,312.5,12.83333333,21.33333333,34.83333333,3.5,19.5,0.166666667,0,0.333333333,0.5,28.44
00-0033873,P.Mahomes,2019122908,12/29/2019 0:00,174,1,1,142,8,25,7,21,0,0,0,0,250.6666667,1.666666667,0.666666667,276,11.66666667,21.5,33.83333333,3.333333333,19,0.333333333,0,0.166666667,0.333333333,15.06
,,,,,,,,,,,,,,,,234.1666667,1.333333333,0.666666667,241.3333333,10.5,21,32.16666667,4.333333333,22.66666667,0.333333333,0,0.166666667,0.333333333,0
00-0033899,D.Kizer,2017091700,9/17/2017 0:00,182,0,3,324,13,31,5,26,0,0,0,0,222,1,1,351,9,20,30,5,17,1,0,0,0,9.88
00-0033899,D.Kizer,2017092405,9/24/2017 0:00,242,2,3,487,22,47,7,44,1,0,0,0,202,0.5,2,337.5,11,17.5,30.5,5,21.5,0.5,0,0,0,28.08
00-0033899,D.Kizer,2017100103,10/1/2017 0:00,118,0,1,173,17,34,5,10,0,0,0,0,215.3333333,1,2.333333333,387.3333333,14.66666667,19,36,5.666666667,29,0.666666667,0,0,0,7.72
00-0033899,D.Kizer,2017102900,10/29/2017 0:00,179,0,0,185,16,34,5,18,1,0,0,0,191,0.75,2,333.75,15.25,18.25,35.5,5.5,24.25,0.5,0,0,0,17.96
00-0033899,D.Kizer,2017111202,11/12/2017 0:00,232,1,1,351,15,37,7,57,1,0,1,1,188.6,0.6,1.6,304,15.4,18.2,35.2,5.4,23,0.6,0,0,0,25.98
00-0033899,D.Kizer,2017111901,11/19/2017 0:00,179,1,2,267,14,32,5,22,0,0,0,0,195.8333333,0.666666667,1.5,311.8333333,15.33333333,18.66666667,35.5,5.666666667,28.66666667,0.666666667,0,0.166666667,0.166666667,14.36
00-0033899,D.Kizer,2017112601,11/26/2017 0:00,268,0,0,366,12,30,9,39,1,0,0,0,188.6666667,0.666666667,1.666666667,297.8333333,16.16666667,18,35.83333333,5.666666667,29.5,0.5,0,0.166666667,0.166666667,23.62
00-0033899,D.Kizer,2017120310,12/3/2017 0:00,215,1,1,439,16,32,5,46,0,0,0,0,203,0.666666667,1.166666667,304.8333333,16,18.5,35.66666667,6.333333333,31.66666667,0.666666667,0,0.166666667,0.166666667,19.2
00-0033899,D.Kizer,2017121003,12/10/2017 0:00,214,3,2,245,6,28,2,7,0,0,0,0,198.5,0.5,0.833333333,296.8333333,15,17.33333333,33.16666667,6,32,0.5,0,0.166666667,0.166666667,22.26
00-0033899,D.Kizer,2017121702,12/17/2017 0:00,146,0,2,280,15,37,7,35,0,0,1,1,214.5,1,1,308.8333333,13.16666667,18,32.16666667,5.5,31.5,0.5,0,0.166666667,0.166666667,9.34
00-0033899,D.Kizer,2017122401,12/24/2017 0:00,182,0,2,218,16,36,3,8,0,0,1,1,209,1,1.333333333,324.6666667,13,18.33333333,32.66666667,5.833333333,34.33333333,0.333333333,0,0.333333333,0.333333333,8.08
00-0033899,D.Kizer,2017123109,12/31/2017 0:00,314,2,1,287,13,30,6,61,0,0,1,1,200.6666667,0.833333333,1.5,302.5,13.16666667,17.83333333,32.5,5.166666667,26.16666667,0.166666667,0,0.333333333,0.333333333,27.66
00-0033899,D.Kizer,2018123002,12/30/2018 0:00,132,0,1,357,17,34,4,40,0,0,0,0,223.1666667,1,1.333333333,305.8333333,13,17.83333333,32.16666667,5.333333333,32.66666667,0.166666667,0,0.5,0.5,11.28
,,,,,,,,,,,,,,,,200.5,1,1.5,304.3333333,13.83333333,17.5,32.83333333,4.5,32.83333333,0,0,0.5,0.5,0
00-0033936,C.Beathard,2017102209,10/22/2017 0:00,235,0,0,215,16,38,5,30,1,0,0,0,245,1,1,359,16,19,36,1,14,0,0,0,0,21.4
00-0033936,C.Beathard,2017102906,10/29/2017 0:00,167,1,2,168,17,36,6,40,0,0,0,0,240,0.5,0.5,287,16,20.5,37,3,22,0.5,0,0,0,15.68
00-0033936,C.Beathard,2017110507,11/5/2017 0:00,294,0,1,420,26,51,3,16,1,0,1,1,215.6666667,0.666666667,1,247.3333333,16.33333333,19.33333333,36.66666667,4,28,0.333333333,0,0,0,20.36
00-0033936,C.Beathard,2017111210,11/12/2017 0:00,288,2,1,194,5,25,5,15,1,0,1,1,235.25,0.5,1,290.5,18.75,20.5,40.25,3.75,25,0.5,0,0.25,0.25,28.02
00-0033936,C.Beathard,2017112608,11/26/2017 0:00,201,0,1,267,14,37,6,21,0,0,0,0,245.8,0.8,1,271.2,16,20.2,37.2,4,23,0.6,0,0.4,0.4,12.14
00-0033936,C.Beathard,2018093010,9/30/2018 0:00,298,2,2,205,12,37,7,19,0,0,0,0,238.3333333,0.666666667,1,270.5,15.66666667,20.5,37.16666667,4.333333333,22.66666667,0.5,0,0.333333333,0.333333333,22.82
00-0033936,C.Beathard,2018100710,10/7/2018 0:00,349,2,2,260,18,54,2,7,1,0,0,0,247.1666667,0.833333333,1.166666667,244.8333333,15,21.16666667,37.33333333,5.333333333,23.5,0.5,0,0.333333333,0.333333333,29.66
00-0033936,C.Beathard,2018101500,10/15/2018 0:00,245,2,1,181,6,23,3,21,0,0,1,1,266.1666667,1.166666667,1.5,252.3333333,15.33333333,23.16666667,40,4.833333333,19.66666667,0.5,0,0.333333333,0.333333333,20.9
00-0033936,C.Beathard,2018102111,10/21/2018 0:00,170,1,2,229,10,27,2,13,0,0,0,0,279.1666667,1.333333333,1.333333333,254.5,13.5,23,37.83333333,4.333333333,16.5,0.5,0,0.5,0.5,13.1
00-0033936,C.Beathard,2018102809,10/28/2018 0:00,190,1,0,240,14,28,5,9,0,0,0,1,258.5,1.5,1.5,222.6666667,10.83333333,21.5,33.83333333,4.166666667,16,0.333333333,0,0.333333333,0.333333333,14.5
,,,,,,,,,,,,,,,,242.1666667,1.333333333,1.333333333,230.3333333,12.33333333,20.66666667,34.33333333,4.166666667,15,0.166666667,0,0.166666667,0.333333333,0
,,,,,,,,,,,,,,,,188,0,3,244,15,31,49,8,47,1,0,1,1,0
00-0034343,J.Rosen,2018100710,10/7/2018 0:00,170,1,0,277,14,24,3,-3,0,0,0,0,180,1,0,245,12,15,27,2,13,0,0,0,1,13.5
00-0034343,J.Rosen,2018101800,10/18/2018 0:00,194,1,3,290,15,39,1,14,0,0,0,0,175,1,0,261,13,12.5,25.5,2.5,5,0,0,0,0.5,13.16
00-0034343,J.Rosen,2018102809,10/28/2018 0:00,252,2,1,288,16,40,2,12,0,1,1,1,181.3333333,1,1,270.6666667,13.66666667,15.33333333,30,2,8,0,0,0,0.333333333,20.28
00-0034343,J.Rosen,2018111105,11/11/2018 0:00,208,1,2,289,15,39,1,-1,0,0,0,0,199,1.25,1,275,14.25,17.25,32.5,2,9,0,0.25,0.25,0.5,13.22
00-0034343,J.Rosen,2018111807,11/18/2018 0:00,136,3,2,137,9,20,1,0,0,0,0,0,200.8,1.2,1.2,277.8,14.4,18.2,33.8,1.8,7,0,0.2,0.2,0.4,18.44
00-0034343,J.Rosen,2018112508,11/25/2018 0:00,105,1,1,137,6,19,2,-1,0,0,0,0,190,1.5,1.333333333,254.3333333,13.5,16.66666667,31.5,1.666666667,5.833333333,0,0.166666667,0.166666667,0.333333333,10.1
00-0034343,J.Rosen,2018120203,12/2/2018 0:00,149,0,0,250,15,26,2,32,0,0,0,2,177.5,1.5,1.5,236.3333333,12.5,16.16666667,30.16666667,1.666666667,3.5,0,0.166666667,0.166666667,0.166666667,10.16
00-0034343,J.Rosen,2018120911,12/9/2018 0:00,240,0,1,380,14,41,2,3,0,0,0,1,174,1.333333333,1.5,231.8333333,12.66666667,16.33333333,30.5,1.5,9.333333333,0,0.166666667,0.166666667,0.5,10.9
00-0034343,J.Rosen,2018121600,12/16/2018 0:00,132,0,2,91,7,22,2,8,0,0,0,0,181.6666667,1.166666667,1.166666667,246.8333333,12.5,17.16666667,30.83333333,1.666666667,7.5,0,0.166666667,0.166666667,0.666666667,7.08
00-0034343,J.Rosen,2019092201,9/22/2019 0:00,200,0,0,363,21,39,3,13,0,0,0,0,161.6666667,0.833333333,1.333333333,214,11,15.5,27.83333333,1.666666667,6.833333333,0,0,0,0.5,12.3
,,,,,,,,,,,,,,,,160.3333333,0.666666667,1,226.3333333,12,14.83333333,27.83333333,2,9.166666667,0,0,0,0.5,0
00-0034577,K.Allen,2019092208,9/22/2019 0:00,261,4,0,215,7,26,3,-1,0,0,0,0,228,2,0,209,11,16,27,5,19,1,0,0,0,29.34
00-0034577,K.Allen,2019100600,10/6/2019 0:00,181,1,0,176,13,30,1,4,0,0,0,0,244.5,3,0,212,9,17.5,26.5,4,9,0.5,0,0,0,14.64
00-0034577,K.Allen,2019101300,10/13/2019 0:00,227,2,0,303,12,32,3,3,0,0,0,0,223.3333333,2.333333333,0,200,10.33333333,17.33333333,27.66666667,3,7.333333333,0.333333333,0,0,0,20.38
00-0034577,K.Allen,2019110302,11/3/2019 0:00,232,2,1,399,14,32,3,-4,0,0,0,0,224.25,2.25,0,225.75,10.75,18,28.75,3,6.25,0.25,0,0,0,18.88
00-0034577,K.Allen,2019111003,11/10/2019 0:00,307,1,1,358,14,43,3,12,0,0,0,0,225.8,2.2,0.2,260.4,11.4,17.8,29.4,3,4.2,0.2,0,0,0,19.48
00-0034577,K.Allen,2019111701,11/17/2019 0:00,325,0,4,324,15,50,1,7,0,0,0,0,239.3333333,2,0.333333333,276.6666667,11.83333333,19.5,31.66666667,3,5.5,0.166666667,0,0,0,12.7
00-0034577,K.Allen,2019112405,11/24/2019 0:00,256,3,0,244,13,36,1,9,0,0,0,0,255.5,1.666666667,1,295.8333333,12.5,22,35.5,2.333333333,3.5,0,0,0,0,26.14
00-0034577,K.Allen,2019120101,12/1/2019 0:00,278,2,1,418,18,46,4,22,1,0,0,0,254.6666667,1.5,1,300.6666667,13.5,22.66666667,37.16666667,2,5.166666667,0,0,0,0,29.32
00-0034577,K.Allen,2019120800,12/8/2019 0:00,293,1,2,384,11,41,6,24,1,0,0,0,270.8333333,1.666666667,1.166666667,341,14.33333333,24.33333333,39.83333333,2.5,8.166666667,0.166666667,0,0,0,25.12
00-0034577,K.Allen,2019121500,12/15/2019 0:00,277,1,3,229,12,40,5,25,0,0,0,1,281.8333333,1.5,1.5,354.5,14.16666667,25.66666667,41.33333333,3,11.66666667,0.333333333,0,0,0,16.58
00-0034577,K.Allen,2019122902,12/29/2019 0:00,295,0,1,284,15,41,2,5,0,0,0,0,289.3333333,1.333333333,1.833333333,326.1666667,13.83333333,27,42.66666667,3.333333333,16.5,0.333333333,0,0,0.166666667,14.3
,,,,,,,,,,,,,,,,287.3333333,1.166666667,1.833333333,313.8333333,14,26.5,42.33333333,3.166666667,15.33333333,0.333333333,0,0,0.166666667,0
00-0034771,M.Rudolph,2019092212,9/22/2019 0:00,174,2,1,156,12,27,4,15,0,0,0,0,112,2,1,150,6,12,19,1,7,0,0,0,0,18.46
00-0034771,M.Rudolph,2019093000,9/30/2019 0:00,229,2,0,91,4,28,3,-3,0,0,1,1,143,2,1,153,9,13,23,2.5,11,0,0,0,0,18.86
00-0034771,M.Rudolph,2019110306,11/3/2019 0:00,191,1,1,192,8,35,3,5,0,0,1,1,171.6666667,2,0.666666667,132.3333333,7.333333333,16.66666667,24.66666667,2.666666667,6.333333333,0,0,0.333333333,0.333333333,13.14
00-0034771,M.Rudolph,2019111009,11/10/2019 0:00,242,1,0,250,16,38,2,-1,0,0,1,2,176.5,1.75,0.75,147.25,7.5,19,27.25,2.75,6,0,0,0.5,0.5,14.58
00-0034771,M.Rudolph,2019111400,11/14/2019 0:00,221,1,4,436,17,44,2,15,0,0,0,0,189.6,1.6,0.6,167.8,9.2,19.6,29.4,2.6,4.6,0,0,0.6,0.8,13.34
00-0034771,M.Rudolph,2019122209,12/22/2019 0:00,129,1,0,130,6,20,2,0,0,0,0,0,194.8333333,1.5,1.166666667,212.5,10.5,20.16666667,31.83333333,2.5,6.333333333,0,0,0.5,0.666666667,12.16
,,,,,,,,,,,,,,,,197.6666667,1.333333333,1,209.1666667,10.5,20.5,32,2.666666667,5.166666667,0,0,0.5,0.666666667,0
00-0034796,L.Jackson,2018112500,11/25/2018 0:00,178,1,2,200,9,25,11,71,1,0,0,0,150,0,1,159,5,13,19,26,119,0,0,0,0,25.22
00-0034796,L.Jackson,2018120200,12/2/2018 0:00,125,0,0,191,9,21,17,75,1,0,0,0,164,0.5,1.5,179.5,7,13.5,22,18.5,95,0.5,0,0,0,21.5
00-0034796,L.Jackson,2018120905,12/9/2018 0:00,147,2,0,275,11,24,14,67,0,0,0,0,151,0.333333333,1,183.3333333,7.666666667,13,21.66666667,18,88.33333333,0.666666667,0,0,0,23.58
00-0034796,L.Jackson,2018121601,12/16/2018 0:00,131,1,0,137,9,23,18,95,0,0,0,0,150,0.75,0.75,206.25,8.5,13,22.25,17,83,0.5,0,0,0,21.74
00-0034796,L.Jackson,2018122201,12/22/2018 0:00,204,1,0,188,10,22,13,39,0,0,0,0,146.2,0.8,0.6,192.4,8.6,13.2,22.4,17.2,85.4,0.4,0,0,0,19.06
00-0034796,L.Jackson,2018123000,12/30/2018 0:00,179,0,0,192,10,24,20,90,2,0,0,0,155.8333333,0.833333333,0.5,191.6666667,8.833333333,13,22.33333333,16.5,77.66666667,0.333333333,0,0,0,31.16
00-0034796,L.Jackson,2019090803,9/8/2019 0:00,324,5,0,224,3,20,3,6,0,0,0,0,160.6666667,0.833333333,0.333333333,197.1666667,9.666666667,13.16666667,23.16666667,15.5,72.83333333,0.666666667,0,0,0,36.56
00-0034796,L.Jackson,2019091500,9/15/2019 0:00,272,2,0,396,13,37,16,120,0,0,0,1,185,1.5,0,201.1666667,8.666666667,13.66666667,22.33333333,14.16666667,62,0.5,0,0,0,35.88
00-0034796,L.Jackson,2019092204,9/22/2019 0:00,267,0,0,483,21,43,10,46,1,0,0,0,209.5,1.833333333,0,235.3333333,9.333333333,15.66666667,25,14,69.5,0.333333333,0,0,0.166666667,24.28
00-0034796,L.Jackson,2019092901,9/29/2019 0:00,247,3,2,268,8,34,9,66,0,0,0,0,229.5,1.5,0,270,11,17.16666667,28.16666667,13.33333333,66,0.5,0,0,0.166666667,29.48
00-0034796,L.Jackson,2019100607,10/6/2019 0:00,161,1,3,216,6,28,14,70,0,0,0,0,248.8333333,1.833333333,0.333333333,291.8333333,10.83333333,18.83333333,30,11.83333333,61.16666667,0.5,0,0,0.166666667,17.44
00-0034796,L.Jackson,2019101301,10/13/2019 0:00,236,0,0,253,11,32,19,152,1,0,1,1,241.6666667,1.833333333,0.833333333,296.5,10.16666667,20,31,12,66.33333333,0.5,0,0,0.166666667,35.64
00-0034796,L.Jackson,2019102010,10/20/2019 0:00,143,0,0,201,11,20,14,116,1,0,0,0,251.1666667,1.833333333,0.833333333,306.6666667,10.33333333,21.16666667,32.33333333,11.83333333,76.66666667,0.333333333,0,0.166666667,0.333333333,29.32
00-0034796,L.Jackson,2019110311,11/3/2019 0:00,163,1,0,117,6,23,16,61,2,0,0,0,221,1,0.833333333,302.8333333,11.66666667,19.83333333,32.33333333,13.66666667,95,0.5,0,0.166666667,0.333333333,31.62
00-0034796,L.Jackson,2019111001,11/10/2019 0:00,223,3,0,183,1,16,7,65,1,0,0,0,202.8333333,0.833333333,0.833333333,256.3333333,10.5,18.66666667,30,13.66666667,85.16666667,0.833333333,0,0.166666667,0.166666667,36.42
00-0034796,L.Jackson,2019111700,11/17/2019 0:00,222,4,0,212,7,24,10,79,0,0,0,0,195.5,1.333333333,0.833333333,206.3333333,7.166666667,17.5,25.5,13.16666667,88.33333333,0.833333333,0,0.166666667,0.166666667,35.78
00-0034796,L.Jackson,2019112500,11/25/2019 0:00,169,5,0,136,5,20,8,95,0,0,0,0,191.3333333,1.5,0.5,197,7,16.33333333,23.83333333,13.33333333,90.5,0.833333333,0,0.166666667,0.166666667,39.26
00-0034796,L.Jackson,2019120100,12/1/2019 0:00,105,1,0,197,9,23,16,101,1,0,0,0,192.6666667,2.166666667,0,183.6666667,6.833333333,15.66666667,22.5,12.33333333,94.66666667,0.833333333,0,0.166666667,0.166666667,30.3
00-0034796,L.Jackson,2019120801,12/8/2019 0:00,145,3,1,148,8,25,11,40,0,0,0,0,170.8333333,2.333333333,0,174.3333333,6.5,14.5,21,11.83333333,86.16666667,0.833333333,0,0,0,23.8
00-0034796,L.Jackson,2019121200,12/12/2019 0:00,212,5,0,264,8,23,8,86,0,0,0,0,171.1666667,2.833333333,0.166666667,165.5,6,15.66666667,21.83333333,11.33333333,73.5,0.666666667,0,0,0,40.08
00-0034796,L.Jackson,2019122206,12/22/2019 0:00,238,3,0,247,11,31,17,103,0,0,0,0,179.3333333,3.5,0.166666667,190,6.333333333,15.33333333,21.83333333,10,77.66666667,0.333333333,0,0,0,37.82
,,,,,,,,,,,,,,,,181.8333333,3.5,0.166666667,200.6666667,8,16.16666667,24.33333333,11.66666667,84,0.166666667,0,0,0,0
00-0034855,B.Mayfield,2018093009,9/30/2018 0:00,295,2,2,390,18,41,4,10,0,0,0,0,201,0,0,221,6,17,23,2,-2,0,0,0,1,21.8
00-0034855,B.Mayfield,2018100703,10/7/2018 0:00,342,1,1,409,16,42,2,23,0,0,0,1,248,1,1,305.5,12,19,32,3,4,0,0,0,0.5,20.98
00-0034855,B.Mayfield,2018101402,10/14/2018 0:00,238,1,2,450,22,46,2,8,0,0,0,0,279.3333333,1,1,340,13.33333333,21,35.33333333,2.666666667,10.33333333,0,0,0,0.666666667,15.32
00-0034855,B.Mayfield,2018102109,10/21/2018 0:00,215,2,0,289,11,34,4,43,0,0,0,0,269,1,1.25,367.5,15.5,21.25,38,2.5,9.75,0,0,0,0.5,23.9
00-0034855,B.Mayfield,2018102807,10/28/2018 0:00,180,2,1,283,13,36,1,9,0,0,0,0,258.2,1.2,1,351.8,14.6,21.6,37.2,2.8,16.4,0,0,0,0.4,18.1
00-0034855,B.Mayfield,2018111102,11/11/2018 0:00,216,3,0,152,3,20,6,20,0,0,0,0,245.1666667,1.333333333,1,340.3333333,14.33333333,21.66666667,37,2.5,15.16666667,0,0,0,0.333333333,25.64
00-0034855,B.Mayfield,2018112503,11/25/2018 0:00,258,4,0,256,7,26,4,-4,0,0,0,0,247.6666667,1.833333333,1,328.8333333,13.83333333,21.66666667,36.5,3.166666667,18.83333333,0,0,0,0.166666667,28.92
00-0034855,B.Mayfield,2018120902,12/9/2018 0:00,238,1,0,242,4,22,4,2,0,0,2,3,241.5,2.166666667,0.666666667,306.5,12,21.33333333,34,3.166666667,16.5,0,0,0,0.166666667,13.72
00-0034855,B.Mayfield,2018121501,12/15/2018 0:00,188,2,1,314,12,31,4,6,0,0,0,0,224.1666667,2.166666667,0.5,278.6666667,10,20.16666667,30.66666667,3.5,13,0,0,0.333333333,0.5,18.12
00-0034855,B.Mayfield,2018122305,12/23/2018 0:00,284,3,0,252,10,37,6,16,0,0,0,0,215.8333333,2.333333333,0.333333333,256,8.333333333,19.5,28.16666667,3.833333333,12.66666667,0,0,0.333333333,0.5,27.96
00-0034855,B.Mayfield,2019092213,9/22/2019 0:00,195,1,1,253,17,36,1,-1,0,0,0,0,227.3333333,2.5,0.333333333,249.8333333,8.166666667,20.16666667,28.66666667,4.166666667,8.166666667,0,0,0.333333333,0.5,13.7
00-0034855,B.Mayfield,2019092901,9/29/2019 0:00,342,1,1,175,9,30,3,1,0,0,0,0,229.8333333,2.333333333,0.333333333,244.8333333,8.833333333,19.5,28.66666667,4.166666667,6.5,0,0,0.333333333,0.5,19.78
00-0034855,B.Mayfield,2019101302,10/13/2019 0:00,249,1,3,353,12,37,4,35,1,0,1,1,250.8333333,2,0.5,248.6666667,9.833333333,20,30.33333333,3.666666667,3.333333333,0,0,0.333333333,0.5,22.46
00-0034855,B.Mayfield,2019102711,10/27/2019 0:00,194,1,1,252,10,31,1,18,0,0,0,0,249.3333333,1.5,1,264.8333333,10.66666667,20.5,32.16666667,3.666666667,9.833333333,0.166666667,0,0.5,0.666666667,15.56
00-0034855,B.Mayfield,2019110309,11/3/2019 0:00,273,1,0,182,15,42,3,22,0,0,0,0,242,1.5,1.166666667,266.5,11.66666667,20.83333333,33.66666667,3.166666667,12.5,0.166666667,0,0.166666667,0.166666667,20.12
00-0034855,B.Mayfield,2019111002,11/10/2019 0:00,238,2,0,261,12,38,2,1,0,0,0,0,256.1666667,1.333333333,1,244.5,12.16666667,22.33333333,35.5,3,15.16666667,0.166666667,0,0.166666667,0.166666667,20.62
00-0034855,B.Mayfield,2019111400,11/14/2019 0:00,193,2,0,264,15,32,1,1,1,0,0,0,248.5,1.166666667,1,246,12.5,22.16666667,35.66666667,2.333333333,12.66666667,0.166666667,0,0.166666667,0.166666667,24.82
00-0034855,B.Mayfield,2019112404,11/24/2019 0:00,327,3,1,284,9,34,2,5,0,0,0,0,248.1666667,1.333333333,0.833333333,247.8333333,12.16666667,22,35,2.333333333,13,0.333333333,0,0.166666667,0.166666667,27.58
00-0034855,B.Mayfield,2019120110,12/1/2019 0:00,196,1,1,356,13,32,1,2,0,0,0,0,245.6666667,1.666666667,0.833333333,266,12.16666667,22.66666667,35.66666667,2.166666667,13.66666667,0.333333333,0,0.166666667,0.166666667,14.04
00-0034855,B.Mayfield,2019120802,12/8/2019 0:00,192,0,2,230,11,24,2,13,1,0,0,0,236.8333333,1.666666667,0.5,266.5,12.33333333,22,34.83333333,1.666666667,8.166666667,0.166666667,0,0,0,15.98
00-0034855,B.Mayfield,2019121509,12/15/2019 0:00,247,2,1,254,11,42,2,11,0,0,1,1,236.5,1.5,0.666666667,262.8333333,12.5,20.5,33.66666667,1.833333333,7.333333333,0.333333333,0,0,0,19.98
00-0034855,B.Mayfield,2019122206,12/22/2019 0:00,192,2,1,293,12,33,2,4,0,0,0,0,232.1666667,1.666666667,0.833333333,274.8333333,11.83333333,21,33.66666667,1.666666667,5.5,0.333333333,0,0.166666667,0.166666667,18.08
00-0034855,B.Mayfield,2019122903,12/29/2019 0:00,279,3,3,405,12,27,4,29,0,0,0,0,224.5,1.666666667,1,280.1666667,11.83333333,20,32.83333333,1.666666667,6,0.333333333,0,0.166666667,0.166666667,26.06
,,,,,,,,,,,,,,,,238.8333333,1.833333333,1.5,303.6666667,11.33333333,19.16666667,32,2.166666667,10.66666667,0.166666667,0,0.166666667,0.166666667,0
00-0034857,J.Allen,2018092307,9/23/2018 0:00,196,1,0,190,7,22,10,39,2,0,0,0,245,1,2,341,13,18,33,8,32,0,0,0,0,30.74
00-0034857,J.Allen,2018093003,9/30/2018 0:00,151,0,2,307,15,33,5,19,0,0,0,0,220.5,1,1,265.5,10,16.5,27.5,9,35.5,1,0,0,0,8.94
00-0034857,J.Allen,2018112501,11/25/2018 0:00,160,1,0,336,11,19,13,99,1,0,0,0,197.3333333,0.666666667,1.333333333,279.3333333,11.66666667,16.33333333,29.33333333,7.666666667,30,0.666666667,0,0,0,29.3
00-0034857,J.Allen,2018120206,12/2/2018 0:00,231,2,2,518,13,33,9,135,0,0,0,0,188,0.75,1,293.5,11.5,14.25,26.75,9,47.25,0.75,0,0,0,34.74
00-0034857,J.Allen,2018120900,12/9/2018 0:00,206,0,2,297,16,36,9,101,1,0,0,0,196.6,1,1.2,338.4,11.8,15,28,9,64.8,0.6,0,0,0,28.34
00-0034857,J.Allen,2018121602,12/16/2018 0:00,204,1,0,413,13,26,9,16,1,0,0,0,198.1666667,0.833333333,1.333333333,331.5,12.5,15.5,29.33333333,9,70.83333333,0.666666667,0,0,0,22.76
00-0034857,J.Allen,2018122308,12/23/2018 0:00,217,1,2,460,19,41,5,30,0,0,1,1,191.3333333,0.833333333,1,343.5,12.5,14.66666667,28.16666667,9.166666667,68.16666667,0.833333333,0,0,0,15.68
00-0034857,J.Allen,2018123001,12/30/2018 0:00,224,3,1,133,8,26,9,95,2,0,0,0,194.8333333,0.833333333,1.333333333,388.5,14.5,15.5,31.33333333,8.333333333,66.66666667,0.5,0,0.166666667,0.166666667,44.46
00-0034857,J.Allen,2019090805,9/8/2019 0:00,254,1,2,324,11,37,10,38,1,0,0,0,207,1.333333333,1.166666667,359.5,13.33333333,15.66666667,30.16666667,9,79.33333333,0.833333333,0,0.166666667,0.166666667,24.96
00-0034857,J.Allen,2019091506,9/15/2019 0:00,253,1,0,269,11,30,7,21,1,0,0,0,222.6666667,1.333333333,1.5,357.5,13.33333333,18.33333333,33.16666667,8.5,69.16666667,0.833333333,0,0.166666667,0.166666667,25.22
00-0034857,J.Allen,2019092200,9/22/2019 0:00,243,1,1,302,11,35,9,46,0,0,0,1,226.3333333,1.166666667,1.166666667,316,13,18.5,32.66666667,8.166666667,50.16666667,1,0,0.166666667,0.166666667,19.32
00-0034857,J.Allen,2019092902,9/29/2019 0:00,153,0,3,382,11,27,5,26,1,0,0,0,232.5,1.333333333,1,316.8333333,12.16666667,19.33333333,32.5,8.166666667,41,0.833333333,0,0.166666667,0.333333333,14.72
00-0034857,J.Allen,2019100608,10/6/2019 0:00,219,2,1,139,8,32,10,27,0,0,0,0,224,1.166666667,1.5,311.6666667,11.83333333,19.33333333,32.66666667,7.5,42.66666667,0.833333333,0,0.166666667,0.333333333,21.46
00-0034857,J.Allen,2019102001,10/20/2019 0:00,202,2,0,272,10,26,5,34,0,0,0,0,224.3333333,1.333333333,1.333333333,258.1666667,10,19.83333333,31.16666667,8.333333333,42.16666667,0.833333333,0,0,0.166666667,22.48
00-0034857,J.Allen,2019102701,10/27/2019 0:00,169,2,0,317,18,34,8,45,0,0,0,0,220.6666667,1.166666667,1.166666667,281.3333333,10.33333333,19.66666667,31.16666667,7.666666667,32,0.5,0,0,0.166666667,22.26
00-0034857,Jos.Allen,2019110301,11/3/2019 0:00,160,1,0,201,6,20,8,12,1,0,0,0,206.5,1.333333333,0.833333333,280.1666667,11.5,18.33333333,30.66666667,7.333333333,33.16666667,0.333333333,0,0,0.166666667,20.6
00-0034857,Jos.Allen,2019111002,11/10/2019 0:00,266,0,0,403,19,41,6,28,2,0,0,0,191,1.333333333,0.833333333,268.8333333,10.66666667,17.5,29,7.5,31.66666667,0.333333333,0,0,0.166666667,28.44
00-0034857,Jos.Allen,2019111704,11/17/2019 0:00,256,3,0,283,12,33,7,56,1,0,0,0,194.8333333,1.166666667,0.666666667,285.6666667,12,17.33333333,30,7,28.66666667,0.666666667,0,0,0,36.84
00-0034857,J.Allen,2019112401,11/24/2019 0:00,185,2,1,187,8,24,9,56,0,0,0,0,212,1.666666667,0.166666667,269.1666667,12.16666667,18.66666667,31,7.333333333,33.66666667,0.666666667,0,0,0,23
00-0034857,J.Allen,2019112801,11/28/2019 0:00,231,1,0,206,5,24,10,43,1,0,0,0,206.3333333,1.666666667,0.166666667,277.1666667,12.16666667,17.33333333,29.66666667,7.166666667,38.5,0.666666667,0,0,0,26.54
00-0034857,J.Allen,2019120801,12/8/2019 0:00,146,1,0,400,22,39,2,9,0,0,0,0,211.1666667,1.5,0.166666667,266.1666667,11.33333333,17.83333333,29.33333333,8,40,0.833333333,0,0,0,13.74
00-0034857,J.Allen,2019121506,12/15/2019 0:00,139,1,1,235,11,25,7,28,1,0,0,0,207.3333333,1.333333333,0.166666667,280,12,18,30.16666667,7,34,0.833333333,0,0,0,20.36
00-0034857,J.Allen,2019122101,12/21/2019 0:00,208,2,0,317,13,26,7,43,0,0,0,0,203.8333333,1.333333333,0.333333333,285.6666667,12.83333333,17.83333333,31,6.833333333,36.66666667,0.833333333,0,0,0,23.62
,,,,,,,,,,,,,,,,194.1666667,1.666666667,0.333333333,271.3333333,11.83333333,16.33333333,28.5,7,39.16666667,0.5,0,0,0,0
00-0034869,S.Darnold,2018091604,9/16/2018 0:00,334,1,2,397,14,41,2,1,0,0,1,3,198,2,1,166,4,16,21,6,-1,0,0,0,0,15.46
00-0034869,S.Darnold,2018093005,9/30/2018 0:00,167,1,0,360,17,34,2,8,0,0,0,0,266,1.5,1.5,281.5,9,20.5,31,4,0,0,0,0.5,1.5,14.48
00-0034869,S.Darnold,2018100706,10/7/2018 0:00,198,3,1,197,11,22,3,5,0,0,0,0,233,1.333333333,1,307.6666667,11.66666667,19.33333333,32,3.333333333,2.666666667,0,0,0.333333333,1,22.42
00-0034869,S.Darnold,2018101406,10/14/2018 0:00,280,2,1,210,4,29,6,8,0,0,1,1,224.25,1.75,1,280,11.5,17,29.5,3.25,3.25,0,0,0.25,0.75,21
00-0034869,S.Darnold,2018102107,10/21/2018 0:00,206,1,3,490,22,42,6,18,1,0,0,0,235.4,1.8,1,266,10,18.4,29.4,3.8,4.2,0,0,0.4,0.8,20.04
00-0034869,S.Darnold,2018102802,10/28/2018 0:00,153,1,0,236,15,29,5,22,0,0,0,0,230.5,1.666666667,1.333333333,303.3333333,12,18.16666667,31.5,4.166666667,6.5,0.166666667,0,0.333333333,0.666666667,15.32
00-0034869,S.Darnold,2018120900,12/9/2018 0:00,170,1,1,181,7,24,4,10,0,0,0,0,223,1.5,1.166666667,315,13.83333333,17.83333333,32.83333333,4,10.33333333,0.166666667,0,0.333333333,0.666666667,13.8
00-0034869,S.Darnold,2018121500,12/15/2018 0:00,253,2,0,408,14,38,6,35,0,0,0,0,195.6666667,1.5,1,279,12.66666667,16.33333333,30,4.333333333,11.83333333,0.166666667,0,0.166666667,0.166666667,24.62
00-0034869,S.Darnold,2018122309,12/23/2018 0:00,341,3,0,371,11,35,3,4,0,0,0,0,210,1.666666667,1,287,12.16666667,17.5,30.66666667,5,16.33333333,0.166666667,0,0.166666667,0.166666667,29.04
00-0034869,S.Darnold,2018123006,12/30/2018 0:00,167,0,0,306,12,28,1,28,0,0,0,0,233.8333333,1.666666667,0.833333333,316,12.16666667,19.83333333,32.83333333,5,16.16666667,0.166666667,0,0.166666667,0.166666667,12.48
00-0034869,S.Darnold,2019090805,9/8/2019 0:00,175,1,0,223,13,41,1,0,0,0,1,1,215,1.333333333,0.666666667,332,13.5,18.5,32.66666667,4.166666667,19.5,0.166666667,0,0,0,13
00-0034869,S.Darnold,2019101310,10/13/2019 0:00,338,2,1,265,8,32,5,1,0,0,0,0,209.8333333,1.333333333,0.166666667,287.5,12,20.33333333,32.5,3.333333333,16.5,0,0,0.166666667,0.166666667,23.62
00-0034869,S.Darnold,2019102705,10/27/2019 0:00,218,2,3,233,6,30,1,-1,0,0,0,0,240.6666667,1.5,0.333333333,292.3333333,10.83333333,21.83333333,33,3.333333333,13,0,0,0.166666667,0.166666667,16.62
00-0034869,S.Darnold,2019110304,11/3/2019 0:00,260,1,1,269,10,38,2,1,0,0,0,0,248.6666667,1.666666667,0.666666667,301,10.66666667,22.66666667,34,2.833333333,11.16666667,0,0,0.166666667,0.166666667,16.5
00-0034869,S.Darnold,2019111005,11/10/2019 0:00,230,1,0,255,11,30,3,25,1,0,0,0,249.8333333,1.5,0.833333333,277.8333333,10,23.16666667,34,2.166666667,5.5,0,0,0.166666667,0.166666667,24.7
00-0034869,S.Darnold,2019111707,11/17/2019 0:00,293,4,1,305,10,30,2,-3,0,0,0,0,231.3333333,1.166666667,0.833333333,258.5,10,22.33333333,33.16666667,2.166666667,9,0.166666667,0,0.166666667,0.166666667,29.42
00-0034869,S.Darnold,2019112406,11/24/2019 0:00,315,2,0,215,9,29,4,16,1,0,0,1,252.3333333,1.833333333,1,258.3333333,9.666666667,22.83333333,33.5,2.333333333,3.833333333,0.166666667,0,0.166666667,0.166666667,30.2
00-0034869,S.Darnold,2019120102,12/1/2019 0:00,239,0,0,353,20,48,2,9,0,0,0,0,275.6666667,2,1,257,9,21.5,31.5,2.833333333,6.5,0.333333333,0,0,0.166666667,13.46
00-0034869,S.Darnold,2019120807,12/8/2019 0:00,270,2,1,391,14,35,3,3,0,0,0,1,259.1666667,1.666666667,0.833333333,271.6666667,11,22.33333333,34.16666667,2.333333333,7.833333333,0.333333333,0,0,0.166666667,20.1
00-0034869,S.Darnold,2019121200,12/12/2019 0:00,218,2,1,252,13,32,1,11,0,0,0,0,267.8333333,1.666666667,0.5,298,12.33333333,22.16666667,35,2.666666667,8.5,0.333333333,0,0,0.333333333,19.82
00-0034869,S.Darnold,2019122209,12/22/2019 0:00,183,1,0,222,10,26,4,3,0,0,0,0,260.8333333,1.833333333,0.5,295.1666667,12.83333333,20.66666667,34,2.5,10.16666667,0.333333333,0,0,0.333333333,14.62
00-0034869,S.Darnold,2019122901,12/29/2019 0:00,199,1,1,238,12,36,3,-2,0,0,0,0,253,1.833333333,0.5,289.6666667,12.66666667,20.16666667,33.33333333,2.666666667,6.5,0.166666667,0,0,0.333333333,13.76
,,,,,,,,,,,,,,,,237.3333333,1.333333333,0.5,278.5,13,20.83333333,34.33333333,2.833333333,6.666666667,0.166666667,0,0,0.333333333,0
00-0035040,D.Blough,2019121502,12/15/2019 0:00,260,0,2,354,17,43,5,19,0,0,1,1,280,2,1,349,15,22,38,1,1,0,0,0,0,12.3
00-0035040,D.Blough,2019122905,12/29/2019 0:00,122,0,1,264,16,29,2,11,0,0,0,0,270,1,1.5,351.5,16,23,40.5,3,10,0,0,0.5,0.5,7.98
,,,,,,,,,,,,,,,,220.6666667,0.666666667,1.333333333,322.3333333,16,19.33333333,36.66666667,2.666666667,10.33333333,0,0,0.333333333,0.333333333,0
00-0035228,K.Murray,2019091500,9/15/2019 0:00,349,0,0,312,14,39,3,4,0,0,0,0,308,2,1,567,24,29,54,3,13,0,0,0,0,17.36
00-0035228,K.Murray,2019092208,9/22/2019 0:00,173,2,2,242,11,43,8,69,0,0,0,0,328.5,1,0.5,439.5,19,27,46.5,3,8.5,0,0,0,0,22.82
00-0035228,K.Murray,2019092908,9/29/2019 0:00,241,0,1,168,9,32,4,27,1,0,0,0,276.6666667,1.333333333,1,373.6666667,16.33333333,28,45.33333333,4.666666667,28.66666667,0,0,0,0,20.34
00-0035228,K.Murray,2019100601,10/6/2019 0:00,253,0,0,247,11,31,10,93,1,0,0,0,267.75,1,1,322.25,14.5,26.5,42,4.5,28.25,0.25,0,0,0,28.42
00-0035228,K.Murray,2019101307,10/13/2019 0:00,340,3,0,246,9,36,11,32,0,0,0,0,264.8,0.8,0.8,307.2,13.8,25.2,39.8,5.6,41.2,0.4,0,0,0,31.8
00-0035228,K.Murray,2019102006,10/20/2019 0:00,104,0,0,112,7,21,10,28,0,0,0,0,277.3333333,1.166666667,0.666666667,297,13,25.5,39.16666667,6.5,39.66666667,0.333333333,0,0,0,9.96
00-0035228,K.Murray,2019102707,10/27/2019 0:00,220,0,0,245,14,33,2,13,0,0,0,0,243.3333333,0.833333333,0.5,221.1666667,10.16666667,23,33.66666667,7.666666667,42.16666667,0.333333333,0,0,0,13.1
00-0035228,K.Murray,2019103100,10/31/2019 0:00,241,2,0,104,7,24,5,34,0,0,0,0,221.8333333,0.833333333,0.5,210,10.16666667,22,32.66666667,7.5,43.66666667,0.333333333,0,0,0,24.04
00-0035228,K.Murray,2019111006,11/10/2019 0:00,324,3,1,534,16,44,3,38,0,0,1,1,233.1666667,0.833333333,0.166666667,187,9.5,19.83333333,29.5,7,37.83333333,0.333333333,0,0,0,29.76
00-0035228,K.Murray,2019111708,11/17/2019 0:00,150,2,0,124,9,33,8,67,1,0,2,2,247,1.333333333,0.166666667,248,10.66666667,20.66666667,31.5,6.833333333,39.66666667,0.166666667,0,0.166666667,0.166666667,27.7
00-0035228,K.Murray,2019120108,12/1/2019 0:00,163,0,1,175,14,34,4,28,1,0,0,0,229.8333333,1.666666667,0.166666667,227.5,10.33333333,21.33333333,31.83333333,6.5,35.33333333,0.166666667,0,0.5,0.5,17.32
00-0035228,K.Murray,2019120810,12/8/2019 0:00,194,2,3,209,7,30,6,2,0,0,0,0,200.3333333,1.166666667,0.333333333,215.6666667,11.16666667,20,31.5,5.333333333,34.66666667,0.333333333,0,0.5,0.5,15.96
00-0035228,K.Murray,2019121509,12/15/2019 0:00,219,1,1,167,5,25,8,56,0,0,0,0,215.3333333,1.5,0.833333333,231.8333333,11.16666667,21,33,4.666666667,30.33333333,0.333333333,0,0.5,0.5,20.36
00-0035228,K.Murray,2019122213,12/22/2019 0:00,118,1,0,135,7,18,6,40,0,0,0,0,215.1666667,1.666666667,1,218.8333333,9.666666667,21,31.66666667,5.666666667,37.5,0.333333333,0,0.5,0.5,15.72
00-0035228,K.Murray,2019122914,12/29/2019 0:00,325,2,2,400,13,41,2,0,0,0,1,1,194.6666667,1.5,1,224,9.666666667,20,30.66666667,5.833333333,38.5,0.333333333,0,0.5,0.5,21
,,,,,,,,,,,,,,,,194.8333333,1.333333333,1.166666667,201.6666667,9.166666667,19.83333333,30.16666667,5.666666667,32.16666667,0.333333333,0,0.5,0.5,0
00-0035232,D.Haskins,2019110301,11/3/2019 0:00,144,0,0,144,7,22,3,14,0,0,0,1,107,0,3,132,5,9,17,2,23,0,0,0,0,9.16
00-0035232,D.Haskins,2019111707,11/17/2019 0:00,214,2,1,257,15,35,4,5,0,0,0,0,125.5,0,1.5,138,6,12,19.5,2.5,18.5,0,0,0,0.5,19.06
00-0035232,D.Haskins,2019112407,11/24/2019 0:00,156,0,1,386,15,29,3,28,0,0,0,0,155,0.666666667,1.333333333,177.6666667,9,14.33333333,24.66666667,3,14,0,0,0,0.333333333,11.04
00-0035232,D.Haskins,2019120101,12/1/2019 0:00,147,0,0,204,12,25,4,6,0,0,0,0,155.25,0.5,1.25,229.75,10.5,14,25.75,3,17.5,0,0,0,0.25,9.48
00-0035232,D.Haskins,2019120803,12/8/2019 0:00,170,1,1,255,9,26,2,-1,0,0,0,1,153.6,0.4,1,224.6,10.8,13.8,25.6,3.2,15.2,0,0,0,0.2,11.7
00-0035232,D.Haskins,2019121508,12/15/2019 0:00,261,2,0,196,9,28,3,26,0,0,0,0,156.3333333,0.5,1,229.6666667,10.5,14.16666667,25.66666667,3,12.5,0,0,0,0.333333333,24.04
,,,,,,,,,,,,,,,,182,0.833333333,0.5,240.3333333,11.16666667,15.83333333,27.5,3.166666667,13,0,0,0,0.333333333,0
,,,,,,,,,,,,,,,,224,0,3,402,14,27,44,4,17,0,0,0,0,0
00-0035289,G.Minshew,2019091504,9/15/2019 0:00,213,1,0,212,10,33,6,56,0,0,0,0,275,2,1,140,2,22,25,1,6,0,0,1,1,21.12
00-0035289,G.Minshew,2019091900,9/19/2019 0:00,204,2,0,213,10,30,4,18,0,0,0,0,244,1.5,0.5,176,6,22.5,29,3.5,31,0,0,0.5,0.5,20.96
00-0035289,G.Minshew,2019092911,9/29/2019 0:00,213,2,0,346,14,33,1,2,0,0,0,1,230.6666667,1.666666667,0.333333333,188.3333333,7.333333333,21.66666667,29.33333333,3.666666667,26.66666667,0,0,0.333333333,0.333333333,18.72
00-0035289,G.Minshew,2019100600,10/6/2019 0:00,374,2,0,404,18,44,7,42,0,0,0,0,226.25,1.75,0.25,227.75,9,21,30.25,3,20.5,0,0,0.25,0.5,30.16
00-0035289,G.Minshew,2019101303,10/13/2019 0:00,163,0,1,220,14,29,2,1,0,0,0,0,255.8,1.8,0.2,263,10.8,22,33,3.8,24.8,0,0,0.2,0.4,8.62
00-0035289,G.Minshew II,2019102002,10/20/2019 0:00,255,1,0,186,16,31,9,48,0,0,0,0,240.3333333,1.5,0.333333333,255.8333333,11.33333333,20.66666667,32.33333333,3.5,20.83333333,0,0,0.166666667,0.333333333,22
00-0035289,G.Minshew II,2019102705,10/27/2019 0:00,279,3,0,223,12,34,8,28,0,0,0,0,237,1.333333333,0.166666667,263.5,13.66666667,19.5,33.33333333,4.833333333,27.83333333,0,0,0,0.166666667,28.96
00-0035289,G.Minshew II,2019110300,11/3/2019 0:00,309,0,2,381,18,47,4,34,0,0,0,0,248,1.666666667,0.166666667,265.3333333,14,19.33333333,33.5,5.166666667,23.16666667,0,0,0,0.166666667,16.76
00-0035289,G.Minshew II,2019120104,12/1/2019 0:00,147,1,1,106,10,27,2,8,0,0,0,0,265.5,1.333333333,0.5,293.3333333,15.33333333,20.5,36.33333333,5.166666667,25.83333333,0,0,0,0.166666667,12.68
00-0035289,G.Minshew II,2019120809,12/8/2019 0:00,162,1,0,201,13,37,6,31,0,0,0,0,254.5,1.166666667,0.666666667,253.3333333,14.66666667,20,35.33333333,5.333333333,26.83333333,0,0,0,0,16.58
00-0035289,G.Minshew II,2019121510,12/15/2019 0:00,201,2,0,241,12,29,5,27,0,0,0,0,219.1666667,1,0.666666667,219.5,13.83333333,19.66666667,34.16666667,5.166666667,25,0,0,0,0,21.74
00-0035289,G.Minshew II,2019122205,12/22/2019 0:00,181,1,0,239,18,31,7,36,0,0,0,0,225.5,1.333333333,0.5,223,13.5,20.16666667,34.16666667,5.666666667,29.33333333,0,0,0,0,17.84
00-0035289,G.Minshew II,2019122907,12/29/2019 0:00,295,3,1,216,11,39,5,7,0,0,0,0,213.1666667,1.333333333,0.5,231.8333333,13.83333333,19.83333333,34.16666667,5.333333333,27.33333333,0,0,0,0,26.5
,,,,,,,,,,,,,,,,215.8333333,1.333333333,0.666666667,230.6666667,13.66666667,20.66666667,35,4.833333333,23.83333333,0,0,0,0,0
00-0035577,D.Hodges,2019112403,11/24/2019 0:00,118,1,0,56,6,11,3,1,0,0,0,0,132,1,1,91,4,15,20,3,8,0,0,0,1,11.82
00-0035577,D.Hodges,2019120110,12/1/2019 0:00,212,1,1,253,6,21,5,2,0,0,0,0,125,1,0.5,73.5,5,10,15.5,3,4.5,0,0,0,0.5,14.68
00-0035577,D.Hodges,2019120810,12/8/2019 0:00,152,1,0,93,3,19,5,34,0,0,0,0,154,1,0.666666667,133.3333333,5.333333333,11.33333333,17.33333333,3.666666667,3.666666667,0,0,0,0.333333333,16.48
00-0035577,D.Hodges,2019121506,12/15/2019 0:00,202,1,4,338,11,38,1,4,0,0,0,1,153.5,1,0.5,123.25,4.75,12.5,17.75,4,11.25,0,0,0,0.25,10.48
,,,,,,,,,,,,,,,,163.2,1,1.2,166.2,6,14.6,21.8,3.4,9.8,0,0,0,0.4,0
00-0035652,R.Finley,2019111709,11/17/2019 0:00,115,0,1,201,17,31,3,47,0,0,0,0,167,1,1,225,13,16,30,5,22,0,0,1,1,11.3
00-0035652,R.Finley,2019112403,11/24/2019 0:00,192,1,0,142,14,26,2,8,0,0,1,1,141,0.5,1,213,15,14.5,30.5,4,34.5,0,0,0.5,0.5,14.48
,,,,,,,,,,,,,,,,158,0.666666667,0.666666667,189.3333333,14.66666667,13.66666667,29,3.333333333,25.66666667,0,0,0.666666667,0.666666667,0
00-0035704,D.Lock,2019120804,12/8/2019 0:00,309,3,1,187,4,27,3,15,0,0,0,0,134,2,1,184,9,18,28,3,15,0,0,0,0,27.86
00-0035704,D.Lock,2019121504,12/15/2019 0:00,208,0,1,234,21,40,2,3,0,0,0,0,221.5,2.5,1,185.5,6.5,20,27.5,3,15,0,0,0,0,10.62
00-0035704,D.Lock,2019122200,12/22/2019 0:00,192,1,0,219,8,33,4,10,0,0,0,0,217,1.666666667,1,201.6666667,11.33333333,19.33333333,31.66666667,2.666666667,11,0,0,0,0,15.68
00-0035704,D.Lock,2019122913,12/29/2019 0:00,177,1,0,229,11,28,6,29,0,0,0,1,210.75,1.5,0.75,206,10.5,20.75,32,3,10.75,0,0,0,0,15.98
,,,,,,,,,,,,,,,,204,1.4,0.6,210.6,10.6,20,31.2,3.6,14.4,0,0,0,0.2,0
00-0035710,D.Jones,2019092907,9/29/2019 0:00,225,1,2,167,6,31,5,33,0,0,0,0,336,2,0,353,13,23,36,4,28,2,0,0,0,17.3
00-0035710,D.Jones,2019100604,10/6/2019 0:00,182,1,1,385,16,38,3,12,0,0,0,0,280.5,1.5,1,260,9.5,23,33.5,4.5,30.5,1,0,0,0,14.48
00-0035710,D.Jones,2019101000,10/10/2019 0:00,161,1,3,290,13,31,2,8,0,0,1,1,247.6666667,1.333333333,1,301.6666667,11.66666667,22.33333333,35,4,24.33333333,0.666666667,0,0,0,10.24
00-0035710,D.Jones,2019102006,10/20/2019 0:00,223,1,1,265,12,35,4,35,0,0,0,0,226,1.25,1.5,298.75,12,20.5,34,3.5,20.25,0.5,0,0.25,0.25,18.42
00-0035710,D.Jones,2019102703,10/27/2019 0:00,322,4,0,307,13,41,4,13,0,0,0,0,225.4,1.2,1.4,292,12,20.8,34.2,3.6,23.2,0.4,0,0.2,0.2,33.18
00-0035710,D.Jones,2019110400,11/4/2019 0:00,210,1,1,240,14,41,6,54,0,0,0,0,241.5,1.666666667,1.166666667,294.5,12.16666667,22,35.33333333,3.666666667,21.5,0.333333333,0,0.166666667,0.166666667,19.8
00-0035710,D.Jones,2019111005,11/10/2019 0:00,308,4,0,240,14,40,3,20,0,0,1,2,220.5,1.5,1.333333333,275.6666667,12.33333333,22.5,36.16666667,4,25.83333333,0,0,0.166666667,0.166666667,31.32
00-0035710,D.Jones,2019112402,11/24/2019 0:00,150,2,0,230,15,36,2,27,0,0,0,0,234.3333333,2,1,287.8333333,13.66666667,23,37.66666667,3.666666667,23.66666667,0,0,0.333333333,0.5,19.7
00-0035710,D.Jones,2019120107,12/1/2019 0:00,240,1,3,273,14,37,5,6,0,0,0,0,229,2.166666667,0.833333333,262,13.5,23,37.33333333,3.5,26.16666667,0,0,0.333333333,0.5,14.2
00-0035710,D.Jones,2019122211,12/22/2019 0:00,352,5,0,368,14,42,3,12,0,0,0,0,242.1666667,2.166666667,0.833333333,259.1666667,13.66666667,23.83333333,38.33333333,4,25.83333333,0,0,0.166666667,0.333333333,38.28
00-0035710,D.Jones,2019122911,12/29/2019 0:00,301,1,1,521,18,47,3,26,0,0,0,1,263.6666667,2.833333333,0.666666667,276.3333333,14,24.83333333,39.5,3.833333333,22,0,0,0.166666667,0.333333333,19.64
,,,,,,,,,,,,,,,,260.1666667,2.333333333,0.833333333,312,14.83333333,24.83333333,40.5,3.666666667,24.16666667,0,0,0.166666667,0.5,
