player_id_lead,player_name_lead,game_id_lead,game_date,recieving_yards_lead,recieving_touchdowns_lead,receptions_lead,targets_lead,rush_attempts_lead,rushing_yards_lead,rush_touchdowns_lead,fumbles_lead,fumbles_lost_lead,recieving_yards_avg,recieving_tds_avg,receptions_avg,targets_avg,rush_attmpt_avg,rushing_yards_avg,rush_tds_avg,fumbles_avg,fumbles_lost_avg,Fpts
00-0005091,K.Faulk,2009121308,12/13/2009 0:00,17,0,3,3,10,58,1,0,0,7,0,2,5,12,79,0,0,0,16.5
,,,,,,,,,,,,,12,0,2.5,4,11,68.5,0.5,0,0,0
,,,,,,,,,,,,,7,0,1,1,16,46,0,0,0,0
00-0016098,F.Taylor,2009122706,12/27/2009 0:00,0,0,0,1,11,35,0,0,0,4,0,1,1,21,105,1,0,0,3.5
00-0016098,F.Taylor,2010091202,9/12/2010 0:00,6,0,2,2,14,71,0,0,0,2,0,0.5,1,16,70,0.5,0,0,9.7
,,,,,,,,,,,,,3.333333333,0,1,1.333333333,15.33333333,70.33333333,0.333333333,0,0,0
00-0017915,R.Williams,2009092713,9/27/2009 0:00,29,0,4,5,8,55,1,0,0,3,0,1,1,19,69,0,0,0,18.4
00-0017915,R.Williams,2009100408,10/4/2009 0:00,11,0,1,1,16,85,1,0,0,16,0,2.5,3,13.5,62,0.5,0,0,16.6
00-0017915,R.Williams,2009101200,10/12/2009 0:00,70,0,3,3,11,68,0,0,0,14.33333333,0,2,2.333333333,14.33333333,69.66666667,0.666666667,0,0,16.8
00-0017915,R.Williams,2009102510,10/25/2009 0:00,12,0,2,4,9,80,3,0,0,28.25,0,2.25,2.5,13.5,69.25,0.5,0,0,29.2
00-0017915,R.Williams,2009110107,11/1/2009 0:00,41,0,2,2,8,27,0,0,0,25,0,2.2,2.8,12.6,71.4,1,0,0,8.8
00-0017915,R.Williams,2009111501,11/15/2009 0:00,5,0,2,4,20,102,0,0,0,27.66666667,0,2.166666667,2.666666667,11.83333333,64,0.833333333,0,0,15.7
00-0017915,R.Williams,2009111900,11/19/2009 0:00,19,1,2,4,22,119,2,0,0,28,0,2.333333333,3.166666667,12,69.5,0.833333333,0,0,36.8
00-0017915,R.Williams,2009112901,11/29/2009 0:00,0,0,0,1,27,115,1,0,0,26.33333333,0.166666667,2,3,14.33333333,80.16666667,1,0,0,20.5
00-0017915,R.Williams,2009120613,12/6/2009 0:00,6,0,2,3,18,75,0,0,0,24.5,0.166666667,1.833333333,3,16.16666667,85.16666667,1,0,0,10.1
00-0017915,R.Williams,2009121305,12/13/2009 0:00,7,0,2,2,28,108,1,0,1,13.83333333,0.166666667,1.666666667,3,17.33333333,86.33333333,1,0,0,21.5
00-0017915,R.Williams,2009122008,12/20/2009 0:00,9,0,3,6,20,82,1,0,0,13,0.166666667,1.666666667,2.666666667,20.5,91,0.666666667,0,0.166666667,18.1
00-0017915,R.Williams,2009122704,12/27/2009 0:00,26,0,5,7,10,35,0,0,0,7.666666667,0.166666667,1.833333333,3.333333333,22.5,100.1666667,0.833333333,0,0.166666667,11.1
00-0017915,R.Williams,2010010306,1/3/2010 0:00,4,0,3,5,12,31,0,0,0,11.16666667,0.166666667,2.333333333,3.833333333,20.83333333,89,0.833333333,0,0.166666667,6.5
00-0017915,R.Williams,2010091201,9/12/2010 0:00,0,0,0,1,18,62,0,0,0,8.666666667,0,2.5,4,19.16666667,74.33333333,0.5,0,0.166666667,6.2
00-0017915,R.Williams,2010100400,10/4/2010 0:00,45,1,4,4,8,56,0,0,0,8.666666667,0,2.5,4,17.66666667,65.5,0.333333333,0,0.166666667,20.1
00-0017915,R.Williams,2010101700,10/17/2010 0:00,-1,0,1,1,13,64,0,0,0,15.16666667,0.166666667,2.833333333,4.166666667,16,62.33333333,0.333333333,0,0.166666667,7.3
00-0017915,R.Williams,2010102401,10/24/2010 0:00,0,0,0,2,11,48,0,0,0,13.83333333,0.166666667,2.666666667,4,13.5,55,0.166666667,0,0,4.8
00-0017915,R.Williams,2010103102,10/31/2010 0:00,2,0,1,1,9,47,1,0,0,12.33333333,0.166666667,2.166666667,3.333333333,12,49.33333333,0,0,0,11.9
00-0017915,R.Williams,2010111400,11/14/2010 0:00,6,0,2,2,11,64,0,0,0,8.333333333,0.166666667,1.5,2.333333333,11.83333333,51.33333333,0.166666667,0,0,9
00-0017915,R.Williams,2010112809,11/28/2010 0:00,3,0,1,2,20,95,1,0,0,8.666666667,0.166666667,1.333333333,1.833333333,11.66666667,56.83333333,0.166666667,0,0,16.8
00-0017915,R.Williams,2010120501,12/5/2010 0:00,19,0,2,4,10,48,0,0,0,9.166666667,0.166666667,1.5,2,12,62.33333333,0.333333333,0,0,8.7
00-0017915,R.Williams,2010121210,12/12/2010 0:00,0,0,0,1,10,34,0,0,0,4.833333333,0,1.166666667,2,12.33333333,61,0.333333333,0,0,3.4
00-0017915,R.Williams,2010122607,12/26/2010 0:00,21,0,2,2,14,71,0,0,0,5,0,1,2,11.83333333,56,0.333333333,0,0,11.2
00-0017915,R.Williams,2011091100,9/11/2011 0:00,4,0,1,2,12,63,0,0,0,8.5,0,1.333333333,2,12.33333333,59.83333333,0.333333333,0,0,7.7
00-0017915,R.Williams,2011100214,10/2/2011 0:00,0,0,0,1,12,49,0,0,0,8.833333333,0,1.333333333,2.166666667,12.83333333,62.5,0.166666667,0,0,4.9
00-0017915,R.Williams,2011110612,11/6/2011 0:00,11,0,1,1,9,24,0,0,0,7.833333333,0,1,2,13,60,0.166666667,0,0,4.5
00-0017915,R.Williams,2011122402,12/24/2011 0:00,21,0,2,2,10,45,0,0,0,9.166666667,0,1,1.833333333,11.16666667,48.16666667,0,0,0,8.6
,,,,,,,,,,,,,9.5,0,1,1.5,11.16666667,47.66666667,0,0,0,0
,,,,,,,,,,,,,12,0,1,1,9,37,1,0,0,0
00-0019484,S.Morris,2009120613,12/6/2009 0:00,25,0,2,2,9,40,0,0,0,39,0,2,3,17,68,0,0,0,8.5
00-0019484,S.Morris,2009122706,12/27/2009 0:00,3,0,1,1,12,95,1,0,0,32,0,2,2.5,13,54,0,0,0,16.8
00-0019484,S.Morris,2011121700,12/17/2011 0:00,0,0,0,2,12,53,0,0,0,22.33333333,0,1.666666667,2,12.66666667,67.66666667,0.333333333,0,0,5.3
00-0019484,S.Morris,2011122411,12/24/2011 0:00,10,0,4,4,13,29,0,0,0,16.75,0,1.25,2,12.5,64,0.25,0,0,7.9
,,,,,,,,,,,,,15.4,0,1.8,2.4,12.6,57,0.2,0,0,0
00-0019641,T.Jones,2009092711,9/27/2009 0:00,2,0,1,2,14,20,0,0,0,-1,0,1,1,14,54,0,0,0,3.2
00-0019641,T.Jones,2009101200,10/12/2009 0:00,0,0,0,2,13,42,2,0,0,0.5,0,1,1.5,14,37,0,0,0,16.2
00-0019641,T.Jones,2009101811,10/18/2009 0:00,17,0,2,2,22,210,1,0,0,0.333333333,0,0.666666667,1.666666667,13.66666667,38.66666667,0.666666667,0,0,33.7
00-0019641,T.Jones,2009102508,10/25/2009 0:00,3,0,1,2,26,121,1,0,0,4.5,0,1,1.75,15.75,81.5,0.75,0,0,22.4
00-0019641,T.Jones,2009110107,11/1/2009 0:00,28,0,1,1,27,102,0,0,0,4.2,0,1,1.8,17.8,89.4,0.8,0,0,17
00-0019641,T.Jones,2009111503,11/15/2009 0:00,0,0,0,1,21,77,1,0,0,8.166666667,0,1,1.666666667,19.33333333,91.5,0.666666667,0,0,13.7
00-0019641,T.Jones,2009112211,11/22/2009 0:00,0,0,0,1,21,103,0,0,0,8.333333333,0,0.833333333,1.666666667,20.5,95.33333333,0.833333333,0,0,13.3
00-0019641,T.Jones,2009112905,11/29/2009 0:00,11,0,3,4,25,75,1,0,0,8,0,0.666666667,1.5,21.66666667,109.1666667,0.833333333,0,0,17.6
00-0019641,T.Jones,2009121309,12/13/2009 0:00,-2,0,1,1,24,99,2,0,0,9.833333333,0,1.166666667,1.833333333,23.66666667,114.6666667,0.666666667,0,0,22.7
00-0019641,T.Jones,2009122004,12/20/2009 0:00,0,0,0,1,19,52,0,0,0,6.666666667,0,1,1.666666667,24,96.16666667,0.833333333,0,0,5.2
00-0019641,T.Jones,2010091301,9/13/2010 0:00,0,0,0,1,11,39,0,0,0,6.166666667,0,0.833333333,1.5,22.83333333,84.66666667,0.666666667,0,0,3.9
00-0019641,T.Jones,2010091903,9/19/2010 0:00,5,0,1,1,22,83,0,0,0,1.5,0,0.666666667,1.5,20.16666667,74.16666667,0.666666667,0,0,9.8
00-0019641,T.Jones,2010092609,9/26/2010 0:00,1,0,1,3,19,95,1,0,0,2.333333333,0,0.833333333,1.5,20.33333333,75.16666667,0.5,0,0,16.6
00-0019641,T.Jones,2010101704,10/17/2010 0:00,10,0,1,2,19,100,1,0,0,2.5,0,1,1.833333333,20,73.83333333,0.666666667,0,0,18
00-0019641,T.Jones,2010103103,10/31/2010 0:00,5,0,1,1,19,77,0,0,0,2.333333333,0,0.666666667,1.5,19,78,0.666666667,0,0,9.2
00-0019641,T.Jones,2010112808,11/28/2010 0:00,14,0,3,3,20,68,0,0,0,3.5,0,0.666666667,1.5,18.16666667,74.33333333,0.333333333,0,0,11.2
00-0019641,T.Jones,2010120503,12/5/2010 0:00,54,0,4,5,11,53,0,0,0,5.833333333,0,1.166666667,1.833333333,18.33333333,77,0.333333333,0,0,14.7
00-0019641,T.Jones,2010121900,12/19/2010 0:00,16,0,1,1,22,62,1,0,0,14.83333333,0,1.833333333,2.5,18.33333333,79.33333333,0.333333333,0,0,14.8
00-0019641,T.Jones,2010122603,12/26/2010 0:00,0,0,0,1,23,51,0,0,0,16.66666667,0,1.833333333,2.5,18.33333333,75.83333333,0.5,0,0,5.1
00-0019641,T.Jones,2011010206,1/2/2011 0:00,-2,0,1,1,10,17,0,0,0,16.5,0,1.666666667,2.166666667,19,68.5,0.333333333,0,0,2.5
00-0019641,T.Jones,2011092509,9/25/2011 0:00,2,0,1,1,14,31,0,0,0,14.5,0,1.666666667,2,17.5,54.66666667,0.166666667,0,0,4.3
00-0019641,T.Jones,2011100902,10/9/2011 0:00,7,0,2,3,10,55,0,0,0,14,0,1.666666667,2,16.66666667,47,0.166666667,0,0,8.2
00-0019641,T.Jones,2011112711,11/27/2011 0:00,7,0,1,1,13,37,0,0,0,12.83333333,0,1.5,2,15,44.83333333,0.166666667,0,0,5.4
00-0019641,T.Jones,2011121807,12/18/2011 0:00,27,0,1,1,15,48,0,0,0,5,0,1,1.333333333,15.33333333,42.16666667,0.166666667,0,0,8.5
00-0019641,T.Jones,2012010113,1/1/2012 0:00,0,0,0,1,15,42,0,0,0,6.833333333,0,1,1.333333333,14.16666667,39.83333333,0,0,0,4.2
,,,,,,,,,,,,,6.833333333,0,1,1.333333333,12.83333333,38.33333333,0,0,0,0
00-0019693,J.Lewis,2009092012,9/20/2009 0:00,8,0,1,1,14,38,0,0,0,47,0,3,3,11,57,0,0,0,5.6
00-0019693,J.Lewis,2009101805,10/18/2009 0:00,15,0,2,5,11,21,0,0,0,27.5,0,2,2,12.5,47.5,0,0,0,5.6
00-0019693,J.Lewis,2009111600,11/16/2009 0:00,5,0,1,1,10,36,0,0,0,23.33333333,0,2,3,12,38.66666667,0,0,0,5.1
00-0019693,J.Lewis,2009112202,11/22/2009 0:00,13,0,1,1,25,77,0,0,0,18.75,0,1.75,2.5,11.5,38,0,0,0,10
,,,,,,,,,,,,,17.6,0,1.6,2.2,14.2,45.8,0,0,0,0
00-0019863,D.Rhodes,2010122610,12/26/2010 0:00,0,0,0,1,17,98,0,0,0,4,0,1,3,9,26,0,0,0,9.8
,,,,,,,,,,,,,2,0,0.5,2,13,62,0,0,0,0
00-0020270,C.Buckhalter,2009092012,9/20/2009 0:00,30,0,1,3,9,76,1,0,0,11,0,2,2,8,46,0,0,0,17.6
00-0020270,C.Buckhalter,2009092712,9/27/2009 0:00,0,0,0,1,14,108,0,0,0,20.5,0,1.5,2.5,8.5,61,0.5,0,0,13.8
00-0020270,C.Buckhalter,2009101900,10/19/2009 0:00,29,0,4,4,10,46,0,0,0,13.66666667,0,1,2,10.33333333,76.66666667,0.333333333,0,0,11.5
00-0020270,C.Buckhalter,2009110100,11/1/2009 0:00,30,0,6,6,8,16,0,0,0,17.5,0,1.75,2.5,10.25,69,0.25,0,0,10.6
00-0020270,C.Buckhalter,2009110900,11/9/2009 0:00,4,0,2,2,9,24,0,0,0,20,0,2.6,3.2,9.8,58.4,0.2,0,0,4.8
00-0020270,C.Buckhalter,2009112602,11/26/2009 0:00,5,0,1,2,20,51,0,0,0,17.33333333,0,2.5,3,9.666666667,52.66666667,0.166666667,0,0,6.6
00-0020270,C.Buckhalter,2009120606,12/6/2009 0:00,15,0,3,3,12,113,0,0,0,16.33333333,0,2.333333333,3,11.66666667,53.5,0.166666667,0,0,18.8
00-0020270,C.Buckhalter,2010091909,9/19/2010 0:00,0,0,0,3,11,19,1,0,0,13.83333333,0,2.666666667,3,12.16666667,59.66666667,0,0,0,7.9
00-0020270,C.Buckhalter,2010122609,12/26/2010 0:00,50,1,3,3,11,42,1,0,0,13.83333333,0,2.666666667,3.333333333,11.66666667,44.83333333,0.166666667,0,0,24.2
,,,,,,,,,,,,,17.33333333,0.166666667,2.5,3.166666667,11.83333333,44.16666667,0.333333333,0,0,0
00-0020514,M.Bennett,2010010314,1/3/2010 0:00,62,0,4,4,11,28,0,0,0,0,0,0,1,8,18,0,0,0,13
,,,,,,,,,,,,,31,0,2,2.5,9.5,23,0,0,0,0
00-0020536,L.Tomlinson,2009101900,10/19/2009 0:00,30,0,3,4,18,70,0,0,0,1,0,1,3,13,55,1,1,1,13
00-0020536,L.Tomlinson,2009102503,10/25/2009 0:00,2,0,2,3,23,71,0,0,0,15.5,0,2,3.5,15.5,62.5,0.5,0.5,0.5,9.3
00-0020536,L.Tomlinson,2009110809,11/8/2009 0:00,8,0,2,2,12,22,0,0,0,11,0,2,3.333333333,18,65.33333333,0.333333333,0.333333333,0.333333333,5
00-0020536,L.Tomlinson,2009111511,11/15/2009 0:00,0,0,0,1,24,96,2,0,0,10.25,0,2,3,16.5,54.5,0.25,0.25,0.25,21.6
00-0020536,L.Tomlinson,2009112909,11/29/2009 0:00,5,0,1,1,13,39,2,0,0,8.2,0,1.6,2.6,18,62.8,0.6,0.2,0.2,17.4
00-0020536,L.Tomlinson,2009120609,12/6/2009 0:00,21,0,1,2,20,64,1,0,0,7.666666667,0,1.5,2.333333333,17.16666667,58.83333333,0.833333333,0.166666667,0.166666667,15.5
00-0020536,L.Tomlinson,2009121312,12/13/2009 0:00,9,0,1,2,21,50,1,0,0,11,0,1.5,2.166666667,18.33333333,60.33333333,0.833333333,0,0,12.9
00-0020536,L.Tomlinson,2009122010,12/20/2009 0:00,58,0,4,4,16,59,0,0,0,7.5,0,1.166666667,1.833333333,18.83333333,57,1,0,0,15.7
00-0020536,L.Tomlinson,2009122500,12/25/2009 0:00,4,0,2,2,16,59,2,0,0,16.83333333,0,1.5,2,17.66666667,55,1,0,0,20.3
00-0020536,L.Tomlinson,2010091300,9/13/2010 0:00,16,0,2,4,11,62,0,0,0,16.16666667,0,1.5,2,18.33333333,61.16666667,1.333333333,0,0,9.8
00-0020536,L.Tomlinson,2010091911,9/19/2010 0:00,26,0,4,6,11,76,0,0,0,18.83333333,0,1.833333333,2.5,16.16666667,55.5,1,0,0,14.2
00-0020536,L.Tomlinson,2010092614,9/26/2010 0:00,18,0,3,5,15,70,1,0,0,22.33333333,0,2.333333333,3.333333333,15.83333333,61.66666667,0.666666667,0,0,17.8
00-0020536,L.Tomlinson,2010100300,10/3/2010 0:00,22,0,3,4,19,133,2,0,0,21.83333333,0,2.666666667,3.833333333,15,62.66666667,0.666666667,0,0,33.5
00-0020536,L.Tomlinson,2010101100,10/11/2010 0:00,13,0,5,7,20,94,0,0,0,24,0,3,4.166666667,14.66666667,76.5,0.833333333,0,0,15.7
00-0020536,L.Tomlinson,2010101709,10/17/2010 0:00,12,0,2,2,16,55,2,0,0,16.5,0,3.166666667,4.666666667,15.33333333,82.33333333,0.833333333,0,0,20.7
00-0020536,L.Tomlinson,2010103106,10/31/2010 0:00,37,0,5,7,16,54,0,0,1,17.83333333,0,3.166666667,4.666666667,15.33333333,81.66666667,0.833333333,0,0,13.1
00-0020536,L.Tomlinson,2010110700,11/7/2010 0:00,47,0,6,9,15,55,0,0,0,21.33333333,0,3.666666667,5.166666667,16.16666667,80.33333333,0.833333333,0,0.166666667,16.2
00-0020536,L.Tomlinson,2010111401,11/14/2010 0:00,53,0,6,10,18,57,0,0,0,24.83333333,0,4,5.666666667,16.83333333,76.83333333,0.833333333,0,0.166666667,17
00-0020536,L.Tomlinson,2010112101,11/21/2010 0:00,71,0,7,9,12,36,0,0,0,30.66666667,0,4.5,6.5,17.33333333,74.66666667,0.666666667,0,0.166666667,17.7
00-0020536,L.Tomlinson,2010112502,11/25/2010 0:00,14,0,2,5,13,49,0,0,0,38.83333333,0,5.166666667,7.333333333,16.16666667,58.5,0.333333333,0,0.166666667,8.3
00-0020536,L.Tomlinson,2010120600,12/6/2010 0:00,14,0,2,5,10,47,0,0,0,39,0,4.666666667,7,15,51,0.333333333,0,0.166666667,8.1
00-0020536,L.Tomlinson,2010121210,12/12/2010 0:00,5,0,2,3,19,49,0,0,0,39.33333333,0,4.666666667,7.5,14,49.66666667,0,0,0.166666667,7.4
00-0020536,L.Tomlinson,2010121911,12/19/2010 0:00,6,0,1,1,11,49,0,0,0,34,0,4.166666667,6.833333333,14.5,48.83333333,0,0,0,6.5
00-0020536,L.Tomlinson,2010122600,12/26/2010 0:00,14,0,2,2,13,28,1,0,0,27.16666667,0,3.333333333,5.5,13.83333333,47.83333333,0,0,0,12.2
00-0020536,L.Tomlinson,2011121102,12/11/2011 0:00,50,1,2,4,9,14,0,0,0,20.66666667,0,2.666666667,4.166666667,13,43,0.166666667,0,0,14.4
00-0020536,L.Tomlinson,2012010100,1/1/2012 0:00,23,0,4,7,11,56,0,0,0,17.16666667,0.166666667,1.833333333,3.333333333,12.5,39.33333333,0.166666667,0,0,11.9
,,,,,,,,,,,,,18.66666667,0.166666667,2.166666667,3.666666667,12.16666667,40.5,0.166666667,0,0,0
00-0021179,C.Portis,2009092008,9/20/2009 0:00,4,0,1,2,19,79,0,0,0,10,0,1,1,16,62,0,0,0,9.3
00-0021179,C.Portis,2009092702,9/27/2009 0:00,6,0,1,1,12,42,0,0,0,7,0,1,1.5,17.5,70.5,0,0,0,5.8
00-0021179,C.Portis,2009101102,10/11/2009 0:00,17,1,2,3,19,57,1,0,0,6.666666667,0,1,1.333333333,15.66666667,61,0,0,0,21.4
00-0021179,C.Portis,2009101807,10/18/2009 0:00,15,0,3,4,15,109,0,0,0,9.25,0.25,1.25,1.75,16.5,60,0.25,0,0,18.4
00-0021179,C.Portis,2010091212,9/12/2010 0:00,1,0,1,3,18,63,0,0,0,10.4,0.2,1.6,2.2,16.2,69.8,0.2,0,0,7.4
00-0021179,C.Portis,2010091900,9/19/2010 0:00,0,0,0,1,13,33,2,0,0,8.833333333,0.166666667,1.5,2.333333333,16.5,68.66666667,0.166666667,0,0,15.3
00-0021179,C.Portis,2010100310,10/3/2010 0:00,26,0,2,2,11,55,0,0,0,7.166666667,0.166666667,1.333333333,2.333333333,16,63.83333333,0.5,0,0,10.1
,,,,,,,,,,,,,10.83333333,0.166666667,1.5,2.333333333,14.66666667,59.83333333,0.5,0,0,0
00-0021182,M.Morris,2009110104,11/1/2009 0:00,19,0,1,1,14,63,0,0,0,12,0,1,1,8,10,1,0,0,9.2
00-0021182,M.Morris,2009122002,12/20/2009 0:00,35,0,5,6,17,126,1,0,0,15.5,0,1,1,11,36.5,0.5,0,0,30.1
00-0021182,M.Morris,2009122711,12/27/2009 0:00,29,0,4,7,18,37,0,0,0,22,0,2.333333333,2.666666667,13,66.33333333,0.666666667,0,0,10.6
00-0021182,M.Morris,2010010304,1/3/2010 0:00,41,0,5,6,16,65,0,0,0,23.75,0,2.75,3.75,14.25,59,0.5,0,0,15.6
00-0021182,M.Morris,2010112105,11/21/2010 0:00,40,0,4,6,10,31,0,0,0,27.2,0,3.2,4.2,14.6,60.2,0.4,0,0,11.1
00-0021182,M.Morris,2010112500,11/25/2010 0:00,20,0,5,5,9,55,2,0,0,29.33333333,0,3.333333333,4.5,13.83333333,55.33333333,0.333333333,0,0,24.5
00-0021182,M.Morris,2010120505,12/5/2010 0:00,3,0,1,1,10,37,0,0,0,30.66666667,0,4,5.166666667,14,62.83333333,0.5,0,0,5
00-0021182,M.Morris,2010121205,12/12/2010 0:00,6,0,1,1,11,51,0,0,0,28,0,4,5.166666667,13.33333333,58.5,0.5,0,0,6.7
00-0021182,M.Morris,2010121908,12/19/2010 0:00,10,0,3,4,15,109,1,0,0,23.16666667,0,3.333333333,4.333333333,12.33333333,46,0.333333333,0,0,23.9
00-0021182,M.Morris,2010122607,12/26/2010 0:00,13,0,2,2,12,22,1,0,0,20,0,3.166666667,3.833333333,11.83333333,58,0.5,0,0,11.5
00-0021182,M.Morris,2011010209,1/2/2011 0:00,24,0,2,3,12,21,1,0,0,15.33333333,0,2.666666667,3.166666667,11.16666667,50.83333333,0.666666667,0,0,12.5
00-0021182,M.Morris,2011102303,10/23/2011 0:00,13,0,2,4,9,50,0,0,0,12.66666667,0,2.333333333,2.666666667,11.5,49.16666667,0.833333333,0,0,8.3
00-0021182,M.Morris,2011103006,10/30/2011 0:00,7,0,1,3,13,58,1,0,0,11.5,0,1.833333333,2.5,11.5,48.33333333,0.5,0,0,13.5
00-0021182,M.Morris,2011111307,11/13/2011 0:00,6,0,1,2,10,44,0,0,0,12.16666667,0,1.833333333,2.833333333,12,51.83333333,0.666666667,0,0,6
00-0021182,M.Morris,2011120406,12/4/2011 0:00,58,1,6,8,18,33,0,0,0,12.16666667,0,1.833333333,3,11.83333333,50.66666667,0.666666667,0,0,21.1
,,,,,,,,,,,,,20.16666667,0.166666667,2.333333333,3.666666667,12.33333333,38,0.5,0,0,0
00-0021184,L.Betts,2009111507,11/15/2009 0:00,6,0,1,2,26,114,1,0,0,23,0,1,1,15,70,1,0,0,22
00-0021184,L.Betts,2010100306,10/3/2010 0:00,23,0,4,5,13,47,0,0,0,14.5,0,1,1.5,20.5,92,1,0,0,11
00-0021184,L.Betts,2010101009,10/10/2010 0:00,26,0,5,7,10,44,0,0,0,17.33333333,0,2,2.666666667,18,77,0.666666667,0,0,12
00-0021184,L.Betts,2010110707,11/7/2010 0:00,1,0,1,2,13,31,1,0,0,19.5,0,2.75,3.75,16,68.75,0.5,0,0,10.2
,,,,,,,,,,,,,15.8,0,2.4,3.4,15.4,61.2,0.6,0,0,0
00-0021216,B.Westbrook,2009092006,9/20/2009 0:00,14,0,3,5,13,52,0,0,0,8,1,3,4,13,64,0,0,0,9.6
00-0021216,B.Westbrook,2009122708,12/27/2009 0:00,5,0,2,5,9,32,0,0,0,11,0.5,3,4.5,13,58,0,0,0,5.7
00-0021216,B.Westbrook,2010120506,12/5/2010 0:00,0,0,0,1,9,31,0,0,0,9,0.333333333,2.666666667,4.666666667,11.66666667,49.33333333,0,0,0,3.1
00-0021216,B.Westbrook,2010121209,12/12/2010 0:00,87,1,6,6,9,23,0,0,0,6.75,0.25,2,3.75,11,44.75,0,0,0,23
00-0021216,B.Westbrook,2010121600,12/16/2010 0:00,8,0,2,4,8,22,1,0,0,22.8,0.4,2.8,4.2,10.6,40.4,0,0,0,11
00-0021216,B.Westbrook,2010122606,12/26/2010 0:00,3,0,2,3,10,40,0,0,0,20.33333333,0.333333333,2.666666667,4.166666667,10.16666667,37.33333333,0.166666667,0,0,6.3
00-0021216,B.Westbrook,2011010214,1/2/2011 0:00,14,0,1,4,13,79,2,0,0,19.5,0.166666667,2.5,4,9.666666667,33.33333333,0.166666667,0,0,22.3
,,,,,,,,,,,,,19.5,0.166666667,2.166666667,3.833333333,9.666666667,37.83333333,0.5,0,0,0
00-0021314,C.Taylor,2009101803,10/18/2009 0:00,0,0,0,1,8,22,0,0,0,49,0,3,3,9,20,1,0,0,2.2
00-0021314,C.Taylor,2009112206,11/22/2009 0:00,12,0,2,2,11,73,0,0,0,24.5,0,1.5,2,8.5,21,0.5,0,0,10.5
00-0021314,C.Taylor,2009122800,12/28/2009 0:00,26,0,2,2,8,29,0,0,0,20.33333333,0,1.666666667,2,9.333333333,38.33333333,0.333333333,0,0,7.5
00-0021314,C.Taylor,2010091207,9/12/2010 0:00,44,0,3,4,9,29,0,0,0,21.75,0,1.75,2,9,36,0.25,0,0,10.3
00-0021314,C.Taylor,2010101005,10/10/2010 0:00,11,0,2,3,18,43,0,0,0,26.2,0,2,2.4,9,34.6,0.2,0,0,7.4
00-0021314,C.Taylor,2010110704,11/7/2010 0:00,14,0,1,1,10,13,1,0,0,23.66666667,0,2,2.5,10.5,36,0.166666667,0,0,9.7
00-0021314,C.Taylor,2010111404,11/14/2010 0:00,8,0,3,4,11,33,0,0,0,17.83333333,0,1.666666667,2.166666667,10.66666667,34.83333333,0.166666667,0,0,7.1
00-0021314,C.Taylor,2010120505,12/5/2010 0:00,31,0,5,5,9,33,1,0,0,19.16666667,0,2.166666667,2.666666667,11.16666667,36.66666667,0.166666667,0,0,17.4
00-0021314,C.Taylor,2011092512,9/25/2011 0:00,12,0,1,2,8,20,0,0,0,22.33333333,0,2.666666667,3.166666667,10.83333333,30,0.333333333,0,0,4.2
,,,,,,,,,,,,,20,0,2.5,3.166666667,10.83333333,28.5,0.333333333,0,0,0
00-0021357,R.Cartwright,2009112201,11/22/2009 0:00,73,0,7,8,13,67,0,0,0,9,0,2,2,9,41,0,0,0,21
00-0021357,R.Cartwright,2009112906,11/29/2009 0:00,26,0,3,3,15,38,0,0,0,41,0,4.5,5,11,54,0,0,0,9.4
00-0021357,R.Cartwright,2009120608,12/6/2009 0:00,31,0,3,4,13,39,0,0,0,36,0,4,4.333333333,12.33333333,48.66666667,0,0,0,10
,,,,,,,,,,,,,34.75,0,3.75,4.25,12.5,46.25,0,0,0,0
,,,,,,,,,,,,,22,0,2,2,17,109,0,0,0,0
00-0021976,L.Johnson,2009092004,9/20/2009 0:00,41,0,3,4,24,78,0,0,0,6,0,1,1,11,20,0,0,0,14.9
00-0021976,L.Johnson,2009100405,10/4/2009 0:00,1,0,3,5,18,53,0,0,0,23.5,0,2,2.5,17.5,49,0,0,0,8.4
00-0021976,L.Johnson,2009101104,10/11/2009 0:00,9,0,1,2,21,37,0,0,0,16,0,2.333333333,3.333333333,17.66666667,50.33333333,0,0,0,5.6
00-0021976,L.Johnson,2009101807,10/18/2009 0:00,12,0,3,4,23,83,0,0,0,14.25,0,2,3,18.5,47,0,0,0,12.5
00-0021976,L.Johnson,2009102503,10/25/2009 0:00,7,0,1,1,16,49,0,0,0,13.8,0,2.2,3.2,19.4,54.2,0,0,0,6.6
00-0021976,L.Johnson,2009112902,11/29/2009 0:00,-2,0,2,2,22,107,0,0,0,12.66666667,0,2,2.833333333,18.83333333,53.33333333,0,0,0,15.5
00-0021976,L.Johnson,2010010308,1/3/2010 0:00,0,0,0,1,9,38,0,0,0,11.33333333,0,2.166666667,3,20.66666667,67.83333333,0,0,0,3.8
,,,,,,,,,,,,,4.5,0,1.666666667,2.5,18.16666667,61.16666667,0,0,0,0
00-0022092,C.Brown,2009112300,11/23/2009 0:00,17,0,3,3,11,36,0,0,0,0,0,0,2,8,25,0,0,0,8.3
00-0022092,C.Brown,2009112903,11/29/2009 0:00,20,0,3,3,11,56,1,0,0,8.5,0,1.5,2.5,9.5,30.5,0,0,0,16.6
,,,,,,,,,,,,,12.33333333,0,2,2.666666667,10,39,0.333333333,0,0,0
00-0022093,J.Fargas,2009101105,10/11/2009 0:00,9,0,1,1,11,18,0,0,0,14,0,1,1,10,24,0,0,0,3.7
00-0022093,J.Fargas,2009101808,10/18/2009 0:00,11,0,1,1,23,87,0,0,0,11.5,0,1,1,10.5,21,0,0,0,10.8
00-0022093,J.Fargas,2009102508,10/25/2009 0:00,23,0,3,3,8,67,0,0,0,11.33333333,0,1,1,14.66666667,43,0,0,0,12
00-0022093,J.Fargas,2009110108,11/1/2009 0:00,20,0,3,3,18,59,1,0,0,14.25,0,1.5,1.5,13,49,0,0,0,16.9
00-0022093,J.Fargas,2009111508,11/15/2009 0:00,0,0,0,2,10,41,1,0,0,15.4,0,1.8,1.8,14,51,0.2,0,0,10.1
00-0022093,J.Fargas,2009112212,11/22/2009 0:00,17,0,2,2,8,32,0,0,0,12.83333333,0,1.5,1.833333333,13.33333333,49.33333333,0.333333333,0,0,6.9
00-0022093,J.Fargas,2009112601,11/26/2009 0:00,4,0,1,1,12,63,0,0,0,13.33333333,0,1.666666667,2,13,50.66666667,0.333333333,0,0,7.7
00-0022093,J.Fargas,2009120607,12/6/2009 0:00,13,0,2,3,15,63,0,0,0,12.5,0,1.666666667,2,13.16666667,58.16666667,0.333333333,0,0,9.6
00-0022093,J.Fargas,2009121311,12/13/2009 0:00,6,0,1,2,9,21,1,0,0,12.83333333,0,1.833333333,2.333333333,11.83333333,54.16666667,0.333333333,0,0,9.7
,,,,,,,,,,,,,10,0,1.5,2.166666667,12,46.5,0.5,0,0,0
00-0022178,W.McGahee,2009092013,9/20/2009 0:00,10,0,2,2,15,79,2,0,0,31,1,4,5,10,44,1,0,0,22.9
00-0022178,W.McGahee,2009121301,12/13/2009 0:00,2,0,1,1,12,76,2,0,0,20.5,0.5,3,3.5,12.5,61.5,1.5,0,0,20.8
00-0022178,W.McGahee,2010100302,10/3/2010 0:00,2,0,2,4,14,39,1,0,0,14.33333333,0.333333333,2.333333333,2.666666667,12.33333333,66.33333333,1.666666667,0,0,12.1
00-0022178,W.McGahee,2010102402,10/24/2010 0:00,10,0,1,2,11,64,1,0,0,11.25,0.25,2.25,3,12.75,59.5,1.5,0,0,14.4
00-0022178,W.McGahee,2010112100,11/21/2010 0:00,-10,0,2,2,8,23,0,0,0,11,0.2,2,2.8,12.4,60.4,1.4,0,0,3.3
00-0022178,W.McGahee,2011091812,9/18/2011 0:00,5,0,1,2,28,101,1,0,0,7.5,0.166666667,2,2.666666667,11.66666667,54.16666667,1.166666667,0,0,20.6
00-0022178,W.McGahee,2011092504,9/25/2011 0:00,2,1,3,5,22,52,0,0,0,3.166666667,0,1.5,2.166666667,14.66666667,63.66666667,1.166666667,0,0,14.4
00-0022178,W.McGahee,2011100211,10/2/2011 0:00,10,0,2,2,15,103,0,0,0,1.833333333,0.166666667,1.666666667,2.666666667,15.83333333,59.16666667,0.833333333,0,0,16.3
00-0022178,W.McGahee,2011100910,10/9/2011 0:00,0,0,0,1,17,127,0,0,0,3.166666667,0.166666667,1.833333333,2.833333333,16.33333333,63.66666667,0.5,0,0,15.7
00-0022178,W.McGahee,2011121111,12/11/2011 0:00,2,0,1,1,17,34,0,0,0,2.833333333,0.166666667,1.5,2.333333333,16.83333333,78.33333333,0.333333333,0,0,4.6
00-0022178,W.McGahee,2011122400,12/24/2011 0:00,0,0,0,1,15,64,0,0,0,1.5,0.166666667,1.5,2.166666667,17.83333333,73.33333333,0.166666667,0,0,6.4
00-0022178,W.McGahee,2012010113,1/1/2012 0:00,0,0,0,1,28,145,0,0,0,3.166666667,0.166666667,1.166666667,2,19,80.16666667,0.166666667,0,0,17.5
00-0022178,W.McGahee,2012090912,9/9/2012 0:00,0,0,0,1,16,64,0,0,0,2.333333333,0.166666667,1,1.833333333,19,87.5,0,0,0,6.4
00-0022178,W.McGahee,2012091700,9/17/2012 0:00,11,0,2,2,22,113,2,0,0,2,0,0.5,1.166666667,18,89.5,0,0,0,29.4
00-0022178,W.McGahee,2012092311,9/23/2012 0:00,6,0,1,2,12,36,0,0,0,2.166666667,0,0.5,1.166666667,19.16666667,91.16666667,0.333333333,0,0,5.2
00-0022178,W.McGahee,2012093008,9/30/2012 0:00,23,0,6,6,19,112,1,0,0,3.166666667,0,0.666666667,1.333333333,18.33333333,76,0.333333333,0,0,28.5
00-0022178,W.McGahee,2012100709,10/7/2012 0:00,51,0,5,6,14,51,0,0,0,6.666666667,0,1.5,2.166666667,18.66666667,89,0.5,0,0,15.2
00-0022178,W.McGahee,2012101500,10/15/2012 0:00,42,0,4,5,17,56,0,0,0,15.16666667,0,2.333333333,3,18.5,86.83333333,0.5,0,0,13.8
00-0022178,W.McGahee,2012102811,10/28/2012 0:00,33,0,2,2,23,122,1,0,0,22.16666667,0,3,3.666666667,16.66666667,72,0.5,0,0,26.5
00-0022178,W.McGahee,2012110404,11/4/2012 0:00,4,0,1,1,23,66,0,0,0,27.66666667,0,3.333333333,3.833333333,17.83333333,81.66666667,0.666666667,0,0,8
00-0022178,W.McGahee,2012111100,11/11/2012 0:00,33,0,4,6,14,56,0,0,0,26.5,0,3.166666667,3.666666667,18,73.83333333,0.333333333,0,0,12.9
00-0022178,W.McGahee,2013100300,10/3/2013 0:00,0,0,0,2,26,72,1,0,0,31,0,3.666666667,4.333333333,18.33333333,77.16666667,0.333333333,0,0,13.2
00-0022178,W.McGahee,2013101302,10/13/2013 0:00,2,0,1,1,10,37,0,0,0,27.16666667,0,2.666666667,3.666666667,19.5,70.5,0.333333333,0,0,4.9
00-0022178,W.McGahee,2013102003,10/20/2013 0:00,0,0,0,1,11,39,0,0,0,19,0,2,2.833333333,18.83333333,68.16666667,0.333333333,0,0,3.9
00-0022178,W.McGahee,2013102702,10/27/2013 0:00,0,0,2,2,9,28,0,0,0,12,0,1.333333333,2.166666667,17.83333333,65.33333333,0.333333333,0,0,4.8
00-0022178,W.McGahee,2013120101,12/1/2013 0:00,0,0,2,2,14,0,1,0,0,6.5,0,1.333333333,2.166666667,15.5,49.66666667,0.166666667,0,0,8
00-0022178,W.McGahee,2013120802,12/8/2013 0:00,0,0,1,1,14,33,0,0,0,5.833333333,0,1.5,2.333333333,14,38.66666667,0.333333333,0,0,4.3
,,,,,,,,,,,,,0.333333333,0,1,1.5,14,34.83333333,0.333333333,0,0,0
00-0022250,W.Parker,2009092011,9/20/2009 0:00,3,0,1,1,14,47,0,0,0,5,0,1,1,13,19,0,0,0,6
00-0022250,W.Parker,2009092701,9/27/2009 0:00,36,1,2,2,25,93,0,0,0,4,0,1,1,13.5,33,0,0,0,20.9
,,,,,,,,,,,,,14.66666667,0.333333333,1.333333333,1.333333333,17.33333333,53,0,0,0,0
00-0022736,S.Jackson,2009092008,9/20/2009 0:00,15,0,4,6,17,104,0,0,0,0,0,0,2,16,67,0,0,1,18.9
00-0022736,S.Jackson,2009092707,9/27/2009 0:00,46,0,5,8,27,117,0,0,0,7.5,0,2,4,16.5,85.5,0,0,0.5,24.3
00-0022736,S.Jackson,2009100411,10/4/2009 0:00,6,0,3,4,23,79,0,0,0,20.33333333,0,3,5.333333333,20,96,0,0,0.333333333,11.5
00-0022736,S.Jackson,2009101107,10/11/2009 0:00,25,0,2,3,21,84,0,0,0,16.75,0,3,5,20.75,91.75,0,0,0.25,12.9
00-0022736,S.Jackson,2009101802,10/18/2009 0:00,78,0,6,8,16,50,0,0,0,18.4,0,2.8,4.6,20.8,90.2,0,0,0.2,18.8
00-0022736,S.Jackson,2009102505,10/25/2009 0:00,-1,0,1,2,23,134,0,0,0,28.33333333,0,3.333333333,5.166666667,20,83.5,0,0,0.166666667,17.3
00-0022736,S.Jackson,2009110104,11/1/2009 0:00,17,0,3,5,22,149,1,0,0,28.16666667,0,3.5,5.166666667,21.16666667,94.66666667,0,0,0,28.6
00-0022736,S.Jackson,2009111505,11/15/2009 0:00,45,0,9,13,26,131,1,0,0,28.5,0,3.333333333,5,22,102.1666667,0.166666667,0,0,35.6
00-0022736,S.Jackson,2009112209,11/22/2009 0:00,0,0,2,2,24,116,1,0,0,28.33333333,0,4,5.833333333,21.83333333,104.5,0.333333333,0,0,22.6
00-0022736,S.Jackson,2009112907,11/29/2009 0:00,26,0,4,4,23,89,1,0,0,27.33333333,0,3.833333333,5.5,22,110.6666667,0.5,0,0,21.5
00-0022736,S.Jackson,2009120602,12/6/2009 0:00,9,0,4,6,28,112,0,0,0,27.5,0,4.166666667,5.666666667,22.33333333,111.5,0.666666667,0,0,19.1
00-0022736,S.Jackson,2009121310,12/13/2009 0:00,6,0,2,4,19,47,0,0,1,16,0,3.833333333,5.333333333,24.33333333,121.8333333,0.666666667,0,0,6.3
00-0022736,S.Jackson,2009122007,12/20/2009 0:00,41,0,4,4,20,82,0,0,0,17.16666667,0,4,5.666666667,23.66666667,107.3333333,0.666666667,0,0.166666667,16.3
00-0022736,S.Jackson,2010010309,1/3/2010 0:00,0,0,0,2,20,63,0,0,0,21.16666667,0,4.166666667,5.5,23.33333333,96.16666667,0.5,0,0.166666667,6.3
00-0022736,S.Jackson,2010091208,9/12/2010 0:00,6,0,4,8,22,81,0,0,0,13.66666667,0,2.666666667,3.666666667,22.33333333,84.83333333,0.333333333,0,0.166666667,12.7
00-0022736,S.Jackson,2010091910,9/19/2010 0:00,50,0,4,5,20,73,0,0,0,14.66666667,0,3,4.666666667,22,79,0.166666667,0,0.166666667,16.3
00-0022736,S.Jackson,2010092607,9/26/2010 0:00,6,0,1,2,10,58,1,0,0,18.66666667,0,3,4.833333333,21.5,76.33333333,0,0,0.166666667,13.4
00-0022736,S.Jackson,2010100307,10/3/2010 0:00,54,0,3,3,22,70,0,0,0,18.16666667,0,2.5,4.166666667,18.5,67.33333333,0.166666667,0,0.166666667,15.4
00-0022736,S.Jackson,2010101004,10/10/2010 0:00,12,0,1,3,25,114,0,0,0,26.16666667,0,2.666666667,4,19,71.16666667,0.166666667,0,0,16.6
00-0022736,S.Jackson,2010101701,10/17/2010 0:00,2,0,1,2,29,109,1,0,0,21.33333333,0,2.166666667,3.833333333,19.83333333,76.5,0.166666667,0,0,21.1
00-0022736,S.Jackson,2010102407,10/24/2010 0:00,26,0,2,2,22,110,0,0,0,21.66666667,0,2.333333333,3.833333333,21.33333333,84.16666667,0.333333333,0,0,18.6
00-0022736,S.Jackson,2010103105,10/31/2010 0:00,4,0,1,1,23,59,0,0,0,25,0,2,2.833333333,21.33333333,89,0.333333333,0,0,7.3
00-0022736,S.Jackson,2010111410,11/14/2010 0:00,67,0,8,9,20,81,1,0,0,17.33333333,0,1.5,2.166666667,21.83333333,86.66666667,0.333333333,0,0,28.8
00-0022736,S.Jackson,2010112110,11/21/2010 0:00,7,0,3,3,11,54,0,0,0,27.5,0,2.666666667,3.333333333,23.5,90.5,0.333333333,0,0,9.1
00-0022736,S.Jackson,2010112810,11/28/2010 0:00,-6,0,1,3,29,72,0,0,0,19.66666667,0,2.666666667,3.333333333,21.66666667,87.83333333,0.333333333,0,0,7.6
00-0022736,S.Jackson,2010120511,12/5/2010 0:00,13,0,1,1,28,102,1,0,0,16.66666667,0,2.666666667,3.333333333,22.33333333,80.83333333,0.333333333,0,0,21.5
00-0022736,S.Jackson,2010121208,12/12/2010 0:00,38,0,4,4,16,96,0,0,0,18.5,0,2.666666667,3.166666667,22.16666667,79.66666667,0.333333333,0,0,17.4
00-0022736,S.Jackson,2010121900,12/19/2010 0:00,37,0,5,6,19,67,1,0,0,20.5,0,3,3.5,21.16666667,77.33333333,0.333333333,0,0,21.4
00-0022736,S.Jackson,2010122606,12/26/2010 0:00,19,0,3,3,24,48,1,0,0,26,0,3.666666667,4.333333333,20.5,78.66666667,0.5,0,0,15.7
00-0022736,S.Jackson,2011010215,1/2/2011 0:00,39,0,4,6,11,45,0,0,0,18,0,2.833333333,3.333333333,21.16666667,73.16666667,0.5,0,0,12.4
00-0022736,S.Jackson,2011100206,10/2/2011 0:00,19,1,4,8,17,45,0,0,0,23.33333333,0,3,3.833333333,21.16666667,71.66666667,0.5,0,0,16.4
00-0022736,S.Jackson,2011101605,10/16/2011 0:00,29,0,4,5,18,96,0,0,0,27.5,0.166666667,3.5,4.666666667,19.16666667,67.16666667,0.5,0,0,16.5
00-0022736,S.Jackson,2011102310,10/23/2011 0:00,3,0,4,5,18,70,1,0,0,30.16666667,0.166666667,4,5.333333333,17.5,66.16666667,0.333333333,0,0,17.3
00-0022736,S.Jackson,2011103004,10/30/2011 0:00,32,0,4,5,25,159,2,0,0,24.33333333,0.166666667,4,5.5,17.83333333,61.83333333,0.5,0,0,38.1
00-0022736,S.Jackson,2011110611,11/6/2011 0:00,12,0,1,2,29,130,0,0,0,23.5,0.166666667,3.833333333,5.333333333,18.83333333,77.16666667,0.666666667,0,0,18.2
00-0022736,S.Jackson,2011111310,11/13/2011 0:00,11,0,1,1,27,128,0,0,0,22.33333333,0.166666667,3.5,5.166666667,19.66666667,90.83333333,0.5,0,0,17.9
00-0022736,S.Jackson,2011112009,11/20/2011 0:00,19,0,3,5,15,42,0,0,0,17.66666667,0.166666667,3,4.333333333,22.33333333,104.6666667,0.5,0,0,9.1
00-0022736,S.Jackson,2011112704,11/27/2011 0:00,14,0,3,3,17,64,0,0,0,17.66666667,0,2.833333333,3.833333333,22,104.1666667,0.5,0,0,10.8
00-0022736,S.Jackson,2011120412,12/4/2011 0:00,11,0,1,1,10,19,0,0,0,15.16666667,0,2.666666667,3.5,21.83333333,98.83333333,0.5,0,0,4
00-0022736,S.Jackson,2011121200,12/12/2011 0:00,60,0,3,5,20,63,1,0,0,16.5,0,2.166666667,2.833333333,20.5,90.33333333,0.333333333,0,0,21.3
00-0022736,S.Jackson,2011121800,12/18/2011 0:00,72,0,9,10,18,71,0,0,0,21.16666667,0,2,2.833333333,19.66666667,74.33333333,0.166666667,0,0,23.3
00-0022736,S.Jackson,2011122409,12/24/2011 0:00,24,0,2,3,24,103,0,0,0,31.16666667,0,3.333333333,4.166666667,17.83333333,64.5,0.166666667,0,0,17.7
00-0022736,S.Jackson,2012010112,1/1/2012 0:00,15,0,1,2,16,76,0,0,0,33.33333333,0,3.5,4.5,17.33333333,60.33333333,0.166666667,0,0,10.1
00-0022736,S.Jackson,2012090905,9/9/2012 0:00,31,0,4,4,21,53,0,0,0,32.66666667,0,3.166666667,4,17.5,66,0.166666667,0,0,12.4
00-0022736,S.Jackson,2012092301,9/23/2012 0:00,5,0,2,2,11,29,0,0,0,35.5,0,3.333333333,4.166666667,18.16666667,64.16666667,0.166666667,0,0,5.4
00-0022736,S.Jackson,2012093005,9/30/2012 0:00,12,0,1,2,18,55,0,0,0,34.5,0,3.5,4.333333333,18.33333333,65.83333333,0.166666667,0,0,7.7
00-0022736,S.Jackson,2012101405,10/14/2012 0:00,28,0,3,5,12,52,0,0,0,26.5,0,3.166666667,3.833333333,18,64.5,0,0,0,11
00-0022736,S.Jackson,2012111110,11/11/2012 0:00,26,0,2,3,29,101,1,0,0,19.16666667,0,2.166666667,3,17,61.33333333,0,0,0,23.7
00-0022736,S.Jackson,2012111805,11/18/2012 0:00,5,0,2,4,13,81,0,0,0,19.5,0,2.166666667,3,17.83333333,61,0.166666667,0,0,10.6
00-0022736,S.Jackson,2012112510,11/25/2012 0:00,0,0,0,1,24,139,0,0,0,17.83333333,0,2.333333333,3.333333333,17.33333333,61.83333333,0.166666667,0,0,16.9
00-0022736,S.Jackson,2012120202,12/2/2012 0:00,69,0,5,7,21,48,0,0,0,12.66666667,0,1.666666667,2.833333333,17.83333333,76.16666667,0.166666667,0,0,16.7
00-0022736,S.Jackson,2012120908,12/9/2012 0:00,9,0,1,4,19,64,1,0,0,23.33333333,0,2.166666667,3.666666667,19.5,79.33333333,0.166666667,0,0,14.3
00-0022736,S.Jackson,2012121603,12/16/2012 0:00,73,0,8,10,13,73,0,0,0,22.83333333,0,2.166666667,4,19.66666667,80.83333333,0.333333333,0,0,22.6
00-0022736,S.Jackson,2012122308,12/23/2012 0:00,-4,0,1,2,19,81,1,0,0,30.33333333,0,3,4.833333333,19.83333333,84.33333333,0.333333333,0,0,14.7
00-0022736,S.Jackson,2012123015,12/30/2012 0:00,45,0,7,7,11,52,0,0,0,25.33333333,0,2.833333333,4.666666667,18.16666667,81,0.333333333,0,0,16.7
00-0022736,S.Jackson,2013090808,9/8/2013 0:00,45,0,5,8,11,77,0,0,0,32,0,3.666666667,5.166666667,17.83333333,76.16666667,0.333333333,0,0,17.2
00-0022736,S.Jackson,2013102708,10/27/2013 0:00,7,0,3,5,11,6,0,0,0,39.5,0,4.5,6.333333333,15.66666667,65.83333333,0.333333333,0,0,4.3
00-0022736,S.Jackson,2013110301,11/3/2013 0:00,19,0,3,4,13,57,0,0,0,29.16666667,0,4.166666667,6,14,58.83333333,0.333333333,0,0,10.6
00-0022736,S.Jackson,2013111000,11/10/2013 0:00,9,0,3,5,9,11,0,0,0,30.83333333,0,4.5,6,13,57.66666667,0.166666667,0,0,5
00-0022736,S.Jackson,2013111708,11/17/2013 0:00,24,0,2,2,11,41,0,0,0,20.16666667,0,3.666666667,5.166666667,12.33333333,47.33333333,0.166666667,0,0,8.5
00-0022736,S.Jackson,2013112100,11/21/2013 0:00,16,0,3,4,16,63,1,0,0,24.83333333,0,3.833333333,5.166666667,11,40.66666667,0,0,0,16.9
00-0022736,S.Jackson,2013120107,12/1/2013 0:00,0,0,1,1,23,84,2,0,0,20,0,3.166666667,4.666666667,11.83333333,42.5,0.166666667,0,0,21.4
00-0022736,S.Jackson,2013120813,12/8/2013 0:00,9,0,1,3,15,71,0,0,0,12.5,0,2.5,3.5,13.83333333,43.66666667,0.5,0,0,9
00-0022736,S.Jackson,2013121500,12/15/2013 0:00,5,0,4,6,15,38,2,0,0,12.83333333,0,2.166666667,3.166666667,14.5,54.5,0.5,0,0,20.3
00-0022736,S.Jackson,2013122300,12/23/2013 0:00,-4,0,2,2,16,53,1,0,0,10.5,0,2.333333333,3.5,14.83333333,51.33333333,0.833333333,0,0,12.9
00-0022736,S.Jackson,2013122900,12/29/2013 0:00,53,0,5,7,13,41,0,0,0,8.333333333,0,2.166666667,3,16,58.33333333,1,0,0,14.4
00-0022736,S.Jackson,2014090700,9/7/2014 0:00,0,0,1,3,12,52,0,0,0,13.16666667,0,2.666666667,3.833333333,16.33333333,58.33333333,1,0,0,6.2
00-0022736,S.Jackson,2014091402,9/14/2014 0:00,7,0,1,1,11,46,0,0,0,10.5,0,2.333333333,3.666666667,15.66666667,56.5,0.833333333,0,0,6.3
00-0022736,S.Jackson,2014092804,9/28/2014 0:00,13,0,2,2,13,49,0,0,0,11.66666667,0,2.333333333,3.666666667,13.66666667,50.16666667,0.5,0,0,8.2
00-0022736,S.Jackson,2014100506,10/5/2014 0:00,37,0,5,6,13,37,1,0,0,12.33333333,0,2.5,3.5,13.33333333,46.5,0.5,0,0,18.4
00-0022736,S.Jackson,2014101900,10/19/2014 0:00,3,0,1,1,8,22,0,0,0,17.66666667,0,2.666666667,3.5,13,46.33333333,0.333333333,0,0,3.5
00-0022736,S.Jackson,2014110906,11/9/2014 0:00,14,0,2,2,16,81,1,0,0,18.83333333,0,2.5,3.333333333,11.66666667,41.16666667,0.166666667,0,0,17.5
00-0022736,S.Jackson,2014111600,11/16/2014 0:00,6,0,2,3,17,41,0,0,0,12.33333333,0,2,2.5,12.16666667,47.83333333,0.333333333,0,0,6.7
00-0022736,S.Jackson,2014112300,11/23/2014 0:00,17,0,2,3,13,34,1,0,0,13.33333333,0,2.166666667,2.5,13,46,0.333333333,0,0,13.1
00-0022736,S.Jackson,2014120800,12/8/2014 0:00,26,0,2,2,16,50,1,0,0,15,0,2.333333333,2.833333333,13.33333333,44,0.5,0,0,15.6
00-0022736,S.Jackson,2014121400,12/14/2014 0:00,11,0,1,1,11,46,0,0,0,17.16666667,0,2.333333333,2.833333333,13.83333333,44.16666667,0.666666667,0,0,6.7
00-0022736,S.Jackson,2016010301,1/3/2016 0:00,20,0,1,1,14,35,1,0,0,12.83333333,0,1.666666667,2,13.5,45.66666667,0.5,0,0,12.5
,,,,,,,,,,,,,15.66666667,0,1.666666667,2,14.5,47.83333333,0.666666667,0,0,0
00-0022770,D.Ward,2009092009,9/20/2009 0:00,5,0,1,2,9,32,0,0,0,21,0,2,3,12,62,1,0,0,4.7
00-0022770,D.Ward,2009102506,10/25/2009 0:00,8,0,1,1,13,48,0,0,0,13,0,1.5,2.5,10.5,47,0.5,0,0,6.6
00-0022770,D.Ward,2009111501,11/15/2009 0:00,0,0,0,2,10,34,0,0,0,11.33333333,0,1.333333333,2,11.33333333,47.33333333,0.333333333,0,0,3.4
00-0022770,D.Ward,2009112900,11/29/2009 0:00,2,0,1,1,13,29,0,0,0,8.5,0,1,2,11,44,0.25,0,0,4.1
00-0022770,D.Ward,2009122011,12/20/2009 0:00,6,1,1,1,19,67,0,0,0,7.2,0,1,1.8,11.4,41,0.2,0,0,14.3
00-0022770,D.Ward,2010100309,10/3/2010 0:00,0,0,0,1,12,80,1,0,0,7,0.166666667,1,1.666666667,12.66666667,45.33333333,0.166666667,0,0,14
00-0022770,D.Ward,2012010104,1/1/2012 0:00,0,0,0,1,12,50,0,0,0,3.5,0.166666667,0.666666667,1.333333333,12.66666667,48.33333333,0.166666667,0,0,5
,,,,,,,,,,,,,2.666666667,0.166666667,0.5,1.166666667,13.16666667,51.33333333,0.166666667,0,0,0
00-0022821,M.Turner,2009092000,9/20/2009 0:00,5,0,1,1,28,105,1,0,0,0,0,0,1,22,65,0,0,0,21
00-0022821,M.Turner,2009101812,10/18/2009 0:00,16,0,2,2,13,30,1,0,0,2.5,0,0.5,1,25,85,0.5,0,0,12.6
00-0022821,M.Turner,2009110800,11/8/2009 0:00,14,0,2,3,18,166,2,0,0,7,0,1,1.333333333,21,66.66666667,0.666666667,0,0,35
00-0022821,M.Turner,2010091209,9/12/2010 0:00,7,0,1,1,19,42,0,0,0,8.75,0,1.25,1.75,20.25,91.5,1,0,0,5.9
00-0022821,M.Turner,2010092606,9/26/2010 0:00,11,0,2,3,30,114,1,0,0,8.4,0,1.2,1.6,20,81.6,0.8,0,0,23.5
00-0022821,M.Turner,2010100305,10/3/2010 0:00,28,0,3,4,16,50,0,0,0,8.833333333,0,1.333333333,1.833333333,21.66666667,87,0.833333333,0,0,10.8
00-0022821,M.Turner,2010101007,10/10/2010 0:00,0,0,0,2,20,139,0,0,0,13.5,0,1.833333333,2.333333333,20.66666667,84.5,0.833333333,0,0,16.9
00-0022821,M.Turner,2010101706,10/17/2010 0:00,4,0,1,2,15,45,0,0,0,12.66666667,0,1.666666667,2.5,19.33333333,90.16666667,0.666666667,0,0,5.9
00-0022821,M.Turner,2010102400,10/24/2010 0:00,23,0,2,3,23,121,2,0,0,10.66666667,0,1.5,2.5,19.66666667,92.66666667,0.5,0,0,31.4
00-0022821,M.Turner,2010112110,11/21/2010 0:00,-4,0,1,1,28,131,1,0,0,12.16666667,0,1.5,2.5,20.5,85.16666667,0.5,0,0,22.7
00-0022821,M.Turner,2010112805,11/28/2010 0:00,4,0,1,1,23,110,1,0,0,10.33333333,0,1.5,2.5,22,100,0.666666667,0,0,21.4
00-0022821,M.Turner,2010121207,12/12/2010 0:00,12,0,1,1,28,112,3,0,0,9.166666667,0,1.333333333,2.166666667,20.83333333,99.33333333,0.666666667,0,0,34.4
00-0022821,M.Turner,2010122700,12/27/2010 0:00,0,0,0,1,17,48,0,0,0,6.5,0,1,1.666666667,22.83333333,109.6666667,1.166666667,0,0,4.8
00-0022821,M.Turner,2011010211,1/2/2011 0:00,0,0,0,1,17,67,1,0,0,6.5,0,1,1.5,22.33333333,94.5,1.166666667,0,0,12.7
00-0022821,M.Turner,2011091105,9/11/2011 0:00,40,0,3,4,10,100,0,0,0,5.833333333,0,0.833333333,1.333333333,22.66666667,98.16666667,1.333333333,0,0,17
00-0022821,M.Turner,2011091814,9/18/2011 0:00,32,0,1,1,21,114,1,0,0,8.666666667,0,1,1.5,20.5,94.66666667,1,0,0,24.6
00-0022821,M.Turner,2011100210,10/2/2011 0:00,18,0,2,2,26,70,2,0,0,14.66666667,0,1,1.5,19.33333333,91.83333333,1,0,0,22.8
00-0022821,M.Turner,2011101606,10/16/2011 0:00,8,0,1,3,27,139,2,0,0,17,0,1.166666667,1.666666667,19.83333333,85.16666667,1.166666667,0,0,30.7
00-0022821,M.Turner,2011102303,10/23/2011 0:00,0,0,0,1,27,122,0,0,0,16.33333333,0,1.166666667,2,19.66666667,89.66666667,1,0,0,15.2
00-0022821,M.Turner,2011110606,11/6/2011 0:00,7,0,1,2,19,71,1,0,0,16.33333333,0,1.166666667,2,21.33333333,102,1,0,0,14.8
00-0022821,M.Turner,2011111308,11/13/2011 0:00,10,0,1,2,22,96,0,0,0,17.5,0,1.333333333,2.166666667,21.66666667,102.6666667,1,0,0,11.6
00-0022821,M.Turner,2011112001,11/20/2011 0:00,9,0,1,2,21,100,1,0,0,12.5,0,1,1.833333333,23.66666667,102,1,0,0,17.9
00-0022821,M.Turner,2011112703,11/27/2011 0:00,4,0,1,1,19,60,0,0,0,8.666666667,0,1,2,23.66666667,99.66666667,1,0,0,7.4
00-0022821,M.Turner,2011121106,12/11/2011 0:00,0,0,0,1,21,76,0,0,0,6.333333333,0,0.833333333,1.833333333,22.5,98,0.666666667,0,0,7.6
00-0022821,M.Turner,2011121500,12/15/2011 0:00,4,0,2,2,19,61,1,0,0,5,0,0.666666667,1.5,21.5,87.5,0.333333333,0,0,14.5
00-0022821,M.Turner,2011122600,12/26/2011 0:00,36,0,4,4,11,39,0,0,0,5.666666667,0,1,1.666666667,20.16666667,77.33333333,0.5,0,0,11.5
00-0022821,M.Turner,2012010110,1/1/2012 0:00,0,0,0,1,17,172,2,0,0,10.5,0,1.5,2,18.83333333,72,0.333333333,0,0,32.2
00-0022821,M.Turner,2012091700,9/17/2012 0:00,0,0,1,1,17,42,1,0,0,8.833333333,0,1.333333333,1.833333333,18,84.66666667,0.666666667,0,0,11.2
00-0022821,M.Turner,2012092310,9/23/2012 0:00,1,0,2,2,13,55,1,0,0,7.333333333,0,1.333333333,1.666666667,17.33333333,75,0.666666667,0,0,13.6
00-0022821,M.Turner,2012093004,9/30/2012 0:00,68,1,3,5,13,103,0,0,0,6.833333333,0,1.5,1.833333333,16.33333333,74.16666667,0.833333333,0,0,29.1
00-0022821,M.Turner,2012100700,10/7/2012 0:00,2,0,2,5,18,67,1,0,0,18.16666667,0.166666667,2,2.5,15,78.66666667,0.833333333,0,0,14.9
00-0022821,M.Turner,2012101400,10/14/2012 0:00,6,0,1,1,11,33,0,0,0,17.83333333,0.166666667,2,3,14.83333333,79.66666667,0.833333333,0,0,4.9
00-0022821,M.Turner,2012102805,10/28/2012 0:00,6,0,1,2,24,58,0,0,0,12.83333333,0.166666667,1.5,2.5,14.83333333,78.66666667,0.833333333,0,0,7.4
00-0022821,M.Turner,2012110411,11/4/2012 0:00,0,0,0,1,20,102,1,0,0,13.83333333,0.166666667,1.666666667,2.666666667,16,59.66666667,0.5,0,0,19.2
00-0022821,M.Turner,2012111106,11/11/2012 0:00,0,0,0,1,13,15,0,0,0,13.83333333,0.166666667,1.5,2.666666667,16.5,69.66666667,0.5,0,0,1.5
00-0022821,M.Turner,2012111802,11/18/2012 0:00,0,0,0,2,15,46,1,0,0,13.66666667,0.166666667,1.166666667,2.5,16.5,63,0.333333333,0,0,10.6
00-0022821,M.Turner,2012112506,11/25/2012 0:00,13,0,3,3,13,17,1,0,0,2.333333333,0,0.666666667,2,16.83333333,53.5,0.5,0,0,12
00-0022821,M.Turner,2012112900,11/29/2012 0:00,7,0,1,1,12,83,1,0,0,4.166666667,0,0.833333333,1.666666667,16,45.16666667,0.5,0,0,16
00-0022821,M.Turner,2012121601,12/16/2012 0:00,9,0,1,2,16,52,1,0,0,4.333333333,0,0.833333333,1.666666667,16.16666667,53.5,0.666666667,0,0,13.1
00-0022821,M.Turner,2012122200,12/22/2012 0:00,16,0,4,4,13,41,0,0,0,4.833333333,0,0.833333333,1.666666667,14.83333333,52.5,0.833333333,0,0,9.7
,,,,,,,,,,,,,7.5,0,1.5,2.166666667,13.66666667,42.33333333,0.666666667,0,0,0
00-0022840,J.Jones,2009092010,9/20/2009 0:00,-2,1,3,3,8,11,0,0,0,19,0,2,2,19,117,1,0,0,9.9
00-0022840,J.Jones,2009092710,9/27/2009 0:00,38,1,3,4,19,98,0,0,0,8.5,0.5,2.5,2.5,13.5,64,0.5,0,0,22.6
00-0022840,J.Jones,2009100403,10/4/2009 0:00,10,0,3,3,11,25,0,0,0,18.33333333,0.666666667,2.666666667,3,15.33333333,75.33333333,0.333333333,0,0,6.5
00-0022840,J.Jones,2009101111,10/11/2009 0:00,2,0,1,2,12,34,0,0,0,16.25,0.5,2.75,3,14.25,62.75,0.25,0,0,4.6
00-0022840,J.Jones,2009110103,11/1/2009 0:00,32,0,2,2,15,56,0,0,0,13.4,0.4,2.4,2.8,13.8,57,0.2,0,0,10.8
00-0022840,J.Jones,2009110808,11/8/2009 0:00,78,0,6,6,16,36,1,0,0,16.5,0.333333333,2.333333333,2.666666667,14,56.83333333,0.166666667,0,0,23.4
00-0022840,J.Jones,2009120612,12/6/2009 0:00,-3,0,5,5,20,67,0,0,0,26.33333333,0.333333333,3,3.333333333,13.5,43.33333333,0.166666667,0,0,11.4
00-0022840,J.Jones,2009121303,12/13/2009 0:00,4,0,1,2,10,39,0,0,0,26.16666667,0.166666667,3.333333333,3.666666667,15.5,52.66666667,0.166666667,0,0,5.3
00-0022840,J.Jones,2009122011,12/20/2009 0:00,3,0,1,4,12,65,0,0,0,20.5,0,3,3.333333333,14,42.83333333,0.166666667,0,0,7.8
00-0022840,J.Jones,2009122703,12/27/2009 0:00,51,0,6,7,14,39,0,0,0,19.33333333,0,2.666666667,3.5,14.16666667,49.5,0.166666667,0,0,15
00-0022840,J.Jones,2010010315,1/3/2010 0:00,3,0,1,2,14,61,0,0,0,27.5,0,3.5,4.333333333,14.5,50.33333333,0.166666667,0,0,7.4
00-0022840,J.Jones,2010101708,10/17/2010 0:00,6,0,1,2,9,32,0,0,0,22.66666667,0,3.333333333,4.333333333,14.33333333,51.16666667,0.166666667,0,0,4.8
00-0022840,J.Jones,2010112501,11/25/2010 0:00,21,0,3,3,10,45,0,0,0,10.66666667,0,2.5,3.666666667,13.16666667,50.5,0,0,0,9.6
,,,,,,,,,,,,,14.66666667,0,2.166666667,3.333333333,11.5,46.83333333,0,0,0,0
00-0022984,R.Grant,2009092002,9/20/2009 0:00,22,0,3,5,14,46,1,1,1,6,0,1,1,16,61,1,0,0,14.8
00-0022984,R.Grant,2009092707,9/27/2009 0:00,5,0,1,1,26,99,0,0,0,14,0,2,3,15,53.5,1,0.5,0.5,11.4
00-0022984,R.Grant,2009100500,10/5/2009 0:00,50,0,4,4,11,51,0,0,0,11,0,1.666666667,2.333333333,18.66666667,68.66666667,0.666666667,0.333333333,0.333333333,14.1
00-0022984,R.Grant,2009101801,10/18/2009 0:00,17,0,3,4,24,90,0,0,0,20.75,0,2.25,2.75,16.75,64.25,0.5,0.25,0.25,13.7
00-0022984,R.Grant,2009102501,10/25/2009 0:00,3,0,1,1,27,148,1,0,0,20,0,2.4,3,18.2,69.4,0.4,0.2,0.2,25.1
00-0022984,R.Grant,2009110105,11/1/2009 0:00,21,0,3,3,10,30,0,0,0,17.16666667,0,2.166666667,2.666666667,19.66666667,82.5,0.5,0.166666667,0.166666667,8.1
00-0022984,R.Grant,2009111510,11/15/2009 0:00,8,0,2,2,19,79,0,0,0,19.66666667,0,2.5,3,18.66666667,77.33333333,0.333333333,0.166666667,0.166666667,10.7
00-0022984,R.Grant,2009112203,11/22/2009 0:00,16,0,2,3,21,129,1,0,0,17.33333333,0,2.333333333,2.5,19.5,82.83333333,0.166666667,0,0,25.5
00-0022984,R.Grant,2009112600,11/26/2009 0:00,42,0,3,4,20,61,0,0,0,19.16666667,0,2.5,2.833333333,18.66666667,87.83333333,0.333333333,0,0,13.3
00-0022984,R.Grant,2009121302,12/13/2009 0:00,7,0,2,2,20,137,2,0,0,17.83333333,0,2.333333333,2.833333333,20.16666667,89.5,0.333333333,0,0,31.4
00-0022984,R.Grant,2011090800,9/8/2011 0:00,5,0,1,1,9,40,0,0,0,16.16666667,0,2.166666667,2.5,19.5,97.33333333,0.666666667,0,0,5.5
00-0022984,R.Grant,2011092511,9/25/2011 0:00,0,0,0,1,17,92,0,0,0,16.5,0,2.166666667,2.5,16.5,79.33333333,0.5,0,0,9.2
00-0022984,R.Grant,2011101605,10/16/2011 0:00,27,0,2,2,9,25,0,0,0,13,0,1.666666667,2.166666667,17.66666667,89.66666667,0.5,0,0,7.2
00-0022984,R.Grant,2011111400,11/14/2011 0:00,17,0,1,1,8,6,0,0,0,16.16666667,0,1.666666667,2.166666667,16,80.66666667,0.5,0,0,3.3
00-0022984,R.Grant,2011120410,12/4/2011 0:00,17,0,1,1,13,29,0,0,0,16.33333333,0,1.5,1.833333333,13.83333333,60.16666667,0.333333333,0,0,5.6
00-0022984,R.Grant,2011121807,12/18/2011 0:00,35,0,3,5,12,66,0,0,0,12.16666667,0,1.166666667,1.333333333,12.66666667,54.83333333,0.333333333,0,0,13.1
00-0022984,R.Grant,2011122500,12/25/2011 0:00,34,0,2,2,8,44,0,0,0,16.83333333,0,1.333333333,1.833333333,11.33333333,43,0,0,0,9.8
00-0022984,R.Grant,2012010108,1/1/2012 0:00,80,1,1,3,12,48,0,0,0,21.66666667,0,1.5,2,11.16666667,43.66666667,0,0,0,19.8
00-0022984,R.Grant,2012122300,12/23/2012 0:00,34,0,1,2,20,80,2,0,0,35,0.166666667,1.666666667,2.333333333,10.33333333,36.33333333,0,0,0,24.4
,,,,,,,,,,,,,36.16666667,0.166666667,1.5,2.333333333,12.16666667,45.5,0.333333333,0,0,0
00-0022999,J.Kuhn,2010110711,11/7/2010 0:00,12,0,2,2,13,50,0,0,0,0,0,0,1,9,36,0,0,0,8.2
00-0022999,J.Kuhn,2011121101,12/11/2011 0:00,0,0,0,1,10,46,0,0,0,6,0,1,1.5,11,43,0,0,0,4.6
,,,,,,,,,,,,,4,0,0.666666667,1.333333333,10.66666667,44,0,0,0,0
00-0023063,L.Weaver,2009121313,12/13/2009 0:00,8,0,1,2,9,33,1,0,0,0,0,0,1,8,75,1,0,0,11.1
00-0023063,L.Weaver,2009122005,12/20/2009 0:00,18,0,2,3,17,52,0,0,0,4,0,0.5,1.5,8.5,54,1,0,0,9
,,,,,,,,,,,,,8.666666667,0,1,2,11.33333333,53.33333333,0.666666667,0,0,0
,,,,,,,,,,,,,9,0,1,1,8,87,0,0,0,0
00-0023437,R.Brown,2009092100,9/21/2009 0:00,0,0,0,1,24,136,2,0,0,10,0,3,4,10,43,0,0,0,28.6
00-0023437,R.Brown,2009092713,9/27/2009 0:00,40,0,3,3,18,75,0,0,0,5,0,1.5,2.5,17,89.5,1,0,0,14.5
00-0023437,R.Brown,2009101200,10/12/2009 0:00,14,0,3,4,21,74,2,0,0,16.66666667,0,2,2.666666667,17.33333333,84.66666667,0.666666667,0,0,23.8
00-0023437,R.Brown,2009110107,11/1/2009 0:00,2,0,1,2,11,27,0,0,0,16,0,2.25,3,18.25,82,1,0,0,3.9
00-0023437,R.Brown,2009110805,11/8/2009 0:00,16,0,2,3,15,48,0,0,0,13.2,0,2,2.8,16.8,71,0.8,0,0,8.4
00-0023437,R.Brown,2009111501,11/15/2009 0:00,16,0,2,3,12,82,1,0,0,13.66666667,0,2,2.833333333,16.5,67.16666667,0.666666667,0,0,17.8
00-0023437,R.Brown,2010091201,9/12/2010 0:00,20,0,2,3,13,65,1,0,0,14.66666667,0,1.833333333,2.666666667,16.83333333,73.66666667,0.833333333,0,0,16.5
00-0023437,R.Brown,2010091902,9/19/2010 0:00,3,0,1,1,13,80,0,0,0,18,0,2.166666667,3,15,61.83333333,0.666666667,0,0,9.3
00-0023437,R.Brown,2010092614,9/26/2010 0:00,-1,0,2,2,11,54,0,0,0,11.83333333,0,1.833333333,2.666666667,14.16666667,62.66666667,0.666666667,0,0,7.3
00-0023437,R.Brown,2010100400,10/4/2010 0:00,29,0,4,4,11,27,0,0,0,9.333333333,0,1.666666667,2.333333333,12.5,59.33333333,0.333333333,0,0,9.6
00-0023437,R.Brown,2010101700,10/17/2010 0:00,2,0,1,1,19,73,0,0,0,13.83333333,0,2.166666667,2.666666667,12.5,59.33333333,0.333333333,0,0,8.5
00-0023437,R.Brown,2010102401,10/24/2010 0:00,20,0,2,4,9,14,0,0,0,11.5,0,2,2.333333333,13.16666667,63.5,0.333333333,0,0,5.4
00-0023437,R.Brown,2010103102,10/31/2010 0:00,7,0,1,2,16,61,0,0,0,12.16666667,0,2,2.5,12.66666667,52.16666667,0.166666667,0,0,7.8
00-0023437,R.Brown,2010110701,11/7/2010 0:00,40,0,5,6,9,59,1,0,0,10,0,1.833333333,2.333333333,13.16666667,51.5,0,0,0,20.9
00-0023437,R.Brown,2010111400,11/14/2010 0:00,0,0,0,1,13,11,1,0,0,16.16666667,0,2.5,3.166666667,12.5,48,0.166666667,0,0,7.1
00-0023437,R.Brown,2010120501,12/5/2010 0:00,27,0,2,2,16,50,0,0,0,16.33333333,0,2.166666667,3,12.83333333,40.83333333,0.333333333,0,0,9.7
00-0023437,R.Brown,2010121210,12/12/2010 0:00,0,0,0,2,16,55,0,0,0,16,0,1.833333333,2.666666667,13.66666667,44.66666667,0.333333333,0,0,5.5
00-0023437,R.Brown,2010121901,12/19/2010 0:00,3,0,1,1,10,39,1,0,0,15.66666667,0,1.666666667,2.833333333,13.16666667,41.66666667,0.333333333,0,0,11.2
00-0023437,R.Brown,2010122607,12/26/2010 0:00,34,0,6,6,12,37,1,0,0,12.83333333,0,1.5,2.333333333,13.33333333,45.83333333,0.5,0,0,19.1
,,,,,,,,,,,,,17.33333333,0,2.333333333,3,12.66666667,41.83333333,0.666666667,0,0,0
00-0023439,C.Benson,2009092701,9/27/2009 0:00,5,0,1,2,16,76,1,0,0,32,0,4,4,21,76,1,0,0,15.1
00-0023439,C.Benson,2009100401,10/4/2009 0:00,12,0,1,3,18,74,0,0,0,18.5,0,2.5,3,18.5,76,1,0,0,9.6
00-0023439,C.Benson,2009101100,10/11/2009 0:00,16,0,2,3,27,120,1,0,0,16.33333333,0,2,3,18.33333333,75.33333333,0.666666667,0,0,24.6
00-0023439,C.Benson,2009101800,10/18/2009 0:00,1,0,2,2,16,44,1,0,0,16.25,0,2,3,20.5,86.5,0.75,0,0,12.5
00-0023439,C.Benson,2009110802,11/8/2009 0:00,0,0,0,1,34,117,1,0,0,13.2,0,2,2.8,19.6,78,0.8,0,0,20.7
00-0023439,C.Benson,2009120603,12/6/2009 0:00,15,0,2,2,36,110,0,0,0,11,0,1.666666667,2.5,22,84.5,0.833333333,0,0,17.5
00-0023439,C.Benson,2009121307,12/13/2009 0:00,4,0,1,2,16,96,0,0,0,8.166666667,0,1.333333333,2.166666667,24.5,90.16666667,0.666666667,0,0,11
00-0023439,C.Benson,2009122010,12/20/2009 0:00,19,0,2,3,15,53,0,0,0,8,0,1.333333333,2.166666667,24.5,93.5,0.5,0,0,9.2
00-0023439,C.Benson,2009122701,12/27/2009 0:00,7,0,2,2,29,133,0,0,0,9.166666667,0,1.5,2.166666667,24,90,0.5,0,0,19
00-0023439,C.Benson,2010091202,9/12/2010 0:00,11,0,1,2,15,43,1,0,0,7.666666667,0,1.5,2,24.33333333,92.16666667,0.333333333,0,0,12.4
00-0023439,C.Benson,2010091912,9/19/2010 0:00,0,0,0,1,23,78,0,0,0,9.333333333,0,1.333333333,2,24.16666667,92,0.333333333,0,0,7.8
00-0023439,C.Benson,2010092601,9/26/2010 0:00,9,1,2,3,27,81,1,0,0,9.333333333,0,1.333333333,2,22.33333333,85.5,0.166666667,0,0,23
00-0023439,C.Benson,2010101006,10/10/2010 0:00,19,0,2,3,24,146,0,0,0,8.333333333,0.166666667,1.333333333,2.166666667,20.83333333,80.66666667,0.333333333,0,0,21.5
00-0023439,C.Benson,2010102400,10/24/2010 0:00,6,0,1,2,20,70,0,0,0,10.83333333,0.166666667,1.5,2.333333333,22.16666667,89,0.333333333,0,0,8.6
00-0023439,C.Benson,2010103102,10/31/2010 0:00,12,0,3,3,20,69,0,0,0,8.666666667,0.166666667,1.333333333,2.166666667,23,91.83333333,0.333333333,0,0,11.1
00-0023439,C.Benson,2010110800,11/8/2010 0:00,20,0,2,2,18,54,1,0,0,9.5,0.166666667,1.5,2.333333333,21.5,81.16666667,0.333333333,0,0,15.4
00-0023439,C.Benson,2010111402,11/14/2010 0:00,27,0,5,5,14,24,0,0,0,11,0.166666667,1.666666667,2.333333333,22,83,0.333333333,0,0,10.1
00-0023439,C.Benson,2010112102,11/21/2010 0:00,22,0,3,3,25,124,1,0,0,15.5,0.166666667,2.5,3,20.5,74,0.333333333,0,0,26.6
00-0023439,C.Benson,2010112502,11/25/2010 0:00,0,0,1,3,18,41,0,0,0,17.66666667,0,2.666666667,3,20.16666667,81.16666667,0.333333333,0,0,5.1
00-0023439,C.Benson,2010120508,12/5/2010 0:00,14,0,2,2,19,49,2,0,0,14.5,0,2.5,3,19.16666667,63.66666667,0.333333333,0,0,20.3
00-0023439,C.Benson,2010121202,12/12/2010 0:00,26,0,3,3,8,19,0,0,0,15.83333333,0,2.666666667,3,19,60.16666667,0.666666667,0,0,7.5
00-0023439,C.Benson,2010121902,12/19/2010 0:00,0,0,0,1,31,150,1,0,0,18.16666667,0,2.666666667,3,17,51.83333333,0.666666667,0,0,24
00-0023439,C.Benson,2011010202,1/2/2011 0:00,12,0,3,4,21,53,0,0,0,14.83333333,0,2.333333333,2.833333333,19.16666667,67.83333333,0.666666667,0,0,9.5
00-0023439,C.Benson,2011091101,9/11/2011 0:00,2,0,1,1,25,121,1,0,0,12.33333333,0,2,2.666666667,20.33333333,72.66666667,0.666666667,0,0,22.3
00-0023439,C.Benson,2011091812,9/18/2011 0:00,17,0,3,3,16,59,0,0,0,9,0,1.666666667,2.333333333,20.33333333,72.16666667,0.666666667,0,0,10.6
00-0023439,C.Benson,2011092507,9/25/2011 0:00,0,0,0,1,17,64,0,0,0,11.83333333,0,2,2.333333333,20,75.16666667,0.666666667,0,0,6.4
00-0023439,C.Benson,2011100200,10/2/2011 0:00,0,0,0,1,19,104,0,0,0,9.5,0,1.666666667,2.166666667,19.66666667,77.66666667,0.333333333,0,0,13.4
00-0023439,C.Benson,2011101601,10/16/2011 0:00,5,0,1,1,16,57,1,0,0,5.166666667,0,1.166666667,1.833333333,21.5,91.83333333,0.333333333,0,0,13.2
00-0023439,C.Benson,2011111303,11/13/2011 0:00,5,0,1,1,15,57,0,0,0,6,0,1.333333333,1.833333333,19,76.33333333,0.333333333,0,0,7.2
00-0023439,C.Benson,2011112004,11/20/2011 0:00,0,0,0,1,15,41,2,0,0,4.833333333,0,1,1.333333333,18,77,0.333333333,0,0,16.1
00-0023439,C.Benson,2011112701,11/27/2011 0:00,24,0,4,5,21,106,1,0,0,4.5,0,0.833333333,1.333333333,16.33333333,63.66666667,0.5,0,0,26
00-0023439,C.Benson,2011121103,12/11/2011 0:00,0,0,1,1,21,91,0,0,0,5.666666667,0,1,1.666666667,17.16666667,71.5,0.666666667,0,0,10.1
00-0023439,C.Benson,2011121800,12/18/2011 0:00,11,0,1,2,22,76,1,0,0,5.666666667,0,1.166666667,1.666666667,17.83333333,76,0.666666667,0,0,15.7
00-0023439,C.Benson,2011122408,12/24/2011 0:00,8,0,1,2,16,57,0,0,0,7.5,0,1.333333333,1.833333333,18.33333333,71.33333333,0.833333333,0,0,7.5
00-0023439,C.Benson,2012010102,1/1/2012 0:00,10,0,2,3,13,51,0,0,0,8,0,1.333333333,2,18.33333333,71.33333333,0.666666667,0,0,8.1
00-0023439,C.Benson,2012091300,9/13/2012 0:00,35,0,4,4,20,81,0,0,0,8.833333333,0,1.5,2.333333333,18,70.33333333,0.666666667,0,0,15.6
00-0023439,C.Benson,2012092400,9/24/2012 0:00,19,0,4,5,17,45,1,0,0,14.66666667,0,2.166666667,2.833333333,18.83333333,77,0.333333333,0,0,16.4
00-0023439,C.Benson,2012093010,9/30/2012 0:00,22,0,4,4,18,84,0,0,0,13.83333333,0,2.166666667,2.833333333,18.16666667,66.83333333,0.333333333,0,0,14.6
,,,,,,,,,,,,,17.5,0,2.666666667,3.333333333,17.66666667,65.66666667,0.333333333,0,0,0
00-0023440,C.Williams,2009101106,10/11/2009 0:00,8,0,3,3,10,8,0,0,0,22,0,4,5,16,77,0,0,0,4.6
00-0023440,C.Williams,2009102506,10/25/2009 0:00,28,0,2,2,11,29,0,0,0,15,0,3.5,4,13,42.5,0,0,0,7.7
00-0023440,C.Williams,2009110806,11/8/2009 0:00,0,0,0,3,16,56,0,0,0,19.33333333,0,3,3.333333333,12.33333333,38,0,0,0,5.6
00-0023440,C.Williams,2009111501,11/15/2009 0:00,0,0,0,1,14,52,1,0,0,14.5,0,2.25,3.25,13.25,42.5,0,0,0,11.2
00-0023440,C.Williams,2009112208,11/22/2009 0:00,4,0,1,1,11,32,0,0,0,11.6,0,1.8,2.8,13.4,44.4,0.2,0,0,4.6
00-0023440,C.Williams,2009112900,11/29/2009 0:00,8,1,1,1,10,30,0,0,0,10.33333333,0,1.666666667,2.5,13,42.33333333,0.166666667,0,0,10.8
00-0023440,C.Williams,2009120601,12/6/2009 0:00,14,0,2,3,17,92,0,0,0,8,0.166666667,1.166666667,1.833333333,12,34.5,0.166666667,0,0,12.6
00-0023440,C.Williams,2009122011,12/20/2009 0:00,22,1,1,1,12,66,0,0,0,9,0.166666667,1,1.833333333,13.16666667,48.5,0.166666667,0,0,15.8
00-0023440,C.Williams,2009122707,12/27/2009 0:00,19,0,3,3,24,129,1,0,0,8,0.333333333,0.833333333,1.666666667,13.33333333,54.66666667,0.166666667,0,0,26.8
00-0023440,C.Williams,2010010310,1/3/2010 0:00,35,0,4,7,19,40,0,0,0,11.16666667,0.333333333,1.333333333,1.666666667,14.66666667,66.83333333,0.333333333,0,0,11.5
00-0023440,C.Williams,2010091200,9/12/2010 0:00,23,0,2,2,22,75,0,0,0,17,0.333333333,2,2.666666667,15.5,64.83333333,0.166666667,0,0,11.8
00-0023440,C.Williams,2010091908,9/19/2010 0:00,8,0,1,5,27,51,0,0,0,20.16666667,0.333333333,2.166666667,2.833333333,17.33333333,72,0.166666667,0,0,6.9
00-0023440,C.Williams,2010101006,10/10/2010 0:00,0,0,0,4,11,33,0,0,0,20.16666667,0.166666667,2.166666667,3.5,20.16666667,75.5,0.166666667,0,0,3.3
00-0023440,C.Williams,2010101708,10/17/2010 0:00,63,0,7,8,10,18,0,0,0,17.83333333,0.166666667,1.833333333,3.666666667,19.16666667,65.66666667,0.166666667,0,0,15.1
00-0023440,C.Williams,2010110706,11/7/2010 0:00,9,0,1,2,8,13,0,0,0,24.66666667,0,2.833333333,4.833333333,18.83333333,57.66666667,0.166666667,0,0,3.2
00-0023440,C.Williams,2011091107,9/11/2011 0:00,49,0,6,10,19,91,0,0,0,23,0,2.5,4.666666667,16.16666667,38.33333333,0,0,0,20
00-0023440,C.Williams,2011091900,9/19/2011 0:00,4,0,3,5,13,36,0,0,0,25.33333333,0,2.833333333,5.166666667,16.16666667,46.83333333,0,0,0,7
00-0023440,C.Williams,2011092510,9/25/2011 0:00,4,0,1,2,18,75,0,0,0,22.16666667,0,3,5.666666667,14.66666667,40.33333333,0,0,0,8.9
,,,,,,,,,,,,,21.5,0,3,5.166666667,13.16666667,44.33333333,0,0,0,0
00-0023500,F.Gore,2009092010,9/20/2009 0:00,39,0,5,5,16,207,2,0,0,18,1,3,5,22,30,1,0,0,44.6
00-0023500,F.Gore,2009102502,10/25/2009 0:00,15,0,2,3,13,32,0,0,0,28.5,0.5,4,5,19,118.5,1.5,0,0,6.7
00-0023500,F.Gore,2009110106,11/1/2009 0:00,43,0,5,6,13,91,1,0,0,24,0.333333333,3.333333333,4.333333333,17,89.66666667,1,0,0,24.4
00-0023500,F.Gore,2009110810,11/8/2009 0:00,75,0,7,9,15,83,1,0,0,28.75,0.25,3.75,4.75,16,90,1,0,0,28.8
00-0023500,F.Gore,2009111200,11/12/2009 0:00,21,0,4,4,25,104,1,0,0,38,0.2,4.4,5.6,15.8,88.6,1,0,0,25.5
00-0023500,F.Gore,2009112910,11/29/2009 0:00,14,1,7,10,16,33,0,0,0,35.16666667,0.166666667,4.333333333,5.333333333,17.33333333,91.16666667,1,0,0,17.7
00-0023500,F.Gore,2009120612,12/6/2009 0:00,37,0,5,8,9,25,0,0,0,34.5,0.166666667,5,6.166666667,16.33333333,91.66666667,0.833333333,0,0,11.2
00-0023500,F.Gore,2009121400,12/14/2009 0:00,10,0,2,3,25,167,1,0,0,34.16666667,0.166666667,5,6.666666667,15.16666667,61.33333333,0.5,0,0,28.7
00-0023500,F.Gore,2009122005,12/20/2009 0:00,19,0,3,5,16,107,0,0,0,33.33333333,0.166666667,5,6.666666667,17.16666667,83.83333333,0.666666667,0,0,18.6
00-0023500,F.Gore,2009122711,12/27/2009 0:00,81,0,4,6,28,71,1,0,0,29.33333333,0.166666667,4.666666667,6.5,17.66666667,86.5,0.5,0,0,25.2
00-0023500,F.Gore,2010010309,1/3/2010 0:00,25,0,2,4,23,107,2,0,0,30.33333333,0.166666667,4.166666667,6,19.83333333,84.5,0.5,0,0,30.2
00-0023500,F.Gore,2010091211,9/12/2010 0:00,45,0,6,7,17,38,0,0,0,31,0.166666667,3.833333333,6,19.5,85,0.666666667,0,0,14.3
00-0023500,F.Gore,2010092000,9/20/2010 0:00,56,1,7,9,20,112,1,0,1,36.16666667,0,3.666666667,5.5,19.66666667,85.83333333,0.666666667,0,0,37.8
00-0023500,F.Gore,2010092609,9/26/2010 0:00,102,0,9,13,15,43,0,0,0,39.33333333,0.166666667,4,5.666666667,21.5,100.3333333,0.833333333,0,0.166666667,26.5
00-0023500,F.Gore,2010100305,10/3/2010 0:00,57,0,6,7,21,77,0,0,0,54.66666667,0.166666667,5.166666667,7.333333333,19.83333333,79.66666667,0.666666667,0,0.166666667,19.4
00-0023500,F.Gore,2010101012,10/10/2010 0:00,21,1,4,8,18,52,0,0,0,61,0.166666667,5.666666667,7.666666667,20.66666667,74.66666667,0.666666667,0,0.166666667,17.3
00-0023500,F.Gore,2010101710,10/17/2010 0:00,0,0,0,5,25,149,0,0,0,51,0.333333333,5.666666667,8,19,71.5,0.5,0,0.166666667,17.9
00-0023500,F.Gore,2010102406,10/24/2010 0:00,57,0,4,8,19,102,0,0,0,46.83333333,0.333333333,5.333333333,8.166666667,19.33333333,78.5,0.166666667,0,0.166666667,22.9
00-0023500,F.Gore,2010103100,10/31/2010 0:00,7,0,1,1,29,118,1,0,0,48.83333333,0.333333333,5,8.333333333,19.66666667,89.16666667,0.166666667,0,0.166666667,22.5
00-0023500,F.Gore,2010111410,11/14/2010 0:00,67,0,3,4,22,87,1,0,0,40.66666667,0.166666667,4,7,21.16666667,90.16666667,0.166666667,0,0,24.4
00-0023500,F.Gore,2010112111,11/21/2010 0:00,37,0,5,8,12,23,0,0,0,34.83333333,0.166666667,3,5.5,22.33333333,97.5,0.333333333,0,0,11
00-0023500,F.Gore,2011091110,9/11/2011 0:00,19,0,3,4,22,59,0,0,0,31.5,0.166666667,2.833333333,5.666666667,20.83333333,88.5,0.333333333,0,0,10.8
00-0023500,F.Gore,2011091810,9/18/2011 0:00,17,0,3,3,20,47,1,0,0,31.16666667,0,2.666666667,5,21.5,89.66666667,0.333333333,0,0,15.4
00-0023500,F.Gore,2011092507,9/25/2011 0:00,0,0,0,2,17,42,0,0,0,34,0,3.166666667,4.666666667,20.66666667,72.66666667,0.5,0,0,4.2
00-0023500,F.Gore,2011100204,10/2/2011 0:00,12,0,2,2,15,127,1,0,0,24.5,0,2.5,3.666666667,20.33333333,62.66666667,0.5,0,0,24.9
00-0023500,F.Gore,2011100908,10/9/2011 0:00,18,0,2,2,20,125,1,0,0,25.33333333,0,2.666666667,3.833333333,18,64.16666667,0.5,0,0,25.3
00-0023500,F.Gore,2011101604,10/16/2011 0:00,5,0,2,5,15,141,1,0,0,17.16666667,0,2.5,3.5,17.66666667,70.5,0.5,0,0,25.6
00-0023500,F.Gore,2011110604,11/6/2011 0:00,7,0,1,3,19,107,0,0,0,11.83333333,0,2,3,18.16666667,90.16666667,0.666666667,0,0,15.4
00-0023500,F.Gore,2011112008,11/20/2011 0:00,6,0,1,2,24,88,0,0,0,9.833333333,0,1.666666667,2.833333333,17.66666667,98.16666667,0.666666667,0,0,10.4
00-0023500,F.Gore,2011112402,11/24/2011 0:00,9,0,1,2,14,39,0,0,0,8,0,1.333333333,2.666666667,18.33333333,105,0.5,0,0,5.8
00-0023500,F.Gore,2011121110,12/11/2011 0:00,0,0,0,1,10,72,1,0,0,9.5,0,1.5,2.666666667,17.83333333,104.5,0.5,0,0,13.2
00-0023500,F.Gore,2011121900,12/19/2011 0:00,0,0,0,3,18,65,1,0,0,7.5,0,1.166666667,2.5,17,95.33333333,0.5,0,0,12.5
00-0023500,F.Gore,2011122412,12/24/2011 0:00,13,0,1,1,23,83,1,0,0,4.5,0,0.833333333,2.666666667,16.66666667,85.33333333,0.5,0,0,16.6
00-0023500,F.Gore,2012090909,9/9/2012 0:00,1,0,1,1,16,112,1,0,0,5.833333333,0,0.666666667,2,18,75.66666667,0.5,0,0,21.3
00-0023500,F.Gore,2012091613,9/16/2012 0:00,16,0,2,4,17,89,1,0,0,4.833333333,0,0.666666667,1.666666667,17.5,76.5,0.666666667,0,0,18.5
00-0023500,F.Gore,2012092302,9/23/2012 0:00,9,0,1,2,12,63,0,0,0,6.5,0,0.833333333,2,16.33333333,76.66666667,0.833333333,0,0,8.2
00-0023500,F.Gore,2012093006,9/30/2012 0:00,13,0,2,2,21,62,1,0,0,6.5,0,0.833333333,2,16,80.66666667,0.833333333,0,0,15.5
00-0023500,F.Gore,2012101409,10/14/2012 0:00,20,0,4,4,8,36,0,0,0,8.666666667,0,1.166666667,2.166666667,17.83333333,79,0.833333333,0,0,9.6
00-0023500,F.Gore,2012101800,10/18/2012 0:00,51,0,5,6,16,131,0,0,0,12,0,1.833333333,2.333333333,16.16666667,74.16666667,0.666666667,0,0,26.2
00-0023500,F.Gore,2012102900,10/29/2012 0:00,11,0,1,1,16,55,0,0,0,18.33333333,0,2.5,3.166666667,15,82.16666667,0.5,0,0,7.6
00-0023500,F.Gore,2012111110,11/11/2012 0:00,18,0,3,4,21,97,1,0,0,20,0,2.5,3.166666667,15,72.66666667,0.333333333,0,0,20.5
00-0023500,F.Gore,2012112509,11/25/2012 0:00,18,1,2,3,19,83,0,0,0,20.33333333,0,2.666666667,3.166666667,15.66666667,74,0.333333333,0,0,18.1
00-0023500,F.Gore,2012120202,12/2/2012 0:00,0,0,0,1,23,58,1,0,0,21.83333333,0.166666667,2.833333333,3.333333333,16.83333333,77.33333333,0.333333333,0,0,11.8
00-0023500,F.Gore,2012120910,12/9/2012 0:00,22,0,2,2,12,63,1,0,0,19.66666667,0.166666667,2.5,3.166666667,17.16666667,76.66666667,0.333333333,0,0,16.5
00-0023500,F.Gore,2012121613,12/16/2012 0:00,34,0,2,2,21,83,0,0,0,20,0.166666667,2.166666667,2.833333333,17.83333333,81.16666667,0.5,0,0,13.7
00-0023500,F.Gore,2012123014,12/30/2012 0:00,21,0,3,3,20,68,1,0,0,17.16666667,0.166666667,1.666666667,2.166666667,18.66666667,73.16666667,0.5,0,0,17.9
00-0023500,F.Gore,2013090811,9/8/2013 0:00,21,0,2,2,21,44,1,0,0,18.83333333,0.166666667,2,2.5,19.33333333,75.33333333,0.666666667,0,0,14.5
00-0023500,F.Gore,2013091513,9/15/2013 0:00,14,0,1,3,9,16,0,0,0,19.33333333,0.166666667,1.833333333,2.166666667,19.33333333,66.5,0.666666667,0,0,4
00-0023500,F.Gore,2013092211,9/22/2013 0:00,21,0,2,4,11,82,0,0,0,18.66666667,0,1.666666667,2.166666667,17.66666667,55.33333333,0.666666667,0,0,12.3
00-0023500,F.Gore,2013092600,9/26/2013 0:00,0,0,0,2,20,153,1,0,0,22.16666667,0,2,2.666666667,15.66666667,59.33333333,0.5,0,0,24.3
00-0023500,F.Gore,2013102010,10/20/2013 0:00,34,0,2,3,24,70,2,0,0,18.5,0,1.666666667,2.666666667,17,74.33333333,0.5,0,0,24.4
00-0023500,F.Gore,2013102701,10/27/2013 0:00,6,0,1,1,19,71,2,0,0,18.5,0,1.666666667,2.833333333,17.5,72.16666667,0.833333333,0,0,20.7
00-0023500,F.Gore,2013111008,11/10/2013 0:00,21,0,2,2,16,82,0,0,0,16,0,1.333333333,2.5,17.33333333,72.66666667,1,0,0,12.3
00-0023500,F.Gore,2013111710,11/17/2013 0:00,8,0,2,3,13,48,0,0,0,16,0,1.333333333,2.5,16.5,79,0.833333333,0,0,7.6
00-0023500,F.Gore,2013112500,11/25/2013 0:00,3,0,1,2,13,31,0,0,0,15,0,1.5,2.5,17.16666667,84.33333333,0.833333333,0,0,4.4
00-0023500,F.Gore,2013120108,12/1/2013 0:00,7,0,2,2,15,42,1,0,0,12,0,1.333333333,2.166666667,17.5,75.83333333,0.833333333,0,0,12.9
00-0023500,F.Gore,2013120812,12/8/2013 0:00,0,0,0,1,17,110,0,0,0,13.16666667,0,1.666666667,2.166666667,16.66666667,57.33333333,0.833333333,0,0,14
00-0023500,F.Gore,2013122300,12/23/2013 0:00,6,0,1,1,21,97,1,0,0,7.5,0,1.333333333,1.833333333,15.5,64,0.5,0,0,17.3
00-0023500,F.Gore,2014091413,9/14/2014 0:00,12,0,2,2,13,63,1,0,0,7.5,0,1.333333333,1.833333333,15.83333333,68.33333333,0.333333333,0,0,15.5
00-0023500,F.Gore,2014092809,9/28/2014 0:00,55,1,1,2,24,119,0,0,0,6,0,1.333333333,1.833333333,15.33333333,65.16666667,0.5,0,0,27.4
00-0023500,F.Gore,2014100511,10/5/2014 0:00,1,0,1,1,18,107,0,0,0,13.83333333,0.166666667,1.166666667,1.666666667,17.16666667,77,0.5,0,0,14.8
00-0023500,F.Gore,2014101300,10/13/2014 0:00,0,0,0,1,16,38,0,0,0,13.5,0.166666667,1.166666667,1.5,18,89.66666667,0.5,0,0,3.8
00-0023500,F.Gore,2014101912,10/19/2014 0:00,0,0,0,1,9,20,0,0,0,12.33333333,0.166666667,0.833333333,1.333333333,18.16666667,89,0.333333333,0,0,2
00-0023500,F.Gore,2014110207,11/2/2014 0:00,9,0,1,3,14,49,0,0,0,12.33333333,0.166666667,0.833333333,1.333333333,16.83333333,74,0.333333333,0,0,6.8
00-0023500,F.Gore,2014110904,11/9/2014 0:00,2,0,1,1,23,81,1,0,0,12.83333333,0.166666667,0.833333333,1.666666667,15.66666667,66,0.166666667,0,0,15.3
00-0023500,F.Gore,2014111606,11/16/2014 0:00,19,0,2,3,19,95,0,0,0,11.16666667,0.166666667,0.666666667,1.5,17.33333333,69,0.166666667,0,0,13.4
00-0023500,F.Gore,2014112702,11/27/2014 0:00,8,0,1,2,10,28,0,0,0,5.166666667,0,0.833333333,1.666666667,16.5,65,0.166666667,0,0,4.6
00-0023500,F.Gore,2014122814,12/28/2014 0:00,5,0,2,3,25,144,0,0,0,6.333333333,0,0.833333333,1.833333333,15.16666667,51.83333333,0.166666667,0,0,19.9
00-0023500,F.Gore,2015091304,9/13/2015 0:00,0,0,2,3,8,31,0,0,0,7.166666667,0,1.166666667,2.166666667,16.66666667,69.5,0.166666667,0,0,5.1
00-0023500,F.Gore,2015092100,9/21/2015 0:00,4,0,1,1,15,57,0,0,0,7.166666667,0,1.5,2.5,16.5,71.33333333,0.166666667,0,0,7.1
00-0023500,F.Gore,2015092709,9/27/2015 0:00,8,0,1,2,14,86,2,0,0,6.333333333,0,1.5,2.166666667,16.66666667,72.66666667,0.166666667,0,0,22.4
00-0023500,F.Gore,2015100404,10/4/2015 0:00,34,0,5,7,17,53,0,0,0,7.333333333,0,1.5,2.333333333,15.16666667,73.5,0.333333333,0,0,13.7
00-0023500,F.Gore,2015101811,10/18/2015 0:00,16,0,2,3,13,78,0,0,0,9.833333333,0,2,3,14.83333333,66.5,0.333333333,0,0,11.4
00-0023500,F.Gore,2015102507,10/25/2015 0:00,32,0,5,8,9,43,0,0,0,11.16666667,0,2.166666667,3.166666667,15.33333333,74.83333333,0.333333333,0,0,12.5
00-0023500,F.Gore,2015110200,11/2/2015 0:00,22,0,3,3,22,70,0,0,0,15.66666667,0,2.666666667,4,12.66666667,58,0.333333333,0,0,12.2
00-0023500,F.Gore,2015110809,11/8/2015 0:00,19,0,1,3,28,83,1,0,0,19.33333333,0,2.833333333,4,15,64.5,0.333333333,0,0,17.2
00-0023500,F.Gore,2015112202,11/22/2015 0:00,46,0,5,5,14,34,0,0,0,21.83333333,0,2.833333333,4.333333333,17.16666667,68.83333333,0.5,0,0,13
00-0023500,F.Gore,2015112904,11/29/2015 0:00,13,0,2,3,19,24,0,0,0,28.16666667,0,3.5,4.833333333,17.16666667,60.16666667,0.166666667,0,0,5.7
00-0023500,F.Gore,2015120613,12/6/2015 0:00,49,1,3,5,13,45,0,0,0,24.66666667,0,3,4.166666667,17.5,55.33333333,0.166666667,0,0,18.4
00-0023500,F.Gore,2015121304,12/13/2015 0:00,-1,0,1,5,16,60,0,0,0,30.16666667,0.166666667,3.166666667,4.5,17.5,49.83333333,0.166666667,0,0,6.9
00-0023500,F.Gore,2015122004,12/20/2015 0:00,15,0,1,2,16,44,0,0,0,24.66666667,0.166666667,2.5,4,18.66666667,52.66666667,0.166666667,0,0,6.9
00-0023500,F.Gore,2015122701,12/27/2015 0:00,10,0,2,4,15,85,2,0,0,23.5,0.166666667,2.166666667,3.833333333,17.66666667,48.33333333,0.166666667,0,0,23.5
00-0023500,F.Gore,2016010305,1/3/2016 0:00,0,0,0,4,19,76,0,0,0,22,0.166666667,2.333333333,4,15.5,48.66666667,0.333333333,0,0,7.6
00-0023500,F.Gore,2016091111,9/11/2016 0:00,19,0,4,6,14,59,0,0,0,14.33333333,0.166666667,1.5,3.833333333,16.33333333,55.66666667,0.333333333,0,0,11.8
00-0023500,F.Gore,2016091810,9/18/2016 0:00,19,1,3,3,13,44,0,0,0,15.33333333,0.166666667,1.833333333,4.333333333,15.5,61.5,0.333333333,0,0,15.3
00-0023500,F.Gore,2016092511,9/25/2016 0:00,1,0,1,3,21,82,1,0,0,10.33333333,0.166666667,1.833333333,4,15.5,61.33333333,0.333333333,0,0,15.3
00-0023500,F.Gore,2016100200,10/2/2016 0:00,27,0,5,6,16,68,1,0,0,10.66666667,0.166666667,1.833333333,3.666666667,16.33333333,65,0.5,0,0,20.5
00-0023500,F.Gore,2016100903,10/9/2016 0:00,4,0,1,2,14,75,0,0,0,12.66666667,0.166666667,2.5,4.333333333,16.33333333,69,0.666666667,0,0,8.9
00-0023500,F.Gore,2016101612,10/16/2016 0:00,2,0,1,1,22,106,0,0,0,11.66666667,0.166666667,2.333333333,4,16.16666667,67.33333333,0.333333333,0,0,14.8
00-0023500,F.Gore,2016102308,10/23/2016 0:00,22,1,5,5,17,61,0,0,0,12,0.166666667,2.5,3.5,16.66666667,72.33333333,0.333333333,0,0,19.3
00-0023500,F.Gore,2016103005,10/30/2016 0:00,25,1,2,3,9,37,0,0,0,12.5,0.333333333,2.666666667,3.333333333,17.16666667,72.66666667,0.333333333,0,0,14.2
00-0023500,F.Gore,2016110609,11/6/2016 0:00,11,0,2,2,19,60,2,0,0,13.5,0.333333333,2.5,3.333333333,16.5,71.5,0.333333333,0,0,21.1
00-0023500,F.Gore,2016112004,11/20/2016 0:00,71,0,4,4,18,50,0,0,0,15.16666667,0.333333333,2.666666667,3.166666667,16.16666667,67.83333333,0.5,0,0,16.1
00-0023500,F.Gore,2016112402,11/24/2016 0:00,3,0,1,1,15,28,0,0,0,22.5,0.333333333,2.5,2.833333333,16.5,64.83333333,0.333333333,0,0,4.1
00-0023500,F.Gore,2016120500,12/5/2016 0:00,0,0,0,1,20,79,0,0,0,22.33333333,0.333333333,2.5,2.666666667,16.66666667,57,0.333333333,0,0,7.9
00-0023500,F.Gore,2016121104,12/11/2016 0:00,33,1,2,2,10,41,0,0,0,22,0.333333333,2.333333333,2.666666667,16.33333333,52.5,0.333333333,0,0,15.4
00-0023500,F.Gore,2016121806,12/18/2016 0:00,14,0,4,4,26,101,0,0,0,23.83333333,0.333333333,1.833333333,2.166666667,15.16666667,49.16666667,0.333333333,0,0,18.5
00-0023500,F.Gore,2016122408,12/24/2016 0:00,12,0,1,2,13,73,0,0,0,22,0.166666667,2.166666667,2.333333333,18,59.83333333,0.333333333,0,0,9.5
00-0023500,F.Gore,2017010103,1/1/2017 0:00,14,0,2,2,16,62,0,0,0,22.16666667,0.166666667,2,2.333333333,17,62,0,0,0,9.6
00-0023500,F.Gore,2017091009,9/10/2017 0:00,10,0,1,1,10,42,0,0,0,12.66666667,0.166666667,1.666666667,2,16.66666667,64,0,0,0,6.2
00-0023500,F.Gore,2017091702,9/17/2017 0:00,0,0,0,2,14,46,1,0,0,13.83333333,0.166666667,1.666666667,2,15.83333333,66.33333333,0,0,0,10.6
00-0023500,F.Gore,2017092405,9/24/2017 0:00,0,0,1,1,25,57,1,0,0,13.83333333,0.166666667,1.666666667,2.166666667,14.83333333,60.83333333,0.166666667,0,0,12.7
00-0023500,F.Gore,2017100113,10/1/2017 0:00,34,0,3,3,12,46,0,0,0,8.333333333,0,1.5,2,17.33333333,63.5,0.333333333,0,0,11
00-0023500,F.Gore,2017100803,10/8/2017 0:00,38,0,3,4,14,48,0,0,0,11.66666667,0,1.333333333,1.833333333,15,54.33333333,0.333333333,0,0,11.6
00-0023500,F.Gore,2017101600,10/16/2017 0:00,18,0,2,3,10,49,0,0,0,16,0,1.666666667,2.166666667,15.16666667,50.16666667,0.333333333,0,0,8.7
00-0023500,F.Gore,2017102902,10/29/2017 0:00,19,0,4,4,16,82,0,0,0,16.66666667,0,1.666666667,2.333333333,14.16666667,48,0.333333333,0,0,14.1
00-0023500,F.Gore,2017110501,11/5/2017 0:00,26,0,3,4,17,51,0,0,0,18.16666667,0,2.166666667,2.833333333,15.16666667,54.66666667,0.333333333,0,0,10.7
00-0023500,F.Gore,2017111203,11/12/2017 0:00,7,0,1,1,17,54,0,0,0,22.5,0,2.666666667,3.166666667,15.66666667,55.5,0.166666667,0,0,7.1
00-0023500,F.Gore,2017112602,11/26/2017 0:00,17,0,2,5,17,62,1,0,0,23.66666667,0,2.666666667,3.166666667,14.33333333,55,0,0,0,15.9
00-0023500,F.Gore,2017121000,12/10/2017 0:00,10,0,1,1,36,130,0,0,0,20.83333333,0,2.5,3.5,15.16666667,57.66666667,0.166666667,0,0,18
00-0023500,F.Gore,2017121400,12/14/2017 0:00,37,0,3,4,10,31,0,0,0,16.16666667,0,2.166666667,3,18.83333333,71.33333333,0.166666667,0,0,9.8
00-0023500,F.Gore,2017122300,12/23/2017 0:00,18,1,2,2,17,68,0,0,0,19.33333333,0,2.333333333,3.166666667,18.83333333,68.33333333,0.166666667,0,0,16.6
00-0023500,F.Gore,2017123103,12/31/2017 0:00,11,0,3,3,24,100,0,0,0,19.16666667,0.166666667,2,2.833333333,19,66,0.166666667,0,0,14.1
00-0023500,F.Gore,2018091604,9/16/2018 0:00,19,0,1,1,9,25,0,0,0,16.66666667,0.166666667,2,2.666666667,20.16666667,74.16666667,0.166666667,0,0,5.4
00-0023500,F.Gore,2018093006,9/30/2018 0:00,16,1,2,3,11,41,0,0,0,18.66666667,0.166666667,2,2.666666667,18.83333333,69.33333333,0.166666667,0,0,13.7
00-0023500,F.Gore,2018101404,10/14/2018 0:00,18,0,1,1,15,101,0,0,0,18.5,0.333333333,2,2.333333333,17.83333333,65.83333333,0,0,0,15.9
00-0023500,F.Gore,2018102106,10/21/2018 0:00,4,0,1,1,10,29,0,0,0,19.83333333,0.333333333,2,2.333333333,14.33333333,61,0,0,0,4.3
00-0023500,F.Gore,2018102500,10/25/2018 0:00,5,0,1,2,12,53,0,0,0,14.33333333,0.333333333,1.666666667,1.833333333,14.33333333,60.66666667,0,0,0,6.8
00-0023500,F.Gore,2018110404,11/4/2018 0:00,6,0,1,1,20,53,0,0,0,12.16666667,0.166666667,1.5,1.833333333,13.5,58.16666667,0,0,0,6.9
00-0023500,F.Gore,2018111103,11/11/2018 0:00,12,0,2,3,13,90,0,0,0,11.33333333,0.166666667,1.166666667,1.5,12.83333333,50.33333333,0,0,0,12.2
00-0023500,F.Gore,2018112504,11/25/2018 0:00,10,0,1,2,14,67,0,0,0,10.16666667,0.166666667,1.333333333,1.833333333,13.5,61.16666667,0,0,0,8.7
00-0023500,F.Gore,2018120206,12/2/2018 0:00,10,0,1,1,8,21,0,0,0,9.166666667,0,1.166666667,1.666666667,14,65.5,0,0,0,4.1
00-0023500,F.Gore,2018120906,12/9/2018 0:00,24,0,1,1,12,92,0,0,0,7.833333333,0,1.166666667,1.666666667,12.83333333,52.16666667,0,0,0,12.6
00-0023500,F.Gore,2019091506,9/15/2019 0:00,15,0,2,2,19,68,1,0,0,11.16666667,0,1.166666667,1.666666667,13.16666667,62.66666667,0,0,0,16.3
00-0023500,F.Gore,2019092200,9/22/2019 0:00,13,0,2,2,14,76,1,0,0,12.83333333,0,1.333333333,1.666666667,14.33333333,65.16666667,0.166666667,0,0,16.9
00-0023500,F.Gore,2019092902,9/29/2019 0:00,0,0,0,1,17,109,0,0,0,14,0,1.5,1.833333333,13.33333333,69,0.333333333,0,0,13.9
00-0023500,F.Gore,2019100608,10/6/2019 0:00,9,0,2,2,14,60,0,0,0,12,0,1.166666667,1.5,14,72.16666667,0.333333333,0,0,8.9
00-0023500,F.Gore,2019102001,10/20/2019 0:00,11,0,1,1,11,55,0,0,0,11.83333333,0,1.333333333,1.5,14,71,0.333333333,0,0,7.6
00-0023500,F.Gore,2019111704,11/17/2019 0:00,18,0,1,2,11,27,0,0,0,12,0,1.333333333,1.5,14.5,76.66666667,0.333333333,0,0,5.5
00-0023500,F.Gore,2019112801,11/28/2019 0:00,14,0,1,1,9,11,0,0,0,11,0,1.333333333,1.666666667,14.33333333,65.83333333,0.333333333,0,0,3.5
,,,,,,,,,,,,,10.83333333,0,1.166666667,1.5,12.66666667,56.33333333,0.166666667,0,0,0
00-0023512,R.Moats,2009110803,11/8/2009 0:00,15,1,3,3,16,38,0,1,1,25,0,2,3,23,126,3,0,0,13.3
00-0023512,R.Moats,2009120605,12/6/2009 0:00,24,0,3,3,12,41,0,0,0,20,0.5,2.5,3,19.5,82,1.5,0.5,0.5,9.5
00-0023512,R.Moats,2009121303,12/13/2009 0:00,3,0,1,1,10,43,1,0,0,21.33333333,0.333333333,2.666666667,3,17,68.33333333,1,0.333333333,0.333333333,11.6
00-0023512,R.Moats,2009122704,12/27/2009 0:00,39,0,4,4,8,23,0,0,0,16.75,0.25,2.25,2.5,15.25,62,1,0.25,0.25,10.2
,,,,,,,,,,,,,21.2,0.2,2.6,2.8,13.8,54.2,0.8,0.2,0.2,0
00-0023544,M.Barber,2009100410,10/4/2009 0:00,27,0,2,2,11,41,1,0,0,31,0,2,2,18,124,1,0,0,14.8
00-0023544,M.Barber,2009101104,10/11/2009 0:00,0,0,0,1,15,53,0,0,0,29,0,2,2,14.5,82.5,1,0,0,5.3
00-0023544,M.Barber,2009102509,10/25/2009 0:00,1,0,1,1,14,47,0,0,0,19.33333333,0,1.333333333,1.666666667,14.66666667,72.66666667,0.666666667,0,0,5.8
00-0023544,M.Barber,2009110103,11/1/2009 0:00,-2,0,1,1,14,53,1,0,0,14.75,0,1.25,1.5,14.5,66.25,0.5,0,0,12.1
00-0023544,M.Barber,2009110811,11/8/2009 0:00,20,0,3,4,12,50,0,0,0,11.4,0,1.2,1.4,14.4,63.6,0.6,0,0,10
00-0023544,M.Barber,2009112201,11/22/2009 0:00,8,0,1,1,20,99,0,0,0,12.83333333,0,1.5,1.833333333,14,61.33333333,0.5,0,0,11.7
00-0023544,M.Barber,2009112601,11/26/2009 0:00,41,0,2,3,14,61,0,0,0,9,0,1.333333333,1.666666667,14.33333333,57.16666667,0.333333333,0,0,12.2
00-0023544,M.Barber,2009120611,12/6/2009 0:00,7,0,3,5,15,36,0,1,1,11.33333333,0,1.333333333,1.833333333,14.83333333,60.5,0.166666667,0,0,6.3
00-0023544,M.Barber,2009121312,12/13/2009 0:00,22,0,2,2,14,47,0,0,0,12.5,0,1.833333333,2.5,14.83333333,57.66666667,0.166666667,0.166666667,0.166666667,8.9
00-0023544,M.Barber,2009121900,12/19/2009 0:00,11,0,1,1,17,62,2,0,0,16,0,2,2.666666667,14.83333333,57.66666667,0.166666667,0.166666667,0.166666667,20.3
00-0023544,M.Barber,2009122713,12/27/2009 0:00,30,0,4,5,17,63,1,0,0,18.16666667,0,2,2.666666667,15.33333333,59.16666667,0.333333333,0.166666667,0.166666667,19.3
00-0023544,M.Barber,2010010303,1/3/2010 0:00,14,0,1,4,14,91,0,0,0,19.83333333,0,2.166666667,2.833333333,16.16666667,61.33333333,0.5,0.166666667,0.166666667,11.5
00-0023544,M.Barber,2010091212,9/12/2010 0:00,1,0,2,3,8,39,0,0,0,20.83333333,0,2.166666667,3.333333333,15.16666667,60,0.5,0.166666667,0.166666667,6
00-0023544,M.Barber,2010091905,9/19/2010 0:00,0,0,0,2,11,31,0,0,0,14.16666667,0,2.166666667,3.333333333,14.16666667,56.33333333,0.5,0.166666667,0.166666667,3.1
00-0023544,M.Barber,2010092608,9/26/2010 0:00,5,0,1,1,17,55,1,0,0,13,0,1.666666667,2.833333333,13.5,55.5,0.5,0,0,13
00-0023544,M.Barber,2010101711,10/17/2010 0:00,15,0,3,3,10,31,0,0,0,10.16666667,0,1.5,2.666666667,14,56.83333333,0.666666667,0,0,7.6
00-0023544,M.Barber,2010111408,11/14/2010 0:00,-2,0,1,2,8,47,0,0,0,10.83333333,0,1.833333333,3,12.83333333,51.66666667,0.333333333,0,0,5.5
00-0023544,M.Barber,2010112105,11/21/2010 0:00,15,0,1,1,13,36,0,0,0,5.5,0,1.333333333,2.5,11.33333333,49,0.166666667,0,0,6.1
00-0023544,M.Barber,2010112501,11/25/2010 0:00,8,0,2,2,10,19,1,0,0,5.666666667,0,1.333333333,2,11.16666667,39.83333333,0.166666667,0,0,10.7
00-0023544,M.Barber,2011101611,10/16/2011 0:00,3,0,1,1,11,32,1,0,0,6.833333333,0,1.333333333,1.833333333,11.5,36.5,0.333333333,0,0,10.5
00-0023544,M.Barber,2011110700,11/7/2011 0:00,8,0,1,1,9,31,1,0,0,7.333333333,0,1.5,1.666666667,11.5,36.66666667,0.5,0,0,10.9
00-0023544,M.Barber,2011120401,12/4/2011 0:00,0,0,0,1,14,44,0,0,0,7.833333333,0,1.5,1.666666667,10.16666667,32.66666667,0.5,0,0,4.4
00-0023544,M.Barber,2011121111,12/11/2011 0:00,32,0,2,4,27,108,1,0,0,5.333333333,0,1,1.333333333,10.83333333,34.83333333,0.5,0,0,25
,,,,,,,,,,,,,11,0,1.166666667,1.666666667,14,45,0.666666667,0,0,0
00-0023545,B.Jacobs,2009092014,9/20/2009 0:00,0,0,0,1,16,58,0,0,0,17,0,2,3,16,46,0,0,0,5.8
00-0023545,B.Jacobs,2009092708,9/27/2009 0:00,0,0,0,2,26,92,1,0,0,8.5,0,1,2,16,52,0,0,0,15.2
00-0023545,B.Jacobs,2009100405,10/4/2009 0:00,-4,0,1,1,21,92,0,0,0,5.666666667,0,0.666666667,2,19.33333333,65.33333333,0.333333333,0,0,9.8
00-0023545,B.Jacobs,2009101105,10/11/2009 0:00,8,0,1,1,21,67,0,0,0,3.25,0,0.75,1.75,19.75,72,0.25,0,0,8.5
00-0023545,B.Jacobs,2009102511,10/25/2009 0:00,11,0,2,4,13,76,1,0,0,4.2,0,0.8,1.6,20,71,0.2,0,0,16.7
00-0023545,B.Jacobs,2009110111,11/1/2009 0:00,21,0,2,4,20,86,0,0,0,5.333333333,0,1,2,18.83333333,71.83333333,0.333333333,0,0,12.7
00-0023545,B.Jacobs,2009110809,11/8/2009 0:00,1,0,1,2,11,67,0,0,0,6,0,1,2.166666667,19.5,78.5,0.333333333,0,0,7.8
00-0023545,B.Jacobs,2009112207,11/22/2009 0:00,13,0,2,2,12,39,1,0,0,6.166666667,0,1.166666667,2.333333333,18.66666667,80,0.333333333,0,0,13.2
00-0023545,B.Jacobs,2009112602,11/26/2009 0:00,30,0,3,5,11,27,0,0,0,8.333333333,0,1.5,2.333333333,16.33333333,71.16666667,0.333333333,0,0,8.7
00-0023545,B.Jacobs,2009120611,12/6/2009 0:00,74,1,1,1,13,39,1,0,0,14,0,1.833333333,3,14.66666667,60.33333333,0.333333333,0,0,24.3
00-0023545,B.Jacobs,2009121313,12/13/2009 0:00,9,0,1,2,15,60,1,0,0,25,0.166666667,1.833333333,3,13.33333333,55.66666667,0.5,0,0,13.9
00-0023545,B.Jacobs,2009122100,12/21/2009 0:00,2,0,1,1,16,52,0,0,0,24.66666667,0.166666667,1.666666667,2.666666667,13.66666667,53,0.5,0,0,6.4
00-0023545,B.Jacobs,2010091206,9/12/2010 0:00,21,0,2,2,12,44,0,0,0,21.5,0.166666667,1.5,2.166666667,13,47.33333333,0.5,0,0,8.5
00-0023545,B.Jacobs,2010120504,12/5/2010 0:00,0,0,0,2,8,103,2,0,0,24.83333333,0.166666667,1.666666667,2.166666667,13.16666667,43.5,0.5,0,0,25.3
00-0023545,B.Jacobs,2010121906,12/19/2010 0:00,0,0,0,2,12,34,0,0,0,22.66666667,0.166666667,1.333333333,2.166666667,12.5,54.16666667,0.666666667,0,0,3.4
00-0023545,B.Jacobs,2011091900,9/19/2011 0:00,17,0,1,1,16,50,1,0,0,17.66666667,0.166666667,0.833333333,1.666666667,12.66666667,55.33333333,0.666666667,0,0,13.7
00-0023545,B.Jacobs,2011092505,9/25/2011 0:00,42,1,2,3,8,21,0,0,0,8.166666667,0,0.833333333,1.666666667,13.16666667,57.16666667,0.666666667,0,0,14.3
00-0023545,B.Jacobs,2011100209,10/2/2011 0:00,0,0,1,1,9,18,1,0,0,13.66666667,0.166666667,1,1.833333333,12,50.66666667,0.5,0,0,8.8
00-0023545,B.Jacobs,2011110609,11/6/2011 0:00,28,0,4,5,18,72,1,0,0,13.33333333,0.166666667,1,1.833333333,10.83333333,45,0.666666667,0,0,20
00-0023545,B.Jacobs,2011111312,11/13/2011 0:00,17,0,2,2,18,55,0,0,0,14.5,0.166666667,1.333333333,2.333333333,11.83333333,49.66666667,0.833333333,0,0,9.2
00-0023545,B.Jacobs,2011112011,11/20/2011 0:00,11,0,3,4,12,21,0,0,0,17.33333333,0.166666667,1.666666667,2.333333333,13.5,41.66666667,0.5,0,0,6.2
00-0023545,B.Jacobs,2011120410,12/4/2011 0:00,0,0,0,1,8,59,1,0,0,19.16666667,0.166666667,2.166666667,2.666666667,13.5,39.5,0.5,0,0,11.9
00-0023545,B.Jacobs,2011121113,12/11/2011 0:00,0,0,0,1,19,101,2,0,0,16.33333333,0.166666667,2,2.666666667,12.16666667,41,0.5,0,0,25.1
00-0023545,B.Jacobs,2013100605,10/6/2013 0:00,0,0,0,3,11,37,0,0,0,9.333333333,0,1.666666667,2.333333333,14,54.33333333,0.833333333,0,0,3.7
00-0023545,B.Jacobs,2013101000,10/10/2013 0:00,8,0,1,2,22,106,2,0,0,9.333333333,0,1.5,2.666666667,14.33333333,57.5,0.666666667,0,0,27.4
,,,,,,,,,,,,,6,0,1,2.166666667,15,63.16666667,0.833333333,0,0,0
00-0023564,D.Sproles,2009092013,9/20/2009 0:00,124,1,7,9,10,26,0,0,0,43,0,5,7,9,23,1,0,0,31
00-0023564,D.Sproles,2009092713,9/27/2009 0:00,14,0,2,5,18,41,0,0,0,83.5,0.5,6,8,9.5,24.5,0.5,0,0,7.5
00-0023564,D.Sproles,2009112210,11/22/2009 0:00,7,0,1,2,9,26,0,0,0,60.33333333,0.333333333,4.666666667,7,12.33333333,30,0.333333333,0,0,4.3
00-0023564,D.Sproles,2009112909,11/29/2009 0:00,66,0,5,6,9,17,0,0,0,47,0.25,3.75,5.75,11.5,29,0.25,0,0,13.3
00-0023564,D.Sproles,2011100906,10/9/2011 0:00,40,0,5,7,11,51,0,0,0,50.8,0.2,4,5.8,11,26.6,0.2,0,0,14.1
00-0023564,D.Sproles,2011102311,10/23/2011 0:00,19,1,6,6,12,88,1,0,0,49,0.166666667,4.166666667,6,11,30.66666667,0.166666667,0,0,28.7
00-0023564,D.Sproles,2011112800,11/28/2011 0:00,28,0,2,5,8,54,0,0,0,45,0.333333333,4.333333333,5.833333333,11.5,41.5,0.166666667,0,0,10.2
00-0023564,D.Sproles,2011121805,12/18/2011 0:00,79,1,5,6,8,33,0,0,0,29,0.166666667,3.5,5.166666667,11.16666667,46.16666667,0.166666667,0,0,22.2
00-0023564,D.Sproles,2012122306,12/23/2012 0:00,104,0,7,10,9,48,0,0,0,39.83333333,0.333333333,4,5.333333333,9.5,44.83333333,0.166666667,0,0,25.2
00-0023564,D.Sproles,2013090808,9/8/2013 0:00,88,0,6,6,8,22,0,0,0,56,0.333333333,5,6.666666667,9.5,48.5,0.166666667,0,0,17
00-0023564,D.Sproles,2014090707,9/7/2014 0:00,14,0,4,6,11,71,1,0,0,59.66666667,0.333333333,5.166666667,6.666666667,9.333333333,49.33333333,0.166666667,0,0,18.5
00-0023564,D.Sproles,2015092702,9/27/2015 0:00,19,0,4,6,11,17,1,0,0,55.33333333,0.333333333,5,6.5,9.333333333,52.66666667,0.333333333,0,0,13.6
00-0023564,D.Sproles,2015120612,12/6/2015 0:00,34,0,4,6,15,66,0,0,0,55.33333333,0.166666667,4.666666667,6.5,9.166666667,40.83333333,0.333333333,0,0,14
00-0023564,D.Sproles,2016091900,9/19/2016 0:00,8,0,2,2,12,40,0,0,0,56.33333333,0.166666667,5,6.666666667,10.33333333,42.83333333,0.333333333,0,0,6.8
00-0023564,D.Sproles,2016103010,10/30/2016 0:00,17,0,5,7,15,86,0,0,1,44.5,0,4.5,6,11,44,0.333333333,0,0,14.3
00-0023564,D.Sproles,2016110606,11/6/2016 0:00,14,0,3,9,13,57,0,0,0,30,0,4.166666667,5.5,12,50.33333333,0.333333333,0,0.166666667,10.1
00-0023564,D.Sproles,2017010107,1/1/2017 0:00,4,0,3,5,9,32,0,0,0,17.66666667,0,3.666666667,6,12.83333333,56.16666667,0.333333333,0,0.166666667,6.6
00-0023564,D.Sproles,2017091704,9/17/2017 0:00,30,0,2,4,10,48,0,0,0,16,0,3.5,5.833333333,12.5,49.66666667,0.166666667,0,0.166666667,9.8
00-0023564,D.Sproles,2018122310,12/23/2018 0:00,76,1,3,6,9,32,0,0,0,17.83333333,0,3.166666667,5.5,12.33333333,54.83333333,0,0,0.166666667,19.8
00-0023564,D.Sproles,2019090806,9/8/2019 0:00,16,0,3,3,10,49,0,0,0,24.83333333,0.166666667,3,5.5,11.33333333,49.16666667,0,0,0.166666667,9.5
,,,,,,,,,,,,,26.16666667,0.166666667,3.166666667,5.666666667,11,50.66666667,0,0,0.166666667,0
00-0024011,M.Bell,2009112208,11/22/2009 0:00,5,0,1,1,13,75,2,0,0,9,0,1,1,17,86,1,0,0,21
00-0024011,M.Bell,2010010301,1/3/2010 0:00,-2,0,2,2,17,28,0,0,0,7,0,1,1,15,80.5,1.5,0,0,4.6
,,,,,,,,,,,,,4,0,1.333333333,1.333333333,15.66666667,63,1,0,0,0
00-0024103,M.Owens,2012120904,12/9/2012 0:00,11,0,1,1,14,91,1,0,0,11,0,1,1,8,31,0,0,0,17.2
00-0024103,M.Owens,2012121605,12/16/2012 0:00,6,0,1,1,11,47,0,0,0,11,0,1,1,11,61,0.5,0,0,6.3
00-0024103,M.Owens,2012122304,12/23/2012 0:00,77,0,4,4,10,42,0,0,0,9.333333333,0,1,1,11,56.33333333,0.333333333,0,0,15.9
,,,,,,,,,,,,,26.25,0,1.75,1.75,10.75,52.75,0.25,0,0,0
00-0024204,F.Jackson,2009092009,9/20/2009 0:00,25,0,6,8,28,163,0,0,0,80,1,5,7,15,57,0,0,0,27.8
00-0024204,F.Jackson,2009092709,9/27/2009 0:00,26,0,4,5,18,71,0,0,0,52.5,0.5,5.5,7.5,21.5,110,0,0,0,13.7
00-0024204,F.Jackson,2009100408,10/4/2009 0:00,26,0,3,5,9,42,0,0,0,43.66666667,0.333333333,5,6.666666667,20.33333333,97,0,0,0,9.8
00-0024204,F.Jackson,2009101101,10/11/2009 0:00,17,0,2,3,13,30,0,0,0,39.25,0.25,4.5,6.25,17.5,83.25,0,0,0,6.7
00-0024204,F.Jackson,2009111506,11/15/2009 0:00,23,0,3,5,8,48,0,0,0,34.8,0.2,4,5.6,16.6,72.6,0,0,0,10.1
00-0024204,F.Jackson,2009112204,11/22/2009 0:00,20,0,4,4,9,35,0,0,0,32.83333333,0.166666667,3.833333333,5.5,15.16666667,68.5,0,0,0,9.5
00-0024204,F.Jackson,2009112901,11/29/2009 0:00,43,0,5,5,15,73,2,0,0,22.83333333,0,3.666666667,5,14.16666667,64.83333333,0,0,0,28.6
00-0024204,F.Jackson,2009120300,12/3/2009 0:00,24,0,3,3,13,31,0,0,0,25.83333333,0,3.5,4.5,12,49.83333333,0.333333333,0,0,8.5
00-0024204,F.Jackson,2009121306,12/13/2009 0:00,23,0,3,4,20,99,0,0,0,25.5,0,3.333333333,4.166666667,11.16666667,43.16666667,0.333333333,0,0,15.2
00-0024204,F.Jackson,2009122001,12/20/2009 0:00,32,0,4,5,15,80,0,0,0,25,0,3.333333333,4,13,52.66666667,0.333333333,0,0,15.2
00-0024204,F.Jackson,2009122700,12/27/2009 0:00,14,0,2,3,13,39,0,0,0,27.5,0,3.666666667,4.333333333,13.33333333,61,0.333333333,0,0,7.3
00-0024204,F.Jackson,2010010300,1/3/2010 0:00,15,1,2,2,33,212,0,0,0,26,0,3.5,4,14.16666667,59.5,0.333333333,0,0,33.7
00-0024204,F.Jackson,2010091901,9/19/2010 0:00,0,0,0,1,9,39,1,0,0,25.16666667,0.166666667,3.166666667,3.666666667,18.16666667,89,0.333333333,0,0,9.9
00-0024204,F.Jackson,2010101000,10/10/2010 0:00,-7,0,1,2,12,73,0,0,0,18,0.166666667,2.333333333,3,17.16666667,83.33333333,0.166666667,0,0,7.6
00-0024204,F.Jackson,2010102402,10/24/2010 0:00,4,0,1,2,23,73,0,0,0,12.83333333,0.166666667,2,2.833333333,17,90.33333333,0.166666667,0,0,8.7
00-0024204,F.Jackson,2010103103,10/31/2010 0:00,11,0,3,8,20,64,0,0,0,9.666666667,0.166666667,1.666666667,2.5,17.5,86,0.166666667,0,0,10.5
00-0024204,F.Jackson,2010110704,11/7/2010 0:00,20,0,5,7,9,16,1,0,0,6.166666667,0.166666667,1.5,3,18.33333333,83.33333333,0.166666667,0,0,14.6
00-0024204,F.Jackson,2010111406,11/14/2010 0:00,37,1,6,7,25,133,1,1,1,7.166666667,0.166666667,2,3.666666667,17.66666667,79.5,0.333333333,0,0,37
00-0024204,F.Jackson,2010112102,11/21/2010 0:00,13,0,3,5,21,116,2,0,0,10.83333333,0.166666667,2.666666667,4.5,16.33333333,66.33333333,0.5,0.166666667,0.166666667,30.9
00-0024204,F.Jackson,2010112801,11/28/2010 0:00,104,1,5,5,12,59,0,0,0,13,0.166666667,3.166666667,5.166666667,18.33333333,79.16666667,0.666666667,0.166666667,0.166666667,30.3
00-0024204,F.Jackson,2010120500,12/5/2010 0:00,6,0,1,1,11,42,0,0,0,31.5,0.333333333,3.833333333,5.666666667,18.33333333,76.83333333,0.666666667,0.166666667,0.166666667,5.8
00-0024204,F.Jackson,2010121201,12/12/2010 0:00,3,0,1,4,29,112,0,0,0,31.83333333,0.333333333,3.833333333,5.5,16.33333333,71.66666667,0.666666667,0.166666667,0.166666667,15.5
00-0024204,F.Jackson,2010121901,12/19/2010 0:00,0,0,0,2,15,36,0,0,0,30.5,0.333333333,3.5,4.833333333,17.83333333,79.66666667,0.666666667,0.166666667,0.166666667,3.6
00-0024204,F.Jackson,2010122601,12/26/2010 0:00,11,0,2,3,13,81,0,0,0,27.16666667,0.333333333,2.666666667,4,18.83333333,83,0.5,0.166666667,0.166666667,11.2
00-0024204,F.Jackson,2011010201,1/2/2011 0:00,13,0,1,1,13,35,0,0,0,22.83333333,0.166666667,2,3.333333333,16.83333333,74.33333333,0.333333333,0,0,5.8
00-0024204,F.Jackson,2011091104,9/11/2011 0:00,5,0,1,1,20,112,0,0,0,22.83333333,0.166666667,1.666666667,2.666666667,15.5,60.83333333,0,0,0,15.7
00-0024204,F.Jackson,2011091801,9/18/2011 0:00,23,0,2,2,15,117,2,0,0,6.333333333,0,1,2,16.83333333,69.66666667,0,0,0,31
00-0024204,F.Jackson,2011092502,9/25/2011 0:00,87,0,5,6,12,74,1,0,0,9.166666667,0,1.166666667,2.166666667,17.5,82.16666667,0.333333333,0,0,27.1
00-0024204,F.Jackson,2011100200,10/2/2011 0:00,32,0,5,8,17,66,1,0,0,23.16666667,0,1.833333333,2.5,14.66666667,75.83333333,0.5,0,0,20.8
00-0024204,F.Jackson,2011100907,10/9/2011 0:00,85,0,6,6,26,111,1,0,0,28.5,0,2.666666667,3.5,15,80.83333333,0.666666667,0,0,34.6
00-0024204,F.Jackson,2011101600,10/16/2011 0:00,38,0,4,5,16,121,1,0,0,40.83333333,0,3.333333333,4,17.16666667,85.83333333,0.833333333,0,0,28.9
00-0024204,F.Jackson,2011103007,10/30/2011 0:00,74,0,3,4,26,120,0,0,0,45,0,3.833333333,4.666666667,17.66666667,100.1666667,1,0,0,25.4
00-0024204,F.Jackson,2011110600,11/6/2011 0:00,38,0,3,7,18,82,0,0,0,56.5,0,4.166666667,5.166666667,18.66666667,101.5,1,0,0,15
00-0024204,F.Jackson,2011111300,11/13/2011 0:00,1,0,4,4,13,114,0,0,0,59,0,4.333333333,6,19.16666667,95.66666667,0.666666667,0,0,18.5
00-0024204,F.Jackson,2012093000,9/30/2012 0:00,50,0,3,3,13,29,0,0,0,44.66666667,0,4.166666667,5.666666667,19.33333333,102.3333333,0.5,0,0,10.9
00-0024204,F.Jackson,2012100710,10/7/2012 0:00,5,0,1,1,9,29,0,0,0,47.66666667,0,3.833333333,4.833333333,18.66666667,96.16666667,0.333333333,0,0,4.4
00-0024204,F.Jackson,2012101407,10/14/2012 0:00,30,0,5,6,16,53,1,0,0,34.33333333,0,3,4,15.83333333,82.5,0.166666667,0,0,19.3
00-0024204,F.Jackson,2012102107,10/21/2012 0:00,49,1,8,11,9,71,0,0,0,33,0,3.166666667,4.166666667,15.83333333,71.16666667,0.166666667,0,0,26
00-0024204,F.Jackson,2012111103,11/11/2012 0:00,35,0,4,5,16,80,2,0,1,28.83333333,0.166666667,4,5.333333333,13,63,0.166666667,0,0,26.5
00-0024204,F.Jackson,2012120206,12/2/2012 0:00,10,0,2,3,25,109,0,0,0,28.33333333,0.166666667,4.166666667,5,12.66666667,62.66666667,0.5,0,0.166666667,16.9
00-0024204,F.Jackson,2012120908,12/9/2012 0:00,7,0,4,4,9,14,0,0,0,29.83333333,0.166666667,3.833333333,4.833333333,14.66666667,61.83333333,0.5,0,0.166666667,6.1
00-0024204,F.Jackson,2013090800,9/8/2013 0:00,41,0,4,5,13,67,0,0,1,22.66666667,0.166666667,4,5,14,59.33333333,0.5,0,0.166666667,13.8
00-0024204,F.Jackson,2013091502,9/15/2013 0:00,23,0,4,6,12,30,1,0,0,28.66666667,0.166666667,4.5,5.666666667,14.66666667,65.66666667,0.5,0,0.333333333,15.3
00-0024204,F.Jackson,2013100300,10/3/2013 0:00,40,0,4,6,17,53,2,0,0,27.5,0.166666667,4.333333333,5.666666667,14,61.83333333,0.5,0,0.333333333,25.3
00-0024204,F.Jackson,2013101301,10/13/2013 0:00,13,0,4,5,10,35,0,0,0,26,0,3.666666667,4.833333333,15.33333333,58.83333333,0.833333333,0,0.333333333,8.8
00-0024204,F.Jackson,2013102006,10/20/2013 0:00,49,0,4,5,11,36,1,0,0,22.33333333,0,3.666666667,4.833333333,14.33333333,51.33333333,0.5,0,0.166666667,18.5
00-0024204,F.Jackson,2013102704,10/27/2013 0:00,8,0,2,4,15,45,1,0,0,28.83333333,0,4,5.166666667,12,39.16666667,0.666666667,0,0.166666667,13.3
00-0024204,F.Jackson,2013110300,11/3/2013 0:00,22,0,1,2,16,77,0,0,0,29,0,3.666666667,5.166666667,13,44.33333333,0.833333333,0,0.166666667,10.9
00-0024204,F.Jackson,2013111006,11/10/2013 0:00,7,0,3,4,12,55,0,0,0,25.83333333,0,3.166666667,4.666666667,13.5,46,0.833333333,0,0,9.2
00-0024204,F.Jackson,2013111700,11/17/2013 0:00,5,0,2,2,12,34,0,0,0,23.16666667,0,3,4.333333333,13.5,50.16666667,0.666666667,0,0,5.9
00-0024204,F.Jackson,2013120107,12/1/2013 0:00,36,1,4,4,11,42,1,0,0,17.33333333,0,2.666666667,3.666666667,12.66666667,47,0.333333333,0,0,23.8
00-0024204,F.Jackson,2013121503,12/15/2013 0:00,8,0,1,2,17,80,0,0,0,21.16666667,0.166666667,2.666666667,3.5,12.83333333,48.16666667,0.5,0,0,9.8
00-0024204,F.Jackson,2013122200,12/22/2013 0:00,7,0,2,2,19,111,1,0,0,14.33333333,0.166666667,2.166666667,3,13.83333333,55.5,0.333333333,0,0,22.8
00-0024204,F.Jackson,2013122907,12/29/2013 0:00,53,0,3,6,14,60,1,0,0,14.16666667,0.166666667,2.166666667,2.666666667,14.5,66.5,0.333333333,0,0,20.3
00-0024204,F.Jackson,2014091400,9/14/2014 0:00,27,0,2,4,12,24,0,0,0,19.33333333,0.166666667,2.5,3.333333333,14.16666667,63.66666667,0.5,0,0,7.1
00-0024204,F.Jackson,2014100502,10/5/2014 0:00,58,0,7,9,12,52,0,0,1,22.66666667,0.166666667,2.333333333,3.333333333,14.16666667,58.5,0.5,0,0,17
00-0024204,F.Jackson,2014101201,10/12/2014 0:00,17,0,4,6,10,26,1,0,0,31.5,0.166666667,3.166666667,4.5,14.16666667,61.5,0.5,0,0.166666667,14.3
00-0024204,F.Jackson,2014112301,11/23/2014 0:00,13,0,3,4,10,32,1,0,0,28.33333333,0,3.166666667,4.833333333,14,58.83333333,0.5,0,0.166666667,13.5
00-0024204,F.Jackson,2014113001,11/30/2014 0:00,27,0,3,4,21,70,0,0,0,29.16666667,0,3.5,5.166666667,12.83333333,50.83333333,0.666666667,0,0.166666667,12.7
00-0024204,F.Jackson,2014120710,12/7/2014 0:00,37,0,10,14,8,35,0,0,1,32.5,0,3.666666667,5.5,13.16666667,44,0.5,0,0.166666667,16.2
00-0024204,F.Jackson,2014121402,12/14/2014 0:00,27,0,3,6,20,71,0,0,0,29.83333333,0,4.833333333,6.833333333,12.16666667,39.83333333,0.333333333,0,0.333333333,12.8
00-0024204,F.Jackson,2014122807,12/28/2014 0:00,4,0,1,3,18,58,0,0,0,29.83333333,0,5,7.166666667,13.5,47.66666667,0.333333333,0,0.333333333,7.2
,,,,,,,,,,,,,20.83333333,0,4,6.166666667,14.5,48.66666667,0.333333333,0,0.166666667,0
00-0024217,R.Bush,2009092709,9/27/2009 0:00,17,0,3,7,13,64,0,0,0,42,0,3,5,10,33,1,0,0,11.1
00-0024217,R.Bush,2010121208,12/12/2010 0:00,22,0,5,5,9,39,0,0,0,29.5,0,3,6,11.5,48.5,0.5,0,0,11.1
00-0024217,R.Bush,2011010212,1/2/2011 0:00,55,0,5,9,9,70,0,0,0,27,0,3.666666667,5.666666667,10.66666667,45.33333333,0.333333333,0,0,17.5
00-0024217,R.Bush,2011091200,9/12/2011 0:00,56,1,9,10,11,38,0,0,0,34,0,4,6.5,10.25,51.5,0.25,0,0,24.4
00-0024217,R.Bush,2011092503,9/25/2011 0:00,12,0,1,1,11,24,0,0,0,38.4,0.2,5,7.2,10.4,48.8,0.2,0,0,4.6
00-0024217,R.Bush,2011100213,10/2/2011 0:00,15,0,2,2,13,50,0,0,0,34,0.166666667,4.333333333,6.166666667,10.5,44.66666667,0.166666667,0,0,8.5
00-0024217,R.Bush,2011101700,10/17/2011 0:00,7,0,2,2,10,71,0,0,0,29.5,0.166666667,4.166666667,5.666666667,11,47.5,0,0,0,9.8
00-0024217,R.Bush,2011102300,10/23/2011 0:00,4,0,2,2,10,42,0,0,0,27.83333333,0.166666667,4,4.833333333,10.5,48.66666667,0,0,0,6.6
00-0024217,R.Bush,2011103000,10/30/2011 0:00,17,0,4,5,15,103,0,0,0,24.83333333,0.166666667,3.5,4.333333333,10.66666667,49.16666667,0,0,0,19
00-0024217,R.Bush,2011110602,11/6/2011 0:00,50,0,3,3,13,92,1,0,0,18.5,0.166666667,3.333333333,3.666666667,11.66666667,54.66666667,0,0,0,23.2
00-0024217,R.Bush,2011111309,11/13/2011 0:00,4,0,4,5,14,47,2,0,0,17.5,0,2.333333333,2.5,12,63.66666667,0.166666667,0,0,21.1
00-0024217,R.Bush,2011112002,11/20/2011 0:00,34,0,4,5,15,32,1,0,0,16.16666667,0,2.833333333,3.166666667,12.5,67.5,0.5,0,0,16.6
00-0024217,R.Bush,2011112401,11/24/2011 0:00,35,0,3,4,16,61,0,0,0,19.33333333,0,3.166666667,3.666666667,12.83333333,64.5,0.666666667,0,0,12.6
00-0024217,R.Bush,2011120403,12/4/2011 0:00,0,0,0,2,22,100,1,0,0,24,0,3.333333333,4,13.83333333,62.83333333,0.666666667,0,0,16
00-0024217,R.Bush,2011121107,12/11/2011 0:00,27,0,5,6,14,103,0,0,0,23.33333333,0,3,4,15.83333333,72.5,0.833333333,0,0,21
00-0024217,R.Bush,2011121801,12/18/2011 0:00,6,0,1,1,25,203,1,0,0,25,0,3.166666667,4.166666667,15.66666667,72.5,0.833333333,0,0,30.9
00-0024217,R.Bush,2011122401,12/24/2011 0:00,26,0,2,3,22,113,0,0,0,17.66666667,0,2.833333333,3.833333333,17.66666667,91,0.833333333,0,0,18.9
00-0024217,R.Bush,2012090903,9/9/2012 0:00,46,0,6,6,14,69,0,0,0,21.33333333,0,2.5,3.5,19,102,0.5,0,0,17.5
00-0024217,R.Bush,2012091612,9/16/2012 0:00,25,0,3,4,26,172,2,0,0,23.33333333,0,2.833333333,3.666666667,18.83333333,108.1666667,0.333333333,0,0,37.7
00-0024217,R.Bush,2012092306,9/23/2012 0:00,1,0,1,1,10,61,0,0,0,21.66666667,0,2.833333333,3.666666667,20.5,126.6666667,0.666666667,0,0,7.2
00-0024217,R.Bush,2012093007,9/30/2012 0:00,0,0,0,1,17,67,0,0,0,21.83333333,0,3,3.5,18.5,120.1666667,0.5,0,0,6.7
00-0024217,R.Bush,2012100705,10/7/2012 0:00,24,0,2,2,19,48,1,0,0,17.33333333,0,2.166666667,2.666666667,19,114.1666667,0.5,0,0,15.2
00-0024217,R.Bush,2012101405,10/14/2012 0:00,44,0,5,7,12,17,0,0,0,20.33333333,0,2.333333333,2.833333333,18,88.33333333,0.5,0,0,11.1
00-0024217,R.Bush,2012102801,10/28/2012 0:00,6,0,1,1,14,59,0,0,0,23.33333333,0,2.833333333,3.5,16.33333333,72.33333333,0.5,0,0,7.5
00-0024217,R.Bush,2012110407,11/4/2012 0:00,25,0,2,3,10,41,1,0,0,16.66666667,0,2,2.666666667,16.33333333,70.66666667,0.5,0,0,14.6
00-0024217,R.Bush,2012111500,11/15/2012 0:00,15,0,2,3,10,20,0,0,0,16.66666667,0,1.833333333,2.5,13.66666667,48.83333333,0.333333333,0,0,5.5
00-0024217,R.Bush,2012112507,11/25/2012 0:00,-5,0,1,3,14,87,1,0,0,19,0,2,2.833333333,13.66666667,42,0.333333333,0,0,15.2
00-0024217,R.Bush,2012120207,12/2/2012 0:00,0,0,0,1,15,64,0,0,0,18.16666667,0,2.166666667,3.166666667,13.16666667,45.33333333,0.5,0,0,6.4
00-0024217,R.Bush,2012120910,12/9/2012 0:00,38,0,5,7,14,65,0,0,0,14.16666667,0,1.833333333,3,12.5,48,0.333333333,0,0,15.3
00-0024217,R.Bush,2012121605,12/16/2012 0:00,0,0,0,2,21,104,0,0,0,13.16666667,0,1.833333333,3,12.83333333,56,0.333333333,0,0,13.4
00-0024217,R.Bush,2012122302,12/23/2012 0:00,42,2,4,4,19,65,1,0,0,12.16666667,0,1.666666667,3.166666667,14,63.5,0.333333333,0,0,32.7
00-0024217,R.Bush,2012123001,12/30/2012 0:00,23,0,2,5,8,26,0,0,0,15,0.333333333,2,3.333333333,15.5,67.5,0.333333333,0,0,6.9
00-0024217,R.Bush,2013090804,9/8/2013 0:00,101,1,4,8,21,90,0,0,0,16.33333333,0.333333333,2,3.666666667,15.16666667,68.5,0.333333333,0,0,32.1
00-0024217,R.Bush,2013091509,9/15/2013 0:00,44,0,3,3,9,25,0,0,0,34,0.5,2.5,4.5,16.33333333,69,0.166666667,0,0,9.9
00-0024217,R.Bush,2013092902,9/29/2013 0:00,34,0,4,6,18,139,1,0,0,41.33333333,0.5,3,4.833333333,15.33333333,62.5,0.166666667,0,0,30.3
00-0024217,R.Bush,2013100602,10/6/2013 0:00,25,0,4,6,13,44,0,0,0,40.66666667,0.5,2.833333333,4.666666667,16,74.83333333,0.333333333,0,0,10.9
00-0024217,R.Bush,2013101302,10/13/2013 0:00,57,1,5,6,17,78,0,0,0,44.83333333,0.5,3.5,5.333333333,14.66666667,64.83333333,0.333333333,0,0,24.5
00-0024217,R.Bush,2013102002,10/20/2013 0:00,44,0,3,5,20,50,0,0,0,47.33333333,0.333333333,3.666666667,5.666666667,14.33333333,67,0.166666667,0,0,12.4
00-0024217,R.Bush,2013102700,10/27/2013 0:00,30,0,8,9,21,92,1,0,0,50.83333333,0.333333333,3.833333333,5.666666667,16.33333333,71,0.166666667,0,0,26.2
00-0024217,R.Bush,2013111002,11/10/2013 0:00,8,0,3,6,14,105,0,0,0,39,0.166666667,4.5,5.833333333,16.33333333,71.33333333,0.333333333,0,0,17.3
00-0024217,R.Bush,2013111707,11/17/2013 0:00,23,0,2,5,12,31,0,0,0,33,0.166666667,4.5,6.333333333,17.16666667,84.66666667,0.333333333,0,0,7.4
00-0024217,R.Bush,2013112402,11/24/2013 0:00,17,0,4,7,15,83,0,0,0,31.16666667,0.166666667,4.166666667,6.166666667,16.16666667,66.66666667,0.166666667,0,0,14
00-0024217,R.Bush,2013112800,11/28/2013 0:00,65,0,5,5,20,117,1,0,0,29.83333333,0.166666667,4.166666667,6.333333333,16.5,73.16666667,0.166666667,0,0,32.2
00-0024217,R.Bush,2013121600,12/16/2013 0:00,15,0,2,4,17,86,1,0,0,31.16666667,0,4.166666667,6.166666667,17,79.66666667,0.333333333,0,0,18.1
00-0024217,R.Bush,2013122210,12/22/2013 0:00,10,0,2,4,12,34,0,0,0,26.33333333,0,4,6,16.5,85.66666667,0.5,0,0,6.4
00-0024217,R.Bush,2013122906,12/29/2013 0:00,33,1,5,6,14,32,0,0,0,23,0,3,5.166666667,15,76,0.333333333,0,0,17.5
00-0024217,R.Bush,2014090800,9/8/2014 0:00,49,0,6,6,9,15,0,0,0,27.16666667,0.166666667,3.333333333,5.166666667,15,63.83333333,0.333333333,0,0,12.4
00-0024217,R.Bush,2014092103,9/21/2014 0:00,38,0,6,8,12,61,1,0,0,31.5,0.166666667,4,5.333333333,14.5,61.16666667,0.333333333,0,0,21.9
00-0024217,R.Bush,2014092805,9/28/2014 0:00,19,0,4,6,12,46,0,0,0,35,0.166666667,4.333333333,5.5,14,57.5,0.5,0,0,10.5
00-0024217,R.Bush,2014120702,12/7/2014 0:00,8,0,4,6,8,26,0,0,0,27.33333333,0.166666667,4.166666667,5.666666667,12.66666667,45.66666667,0.333333333,0,0,7.4
,,,,,,,,,,,,,26.16666667,0.166666667,4.5,6,11.16666667,35.66666667,0.166666667,0,0,0
00-0024236,L.Maroney,2009101810,10/18/2009 0:00,10,0,3,3,16,123,1,0,0,9,0,2,2,10,32,0,0,0,25.3
00-0024236,L.Maroney,2009102506,10/25/2009 0:00,0,0,0,1,13,43,1,0,0,9.5,0,2.5,2.5,13,77.5,0.5,0,0,10.3
00-0024236,L.Maroney,2009111512,11/15/2009 0:00,15,0,2,2,13,31,1,0,0,6.333333333,0,1.666666667,2,13,66,0.666666667,0,0,12.6
00-0024236,L.Maroney,2009113000,11/30/2009 0:00,23,0,3,3,15,64,2,1,1,8.5,0,1.75,2,13,57.25,0.75,0,0,22.7
00-0024236,L.Maroney,2009120613,12/6/2009 0:00,8,0,1,1,13,41,0,0,0,11.4,0,2,2.2,13.4,58.6,1,0.2,0.2,5.9
00-0024236,L.Maroney,2009121308,12/13/2009 0:00,17,0,2,3,22,94,0,0,0,10.83333333,0,1.833333333,2,13.33333333,55.66666667,0.833333333,0.166666667,0.166666667,13.1
00-0024236,L.Maroney,2010092611,9/26/2010 0:00,40,0,2,3,12,24,0,0,0,12.16666667,0,1.833333333,2.166666667,15.33333333,66,0.833333333,0.166666667,0.166666667,8.4
00-0024236,L.Maroney,2010100303,10/3/2010 0:00,10,0,2,4,11,5,0,0,0,17.16666667,0,1.666666667,2.166666667,14.66666667,49.5,0.666666667,0.166666667,0.166666667,3.5
,,,,,,,,,,,,,18.83333333,0,2,2.666666667,14.33333333,43.16666667,0.5,0.166666667,0.166666667,0
00-0024242,D.Williams,2009092000,9/20/2009 0:00,32,0,3,6,16,79,1,0,0,37,0,3,4,14,37,1,0,0,20.1
00-0024242,D.Williams,2009092800,9/28/2009 0:00,10,0,2,2,11,64,0,0,0,34.5,0,3,5,15,58,1,0,0,9.4
00-0024242,D.Williams,2009101102,10/11/2009 0:00,10,0,1,1,18,40,0,0,0,26.33333333,0,2.666666667,4,13.66666667,60,0.666666667,0,0,6
00-0024242,D.Williams,2009101806,10/18/2009 0:00,20,0,2,2,30,152,2,0,0,22.25,0,2.25,3.25,14.75,55,0.5,0,0,34.2
00-0024242,D.Williams,2009102507,10/25/2009 0:00,50,0,5,6,16,89,1,0,0,21.8,0,2.2,3,17.8,74.4,0.8,0,0,24.9
00-0024242,D.Williams,2009110807,11/8/2009 0:00,12,0,2,5,21,149,2,0,0,26.5,0,2.666666667,3.5,17.5,76.83333333,0.833333333,0,0,33.1
00-0024242,D.Williams,2009111500,11/15/2009 0:00,30,0,1,1,19,92,0,0,0,22.33333333,0,2.5,3.666666667,18.66666667,95.5,1,0,0,13.2
00-0024242,D.Williams,2009111900,11/19/2009 0:00,9,0,1,2,14,124,0,0,0,22,0,2.166666667,2.833333333,19.16666667,97.66666667,0.833333333,0,0,17.3
00-0024242,D.Williams,2009112905,11/29/2009 0:00,10,0,4,6,16,40,0,0,0,21.83333333,0,2,2.833333333,19.66666667,107.6666667,0.833333333,0,0,9
00-0024242,D.Williams,2009121308,12/13/2009 0:00,15,0,2,3,13,82,0,0,0,21.83333333,0,2.5,3.666666667,19.33333333,107.6666667,0.833333333,0,0,11.7
00-0024242,D.Williams,2010091908,9/19/2010 0:00,22,0,3,3,17,54,0,0,0,21,0,2.5,3.833333333,16.5,96,0.5,0,0,10.6
00-0024242,D.Williams,2010100306,10/3/2010 0:00,14,0,1,1,13,86,1,0,0,16.33333333,0,2.166666667,3.333333333,16.66666667,90.16666667,0.333333333,0,0,17
00-0024242,D.Williams,2010101005,10/10/2010 0:00,8,0,3,3,12,51,0,0,0,16.66666667,0,2,2.666666667,15.33333333,79.66666667,0.166666667,0,0,8.9
00-0024242,D.Williams,2010102406,10/24/2010 0:00,19,0,4,6,19,44,0,0,0,13,0,2.333333333,3,14.16666667,72.83333333,0.166666667,0,0,10.3
00-0024242,D.Williams,2011091109,9/11/2011 0:00,6,0,1,2,12,30,0,0,0,14.66666667,0,2.833333333,3.666666667,15,59.5,0.166666667,0,0,4.6
00-0024242,D.Williams,2011092500,9/25/2011 0:00,17,0,2,3,10,18,0,0,0,14,0,2.333333333,3,14.33333333,57.83333333,0.166666667,0,0,5.5
00-0024242,D.Williams,2011100205,10/2/2011 0:00,0,0,0,1,10,82,0,0,0,14.33333333,0,2.333333333,3,13.83333333,47.16666667,0.166666667,0,0,8.2
00-0024242,D.Williams,2011101606,10/16/2011 0:00,2,0,1,3,12,44,0,0,0,10.66666667,0,1.833333333,2.666666667,12.66666667,51.83333333,0.166666667,0,0,5.6
00-0024242,D.Williams,2011111301,11/13/2011 0:00,0,0,0,1,8,35,0,0,0,8.666666667,0,1.833333333,3,12.5,44.83333333,0,0,0,3.5
00-0024242,D.Williams,2011112006,11/20/2011 0:00,32,0,1,1,10,73,0,0,0,7.333333333,0,1.333333333,2.666666667,11.83333333,42.16666667,0,0,0,11.5
00-0024242,D.Williams,2012092000,9/20/2012 0:00,23,0,2,2,11,50,0,0,0,9.5,0,0.833333333,1.833333333,10.33333333,47,0,0,0,9.3
00-0024242,D.Williams,2012093004,9/30/2012 0:00,2,0,1,2,11,49,1,0,0,12.33333333,0,1,1.833333333,10.16666667,50.33333333,0,0,0,12.1
00-0024242,D.Williams,2012112600,11/26/2012 0:00,0,0,0,1,11,21,0,0,0,9.833333333,0,0.833333333,1.666666667,10.33333333,55.5,0.166666667,0,0,2.1
00-0024242,D.Williams,2012120204,12/2/2012 0:00,1,0,1,1,12,67,0,0,0,9.833333333,0,0.833333333,1.666666667,10.5,45.33333333,0.166666667,0,0,7.8
00-0024242,D.Williams,2012120906,12/9/2012 0:00,56,1,2,3,17,56,0,0,0,9.666666667,0,0.833333333,1.333333333,10.5,49.16666667,0.166666667,0,0,19.2
00-0024242,D.Williams,2012121609,12/16/2012 0:00,51,1,2,2,22,93,0,0,0,19,0.166666667,1.166666667,1.666666667,12,52.66666667,0.166666667,0,0,22.4
00-0024242,D.Williams,2012122301,12/23/2012 0:00,29,0,2,3,10,5,0,0,0,22.16666667,0.333333333,1.333333333,1.833333333,14,56,0.166666667,0,0,5.4
00-0024242,D.Williams,2012123011,12/30/2012 0:00,3,0,1,2,21,210,2,0,0,23.16666667,0.333333333,1.333333333,2,13.83333333,48.5,0.166666667,0,0,37.3
00-0024242,D.Williams,2013090801,9/8/2013 0:00,14,0,3,3,16,76,0,0,1,23.33333333,0.333333333,1.333333333,2,15.5,75.33333333,0.333333333,0,0,11
00-0024242,De.Williams,2013092210,9/22/2013 0:00,-3,0,1,2,23,120,0,0,0,25.66666667,0.333333333,1.833333333,2.333333333,16.33333333,84.5,0.333333333,0,0.166666667,15.7
00-0024242,De.Williams,2013100608,10/6/2013 0:00,30,0,2,3,12,39,0,0,0,25,0.333333333,1.833333333,2.5,18.16666667,93.33333333,0.333333333,0,0.166666667,8.9
00-0024242,De.Williams,2013101305,10/13/2013 0:00,53,0,5,5,17,64,0,0,0,20.66666667,0.166666667,1.833333333,2.5,17.33333333,90.5,0.333333333,0,0.166666667,16.7
00-0024242,De.Williams,2013102001,10/20/2013 0:00,19,0,1,1,15,40,0,0,0,21,0,2.333333333,3,16.5,85.66666667,0.333333333,0,0.166666667,6.9
00-0024242,De.Williams,2013102400,10/24/2013 0:00,8,0,1,3,8,43,1,0,0,19.33333333,0,2.166666667,2.666666667,17.33333333,91.5,0.333333333,0,0.166666667,12.1
00-0024242,De.Williams,2013110301,11/3/2013 0:00,12,0,2,2,13,42,0,0,0,20.16666667,0,2.166666667,2.833333333,15.16666667,63.66666667,0.166666667,0,0.166666667,7.4
00-0024242,De.Williams,2013111008,11/10/2013 0:00,0,0,0,2,8,46,1,0,0,19.83333333,0,2,2.666666667,14.66666667,58,0.166666667,0,0,10.6
00-0024242,De.Williams,2013112406,11/24/2013 0:00,16,0,2,3,10,31,0,0,0,20.33333333,0,1.833333333,2.666666667,12.16666667,45.66666667,0.333333333,0,0,6.7
00-0024242,De.Williams,2013120804,12/8/2013 0:00,11,0,1,2,13,52,0,0,0,18,0,1.833333333,2.666666667,11.83333333,44.33333333,0.333333333,0,0,7.3
00-0024242,De.Williams,2013121510,12/15/2013 0:00,87,1,3,4,15,81,0,0,0,11,0,1.166666667,2.166666667,11.16666667,42.33333333,0.333333333,0,0,25.8
00-0024242,De.Williams,2013122201,12/22/2013 0:00,0,0,1,1,12,67,1,0,0,22.33333333,0.166666667,1.5,2.666666667,11.16666667,49.16666667,0.333333333,0,0,13.7
00-0024242,De.Williams,2013122900,12/29/2013 0:00,75,0,2,2,10,33,0,1,1,21,0.166666667,1.5,2.333333333,11.83333333,53.16666667,0.333333333,0,0,11.8
00-0024242,D.Williams,2014090711,9/7/2014 0:00,0,0,0,1,14,72,0,0,0,31.5,0.166666667,1.5,2.333333333,11.33333333,51.66666667,0.333333333,0.166666667,0.166666667,7.2
00-0024242,D.Williams,2014103000,10/30/2014 0:00,30,0,1,1,8,20,0,0,0,31.5,0.166666667,1.5,2.166666667,12.33333333,56,0.166666667,0.166666667,0.166666667,6
00-0024242,D.Williams,2014111000,11/10/2014 0:00,17,0,3,3,13,31,0,0,0,33.83333333,0.166666667,1.333333333,1.833333333,12,54.16666667,0.166666667,0.166666667,0.166666667,7.8
00-0024242,D.Williams,2014111600,11/16/2014 0:00,-3,0,1,1,10,41,0,0,0,34.83333333,0.166666667,1.666666667,2,12,50.66666667,0.166666667,0.166666667,0.166666667,4.8
00-0024242,De.Williams,2015091000,9/10/2015 0:00,5,0,1,1,21,127,0,0,0,19.83333333,0,1.333333333,1.5,11.16666667,44,0.166666667,0.166666667,0.166666667,17.2
00-0024242,De.Williams,2015092009,9/20/2015 0:00,15,0,4,5,20,77,3,0,0,20.66666667,0,1.333333333,1.5,12.66666667,54,0,0.166666667,0.166666667,31.2
00-0024242,De.Williams,2015110102,11/1/2015 0:00,39,0,4,4,9,71,0,0,0,10.66666667,0,1.666666667,2,14.33333333,61.33333333,0.5,0,0,15
00-0024242,De.Williams,2015110806,11/8/2015 0:00,55,0,2,4,27,170,2,0,0,17.16666667,0,2.333333333,2.5,13.5,61.16666667,0.5,0,0,39.5
00-0024242,De.Williams,2015111507,11/15/2015 0:00,15,0,1,2,17,54,0,0,0,21.33333333,0,2.5,3,16.66666667,86.16666667,0.833333333,0,0,7.9
00-0024242,De.Williams,2015112910,11/29/2015 0:00,88,0,7,7,8,29,1,0,0,21,0,2.166666667,2.833333333,17.33333333,90,0.833333333,0,0,24.7
00-0024242,De.Williams,2015120613,12/6/2015 0:00,31,0,5,6,26,134,0,0,0,36.16666667,0,3.166666667,3.833333333,17,88,1,0,0,24.5
00-0024242,D.Williams,2015121302,12/13/2015 0:00,15,0,2,2,23,76,2,0,0,40.5,0,3.833333333,4.666666667,17.83333333,89.16666667,1,0,0,23.1
00-0024242,D.Williams,2015122010,12/20/2015 0:00,30,0,5,6,14,26,1,0,0,40.5,0,3.5,4.166666667,18.33333333,89,0.833333333,0,0,16.6
00-0024242,D.Williams,2015122712,12/27/2015 0:00,53,0,6,6,17,100,2,0,0,39,0,3.666666667,4.5,19.16666667,81.5,1,0,0,33.3
00-0024242,D.Williams,2016091200,9/12/2016 0:00,28,0,6,9,26,143,2,0,0,38.66666667,0,4.333333333,4.833333333,17.5,69.83333333,1,0,0,38.1
00-0024242,D.Williams,2016091806,9/18/2016 0:00,38,1,4,5,32,94,0,0,0,40.83333333,0,5.166666667,6,19,84.66666667,1.333333333,0,0,23.2
00-0024242,D.Williams,2016092510,9/25/2016 0:00,23,0,4,7,8,21,0,0,0,32.5,0.166666667,4.666666667,5.666666667,23,95.5,1.166666667,0,0,8.4
00-0024242,D.Williams,2017010108,1/1/2017 0:00,27,1,3,4,23,67,1,0,0,31.16666667,0.166666667,4.5,5.833333333,20,76.66666667,1.166666667,0,0,24.4
,,,,,,,,,,,,,33.16666667,0.333333333,4.666666667,6.166666667,20,75.16666667,1,0,0,0
00-0024245,J.Addai,2009092714,9/27/2009 0:00,8,1,3,4,13,63,0,0,0,35,0,5,6,17,42,1,0,0,16.1
00-0024245,J.Addai,2009100403,10/4/2009 0:00,50,0,7,7,12,46,1,0,0,21.5,0.5,4,5,15,52.5,0.5,0,0,22.6
00-0024245,J.Addai,2009101112,10/11/2009 0:00,53,0,10,10,14,27,1,0,0,31,0.333333333,5,5.666666667,14,50.33333333,0.666666667,0,0,24
00-0024245,J.Addai,2009102505,10/25/2009 0:00,3,0,1,1,20,64,1,0,0,36.5,0.25,6.25,6.75,14,44.5,0.75,0,0,13.7
00-0024245,J.Addai,2009110106,11/1/2009 0:00,4,0,2,2,20,62,0,0,0,29.8,0.2,5.2,5.6,15.2,48.4,0.8,0,0,8.6
00-0024245,J.Addai,2009110803,11/8/2009 0:00,49,1,5,10,14,63,1,0,0,25.5,0.166666667,4.666666667,5,16,50.66666667,0.666666667,0,0,28.2
00-0024245,J.Addai,2009111512,11/15/2009 0:00,27,1,2,3,10,41,1,0,0,27.83333333,0.333333333,4.666666667,5.666666667,15.5,54.16666667,0.666666667,0,0,20.8
00-0024245,J.Addai,2009112200,11/22/2009 0:00,7,0,1,1,19,74,1,0,0,31,0.333333333,4.5,5.5,15,50.5,0.833333333,0,0,15.1
00-0024245,J.Addai,2009112903,11/29/2009 0:00,13,0,3,4,15,69,0,0,0,23.83333333,0.333333333,3.5,4.5,16.16666667,55.16666667,0.833333333,0,0,11.2
00-0024245,J.Addai,2009120604,12/6/2009 0:00,17,0,3,3,21,79,2,0,0,17.16666667,0.333333333,2.333333333,3.5,16.33333333,62.16666667,0.666666667,0,0,24.6
00-0024245,J.Addai,2009121304,12/13/2009 0:00,49,0,5,8,16,67,0,0,0,19.5,0.333333333,2.666666667,3.833333333,16.5,64.66666667,0.833333333,0,0,16.6
00-0024245,J.Addai,2009121700,12/17/2009 0:00,14,0,3,3,16,59,0,0,0,27,0.333333333,3.166666667,4.833333333,15.83333333,65.5,0.833333333,0,0,10.3
00-0024245,J.Addai,2010091203,9/12/2010 0:00,29,0,6,6,10,44,0,0,0,21.16666667,0.166666667,2.833333333,3.666666667,16.16666667,64.83333333,0.666666667,0,0,13.3
00-0024245,J.Addai,2010091914,9/19/2010 0:00,21,0,2,3,20,92,0,0,0,21.5,0,3.5,4.166666667,16.16666667,65.33333333,0.5,0,0,13.3
00-0024245,J.Addai,2010092611,9/26/2010 0:00,10,0,2,4,13,29,0,0,0,23.83333333,0,3.666666667,4.5,16.33333333,68.33333333,0.333333333,0,0,5.9
00-0024245,J.Addai,2010100308,10/3/2010 0:00,19,0,3,3,16,63,2,0,0,23.33333333,0,3.5,4.5,16,61.66666667,0.333333333,0,0,23.2
00-0024245,J.Addai,2010101002,10/10/2010 0:00,39,0,5,6,17,50,0,0,0,23.66666667,0,3.5,4.5,15.16666667,59,0.333333333,0,0,13.9
00-0024245,J.Addai,2010101712,10/17/2010 0:00,0,0,0,2,17,128,1,0,0,22,0,3.5,4.166666667,15.33333333,56.16666667,0.333333333,0,0,21.8
00-0024245,J.Addai,2010122610,12/26/2010 0:00,6,0,1,1,12,45,1,0,0,19.66666667,0,3,4,15.5,67.66666667,0.5,0,0,12.1
00-0024245,J.Addai,2011010205,1/2/2011 0:00,0,0,0,1,11,44,0,0,0,15.83333333,0,2.166666667,3.166666667,15.83333333,67.83333333,0.666666667,0,0,4.4
00-0024245,J.Addai,2011091102,9/11/2011 0:00,13,0,2,4,8,39,0,0,0,12.33333333,0,1.833333333,2.833333333,14.33333333,59.83333333,0.666666667,0,0,7.2
00-0024245,J.Addai,2011091804,9/18/2011 0:00,37,0,4,4,14,64,0,0,0,12.83333333,0,1.833333333,2.833333333,13.5,61.5,0.666666667,0,0,14.1
00-0024245,J.Addai,2011092514,9/25/2011 0:00,2,0,1,2,17,86,1,0,0,15.83333333,0,2,3,13.16666667,61.66666667,0.333333333,0,0,15.8
00-0024245,J.Addai,2011100300,10/3/2011 0:00,7,0,1,2,11,41,0,0,0,9.666666667,0,1.333333333,2.333333333,13.16666667,67.66666667,0.5,0,0,5.8
00-0024245,J.Addai,2011120413,12/4/2011 0:00,2,0,1,1,13,39,0,0,0,10.83333333,0,1.5,2.333333333,12.16666667,53.16666667,0.333333333,0,0,5.1
00-0024245,J.Addai,2011121802,12/18/2011 0:00,7,0,2,2,11,20,0,0,0,10.16666667,0,1.5,2.333333333,12.33333333,52.16666667,0.166666667,0,0,4.7
00-0024245,J.Addai,2011122200,12/22/2011 0:00,8,0,1,1,19,59,0,0,0,11.33333333,0,1.833333333,2.5,12.33333333,48.16666667,0.166666667,0,0,7.7
00-0024245,J.Addai,2012010105,1/1/2012 0:00,0,0,0,1,8,19,0,0,0,10.5,0,1.666666667,2,14.16666667,51.5,0.166666667,0,0,1.9
,,,,,,,,,,,,,4.333333333,0,1,1.5,13.16666667,44,0.166666667,0,0,0
,,,,,,,,,,,,,5,0,1,1,8,28,0,0,0,0
00-0024275,M.Jones-Drew,2009092003,9/20/2009 0:00,17,0,4,7,13,66,0,0,0,26,0,5,8,22,97,1,0,0,12.3
00-0024275,M.Jones-Drew,2009092703,9/27/2009 0:00,28,0,4,7,23,119,3,0,0,21.5,0,4.5,7.5,17.5,81.5,0.5,0,0,39.7
00-0024275,M.Jones-Drew,2009101111,10/11/2009 0:00,23,0,5,5,12,34,0,0,0,23.66666667,0,4.333333333,7.333333333,19.33333333,94,1.333333333,0,0,10.7
00-0024275,M.Jones-Drew,2009101802,10/18/2009 0:00,45,0,5,7,33,133,3,0,0,23.5,0,4.5,6.75,17.5,79,1,0,0,43.8
00-0024275,M.Jones-Drew,2009110109,11/1/2009 0:00,-4,0,1,4,8,177,2,0,0,27.8,0,4.6,6.8,20.6,89.8,1.4,0,0,33.3
00-0024275,M.Jones-Drew,2009110804,11/8/2009 0:00,37,0,3,4,29,97,1,0,0,22.5,0,4,6.333333333,18.5,104.3333333,1.5,0,0,22.4
00-0024275,M.Jones-Drew,2009111503,11/15/2009 0:00,22,0,2,2,24,123,1,0,0,24.33333333,0,3.666666667,5.666666667,19.66666667,104.3333333,1.5,0,0,25.5
00-0024275,M.Jones-Drew,2009112204,11/22/2009 0:00,18,0,4,5,25,66,1,0,0,25.16666667,0,3.333333333,4.833333333,21.5,113.8333333,1.666666667,0,0,18.4
00-0024275,M.Jones-Drew,2009112910,11/29/2009 0:00,35,0,5,5,15,75,0,0,0,23.5,0,3.333333333,4.5,21.83333333,105,1.333333333,0,0,16
00-0024275,M.Jones-Drew,2009120605,12/6/2009 0:00,6,0,1,2,24,76,0,0,0,25.5,0,3.333333333,4.5,22.33333333,111.8333333,1.333333333,0,0,9.2
00-0024275,M.Jones-Drew,2009121305,12/13/2009 0:00,24,0,2,2,18,59,1,0,0,19,0,2.666666667,3.666666667,20.83333333,102.3333333,0.833333333,0,0,16.3
00-0024275,M.Jones-Drew,2009121700,12/17/2009 0:00,30,1,5,5,27,110,1,0,0,23.66666667,0,2.833333333,3.333333333,22.5,82.66666667,0.666666667,0,0,34
00-0024275,M.Jones-Drew,2009122706,12/27/2009 0:00,35,0,3,3,18,63,0,0,0,22.5,0.166666667,3.166666667,3.5,22.16666667,84.83333333,0.666666667,0,0,12.8
00-0024275,M.Jones-Drew,2010010302,1/3/2010 0:00,6,0,1,2,16,82,0,0,0,24.66666667,0.166666667,3.333333333,3.666666667,21.16666667,74.83333333,0.5,0,0,9.8
00-0024275,M.Jones-Drew,2010091204,9/12/2010 0:00,15,0,3,3,23,98,0,0,0,22.66666667,0.166666667,2.833333333,3.166666667,19.66666667,77.5,0.333333333,0,0,14.3
00-0024275,M.Jones-Drew,2010091913,9/19/2010 0:00,17,0,1,1,12,31,0,0,0,19.33333333,0.166666667,2.5,2.833333333,21,81.33333333,0.333333333,0,0,5.8
00-0024275,M.Jones-Drew,2010092610,9/26/2010 0:00,1,0,2,3,22,88,0,0,0,21.16666667,0.166666667,2.5,2.666666667,19,73.83333333,0.333333333,0,0,10.9
00-0024275,M.Jones-Drew,2010100308,10/3/2010 0:00,16,1,2,2,26,105,1,0,0,17.33333333,0.166666667,2.5,2.833333333,19.66666667,78.66666667,0.166666667,0,0,29.1
00-0024275,M.Jones-Drew,2010101000,10/10/2010 0:00,9,0,2,4,19,84,0,0,0,15,0.166666667,2,2.333333333,19.5,77.83333333,0.166666667,0,0,11.3
00-0024275,M.Jones-Drew,2010101800,10/18/2010 0:00,8,0,2,2,17,57,0,0,0,10.66666667,0.166666667,1.833333333,2.5,19.66666667,81.33333333,0.166666667,0,0,8.5
00-0024275,M.Jones-Drew,2010102403,10/24/2010 0:00,74,1,5,6,16,47,0,0,0,11,0.166666667,2,2.5,19.83333333,77.16666667,0.166666667,0,0,23.1
00-0024275,M.Jones-Drew,2010103101,10/31/2010 0:00,13,0,2,3,27,135,0,0,0,20.83333333,0.333333333,2.333333333,3,18.66666667,68.66666667,0.166666667,0,0,19.8
00-0024275,M.Jones-Drew,2010111403,11/14/2010 0:00,23,0,2,3,24,100,2,0,0,20.16666667,0.333333333,2.5,3.333333333,21.16666667,86,0.166666667,0,0,26.3
00-0024275,M.Jones-Drew,2010112104,11/21/2010 0:00,87,0,3,3,24,132,1,0,0,23.83333333,0.333333333,2.5,3.333333333,21.5,88,0.5,0,0,33.9
00-0024275,M.Jones-Drew,2010112800,11/28/2010 0:00,9,0,4,4,21,113,0,0,0,35.66666667,0.166666667,2.666666667,3.5,21.16666667,92.5,0.5,0,0,19.2
00-0024275,M.Jones-Drew,2010120502,12/5/2010 0:00,4,0,1,1,31,186,0,0,0,35.66666667,0.166666667,3,3.5,21.5,97.33333333,0.5,0,0,23
00-0024275,M.Jones-Drew,2010121203,12/12/2010 0:00,19,0,3,6,23,101,1,0,0,35,0.166666667,2.833333333,3.333333333,23.83333333,118.8333333,0.5,0,0,24
00-0024275,M.Jones-Drew,2010121903,12/19/2010 0:00,22,0,2,3,15,46,0,0,0,25.83333333,0,2.5,3.333333333,25,127.8333333,0.666666667,0,0,8.8
00-0024275,M.Jones-Drew,2011091803,9/18/2011 0:00,19,0,3,4,18,88,0,0,0,27.33333333,0,2.5,3.333333333,23,113,0.666666667,0,0,13.7
00-0024275,M.Jones-Drew,2011092500,9/25/2011 0:00,45,0,3,3,24,122,0,0,1,26.66666667,0,2.666666667,3.5,22,111,0.333333333,0,0,21.7
00-0024275,M.Jones-Drew,2011100207,10/2/2011 0:00,3,0,1,4,11,84,0,0,0,19.66666667,0,2.666666667,3.5,22,109.3333333,0.166666667,0,0.166666667,9.7
00-0024275,M.Jones-Drew,2011101602,10/16/2011 0:00,8,0,2,3,22,96,0,0,0,18.66666667,0,2.166666667,3.5,20.33333333,104.5,0.166666667,0,0.166666667,12.4
00-0024275,M.Jones-Drew,2011102400,10/24/2011 0:00,-1,0,2,3,30,105,0,0,1,19.33333333,0,2.333333333,3.833333333,18.83333333,89.5,0.166666667,0,0.166666667,14.4
00-0024275,M.Jones-Drew,2011103001,10/30/2011 0:00,11,0,1,4,18,63,1,0,0,16,0,2.166666667,3.333333333,20,90.16666667,0,0,0.333333333,14.4
00-0024275,M.Jones-Drew,2011111304,11/13/2011 0:00,23,0,3,3,25,114,1,0,0,14.16666667,0,2,3.5,20.5,93,0.166666667,0,0.333333333,25.7
00-0024275,M.Jones-Drew,2011112003,11/20/2011 0:00,31,0,4,6,21,87,1,0,0,14.83333333,0,2,3.333333333,21.66666667,97.33333333,0.333333333,0,0.333333333,21.8
00-0024275,M.Jones-Drew,2011112702,11/27/2011 0:00,67,0,4,6,18,99,0,0,0,12.5,0,2.166666667,3.833333333,21.16666667,91.5,0.5,0,0.166666667,20.6
00-0024275,M.Jones-Drew,2011120500,12/5/2011 0:00,91,1,6,8,20,97,0,0,0,23.16666667,0,2.666666667,4.166666667,22.33333333,94,0.5,0,0.166666667,30.8
00-0024275,M.Jones-Drew,2011121108,12/11/2011 0:00,51,2,6,6,27,85,2,0,0,37,0.166666667,3.333333333,5,22,94.16666667,0.5,0,0.166666667,43.6
00-0024275,M.Jones-Drew,2011121500,12/15/2011 0:00,1,0,1,1,17,112,0,0,0,45.66666667,0.5,4,5.5,21.5,90.83333333,0.833333333,0,0,15.3
00-0024275,M.Jones-Drew,2011122403,12/24/2011 0:00,21,0,6,10,24,103,1,0,0,44,0.5,4,5,21.33333333,99,0.666666667,0,0,27.4
00-0024275,M.Jones-Drew,2012010105,1/1/2012 0:00,4,0,1,3,25,169,0,0,0,43.66666667,0.5,4.5,6.166666667,21.16666667,97.16666667,0.666666667,0,0,21.3
00-0024275,M.Jones-Drew,2012090901,9/9/2012 0:00,18,0,3,5,19,77,0,0,0,39.16666667,0.5,4,5.666666667,21.83333333,110.8333333,0.5,0,0,12.5
00-0024275,M.Jones-Drew,2012091607,9/16/2012 0:00,7,1,3,3,12,60,0,0,0,31,0.5,3.833333333,5.5,22,107.1666667,0.5,0,0,15.7
00-0024275,M.Jones-Drew,2012092308,9/23/2012 0:00,16,0,2,2,29,177,1,0,0,17,0.5,3.333333333,4.666666667,20.66666667,101,0.5,0,0,30.3
00-0024275,M.Jones-Drew,2012093009,9/30/2012 0:00,42,0,5,5,13,38,0,0,0,11.16666667,0.166666667,2.666666667,4,21,116.3333333,0.333333333,0,0,13
00-0024275,M.Jones-Drew,2012100708,10/7/2012 0:00,3,0,1,3,12,56,0,0,0,18,0.166666667,3.333333333,4.666666667,20.33333333,104,0.333333333,0,0,6.9
00-0024275,M.Jones-Drew,2013090806,9/8/2013 0:00,0,0,0,2,15,45,0,0,0,15,0.166666667,2.5,3.5,18.33333333,96.16666667,0.166666667,0,0,4.5
00-0024275,M.Jones-Drew,2013091512,9/15/2013 0:00,1,0,1,1,10,27,0,0,0,14.33333333,0.166666667,2.333333333,3.333333333,16.66666667,75.5,0.166666667,0,0,3.8
00-0024275,M.Jones-Drew,2013092212,9/22/2013 0:00,19,0,2,5,19,43,1,0,0,11.5,0.166666667,2,2.666666667,15.16666667,67.16666667,0.166666667,0,0,14.2
00-0024275,M.Jones-Drew,2013092904,9/29/2013 0:00,5,0,1,1,13,23,0,0,0,13.5,0,1.833333333,3,16.33333333,64.33333333,0.333333333,0,0,3.8
00-0024275,M.Jones-Drew,2013100606,10/6/2013 0:00,16,0,2,3,17,70,0,0,0,11.66666667,0,1.666666667,2.833333333,13.66666667,38.66666667,0.166666667,0,0,10.6
00-0024275,M.Jones-Drew,2013101308,10/13/2013 0:00,3,0,2,2,21,71,1,0,0,7.333333333,0,1.166666667,2.5,14.33333333,44,0.166666667,0,0,15.4
00-0024275,M.Jones-Drew,2013102004,10/20/2013 0:00,19,0,2,2,9,37,0,0,0,7.333333333,0,1.333333333,2.333333333,15.83333333,46.5,0.333333333,0,0,7.6
00-0024275,M.Jones-Drew,2013102701,10/27/2013 0:00,47,0,6,8,19,75,0,0,0,10.5,0,1.666666667,2.333333333,14.83333333,45.16666667,0.333333333,0,0,18.2
00-0024275,M.Jones-Drew,2013111007,11/10/2013 0:00,33,0,4,4,21,41,1,0,0,18.16666667,0,2.5,3.5,16.33333333,53.16666667,0.333333333,0,0,17.4
00-0024275,M.Jones-Drew,2013111704,11/17/2013 0:00,12,0,4,4,14,23,1,0,0,20.5,0,2.833333333,3.333333333,16.66666667,52.83333333,0.333333333,0,0,13.5
00-0024275,M.Jones-Drew,2013112404,11/24/2013 0:00,60,0,6,6,14,84,1,0,0,21.66666667,0,3.333333333,3.833333333,16.83333333,52.83333333,0.5,0,0,26.4
00-0024275,M.Jones-Drew,2013120101,12/1/2013 0:00,0,0,2,8,23,0,0,0,0,29,0,4,4.333333333,16.33333333,55.16666667,0.666666667,0,0,2
00-0024275,M.Jones-Drew,2013120500,12/5/2013 0:00,20,0,2,3,14,103,0,0,0,28.5,0,4,5.333333333,16.66666667,43.33333333,0.5,0,0,17.3
00-0024275,M.Jones-Drew,2013122204,12/22/2013 0:00,24,0,4,5,13,45,0,0,0,28.66666667,0,4,5.5,17.5,54.33333333,0.5,0,0,10.9
00-0024275,M.Jones-Drew,2013122904,12/29/2013 0:00,51,0,5,6,13,39,0,0,0,24.83333333,0,3.666666667,5,16.5,49.33333333,0.5,0,0,14
00-0024275,M.Jones-Drew,2014090706,9/7/2014 0:00,12,0,2,3,9,11,0,0,0,27.83333333,0,3.833333333,5.333333333,15.16666667,49,0.333333333,0,0,4.3
,,,,,,,,,,,,,27.83333333,0,3.5,5.166666667,14.33333333,47,0.166666667,0,0,0
00-0024294,J.Norwood,2009120600,12/6/2009 0:00,24,0,2,4,11,18,0,0,0,-6,0,1,1,12,44,0,1,1,6.2
00-0024294,J.Norwood,2009122004,12/20/2009 0:00,47,0,2,2,9,22,0,0,0,9,0,1.5,2.5,11.5,31,0,0.5,0.5,8.9
00-0024294,J.Norwood,2009122700,12/27/2009 0:00,9,0,1,1,13,52,0,0,0,21.66666667,0,1.666666667,2.333333333,10.66666667,28,0,0.333333333,0.333333333,7.1
00-0024294,J.Norwood,2010010310,1/3/2010 0:00,23,0,4,4,9,27,0,0,0,18.5,0,1.5,2,11.25,34,0,0.25,0.25,9
,,,,,,,,,,,,,19.4,0,2,2.4,10.8,32.6,0,0.2,0.2,0
00-0024332,L.Washington,2009092005,9/20/2009 0:00,18,0,2,3,14,58,0,0,0,24,0,4,6,15,60,0,0,0,9.6
00-0024332,L.Washington,2009092711,9/27/2009 0:00,6,0,1,2,12,46,0,0,0,21,0,3,4.5,14.5,59,0,0,0,6.2
00-0024332,L.Washington,2009101200,10/12/2009 0:00,13,0,1,2,10,44,0,0,0,16,0,2.333333333,3.666666667,13.66666667,54.66666667,0,0,0,6.7
00-0024332,L.Washington,2009101811,10/18/2009 0:00,46,0,3,8,15,99,0,0,0,15.25,0,2,3.25,12.75,52,0,0,0,17.5
,,,,,,,,,,,,,21.4,0,2.2,4.2,13.2,61.4,0,0,0,0
00-0024359,J.Harrison,2009100401,10/4/2009 0:00,31,0,5,7,29,121,0,0,0,33,0,5,7,16,52,0,0,0,23.2
00-0024359,J.Harrison,2009101101,10/11/2009 0:00,0,0,0,2,8,21,0,0,0,32,0,5,7,22.5,86.5,0,0,0,2.1
00-0024359,J.Harrison,2009120609,12/6/2009 0:00,62,2,7,11,10,35,0,0,0,21.33333333,0,3.333333333,5.333333333,17.66666667,64.66666667,0,0,0,28.7
00-0024359,J.Harrison,2009122003,12/20/2009 0:00,12,0,2,3,34,286,3,0,0,31.5,0.5,4.25,6.75,15.75,57.25,0,0,0,52.8
00-0024359,J.Harrison,2010010302,1/3/2010 0:00,20,0,2,2,33,127,1,0,0,27.6,0.4,3.8,6,19.4,103,0.6,0,0,25.7
00-0024359,J.Harrison,2010091200,9/12/2010 0:00,7,0,1,1,9,52,0,0,0,26.33333333,0.333333333,3.5,5.333333333,21.66666667,107,0.666666667,0,0,6.9
00-0024359,J.Harrison,2010091903,9/19/2010 0:00,35,0,3,3,16,33,0,0,0,22,0.333333333,2.833333333,4.333333333,20.5,107,0.666666667,0,0,9.8
00-0024359,J.Harrison,2010111500,11/15/2010 0:00,15,0,1,1,11,109,1,0,0,22.66666667,0.333333333,2.5,3.666666667,18.33333333,92.33333333,0.666666667,0,0,22.4
00-0024359,J.Harrison,2011010207,1/2/2011 0:00,17,0,5,6,21,99,0,0,0,25.16666667,0.333333333,2.666666667,3.5,18.83333333,107,0.833333333,0,0,16.6
,,,,,,,,,,,,,17.66666667,0,2.333333333,2.666666667,20.66666667,117.6666667,0.833333333,0,0,0
00-0024460,Q.Ganther,2009122100,12/21/2009 0:00,19,0,2,2,11,21,1,0,0,43,0,3,3,14,50,2,0,0,12
00-0024460,Q.Ganther,2010010314,1/3/2010 0:00,7,0,1,1,12,27,0,0,0,31,0,2.5,2.5,12.5,35.5,1.5,0,0,4.4
,,,,,,,,,,,,,23,0,2,2,12.33333333,32.66666667,1,0,0,0
,,,,,,,,,,,,,27,0,4,5,9,34,0,0,0,0
00-0024813,P.Thomas,2009102510,10/25/2009 0:00,14,0,1,1,8,30,0,0,0,46,0,4,4,19,86,1,0,1,5.4
00-0024813,P.Thomas,2009110200,11/2/2009 0:00,9,1,2,2,14,91,1,0,0,30,0,2.5,2.5,13.5,58,0.5,0,0.5,24
00-0024813,P.Thomas,2009110807,11/8/2009 0:00,31,0,5,5,13,50,1,0,0,23,0.333333333,2.333333333,2.333333333,13.66666667,69,0.666666667,0,0.333333333,19.1
00-0024813,P.Thomas,2009111505,11/15/2009 0:00,5,0,1,3,11,37,0,0,0,25,0.25,3,3,13.5,64.25,0.75,0,0.25,5.2
00-0024813,P.Thomas,2009112208,11/22/2009 0:00,11,0,3,5,11,92,0,0,0,21,0.2,2.6,3,13,58.8,0.6,0,0.2,13.3
00-0024813,P.Thomas,2009113000,11/30/2009 0:00,23,1,3,3,11,64,0,0,0,19.33333333,0.166666667,2.666666667,3.333333333,12.66666667,64.33333333,0.5,0,0.166666667,17.7
00-0024813,P.Thomas,2009121300,12/13/2009 0:00,53,0,6,7,13,47,0,0,0,15.5,0.333333333,2.5,3.166666667,11.33333333,60.66666667,0.333333333,0,0,16
00-0024813,P.Thomas,2010090900,9/9/2010 0:00,15,0,3,3,19,71,1,0,0,22,0.333333333,3.333333333,4.166666667,12.16666667,63.5,0.333333333,0,0,17.6
00-0024813,P.Thomas,2010092000,9/20/2010 0:00,57,0,8,8,18,46,0,0,0,23,0.166666667,3.5,4.333333333,13,60.16666667,0.333333333,0,0,18.3
00-0024813,P.Thomas,2010092606,9/26/2010 0:00,61,0,6,6,9,30,0,0,0,27.33333333,0.166666667,4,4.833333333,13.83333333,59.5,0.166666667,0,0,15.1
00-0024813,P.Thomas,2010121208,12/12/2010 0:00,29,0,4,4,12,39,0,0,0,36.66666667,0.166666667,4.833333333,5.333333333,13.5,58.33333333,0.166666667,0,0,10.8
00-0024813,P.Thomas,2010122700,12/27/2010 0:00,39,0,7,7,19,63,1,0,0,39.66666667,0.166666667,5,5.166666667,13.66666667,49.5,0.166666667,0,0,23.2
00-0024813,P.Thomas,2011091808,9/18/2011 0:00,14,0,2,4,9,41,0,0,0,42.33333333,0,5.666666667,5.833333333,15,49.33333333,0.333333333,0,0,7.5
00-0024813,P.Thomas,2011102311,10/23/2011 0:00,68,0,5,6,10,57,0,0,0,35.83333333,0,5,5.333333333,14.33333333,48.33333333,0.333333333,0,0,17.5
00-0024813,P.Thomas,2011110605,11/6/2011 0:00,25,0,4,5,8,66,1,0,0,44.66666667,0,5.333333333,5.833333333,12.83333333,46,0.166666667,0,0,19.1
00-0024813,P.Thomas,2011112800,11/28/2011 0:00,47,0,3,3,8,63,1,0,0,39.33333333,0,4.666666667,5.333333333,11.16666667,49.33333333,0.333333333,0,0,20
00-0024813,P.Thomas,2011121805,12/18/2011 0:00,41,0,2,2,8,44,1,0,0,37,0,4.166666667,4.833333333,11,54.83333333,0.5,0,0,16.5
00-0024813,P.Thomas,2011122600,12/26/2011 0:00,4,0,2,2,9,53,1,0,0,39,0,3.833333333,4.5,10.33333333,55.66666667,0.666666667,0,0,13.7
00-0024813,P.Thomas,2012091601,9/16/2012 0:00,33,0,4,6,9,110,0,0,0,33.16666667,0,3,3.666666667,8.666666667,54,0.666666667,0,0,21.3
00-0024813,P.Thomas,2012093010,9/30/2012 0:00,-1,0,2,3,9,14,0,0,0,36.33333333,0,3.333333333,4,8.666666667,65.5,0.666666667,0,0,3.3
00-0024813,P.Thomas,2012100711,10/7/2012 0:00,40,0,2,2,9,30,0,0,0,24.83333333,0,2.833333333,3.5,8.5,58.33333333,0.666666667,0,0,9
00-0024813,P.Thomas,2012102103,10/21/2012 0:00,0,0,0,1,13,32,1,0,0,27.33333333,0,2.5,3,8.666666667,52.33333333,0.5,0,0,9.2
00-0024813,P.Thomas,2012102811,10/28/2012 0:00,6,0,2,2,8,43,0,0,0,19.5,0,2,2.666666667,9.5,47.16666667,0.5,0,0,6.9
00-0024813,P.Thomas,2012112900,11/29/2012 0:00,5,0,1,1,14,84,0,0,0,13.66666667,0,2,2.666666667,9.5,47,0.333333333,0,0,9.9
00-0024813,P.Thomas,2013090808,9/8/2013 0:00,16,0,4,4,9,43,0,0,0,13.83333333,0,1.833333333,2.5,10.33333333,52.16666667,0.166666667,0,0,9.9
00-0024813,P.Thomas,2013092207,9/22/2013 0:00,30,0,5,5,10,30,0,0,0,11,0,1.833333333,2.166666667,10.33333333,41,0.166666667,0,0,11
00-0024813,P.Thomas,2013100600,10/6/2013 0:00,55,2,9,9,19,36,0,0,0,16.16666667,0,2.333333333,2.5,10.5,43.66666667,0.166666667,0,0,30.1
00-0024813,P.Thomas,2013101310,10/13/2013 0:00,29,0,1,1,11,51,0,0,0,18.66666667,0.333333333,3.5,3.666666667,12.16666667,44.66666667,0.166666667,0,0,9
00-0024813,P.Thomas,2013102704,10/27/2013 0:00,29,0,3,3,14,65,0,0,0,23.5,0.333333333,3.666666667,3.666666667,11.83333333,47.83333333,0,0,0,12.4
00-0024813,P.Thomas,2013111011,11/10/2013 0:00,24,1,7,7,17,87,1,0,0,27.33333333,0.333333333,3.833333333,3.833333333,12.83333333,51.5,0,0,0,30.1
00-0024813,P.Thomas,2013111710,11/17/2013 0:00,35,0,5,5,11,49,0,0,0,30.5,0.5,4.833333333,4.833333333,13.33333333,52,0.166666667,0,0,13.4
00-0024813,P.Thomas,2013112100,11/21/2013 0:00,57,0,5,6,10,73,0,0,0,33.66666667,0.5,5,5,13.66666667,53,0.166666667,0,0,18
00-0024813,P.Thomas,2013121507,12/15/2013 0:00,62,0,7,7,9,21,0,0,0,38.16666667,0.5,5,5.166666667,13.66666667,60.16666667,0.166666667,0,0,15.3
00-0024813,P.Thomas,2014092106,9/21/2014 0:00,21,0,3,3,8,30,1,0,0,39.33333333,0.166666667,4.666666667,4.833333333,12,57.66666667,0.166666667,0,0,14.1
,,,,,,,,,,,,,38,0.166666667,5,5.166666667,11.5,54.16666667,0.333333333,0,0,0
00-0025394,A.Peterson,2009092001,9/20/2009 0:00,24,0,4,4,15,92,1,0,0,18,0,1,1,25,180,3,0,0,21.6
00-0025394,A.Peterson,2009092704,9/27/2009 0:00,14,0,2,2,19,85,0,0,0,21,0,2.5,2.5,20,136,2,0,0,11.9
00-0025394,A.Peterson,2009100500,10/5/2009 0:00,0,0,1,1,25,55,1,0,0,18.66666667,0,2.333333333,2.333333333,19.66666667,119,1.333333333,0,0,12.5
00-0025394,A.Peterson,2009101107,10/11/2009 0:00,6,0,2,2,15,69,2,0,0,14,0,2,2,21,103,1.25,0,0,21.5
00-0025394,A.Peterson,2009101803,10/18/2009 0:00,23,0,4,6,22,143,0,0,0,12.4,0,2,2,19.8,96.2,1.4,0,0,23.6
00-0025394,A.Peterson,2009102504,10/25/2009 0:00,60,0,4,4,18,69,1,0,0,14.16666667,0,2.333333333,2.666666667,20.16666667,104,1.166666667,0,0,22.9
00-0025394,A.Peterson,2009110105,11/1/2009 0:00,44,0,1,2,25,97,1,0,0,21.16666667,0,2.833333333,3.166666667,19,85.5,0.833333333,0,0,21.1
00-0025394,A.Peterson,2009111502,11/15/2009 0:00,10,0,2,3,18,133,2,0,0,24.5,0,2.333333333,2.833333333,20.66666667,86.33333333,0.833333333,0,0,31.3
00-0025394,A.Peterson,2009112206,11/22/2009 0:00,16,0,4,5,24,82,0,0,0,23.83333333,0,2.333333333,3,20.5,94.33333333,1.166666667,0,0,13.8
00-0025394,A.Peterson,2009112904,11/29/2009 0:00,18,0,2,4,25,85,1,0,0,26.5,0,2.833333333,3.666666667,20.33333333,98.83333333,1,0,0,18.3
00-0025394,A.Peterson,2009120610,12/6/2009 0:00,46,0,6,7,13,19,0,0,0,28.5,0,2.833333333,4,22,101.5,0.833333333,0,0,12.5
00-0025394,A.Peterson,2009121307,12/13/2009 0:00,40,0,3,5,26,97,2,0,0,32.33333333,0,3.166666667,4.166666667,20.5,80.83333333,0.833333333,0,0,28.7
00-0025394,A.Peterson,2009122012,12/20/2009 0:00,68,0,2,3,12,35,1,0,0,29,0,3,4.333333333,21.83333333,85.5,1,0,0,18.3
00-0025394,A.Peterson,2009122800,12/28/2009 0:00,43,0,3,6,24,94,2,1,1,33,0,3.166666667,4.5,19.66666667,75.16666667,1,0,0,27.7
00-0025394,A.Peterson,2010010307,1/3/2010 0:00,1,0,1,1,9,54,1,0,0,38.5,0,3.333333333,5,20.66666667,68.66666667,1,0.166666667,0.166666667,12.5
00-0025394,A.Peterson,2010090900,9/9/2010 0:00,14,0,3,3,19,87,0,0,0,36,0,2.833333333,4.333333333,18.16666667,64,1.166666667,0.166666667,0.166666667,13.1
00-0025394,A.Peterson,2010091902,9/19/2010 0:00,41,0,5,8,28,145,1,0,0,35.33333333,0,3,4.166666667,17.16666667,64.33333333,1,0.166666667,0.166666667,32.6
00-0025394,A.Peterson,2010092605,9/26/2010 0:00,30,0,5,7,23,160,2,0,0,34.5,0,2.833333333,4.333333333,19.66666667,85.33333333,1.166666667,0.166666667,0.166666667,39
00-0025394,A.Peterson,2010101100,10/11/2010 0:00,20,0,1,3,18,88,0,0,0,32.83333333,0,3.166666667,4.666666667,19.16666667,95.83333333,1.166666667,0.166666667,0.166666667,11.8
00-0025394,A.Peterson,2010101711,10/17/2010 0:00,-2,0,1,1,24,73,1,0,0,24.83333333,0,3,4.666666667,20.16666667,104.6666667,1,0.166666667,0.166666667,14.1
00-0025394,A.Peterson,2010102412,10/24/2010 0:00,41,0,2,2,28,131,1,0,0,17.33333333,0,2.666666667,3.833333333,20.16666667,101.1666667,0.833333333,0,0,28.2
00-0025394,A.Peterson,2010103108,10/31/2010 0:00,50,0,5,6,25,92,1,0,0,24,0,2.833333333,4,23.33333333,114,0.833333333,0,0,25.2
00-0025394,A.Peterson,2010110705,11/7/2010 0:00,63,1,4,4,15,81,1,0,0,30,0,3.166666667,4.5,24.33333333,114.8333333,1,0,0,30.4
00-0025394,A.Peterson,2010111404,11/14/2010 0:00,24,0,4,7,17,51,0,0,0,33.66666667,0.166666667,3,3.833333333,22.16666667,104.1666667,1,0,0,11.5
00-0025394,A.Peterson,2010112106,11/21/2010 0:00,16,0,1,4,14,72,0,0,0,32.66666667,0.166666667,2.833333333,3.833333333,21.16666667,86,0.666666667,0,0,9.8
00-0025394,A.Peterson,2010120500,12/5/2010 0:00,1,0,1,1,16,107,3,0,0,32,0.166666667,2.833333333,4,20.5,83.33333333,0.666666667,0,0,32.8
00-0025394,A.Peterson,2010122800,12/28/2010 0:00,11,0,1,1,22,118,1,0,0,32.5,0.166666667,2.833333333,4,19.16666667,89,1,0,0,22.9
00-0025394,A.Peterson,2011010209,1/2/2011 0:00,-2,0,2,2,14,31,0,0,0,27.5,0.166666667,2.666666667,3.833333333,18.16666667,86.83333333,1,0,0,4.9
00-0025394,A.Peterson,2011091111,9/11/2011 0:00,6,0,2,3,16,98,0,0,0,18.83333333,0.166666667,2.166666667,3.166666667,16.33333333,76.66666667,0.833333333,0,0,12.4
00-0025394,A.Peterson,2011091806,9/18/2011 0:00,13,0,2,2,25,120,2,0,0,9.333333333,0,1.833333333,3,16.5,79.5,0.666666667,0,0,30.3
00-0025394,A.Peterson,2011092506,9/25/2011 0:00,19,0,4,5,17,78,1,0,0,7.5,0,1.5,2.166666667,17.83333333,91,1,0,0,19.7
00-0025394,A.Peterson,2011100208,10/2/2011 0:00,3,0,1,1,23,80,0,0,0,8,0,2,2.333333333,18.33333333,92,1.166666667,0,0,9.3
00-0025394,A.Peterson,2011101611,10/16/2011 0:00,0,0,1,1,12,39,1,0,0,8.333333333,0,2,2.333333333,19.5,87.5,0.666666667,0,0,10.9
00-0025394,A.Peterson,2011102309,10/23/2011 0:00,0,0,1,1,24,175,1,0,0,6.5,0,2,2.333333333,17.83333333,74.33333333,0.666666667,0,0,27.5
00-0025394,A.Peterson,2011103003,10/30/2011 0:00,76,1,5,5,21,86,1,0,0,6.833333333,0,1.833333333,2.166666667,19.5,98.33333333,0.833333333,0,0,33.2
00-0025394,A.Peterson,2011111400,11/14/2011 0:00,0,0,0,1,14,51,1,0,0,18.5,0.166666667,2.333333333,2.5,20.33333333,96.33333333,1,0,0,11.1
00-0025394,A.Peterson,2011121805,12/18/2011 0:00,0,0,0,1,10,60,0,0,0,16.33333333,0.166666667,2,2.333333333,18.5,84.83333333,0.833333333,0,0,6
00-0025394,A.Peterson,2011122406,12/24/2011 0:00,14,0,2,3,12,38,1,0,0,13.16666667,0.166666667,1.333333333,1.666666667,17.33333333,81.83333333,0.666666667,0,0,13.2
00-0025394,A.Peterson,2012090901,9/9/2012 0:00,3,0,1,1,17,84,2,0,0,15,0.166666667,1.5,2,15.5,74.83333333,0.833333333,0,0,21.7
00-0025394,A.Peterson,2012091603,9/16/2012 0:00,20,0,3,3,16,60,0,0,0,15.5,0.166666667,1.5,2,16.33333333,82.33333333,1,0,0,11
00-0025394,A.Peterson,2012092302,9/23/2012 0:00,21,0,2,4,25,86,0,0,0,18.83333333,0.166666667,1.833333333,2.333333333,15,63.16666667,0.833333333,0,0,12.7
00-0025394,A.Peterson,2012093003,9/30/2012 0:00,20,0,4,4,21,102,0,0,0,9.666666667,0,1.333333333,2.166666667,15.66666667,63.16666667,0.666666667,0,0,19.2
00-0025394,A.Peterson,2012100704,10/7/2012 0:00,15,0,3,3,17,88,0,0,0,13,0,2,2.666666667,16.83333333,71.66666667,0.5,0,0,13.3
00-0025394,A.Peterson,2012101410,10/14/2012 0:00,50,0,7,8,17,79,0,0,0,15.5,0,2.5,3,18,76.33333333,0.5,0,0,19.9
00-0025394,A.Peterson,2012102101,10/21/2012 0:00,6,0,2,4,23,153,1,0,0,21.5,0,3.333333333,3.833333333,18.83333333,83.16666667,0.333333333,0,0,26.9
00-0025394,A.Peterson,2012102500,10/25/2012 0:00,4,0,1,1,15,123,1,0,0,22,0,3.5,4.333333333,19.83333333,94.66666667,0.166666667,0,0,22.7
00-0025394,A.Peterson,2012110408,11/4/2012 0:00,11,0,3,4,17,182,2,0,0,19.33333333,0,3.166666667,4,19.66666667,105.1666667,0.333333333,0,0,37.3
00-0025394,A.Peterson,2012111107,11/11/2012 0:00,5,0,3,4,28,173,1,0,0,17.66666667,0,3.333333333,4,18.33333333,121.1666667,0.666666667,0,0,29.8
00-0025394,A.Peterson,2012112505,11/25/2012 0:00,30,0,6,7,18,108,0,0,0,15.16666667,0,3.166666667,4,19.5,133,0.833333333,0,0,22.8
00-0025394,A.Peterson,2012120201,12/2/2012 0:00,10,0,1,2,21,210,1,0,0,17.66666667,0,3.666666667,4.666666667,19.66666667,136.3333333,0.833333333,0,0,32
00-0025394,A.Peterson,2012120905,12/9/2012 0:00,16,0,2,2,31,154,2,0,1,11,0,2.666666667,3.666666667,20.33333333,158.1666667,1,0,0,33
00-0025394,A.Peterson,2012122310,12/23/2012 0:00,4,0,1,2,25,86,0,0,0,12.66666667,0,2.666666667,3.333333333,21.66666667,158.3333333,1.166666667,0,0.166666667,10
00-0025394,A.Peterson,2012123009,12/30/2012 0:00,2,1,1,2,34,199,1,0,0,12.66666667,0,2.666666667,3.5,23.33333333,152.1666667,1,0,0.166666667,36.1
00-0025394,A.Peterson,2013090804,9/8/2013 0:00,18,1,4,4,18,93,2,0,0,11.16666667,0.166666667,2.333333333,3.166666667,26.16666667,155,0.833333333,0,0.166666667,33.1
00-0025394,A.Peterson,2013091503,9/15/2013 0:00,7,0,1,2,26,100,0,0,0,13.33333333,0.333333333,2.5,3.166666667,24.5,141.6666667,1,0,0.166666667,11.7
00-0025394,A.Peterson,2013092204,9/22/2013 0:00,27,0,6,6,25,88,1,0,0,9.5,0.333333333,1.666666667,2.333333333,25.83333333,140.3333333,1,0,0.166666667,23.5
00-0025394,A.Peterson,2013092906,9/29/2013 0:00,0,0,0,1,23,140,2,0,0,12.33333333,0.333333333,2.5,3,26.5,120,1,0,0.166666667,29
00-0025394,A.Peterson,2013101305,10/13/2013 0:00,21,0,3,4,10,62,0,0,0,9.666666667,0.333333333,2.166666667,2.833333333,25.16666667,117.6666667,1,0,0,11.3
00-0025394,A.Peterson,2013102100,10/21/2013 0:00,28,0,2,4,13,28,0,0,0,12.5,0.333333333,2.5,3.166666667,22.66666667,113.6666667,1,0,0,7.6
00-0025394,A.Peterson,2013102710,10/27/2013 0:00,23,0,3,3,13,60,1,0,0,16.83333333,0.166666667,2.666666667,3.5,19.16666667,85.16666667,0.833333333,0,0,17.3
00-0025394,A.Peterson,2013110302,11/3/2013 0:00,37,0,3,3,25,140,1,0,0,17.66666667,0,2.5,3.333333333,18.33333333,79.66666667,0.666666667,0,0,29.7
00-0025394,A.Peterson,2013110700,11/7/2013 0:00,2,0,2,2,20,75,2,0,0,22.66666667,0,2.833333333,3.5,18.16666667,86.33333333,0.833333333,0,0,21.7
00-0025394,A.Peterson,2013111711,11/17/2013 0:00,0,0,0,3,21,65,0,0,0,18.5,0,2.166666667,2.833333333,17.33333333,84.16666667,1,0,0,6.5
00-0025394,A.Peterson,2013112403,11/24/2013 0:00,2,0,1,1,32,146,1,1,1,18.5,0,2.166666667,3.166666667,17,71.66666667,0.666666667,0,0,23.8
00-0025394,A.Peterson,2013120104,12/1/2013 0:00,0,0,2,4,35,211,0,0,0,15.33333333,0,1.833333333,2.666666667,20.66666667,85.66666667,0.833333333,0.166666667,0.166666667,26.1
00-0025394,A.Peterson,2013122202,12/22/2013 0:00,2,0,1,1,11,45,0,0,0,10.66666667,0,1.833333333,2.666666667,24.33333333,116.1666667,0.833333333,0.166666667,0.166666667,5.7
00-0025394,A.Peterson,2014090709,9/7/2014 0:00,18,0,2,3,21,75,0,0,0,7.166666667,0,1.5,2.333333333,24,113.6666667,0.666666667,0.166666667,0.166666667,11.3
00-0025394,A.Peterson,2015091401,9/14/2015 0:00,21,0,3,3,10,31,0,0,0,4,0,1.333333333,2.333333333,23.33333333,102.8333333,0.5,0.166666667,0.166666667,8.2
00-0025394,A.Peterson,2015092007,9/20/2015 0:00,58,0,2,2,29,134,0,0,0,7.166666667,0,1.5,2.5,21.66666667,95.5,0.166666667,0.166666667,0.166666667,24.2
00-0025394,A.Peterson,2015100411,10/4/2015 0:00,13,0,4,6,16,81,1,0,0,16.83333333,0,1.833333333,2.333333333,23,107,0.166666667,0.166666667,0.166666667,19.4
00-0025394,A.Peterson,2015101803,10/18/2015 0:00,-3,0,1,1,26,60,0,0,0,18.66666667,0,2.333333333,3.166666667,20.33333333,96.16666667,0.166666667,0,0,6.7
00-0025394,A.Peterson,2015102506,10/25/2015 0:00,12,0,3,3,19,98,0,0,0,18.16666667,0,2.166666667,2.666666667,18.83333333,71,0.166666667,0,0,14
00-0025394,A.Peterson,2015110104,11/1/2015 0:00,6,0,2,2,20,103,0,0,0,19.83333333,0,2.5,3,20.16666667,79.83333333,0.166666667,0,0,15.9
00-0025394,A.Peterson,2015110800,11/8/2015 0:00,18,0,2,2,29,125,1,0,1,17.83333333,0,2.5,2.833333333,20,84.5,0.166666667,0,0,24.3
00-0025394,A.Peterson,2015111508,11/15/2015 0:00,13,0,2,3,26,203,1,0,0,17.33333333,0,2.333333333,2.666666667,23.16666667,100.1666667,0.333333333,0,0.166666667,32.6
00-0025394,A.Peterson,2015112205,11/22/2015 0:00,16,0,2,2,13,45,1,0,0,9.833333333,0,2.333333333,2.833333333,22.66666667,111.6666667,0.5,0,0.166666667,14.1
00-0025394,A.Peterson,2015112901,11/29/2015 0:00,29,0,2,4,29,158,2,0,0,10.33333333,0,2,2.166666667,22.16666667,105.6666667,0.5,0,0.166666667,35.7
00-0025394,A.Peterson,2015120606,12/6/2015 0:00,6,0,4,4,8,18,0,0,0,15.66666667,0,2.166666667,2.666666667,22.66666667,122,0.833333333,0,0.166666667,6.4
00-0025394,A.Peterson,2015121000,12/10/2015 0:00,17,0,1,1,23,69,1,0,0,14.66666667,0,2.333333333,2.833333333,20.83333333,108.6666667,0.833333333,0,0.166666667,15.6
00-0025394,A.Peterson,2015122706,12/27/2015 0:00,15,0,1,2,22,104,1,0,0,16.5,0,2.166666667,2.666666667,21.33333333,103,1,0,0.166666667,21.9
00-0025394,A.Peterson,2016010310,1/3/2016 0:00,1,0,1,1,19,67,1,0,0,16,0,2,2.666666667,20.16666667,99.5,1,0,0,13.8
00-0025394,A.Peterson,2016091108,9/11/2016 0:00,0,0,0,2,19,31,0,0,0,14,0,1.833333333,2.333333333,19,76.83333333,1,0,0,3.1
00-0025394,A.Peterson,2016091813,9/18/2016 0:00,7,0,2,3,12,19,0,0,0,11.33333333,0,1.5,2.333333333,20,74.5,0.833333333,0,0,4.6
00-0025394,A.Peterson,2017092402,9/24/2017 0:00,4,0,2,2,9,33,0,0,0,7.666666667,0,1.5,2.166666667,17.16666667,51.33333333,0.5,0,0,5.7
00-0025394,A.Peterson,2017102205,10/22/2017 0:00,12,0,1,4,11,21,0,0,0,7.333333333,0,1.166666667,1.833333333,17.33333333,53.83333333,0.5,0,0,4.3
00-0025394,A.Peterson,2017110507,11/5/2017 0:00,8,0,2,4,37,159,0,0,0,6.5,0,1.166666667,2.333333333,15.33333333,45.83333333,0.333333333,0,0,21.7
00-0025394,A.Peterson,2017110900,11/9/2017 0:00,13,0,1,2,21,29,0,0,0,5.333333333,0,1.333333333,2.666666667,17.83333333,55,0.166666667,0,0,5.2
00-0025394,A.Peterson,2017111903,11/19/2017 0:00,13,0,1,1,14,26,0,0,0,7.333333333,0,1.333333333,2.833333333,18.16666667,48.66666667,0,0,0,4.9
00-0025394,A.Peterson,2017112609,11/26/2017 0:00,20,0,4,5,20,79,0,0,0,9.5,0,1.5,2.666666667,17.33333333,47.83333333,0,0,0,13.9
00-0025394,A.Peterson,2018090909,9/9/2018 0:00,70,0,2,3,26,96,1,1,1,11.66666667,0,1.833333333,3,18.66666667,57.83333333,0,0,0,23.6
00-0025394,A.Peterson,2018091608,9/16/2018 0:00,30,0,3,3,11,20,0,0,0,22.66666667,0,1.833333333,3.166666667,21.5,68.33333333,0.166666667,0.166666667,0.166666667,8
00-0025394,A.Peterson,2018101408,10/14/2018 0:00,0,0,0,1,17,97,0,0,0,25.66666667,0,2.166666667,3,21.5,68.16666667,0.166666667,0.166666667,0.166666667,9.7
00-0025394,A.Peterson,2018102110,10/21/2018 0:00,8,0,1,2,24,99,0,0,0,24.33333333,0,1.833333333,2.5,18.16666667,57.83333333,0.166666667,0.166666667,0.166666667,11.7
00-0025394,A.Peterson,2018102806,10/28/2018 0:00,7,1,1,1,26,149,1,0,0,23.5,0,1.833333333,2.5,18.66666667,69.5,0.166666667,0.166666667,0.166666667,31.6
00-0025394,A.Peterson,2018110406,11/4/2018 0:00,16,0,3,3,9,17,0,0,0,22.5,0.166666667,1.833333333,2.5,20.66666667,90,0.333333333,0.166666667,0.166666667,6.3
00-0025394,A.Peterson,2018111107,11/11/2018 0:00,1,0,2,2,19,68,0,0,0,21.83333333,0.166666667,1.666666667,2.166666667,18.83333333,79.66666667,0.333333333,0.166666667,0.166666667,8.9
00-0025394,A.Peterson,2018112201,11/22/2018 0:00,9,0,2,2,12,35,0,0,0,10.33333333,0.166666667,1.666666667,2,17.66666667,75,0.166666667,0,0,6.4
00-0025394,A.Peterson,2018120908,12/9/2018 0:00,3,0,1,1,10,16,0,0,0,6.833333333,0.166666667,1.5,1.833333333,17.83333333,77.5,0.166666667,0,0,2.9
00-0025394,A.Peterson,2018121606,12/16/2018 0:00,20,0,2,3,19,51,0,0,0,7.333333333,0.166666667,1.666666667,1.833333333,16.66666667,64,0.166666667,0,0,9.1
00-0025394,A.Peterson,2018122200,12/22/2018 0:00,8,0,1,2,26,119,0,0,0,9.333333333,0.166666667,1.833333333,2,15.83333333,56,0.166666667,0,0,16.7
00-0025394,A.Peterson,2019091509,9/15/2019 0:00,7,0,2,2,10,25,1,0,0,9.5,0,1.833333333,2.166666667,15.83333333,51,0,0,0,11.2
00-0025394,A.Peterson,2019092300,9/23/2019 0:00,-3,0,1,3,12,37,0,0,0,8,0,1.666666667,2,16,52.33333333,0.166666667,0,0,4.4
00-0025394,A.Peterson,2019101305,10/13/2019 0:00,18,0,2,2,23,118,0,0,0,7.333333333,0,1.5,2.166666667,14.83333333,47.16666667,0.166666667,0,0,18.6
00-0025394,A.Peterson,2019102400,10/24/2019 0:00,27,0,2,2,14,76,0,0,0,8.833333333,0,1.5,2.166666667,16.66666667,61,0.166666667,0,0,12.3
00-0025394,A.Peterson,2019110301,11/3/2019 0:00,22,0,1,1,18,108,0,0,0,12.83333333,0,1.666666667,2.333333333,17.33333333,71,0.166666667,0,0,17
00-0025394,A.Peterson,2019111707,11/17/2019 0:00,5,0,2,2,9,25,0,0,0,13.16666667,0,1.5,2,17.16666667,80.5,0.166666667,0,0,5
00-0025394,A.Peterson,2019112407,11/24/2019 0:00,22,0,1,1,10,27,0,0,0,12.66666667,0,1.666666667,2,14.33333333,64.83333333,0.166666667,0,0,5.9
00-0025394,A.Peterson,2019120101,12/1/2019 0:00,0,0,0,1,13,99,1,0,0,15.16666667,0,1.5,1.833333333,14.33333333,65.16666667,0,0,0,15.9
00-0025394,A.Peterson,2019121508,12/15/2019 0:00,25,0,3,3,16,66,1,0,0,15.66666667,0,1.333333333,1.5,14.5,75.5,0.166666667,0,0,18.1
00-0025394,A.Peterson,2019122211,12/22/2019 0:00,19,0,2,2,15,36,1,0,0,16.83333333,0,1.5,1.666666667,13.33333333,66.83333333,0.333333333,0,0,13.5
00-0025394,A.Peterson,2019122904,12/29/2019 0:00,0,0,1,4,13,78,0,1,1,15.5,0,1.5,1.666666667,13.5,60.16666667,0.5,0,0,7.8
,,,,,,,,,,,,,11.83333333,0,1.5,2.166666667,12.66666667,55.16666667,0.5,0.166666667,0.166666667,0
00-0025399,M.Lynch,2009101101,10/11/2009 0:00,72,0,6,7,17,69,0,1,1,43,0,5,6,8,4,0,0,0,19.1
00-0025399,M.Lynch,2009101811,10/18/2009 0:00,11,0,2,3,19,61,0,0,0,57.5,0,5.5,6.5,12.5,36.5,0,0.5,0.5,9.2
00-0025399,M.Lynch,2009102507,10/25/2009 0:00,7,0,1,1,17,40,1,0,0,42,0,4.333333333,5.333333333,14.66666667,44.66666667,0,0.333333333,0.333333333,11.7
00-0025399,M.Lynch,2009110101,11/1/2009 0:00,6,0,3,5,9,43,0,0,0,33.25,0,3.5,4.25,15.25,43.5,0.25,0.25,0.25,7.9
00-0025399,M.Lynch,2009111506,11/15/2009 0:00,18,0,4,6,9,37,0,0,0,27.8,0,3.4,4.4,14,43.4,0.2,0.2,0.2,9.5
00-0025399,M.Lynch,2009121306,12/13/2009 0:00,10,0,3,3,12,84,0,0,0,26.16666667,0,3.5,4.666666667,13.16666667,42.33333333,0.166666667,0.166666667,0.166666667,12.4
00-0025399,M.Lynch,2010092603,9/26/2010 0:00,7,0,1,1,13,79,0,0,0,20.66666667,0,3.166666667,4.166666667,13.83333333,55.66666667,0.166666667,0.166666667,0.166666667,9.6
00-0025399,M.Lynch,2010101707,10/17/2010 0:00,9,0,3,3,17,44,1,0,0,9.833333333,0,2.333333333,3.166666667,13.16666667,57.33333333,0.166666667,0,0,14.3
00-0025399,M.Lynch,2010111409,11/14/2010 0:00,33,0,2,2,13,29,1,0,0,9.5,0,2.5,3.166666667,12.83333333,54.5,0.333333333,0,0,14.2
00-0025399,M.Lynch,2010120512,12/5/2010 0:00,17,0,1,1,21,83,3,0,0,13.83333333,0,2.666666667,3.333333333,12.16666667,52.66666667,0.333333333,0,0,29
00-0025399,M.Lynch,2010121209,12/12/2010 0:00,37,0,7,8,10,29,0,0,0,15.66666667,0,2.333333333,2.666666667,14.16666667,59.33333333,0.833333333,0,0,13.6
00-0025399,M.Lynch,2010121910,12/19/2010 0:00,17,0,1,1,12,60,1,0,0,18.83333333,0,2.833333333,3,14.33333333,58,0.833333333,0,0,14.7
00-0025399,M.Lynch,2010122605,12/26/2010 0:00,0,0,0,1,14,53,0,0,0,20,0,2.5,2.666666667,14.33333333,54,1,0,0,5.3
00-0025399,M.Lynch,2011010215,1/2/2011 0:00,-7,0,1,1,20,75,0,1,1,18.83333333,0,2.333333333,2.666666667,14.5,49.66666667,1,0,0,6.8
00-0025399,M.Lynch,2011091110,9/11/2011 0:00,14,0,2,2,13,33,0,0,0,16.16666667,0,2,2.333333333,15,54.83333333,0.833333333,0.166666667,0.166666667,6.7
00-0025399,M.Lynch,2011092512,9/25/2011 0:00,2,0,1,3,19,73,0,0,0,13,0,2,2.333333333,15,55.5,0.666666667,0.166666667,0.166666667,8.5
00-0025399,M.Lynch,2011100210,10/2/2011 0:00,33,0,3,4,8,24,1,0,0,10.5,0,2,2.666666667,14.66666667,53.83333333,0.166666667,0.166666667,0.166666667,14.7
00-0025399,M.Lynch,2011100904,10/9/2011 0:00,33,0,4,6,12,98,1,0,0,9.833333333,0,1.333333333,2,14.33333333,53,0.333333333,0.166666667,0.166666667,23.1
00-0025399,M.Lynch,2011110603,11/6/2011 0:00,8,0,1,2,23,135,1,0,0,12.5,0,1.833333333,2.833333333,14.33333333,59.33333333,0.333333333,0.166666667,0.166666667,24.3
00-0025399,M.Lynch,2011111311,11/13/2011 0:00,58,0,5,7,32,109,1,0,0,13.83333333,0,2,3,15.83333333,73,0.5,0.166666667,0.166666667,30.7
00-0025399,M.Lynch,2011112009,11/20/2011 0:00,1,0,2,2,27,88,1,0,0,24.66666667,0,2.666666667,4,17.83333333,78.66666667,0.666666667,0,0,16.9
00-0025399,M.Lynch,2011112707,11/27/2011 0:00,20,1,1,3,24,111,0,0,0,22.5,0,2.666666667,4,20.16666667,87.83333333,0.833333333,0,0,23.1
00-0025399,M.Lynch,2011121200,12/12/2011 0:00,8,0,2,2,23,115,1,0,0,25.5,0.166666667,2.666666667,4,21,94.16666667,0.833333333,0,0,23.3
00-0025399,M.Lynch,2011121804,12/18/2011 0:00,5,0,2,2,20,42,2,0,0,21.33333333,0.166666667,2.5,3.666666667,23.5,109.3333333,0.833333333,0,0,18.7
00-0025399,M.Lynch,2011122412,12/24/2011 0:00,24,0,2,2,21,107,1,0,0,16.66666667,0.166666667,2.166666667,3,24.83333333,100,1,0,0,24.1
00-0025399,M.Lynch,2012010115,1/1/2012 0:00,5,0,2,4,19,86,0,0,0,19.33333333,0.166666667,2.333333333,3,24.5,95.33333333,1,0,0,11.1
00-0025399,M.Lynch,2012090910,9/9/2012 0:00,12,0,2,2,21,85,0,0,0,10.5,0.166666667,1.833333333,2.5,22.33333333,91.5,0.833333333,0,0,11.7
00-0025399,M.Lynch,2012092400,9/24/2012 0:00,1,0,1,1,25,98,0,0,0,12.33333333,0.166666667,1.833333333,2.5,21.33333333,91,0.666666667,0,0,10.9
00-0025399,M.Lynch,2012093005,9/30/2012 0:00,37,0,4,4,20,118,1,0,0,9.166666667,0,1.833333333,2.166666667,21.5,88.83333333,0.666666667,0,0,28.5
00-0025399,M.Lynch,2012100707,10/7/2012 0:00,9,0,1,2,21,85,0,0,0,14,0,2.166666667,2.5,21,89.33333333,0.666666667,0,0,10.4
00-0025399,M.Lynch,2012101408,10/14/2012 0:00,11,0,1,1,15,41,0,0,0,14.66666667,0,2,2.5,21.16666667,96.5,0.333333333,0,0,6.2
00-0025399,M.Lynch,2012101800,10/18/2012 0:00,13,0,1,2,19,103,0,0,0,12.5,0,1.833333333,2.333333333,20.16666667,85.5,0.166666667,0,0,15.6
00-0025399,M.Lynch,2012102807,10/28/2012 0:00,1,0,1,3,12,105,1,0,0,13.83333333,0,1.666666667,2,20.16666667,88.33333333,0.166666667,0,0,20.6
00-0025399,M.Lynch,2012110408,11/4/2012 0:00,26,0,2,2,26,124,1,0,0,12,0,1.5,2.166666667,18.66666667,91.66666667,0.333333333,0,0,26
00-0025399,M.Lynch,2012111108,11/11/2012 0:00,27,0,1,1,27,124,1,0,0,16.16666667,0,1.666666667,2.333333333,18.83333333,96,0.5,0,0,25.1
00-0025399,M.Lynch,2012112507,11/25/2012 0:00,1,0,2,3,19,46,0,0,0,14.5,0,1.166666667,1.833333333,20,97,0.5,0,0,6.7
00-0025399,M.Lynch,2012120200,12/2/2012 0:00,11,0,2,3,19,87,1,0,1,13.16666667,0,1.333333333,2,19.66666667,90.5,0.5,0,0,16.8
00-0025399,M.Lynch,2012120912,12/9/2012 0:00,0,0,0,1,11,128,3,0,0,13.16666667,0,1.5,2.333333333,20.33333333,98.16666667,0.666666667,0,0.166666667,33.8
00-0025399,M.Lynch,2012121610,12/16/2012 0:00,14,0,1,1,10,113,1,0,0,11,0,1.333333333,2.166666667,19,102.3333333,1.166666667,0,0.166666667,22.7
00-0025399,M.Lynch,2012122313,12/23/2012 0:00,19,1,2,2,26,111,1,0,0,13.16666667,0,1.333333333,1.833333333,18.66666667,103.6666667,1.166666667,0,0.166666667,30
00-0025399,M.Lynch,2012123015,12/30/2012 0:00,14,0,2,2,18,100,0,0,0,12,0.166666667,1.333333333,1.833333333,18.66666667,101.5,1.166666667,0,0.166666667,13.4
00-0025399,M.Lynch,2013090801,9/8/2013 0:00,9,0,2,3,17,43,0,0,0,9.833333333,0.166666667,1.5,2,17.16666667,97.5,1,0,0.166666667,7.2
00-0025399,M.Lynch,2013091513,9/15/2013 0:00,37,1,3,3,28,98,2,0,0,11.16666667,0.166666667,1.5,2,16.83333333,97,1,0,0.166666667,34.5
00-0025399,M.Lynch,2013092903,9/29/2013 0:00,45,0,3,3,17,98,1,0,0,15.5,0.333333333,1.666666667,2,18.33333333,98.83333333,1.166666667,0,0,23.3
00-0025399,M.Lynch,2013100603,10/6/2013 0:00,5,0,1,2,17,102,0,0,0,23,0.333333333,2.166666667,2.333333333,19.33333333,93.83333333,0.833333333,0,0,14.7
00-0025399,M.Lynch,2013101309,10/13/2013 0:00,78,0,4,5,21,77,2,0,0,21.5,0.333333333,2.166666667,2.5,20.5,92,0.666666667,0,0,31.5
00-0025399,M.Lynch,2013101700,10/17/2013 0:00,3,0,1,3,21,91,1,0,0,31.33333333,0.166666667,2.5,3,19.66666667,86.33333333,0.833333333,0,0,16.4
00-0025399,M.Lynch,2013102800,10/28/2013 0:00,4,0,1,1,8,23,0,0,0,29.5,0.166666667,2.333333333,3.166666667,20.16666667,84.83333333,1,0,0,3.7
00-0025399,M.Lynch,2013110307,11/3/2013 0:00,16,0,4,5,21,125,0,0,0,28.66666667,0.166666667,2.166666667,2.833333333,18.66666667,81.5,1,0,0,21.1
00-0025399,M.Lynch,2013111000,11/10/2013 0:00,16,0,3,3,24,145,1,0,0,25.16666667,0,2.333333333,3.166666667,17.5,86,0.666666667,0,0,28.1
00-0025399,M.Lynch,2013111711,11/17/2013 0:00,9,1,2,2,17,54,2,0,0,20.33333333,0,2.333333333,3.166666667,18.66666667,93.83333333,0.666666667,0,0,26.3
00-0025399,M.Lynch,2013120200,12/2/2013 0:00,12,0,3,4,16,45,0,0,1,21,0.166666667,2.5,3.166666667,18.66666667,85.83333333,1,0,0,7.7
00-0025399,M.Lynch,2013121506,12/15/2013 0:00,73,0,6,6,16,47,1,0,0,10,0.166666667,2.333333333,3,17.83333333,80.5,0.666666667,0,0.166666667,24
00-0025399,M.Lynch,2013122211,12/22/2013 0:00,5,0,2,2,18,71,0,0,0,21.66666667,0.166666667,3.166666667,3.5,17,73.16666667,0.666666667,0,0.166666667,9.6
00-0025399,M.Lynch,2013122915,12/29/2013 0:00,4,0,1,2,23,97,1,0,0,21.83333333,0.166666667,3.333333333,3.666666667,18.66666667,81.16666667,0.666666667,0,0.166666667,17.1
00-0025399,M.Lynch,2014090400,9/4/2014 0:00,14,0,1,1,20,110,2,0,0,19.83333333,0.166666667,2.833333333,3.166666667,19,76.5,0.833333333,0,0.166666667,28.4
00-0025399,M.Lynch,2014092112,9/21/2014 0:00,40,1,3,5,26,88,1,0,0,19.5,0.166666667,2.5,2.833333333,18.33333333,70.66666667,1,0,0.166666667,27.8
00-0025399,M.Lynch,2014100600,10/6/2014 0:00,45,1,5,6,17,72,0,0,1,24.66666667,0.166666667,2.666666667,3.333333333,19.83333333,76.33333333,0.833333333,0,0.166666667,21.7
00-0025399,M.Lynch,2014101211,10/12/2014 0:00,1,0,1,2,10,61,0,0,0,30.16666667,0.333333333,3,3.666666667,20,80.83333333,0.833333333,0,0.166666667,7.2
00-0025399,M.Lynch,2014101907,10/19/2014 0:00,18,0,2,2,18,53,0,0,0,18.16666667,0.333333333,2.166666667,3,19,83.16666667,0.666666667,0,0.166666667,9.1
00-0025399,M.Lynch,2014102601,10/26/2014 0:00,2,0,1,4,14,62,0,0,0,20.33333333,0.333333333,2.166666667,3,19,80.16666667,0.666666667,0,0.166666667,7.4
00-0025399,M.Lynch,2014110209,11/2/2014 0:00,76,0,5,5,21,67,2,0,0,20,0.333333333,2.166666667,3.333333333,17.5,74.33333333,0.5,0,0.166666667,31.3
00-0025399,M.Lynch,2014110909,11/9/2014 0:00,23,0,1,1,21,140,4,0,0,30.33333333,0.333333333,2.833333333,4,17.66666667,67.16666667,0.5,0,0.166666667,44.3
00-0025399,M.Lynch,2014111604,11/16/2014 0:00,1,0,1,3,24,124,0,0,0,27.5,0.166666667,2.5,3.333333333,16.83333333,75.83333333,1,0,0.166666667,16.5
00-0025399,M.Lynch,2014112309,11/23/2014 0:00,43,0,3,4,15,39,0,0,0,20.16666667,0,1.833333333,2.833333333,18,84.5,1,0,0,11.2
00-0025399,M.Lynch,2014112702,11/27/2014 0:00,7,0,1,1,20,104,0,0,0,27.16666667,0,2.166666667,3.166666667,18.83333333,80.83333333,1,0,0,15.1
00-0025399,M.Lynch,2014120712,12/7/2014 0:00,27,1,5,5,23,86,0,1,1,25.33333333,0,2,3,19.16666667,89.33333333,1,0,0,21.3
00-0025399,M.Lynch,2014121412,12/14/2014 0:00,7,0,1,2,21,91,1,0,0,29.5,0.166666667,2.666666667,3.166666667,20.66666667,93.33333333,1,0.166666667,0.166666667,16.8
00-0025399,M.Lynch,2014122815,12/28/2014 0:00,36,0,3,3,14,60,1,1,1,18,0.166666667,2,2.666666667,20.66666667,97.33333333,0.833333333,0.166666667,0.166666667,17.6
00-0025399,M.Lynch,2015091301,9/13/2015 0:00,31,0,5,7,19,75,0,0,0,20.16666667,0.166666667,2.333333333,3,19.5,84,0.333333333,0.333333333,0.333333333,15.6
00-0025399,M.Lynch,2015092013,9/20/2015 0:00,21,0,3,6,15,41,0,0,1,25.16666667,0.166666667,3,3.666666667,18.66666667,75.83333333,0.333333333,0.333333333,0.333333333,8.2
00-0025399,M.Lynch,2015101808,10/18/2015 0:00,0,0,1,3,17,54,1,0,0,21.5,0.166666667,3,4,18.66666667,76.16666667,0.333333333,0.333333333,0.5,12.4
00-0025399,M.Lynch,2015110110,11/1/2015 0:00,11,0,2,2,21,71,0,0,0,20.33333333,0.166666667,3,4.333333333,18.16666667,67.83333333,0.5,0.333333333,0.5,10.2
00-0025399,M.Lynch,2015111511,11/15/2015 0:00,8,0,1,2,8,42,1,0,0,17.66666667,0,2.5,3.833333333,17.83333333,65.33333333,0.5,0.166666667,0.333333333,12
00-0025399,M.Lynch,2017091007,9/10/2017 0:00,16,0,1,2,18,76,0,0,0,17.83333333,0,2.5,3.833333333,15.66666667,57.16666667,0.5,0.166666667,0.333333333,10.2
00-0025399,M.Lynch,2017091709,9/17/2017 0:00,4,0,1,2,12,45,1,0,0,14.5,0,2.166666667,3.666666667,16.33333333,59.83333333,0.333333333,0,0.166666667,11.9
00-0025399,M.Lynch,2017100112,10/1/2017 0:00,0,0,0,1,9,12,0,0,0,10,0,1.5,2.833333333,15.16666667,54.83333333,0.5,0,0.166666667,1.2
00-0025399,M.Lynch,2017100809,10/8/2017 0:00,10,0,1,2,12,43,1,0,0,6.5,0,1,2,14.16666667,50,0.5,0,0,12.3
00-0025399,M.Lynch,2017101510,10/15/2017 0:00,0,0,0,2,13,63,0,0,0,8.166666667,0,1,1.833333333,13.33333333,48.16666667,0.5,0,0,6.3
00-0025399,M.Lynch,2017110510,11/5/2017 0:00,6,0,2,2,14,57,2,0,0,6.333333333,0,0.666666667,1.833333333,12,46.83333333,0.5,0,0,20.3
00-0025399,M.Lynch,2017111909,11/19/2017 0:00,10,0,1,1,11,67,0,0,0,6,0,0.833333333,1.833333333,13,49.33333333,0.666666667,0,0,8.7
00-0025399,M.Lynch,2017112610,11/26/2017 0:00,44,0,3,3,26,67,1,0,0,5,0,0.833333333,1.666666667,11.83333333,47.83333333,0.666666667,0,0,20.1
00-0025399,M.Lynch,2017120312,12/3/2017 0:00,20,0,2,3,17,101,1,0,0,11.66666667,0,1.166666667,1.833333333,14.16666667,51.5,0.666666667,0,0,23.1
00-0025399,M.Lynch,2017121711,12/17/2017 0:00,16,0,3,4,16,76,0,0,0,15,0,1.5,2.166666667,15.5,66.33333333,0.833333333,0,0,12.2
00-0025399,M.Lynch,2017122501,12/25/2017 0:00,-3,0,2,3,25,95,0,0,0,16,0,1.833333333,2.5,16.16666667,71.83333333,0.666666667,0,0,11.2
00-0025399,M.Lynch,2017123113,12/31/2017 0:00,18,0,2,3,19,101,0,0,0,15.5,0,2.166666667,2.666666667,18.16666667,77.16666667,0.666666667,0,0,16.9
00-0025399,M.Lynch,2018091001,9/10/2018 0:00,8,0,2,2,11,41,1,0,0,17.5,0,2.166666667,2.833333333,19,84.5,0.333333333,0,0,12.9
00-0025399,M.Lynch,2018091611,9/16/2018 0:00,3,0,2,2,18,65,1,0,0,17.16666667,0,2.333333333,3,19,80.16666667,0.5,0,0,14.8
00-0025399,M.Lynch,2018092306,9/23/2018 0:00,22,0,3,4,19,64,1,0,0,10.33333333,0,2.166666667,2.833333333,17.66666667,79.83333333,0.5,0,0,17.6
00-0025399,M.Lynch,2018093009,9/30/2018 0:00,27,0,3,5,20,130,0,0,0,10.66666667,0,2.333333333,3,18,73.66666667,0.5,0,0,21.7
00-0025399,M.Lynch,2018100708,10/7/2018 0:00,10,0,2,2,9,31,0,0,0,12.5,0,2.333333333,3.166666667,18.66666667,82.66666667,0.5,0,0,6.1
00-0025399,M.Lynch,2018101407,10/14/2018 0:00,14,0,3,5,13,45,0,0,0,14.66666667,0,2.333333333,3,16,72,0.5,0,0,8.9
,,,,,,,,,,,,,14,0,2.5,3.333333333,15,62.66666667,0.5,0,0,0
00-0025439,B.Leonard,2012123002,12/30/2012 0:00,1,0,2,2,10,34,0,0,0,0,0,0,1,13,36,0,0,0,5.5
00-0025439,B.Leonard,2013111100,11/11/2013 0:00,16,0,2,3,20,57,0,0,0,0.5,0,1,1.5,11.5,35,0,0,0,9.3
,,,,,,,,,,,,,5.666666667,0,1.333333333,2,14.33333333,42.33333333,0,0,0,0
00-0025450,B.Jackson,2010091901,9/19/2010 0:00,10,0,1,1,11,29,1,0,0,12,0,2,2,18,63,0,0,0,10.9
00-0025450,B.Jackson,2010100304,10/3/2010 0:00,1,0,1,1,9,33,0,0,0,11,0,1.5,1.5,14.5,46,0.5,0,0,4.4
00-0025450,B.Jackson,2010101003,10/10/2010 0:00,25,0,5,6,10,115,0,0,0,7.666666667,0,1.333333333,1.333333333,12.66666667,41.66666667,0.333333333,0,0,22
00-0025450,B.Jackson,2010101700,10/17/2010 0:00,29,0,3,3,12,53,0,0,0,12,0,2.25,2.5,12,60,0.25,0,0,11.2
00-0025450,B.Jackson,2010102412,10/24/2010 0:00,46,0,3,3,13,58,1,0,0,15.4,0,2.4,2.6,12,58.6,0.2,0,0,19.4
00-0025450,B.Jackson,2010103106,10/31/2010 0:00,17,0,2,2,15,55,0,0,0,20.5,0,2.5,2.666666667,12.16666667,58.5,0.333333333,0,0,9.2
00-0025450,B.Jackson,2010110711,11/7/2010 0:00,26,1,4,5,13,42,1,0,0,21.33333333,0,2.5,2.666666667,11.66666667,57.16666667,0.333333333,0,0,22.8
00-0025450,B.Jackson,2010112106,11/21/2010 0:00,38,0,4,4,14,28,0,0,0,24,0.166666667,3,3.333333333,12,59.33333333,0.333333333,0,0,10.6
00-0025450,B.Jackson,2010112805,11/28/2010 0:00,10,0,3,4,10,26,0,0,0,30.16666667,0.166666667,3.5,3.833333333,12.83333333,58.5,0.333333333,0,0,6.6
00-0025450,B.Jackson,2010121913,12/19/2010 0:00,3,0,1,2,22,99,0,0,0,27.66666667,0.166666667,3.166666667,3.5,12.83333333,43.66666667,0.333333333,0,0,11.2
00-0025450,B.Jackson,2010122611,12/26/2010 0:00,10,0,1,2,18,39,0,0,0,23.33333333,0.166666667,2.833333333,3.333333333,14.5,51.33333333,0.333333333,0,0,5.9
,,,,,,,,,,,,,17.33333333,0.166666667,2.5,3.166666667,15.33333333,48.16666667,0.166666667,0,0,0
00-0025487,M.Bush,2009092004,9/20/2009 0:00,17,0,1,1,9,35,0,0,0,4,0,1,1,12,55,1,0,0,6.2
00-0025487,M.Bush,2009101105,10/11/2009 0:00,6,0,1,1,12,37,1,0,0,10.5,0,1,1,10.5,45,0.5,0,0,11.3
00-0025487,M.Bush,2009102508,10/25/2009 0:00,6,0,1,1,8,25,0,0,0,9,0,1,1,11,42.33333333,0.666666667,0,0,4.1
00-0025487,M.Bush,2009111508,11/15/2009 0:00,10,0,2,3,14,119,0,0,0,8.25,0,1,1,10.25,38,0.5,0,0,17.9
00-0025487,M.Bush,2009122009,12/20/2009 0:00,11,0,1,2,18,133,1,0,0,8.6,0,1.2,1.4,11,54.2,0.4,0,0,24.4
00-0025487,M.Bush,2009122702,12/27/2009 0:00,7,0,1,1,10,52,0,0,0,9,0,1.166666667,1.5,12.16666667,67.33333333,0.5,0,0,6.9
00-0025487,M.Bush,2010010313,1/3/2010 0:00,4,0,1,1,10,18,0,0,0,9.5,0,1.166666667,1.5,11.83333333,66.83333333,0.333333333,0,0,3.2
00-0025487,M.Bush,2010101011,10/10/2010 0:00,31,0,3,3,26,104,1,0,0,7.333333333,0,1.166666667,1.5,12,64,0.333333333,0,0,25.5
00-0025487,M.Bush,2010101710,10/17/2010 0:00,12,0,2,3,20,47,0,0,0,11.5,0,1.5,1.833333333,14.33333333,75.16666667,0.333333333,0,0,7.9
00-0025487,M.Bush,2010102411,10/24/2010 0:00,13,0,1,1,15,52,1,0,0,12.5,0,1.666666667,2.166666667,16.33333333,78.83333333,0.333333333,0,0,13.5
00-0025487,M.Bush,2010103110,10/31/2010 0:00,55,0,1,1,9,51,1,0,0,13,0,1.5,1.833333333,16.5,67.66666667,0.5,0,0,17.6
00-0025487,M.Bush,2011010206,1/2/2011 0:00,34,0,4,5,25,137,1,0,0,20.33333333,0,1.5,1.666666667,15,54,0.5,0,0,30.1
00-0025487,M.Bush,2011091201,9/12/2011 0:00,0,0,0,1,9,30,0,0,0,24.83333333,0,2,2.333333333,17.5,68.16666667,0.666666667,0,0,3
00-0025487,M.Bush,2011092508,9/25/2011 0:00,35,0,2,2,8,22,1,0,0,24.16666667,0,1.833333333,2.333333333,17.33333333,70.16666667,0.666666667,0,0,13.7
00-0025487,M.Bush,2011100212,10/2/2011 0:00,55,0,4,4,8,26,1,0,0,24.83333333,0,1.666666667,2.166666667,14.33333333,56.5,0.666666667,0,0,18.1
00-0025487,M.Bush,2011101607,10/16/2011 0:00,9,0,1,1,10,28,0,0,0,32,0,2,2.333333333,12.33333333,53,0.833333333,0,0,4.7
00-0025487,M.Bush,2011102308,10/23/2011 0:00,12,0,2,3,17,99,0,0,0,31.33333333,0,2,2.333333333,11.5,49,0.666666667,0,0,13.1
00-0025487,M.Bush,2011110607,11/6/2011 0:00,33,1,2,3,19,96,0,0,0,24.16666667,0,2.166666667,2.666666667,12.83333333,57,0.5,0,0,20.9
00-0025487,M.Bush,2011111000,11/10/2011 0:00,85,0,3,4,30,157,1,0,0,24,0.166666667,1.833333333,2.333333333,11.83333333,50.16666667,0.333333333,0,0,36.2
00-0025487,M.Bush,2011112000,11/20/2011 0:00,20,0,2,2,30,109,1,0,0,38.16666667,0.166666667,2.333333333,2.833333333,15.33333333,71.33333333,0.5,0,0,23.9
00-0025487,M.Bush,2011112708,11/27/2011 0:00,24,0,4,4,24,69,1,0,0,35.66666667,0.166666667,2.333333333,2.833333333,19,85.83333333,0.5,0,0,19.3
00-0025487,M.Bush,2011120403,12/4/2011 0:00,27,0,3,6,10,18,0,0,0,30.5,0.166666667,2.333333333,2.833333333,21.66666667,93,0.5,0,0,7.5
00-0025487,M.Bush,2011121101,12/11/2011 0:00,19,0,3,3,23,78,1,0,0,33.5,0.166666667,2.666666667,3.666666667,21.66666667,91.33333333,0.5,0,0,18.7
00-0025487,M.Bush,2011121808,12/18/2011 0:00,62,0,7,7,18,77,0,0,0,34.66666667,0.166666667,2.833333333,3.666666667,22.66666667,87.83333333,0.666666667,0,0,20.9
00-0025487,M.Bush,2011122404,12/24/2011 0:00,24,0,2,3,23,70,0,0,0,39.5,0,3.666666667,4.333333333,22.5,84.66666667,0.666666667,0,0,11.4
00-0025487,M.Bush,2012010114,1/1/2012 0:00,13,0,2,3,19,66,0,0,0,29.33333333,0,3.5,4.166666667,21.33333333,70.16666667,0.5,0,0,9.9
00-0025487,M.Bush,2012092301,9/23/2012 0:00,18,0,2,2,18,55,1,0,0,28.16666667,0,3.5,4.333333333,19.5,63,0.333333333,0,0,15.3
00-0025487,M.Bush,2012100100,10/1/2012 0:00,8,0,1,1,10,29,0,0,0,27.16666667,0,3.166666667,4,18.5,60.66666667,0.333333333,0,0,4.7
00-0025487,M.Bush,2012110403,11/4/2012 0:00,17,0,1,1,10,16,0,0,0,24,0,2.833333333,3.166666667,18.5,62.5,0.333333333,0,0,4.3
00-0025487,M.Bush,2012112505,11/25/2012 0:00,-1,0,1,1,21,60,2,0,0,23.66666667,0,2.5,2.833333333,16.33333333,52.16666667,0.166666667,0,0,18.9
00-0025487,M.Bush,2013092213,9/22/2013 0:00,0,0,0,1,8,9,1,0,0,13.16666667,0,1.5,1.833333333,16.83333333,49.33333333,0.5,0,0,6.9
00-0025487,M.Bush,2013120900,12/9/2013 0:00,17,1,1,1,8,38,0,0,0,9.166666667,0,1.166666667,1.5,14.33333333,39.16666667,0.666666667,0,0,12.5
,,,,,,,,,,,,,9.833333333,0.166666667,1,1.166666667,12.5,34.5,0.666666667,0,0,0
00-0025631,J.Snelling,2009112207,11/22/2009 0:00,13,0,3,3,25,76,2,0,0,32,0,3,5,18,61,1,0,0,23.9
00-0025631,J.Snelling,2009120600,12/6/2009 0:00,17,0,2,2,10,35,0,0,0,22.5,0,3,4,21.5,68.5,1.5,0,0,7.2
00-0025631,J.Snelling,2009121300,12/13/2009 0:00,65,0,4,5,10,37,1,0,0,20.66666667,0,2.666666667,3.333333333,17.66666667,57.33333333,1,0,0,20.2
00-0025631,J.Snelling,2009122004,12/20/2009 0:00,5,0,3,5,16,59,0,0,0,31.75,0,3,3.75,15.75,52.25,1,0,0,9.4
00-0025631,J.Snelling,2009122700,12/27/2009 0:00,6,0,1,1,15,68,0,0,0,26.4,0,3,4,15.8,53.6,0.8,0,0,8.4
00-0025631,J.Snelling,2010010310,1/3/2010 0:00,21,0,3,3,25,147,0,0,0,23,0,2.666666667,3.5,15.66666667,56,0.666666667,0,0,22.8
00-0025631,J.Snelling,2010091907,9/19/2010 0:00,57,1,5,5,24,129,2,0,0,21.16666667,0,2.666666667,3.166666667,16.83333333,70.33333333,0.5,0,0,44.6
00-0025631,J.Snelling,2010092606,9/26/2010 0:00,8,0,1,2,14,62,0,0,0,28.5,0.166666667,3,3.5,16.66666667,79.16666667,0.5,0,0,8
00-0025631,J.Snelling,2011010211,1/2/2011 0:00,26,0,3,4,8,17,0,0,0,27,0.166666667,2.833333333,3.5,17.33333333,83.66666667,0.5,0,0,7.3
00-0025631,J.Snelling,2012010110,1/1/2012 0:00,4,0,1,1,9,50,0,0,0,20.5,0.166666667,2.666666667,3.333333333,17,80.33333333,0.333333333,0,0,6.4
00-0025631,J.Snelling,2013092203,9/22/2013 0:00,58,1,4,5,11,53,0,0,0,20.33333333,0.166666667,2.333333333,2.666666667,15.83333333,78.83333333,0.333333333,0,0,21.1
00-0025631,J.Snelling,2013092912,9/29/2013 0:00,8,0,1,3,8,26,0,0,0,29,0.333333333,2.833333333,3.333333333,15.16666667,76.33333333,0.333333333,0,0,4.4
,,,,,,,,,,,,,26.83333333,0.333333333,2.5,3.333333333,12.33333333,56.16666667,0.333333333,0,0,0
00-0025633,K.Darby,2010092607,9/26/2010 0:00,8,0,1,2,14,49,1,0,0,6,0,1,2,11,40,0,0,0,12.7
,,,,,,,,,,,,,7,0,1,2,12.5,44.5,0.5,0,0,0
00-0025637,A.Bradshaw,2009092014,9/20/2009 0:00,8,0,2,2,9,37,0,0,0,11,0,3,4,12,60,0,0,0,6.5
00-0025637,A.Bradshaw,2009101105,10/11/2009 0:00,55,0,1,1,11,110,2,0,0,9.5,0,2.5,3,10.5,48.5,0,0,0,32.5
00-0025637,A.Bradshaw,2009101804,10/18/2009 0:00,0,0,0,1,10,48,1,0,0,24.66666667,0,2,2.333333333,10.66666667,69,0.666666667,0,0,10.8
00-0025637,A.Bradshaw,2009102511,10/25/2009 0:00,-5,0,1,1,12,32,0,0,0,18.5,0,1.5,2,10.5,63.75,0.75,0,0,3.7
00-0025637,A.Bradshaw,2009110809,11/8/2009 0:00,27,0,3,4,14,39,0,0,0,13.8,0,1.4,1.8,10.8,57.4,0.6,0,0,9.6
00-0025637,A.Bradshaw,2009112207,11/22/2009 0:00,0,0,0,1,12,34,0,0,0,16,0,1.666666667,2.166666667,11.33333333,54.33333333,0.5,0,0,3.4
00-0025637,A.Bradshaw,2009121313,12/13/2009 0:00,46,0,4,4,14,55,1,0,0,14.16666667,0,1.166666667,1.666666667,11.33333333,50,0.5,0,0,20.1
00-0025637,A.Bradshaw,2009122100,12/21/2009 0:00,29,0,3,4,9,61,2,0,0,20.5,0,1.5,2,12.16666667,53,0.666666667,0,0,24
00-0025637,A.Bradshaw,2009122705,12/27/2009 0:00,3,0,2,4,11,53,0,0,0,16.16666667,0,1.833333333,2.5,11.83333333,44.83333333,0.666666667,0,0,7.6
00-0025637,A.Bradshaw,2010091206,9/12/2010 0:00,17,0,2,4,20,76,1,0,0,16.66666667,0,2.166666667,3,12,45.66666667,0.5,0,0,17.3
00-0025637,A.Bradshaw,2010091914,9/19/2010 0:00,0,0,0,1,17,89,0,0,0,20.33333333,0,2.333333333,3.5,13.33333333,53,0.666666667,0,0,8.9
00-0025637,A.Bradshaw,2010092600,9/26/2010 0:00,30,0,5,5,15,88,1,0,0,15.83333333,0,1.833333333,3,13.83333333,61.33333333,0.666666667,0,0,22.8
00-0025637,A.Bradshaw,2010100312,10/3/2010 0:00,14,0,2,3,23,129,1,0,0,20.83333333,0,2.666666667,3.666666667,14.33333333,70.33333333,0.833333333,0,0,25.3
00-0025637,A.Bradshaw,2010101008,10/10/2010 0:00,22,0,3,4,16,67,0,0,0,15.5,0,2.333333333,3.5,15.83333333,82.66666667,0.833333333,0,0,11.9
00-0025637,A.Bradshaw,2010101705,10/17/2010 0:00,10,0,2,2,19,133,0,0,0,14.33333333,0,2.333333333,3.5,17,83.66666667,0.5,0,0,19.3
00-0025637,A.Bradshaw,2010102500,10/25/2010 0:00,12,0,2,2,24,126,0,0,0,15.5,0,2.333333333,3.166666667,18.33333333,97,0.5,0,0,18.8
00-0025637,A.Bradshaw,2010110708,11/7/2010 0:00,35,0,4,4,19,57,2,0,0,14.66666667,0,2.333333333,2.833333333,19,105.3333333,0.333333333,0,0,25.2
00-0025637,A.Bradshaw,2010111408,11/14/2010 0:00,62,0,6,7,20,73,0,0,0,20.5,0,3,3.333333333,19.33333333,100,0.666666667,0,0,19.5
00-0025637,A.Bradshaw,2010112113,11/21/2010 0:00,-5,0,2,2,12,29,0,0,0,25.83333333,0,3.166666667,3.666666667,20.16666667,97.5,0.5,0,0,4.4
00-0025637,A.Bradshaw,2010112800,11/28/2010 0:00,34,0,4,4,10,51,0,0,0,22.66666667,0,3.166666667,3.5,18.33333333,80.83333333,0.333333333,0,0,12.5
00-0025637,A.Bradshaw,2010120504,12/5/2010 0:00,8,0,1,3,25,97,2,0,0,24.66666667,0,3.333333333,3.5,17.33333333,78.16666667,0.333333333,0,0,23.5
00-0025637,A.Bradshaw,2010121301,12/13/2010 0:00,12,0,5,6,11,103,1,0,0,24.33333333,0,3.166666667,3.666666667,18.33333333,72.16666667,0.666666667,0,0,25.5
00-0025637,A.Bradshaw,2010121906,12/19/2010 0:00,14,0,2,2,19,66,0,0,0,24.33333333,0,3.666666667,4.333333333,16.16666667,68.33333333,0.833333333,0,0,10
00-0025637,A.Bradshaw,2010122611,12/26/2010 0:00,41,0,5,6,12,31,0,0,0,20.83333333,0,3.333333333,4,16.16666667,69.83333333,0.5,0,0,12.2
00-0025637,A.Bradshaw,2011010208,1/2/2011 0:00,8,0,2,3,15,22,0,0,0,17.33333333,0,3.166666667,3.833333333,14.83333333,62.83333333,0.5,0,0,5
00-0025637,A.Bradshaw,2011091108,9/11/2011 0:00,10,0,1,2,13,44,1,0,0,19.5,0,3.166666667,4,15.33333333,61.66666667,0.5,0,0,12.4
00-0025637,A.Bradshaw,2011091900,9/19/2011 0:00,45,0,5,5,15,59,0,0,0,15.5,0,2.666666667,3.666666667,15.83333333,60.5,0.666666667,0,0,15.4
00-0025637,A.Bradshaw,2011092505,9/25/2011 0:00,53,1,5,5,15,86,0,0,0,21.66666667,0,3.333333333,4,14.16666667,54.16666667,0.333333333,0,0,24.9
00-0025637,A.Bradshaw,2011100209,10/2/2011 0:00,11,0,4,5,12,39,1,1,1,28.5,0.166666667,3.333333333,3.833333333,14.83333333,51.33333333,0.166666667,0,0,14
00-0025637,A.Bradshaw,2011100904,10/9/2011 0:00,27,0,2,5,18,60,0,0,0,28,0.166666667,3.666666667,4.333333333,13.66666667,46.83333333,0.333333333,0.166666667,0.166666667,10.7
00-0025637,A.Bradshaw,2011101600,10/16/2011 0:00,26,0,2,2,26,104,3,0,0,25.66666667,0.166666667,3.166666667,4.166666667,14.66666667,51.66666667,0.333333333,0.166666667,0.166666667,36
00-0025637,A.Bradshaw,2011103000,10/30/2011 0:00,38,0,5,5,13,50,0,0,0,28.66666667,0.166666667,3.166666667,4,16.5,65.33333333,0.833333333,0.166666667,0.166666667,13.8
00-0025637,A.Bradshaw,2011120410,12/4/2011 0:00,9,0,2,5,11,38,0,0,0,33.33333333,0.166666667,3.833333333,4.5,16.5,66.33333333,0.666666667,0.166666667,0.166666667,6.7
00-0025637,A.Bradshaw,2011121113,12/11/2011 0:00,7,0,1,1,8,12,0,0,0,27.33333333,0.166666667,3.333333333,4.5,15.83333333,62.83333333,0.666666667,0.166666667,0.166666667,2.9
00-0025637,A.Bradshaw,2011121803,12/18/2011 0:00,21,0,3,4,10,58,1,0,0,19.66666667,0,2.666666667,3.833333333,14.66666667,50.5,0.666666667,0.166666667,0.166666667,16.9
00-0025637,A.Bradshaw,2011122405,12/24/2011 0:00,8,0,1,1,15,54,2,0,0,21.33333333,0,2.5,3.666666667,14.33333333,53.66666667,0.666666667,0,0,19.2
00-0025637,A.Bradshaw,2012010106,1/1/2012 0:00,12,1,3,4,16,57,1,0,0,18.16666667,0,2.333333333,3,13.83333333,52.66666667,1,0,0,21.9
00-0025637,A.Bradshaw,2012090500,9/5/2012 0:00,15,0,2,2,17,78,1,0,0,15.83333333,0.166666667,2.5,3.333333333,12.16666667,44.83333333,0.666666667,0,0,17.3
00-0025637,A.Bradshaw,2012093012,9/30/2012 0:00,38,0,3,4,13,39,0,0,0,12,0.166666667,2,2.833333333,12.83333333,49.5,0.833333333,0,0,10.7
00-0025637,A.Bradshaw,2012100703,10/7/2012 0:00,29,0,4,6,30,200,1,0,0,16.83333333,0.166666667,2.166666667,2.666666667,13.16666667,49.66666667,0.833333333,0,0,35.9
00-0025637,A.Bradshaw,2012101409,10/14/2012 0:00,4,0,1,1,27,116,1,0,0,20.5,0.166666667,2.666666667,3.5,16.83333333,81,1,0,0,22
00-0025637,A.Bradshaw,2012102100,10/21/2012 0:00,22,0,4,5,12,43,1,0,0,17.66666667,0.166666667,2.333333333,3,19.66666667,90.66666667,1,0,0,16.5
00-0025637,A.Bradshaw,2012111105,11/11/2012 0:00,14,0,3,4,10,57,0,0,0,20,0.166666667,2.833333333,3.666666667,19.16666667,88.83333333,0.833333333,0,0,10.1
00-0025637,A.Bradshaw,2012112511,11/25/2012 0:00,61,0,2,3,10,58,1,0,0,20.33333333,0,2.833333333,3.666666667,18.16666667,88.83333333,0.666666667,0,0,19.9
00-0025637,A.Bradshaw,2012120300,12/3/2012 0:00,13,0,2,2,24,103,0,0,0,28,0,2.833333333,3.833333333,17,85.5,0.666666667,0,0,16.6
00-0025637,A.Bradshaw,2012120911,12/9/2012 0:00,0,0,0,1,11,33,0,0,0,23.83333333,0,2.666666667,3.5,18.83333333,96.16666667,0.666666667,0,0,3.3
00-0025637,A.Bradshaw,2012122309,12/23/2012 0:00,8,0,1,1,9,39,0,0,0,19,0,2,2.666666667,15.66666667,68.33333333,0.5,0,0,5.7
00-0025637,A.Bradshaw,2012123006,12/30/2012 0:00,41,0,1,2,16,107,1,0,0,19.66666667,0,2,2.666666667,12.66666667,55.5,0.333333333,0,0,24.8
00-0025637,A.Bradshaw,2013091506,9/15/2013 0:00,19,0,3,3,15,65,1,0,0,22.83333333,0,1.5,2.166666667,13.33333333,66.16666667,0.333333333,0,0,17.4
00-0025637,A.Bradshaw,2013092211,9/22/2013 0:00,16,0,3,4,19,95,1,0,0,23.66666667,0,1.5,2,14.16666667,67.5,0.5,0,0,20.1
00-0025637,A.Bradshaw,2014091500,9/15/2014 0:00,26,2,5,5,13,70,0,0,0,16.16666667,0,1.666666667,2.166666667,15.66666667,73.66666667,0.5,0,0,26.6
00-0025637,A.Bradshaw,2014092104,9/21/2014 0:00,18,1,2,3,9,65,0,0,0,18.33333333,0.333333333,2.166666667,2.666666667,13.83333333,68.16666667,0.5,0,0,16.3
00-0025637,A.Bradshaw,2014092803,9/28/2014 0:00,20,1,2,2,9,32,0,0,0,21.33333333,0.5,2.5,3,13.5,73.5,0.5,0,0,13.2
00-0025637,A.Bradshaw,2014100503,10/5/2014 0:00,17,0,4,5,15,68,0,0,0,23.33333333,0.666666667,2.666666667,3.166666667,13.5,72.33333333,0.5,0,0,12.5
00-0025637,A.Bradshaw,2014100900,10/9/2014 0:00,25,1,3,6,11,34,0,0,0,19.33333333,0.666666667,3.166666667,3.666666667,13.33333333,65.83333333,0.333333333,0,0,14.9
00-0025637,A.Bradshaw,2014101905,10/19/2014 0:00,36,1,3,3,10,52,1,0,0,20.33333333,0.833333333,3.166666667,4.166666667,12.66666667,60.66666667,0.166666667,0,0,23.8
00-0025637,A.Bradshaw,2015112202,11/22/2015 0:00,20,2,4,4,9,32,0,0,0,23.66666667,1,3.166666667,4,11.16666667,53.5,0.166666667,0,0,21.2
,,,,,,,,,,,,,22.66666667,1,3,3.833333333,10.5,47.16666667,0.166666667,0,0,0
00-0025701,J.Battle,2011110602,11/6/2011 0:00,9,0,1,2,14,40,0,0,0,21,0,2,2,19,119,0,0,0,5.9
00-0025701,J.Battle,2011112100,11/21/2011 0:00,3,0,1,1,8,33,0,0,0,15,0,1.5,2,16.5,79.5,0,0,0,4.6
00-0025701,J.Battle,2011112711,11/27/2011 0:00,0,0,0,1,9,20,0,0,0,11,0,1.333333333,1.666666667,13.66666667,64,0,0,0,2
00-0025701,J.Battle,2011121102,12/11/2011 0:00,26,0,2,2,10,33,0,0,0,8.25,0,1,1.5,12.5,53,0,0,0,7.9
00-0025701,J.Battle,2011121807,12/18/2011 0:00,7,0,1,1,10,37,1,0,0,11.8,0,1.2,1.6,12,49,0,0,0,11.4
00-0025701,J.Battle,2011122404,12/24/2011 0:00,0,0,0,1,14,56,0,0,0,11,0,1.166666667,1.5,11.66666667,47,0.166666667,0,0,5.6
00-0025701,J.Battle,2012093002,9/30/2012 0:00,42,1,4,4,15,39,1,0,0,7.5,0,0.833333333,1.333333333,10.83333333,36.5,0.166666667,0,0,24.1
00-0025701,J.Battle,2012122314,12/23/2012 0:00,5,0,1,1,19,49,0,0,0,13,0.166666667,1.333333333,1.666666667,11,36.33333333,0.333333333,0,0,6.4
00-0025701,J.Battle,2012123013,12/30/2012 0:00,31,0,4,4,19,37,0,0,0,13.33333333,0.166666667,1.333333333,1.666666667,12.83333333,39,0.333333333,0,0,10.8
,,,,,,,,,,,,,18.5,0.166666667,2,2.166666667,14.5,41.83333333,0.333333333,0,0,0
00-0025860,B.Green-Ellis,2010103108,10/31/2010 0:00,11,0,1,2,17,112,2,0,0,6,0,1,1,16,98,1,0,0,28.3
00-0025860,B.Green-Ellis,2010111411,11/14/2010 0:00,36,0,4,5,18,87,0,0,0,8.5,0,1,1.5,16.5,105,1.5,0,0,16.3
00-0025860,B.Green-Ellis,2010112112,11/21/2010 0:00,4,0,1,1,21,96,1,0,0,17.66666667,0,2,2.666666667,17,99,1,0,0,17
00-0025860,B.Green-Ellis,2010120600,12/6/2010 0:00,7,0,1,1,18,72,2,0,0,14.25,0,1.75,2.25,18,98.25,1,0,0,20.9
00-0025860,B.Green-Ellis,2010121200,12/12/2010 0:00,0,0,0,1,21,87,0,0,0,12.8,0,1.6,2,18,93,1.2,0,0,8.7
00-0025860,B.Green-Ellis,2010122601,12/26/2010 0:00,3,0,1,1,19,104,0,0,0,10.66666667,0,1.333333333,1.833333333,18.5,92,1,0,0,14.7
00-0025860,B.Green-Ellis,2011010200,1/2/2011 0:00,6,0,1,2,20,80,1,0,0,10.16666667,0,1.333333333,1.833333333,19,93,0.833333333,0,0,15.6
00-0025860,B.Green-Ellis,2011091811,9/18/2011 0:00,5,0,1,1,17,70,1,0,0,9.333333333,0,1.333333333,1.833333333,19.5,87.66666667,0.666666667,0,0,14.5
00-0025860,B.Green-Ellis,2011100212,10/2/2011 0:00,9,0,1,1,16,75,1,0,0,4.166666667,0,0.833333333,1.166666667,19.33333333,84.83333333,0.833333333,0,0,15.4
00-0025860,B.Green-Ellis,2011100909,10/9/2011 0:00,13,0,1,1,27,136,2,0,0,5,0,0.833333333,1.166666667,18.5,81.33333333,0.833333333,0,0,30.9
00-0025860,B.Green-Ellis,2011101610,10/16/2011 0:00,11,0,1,1,14,58,0,0,0,6,0,0.833333333,1.166666667,20,92,0.833333333,0,0,7.9
00-0025860,B.Green-Ellis,2011110609,11/6/2011 0:00,11,0,1,1,12,52,0,0,0,7.833333333,0,1,1.166666667,18.83333333,87.16666667,0.833333333,0,0,7.3
00-0025860,B.Green-Ellis,2011112100,11/21/2011 0:00,25,0,1,2,20,81,0,0,0,9.166666667,0,1,1.166666667,17.66666667,78.5,0.833333333,0,0,11.6
00-0025860,B.Green-Ellis,2011121811,12/18/2011 0:00,32,0,2,2,10,17,1,0,0,12.33333333,0,1,1.166666667,17.66666667,78.66666667,0.666666667,0,0,12.9
00-0025860,B.Green-Ellis,2012091000,9/10/2012 0:00,4,0,1,2,18,91,1,0,0,16.83333333,0,1.166666667,1.333333333,16.5,69.83333333,0.666666667,0,0,16.5
00-0025860,B.Green-Ellis,2012091606,9/16/2012 0:00,30,0,3,3,21,75,0,0,0,16,0,1.166666667,1.5,16.83333333,72.5,0.666666667,0,0,13.5
00-0025860,B.Green-Ellis,2012092304,9/23/2012 0:00,0,0,0,1,17,38,1,0,0,18.83333333,0,1.5,1.833333333,15.83333333,62.33333333,0.333333333,0,0,9.8
00-0025860,B.Green-Ellis,2012093009,9/30/2012 0:00,12,0,2,3,26,82,0,0,0,17,0,1.333333333,1.833333333,16.33333333,59,0.5,0,0,11.4
00-0025860,B.Green-Ellis,2012100705,10/7/2012 0:00,2,0,1,2,9,14,0,0,0,17.16666667,0,1.5,2.166666667,18.66666667,64,0.5,0,0,2.6
00-0025860,B.Green-Ellis,2012101403,10/14/2012 0:00,8,0,1,1,16,62,0,0,0,13.33333333,0,1.5,2.166666667,16.83333333,52.83333333,0.5,0,0,8
00-0025860,B.Green-Ellis,2012102110,10/21/2012 0:00,0,0,0,1,18,69,0,0,0,9.333333333,0,1.333333333,2,17.83333333,60.33333333,0.333333333,0,0,6.9
00-0025860,B.Green-Ellis,2012110404,11/4/2012 0:00,-3,0,2,3,17,56,1,0,0,8.666666667,0,1.166666667,1.833333333,17.83333333,56.66666667,0.166666667,0,0,13.3
00-0025860,B.Green-Ellis,2012111105,11/11/2012 0:00,8,0,2,2,15,50,0,0,0,3.166666667,0,1,1.833333333,17.16666667,53.5,0.333333333,0,0,7.8
00-0025860,B.Green-Ellis,2012111808,11/18/2012 0:00,7,0,1,1,25,101,1,0,0,4.5,0,1.333333333,2,16.83333333,55.5,0.166666667,0,0,20.8
00-0025860,B.Green-Ellis,2012112500,11/25/2012 0:00,9,0,1,1,19,129,1,0,0,3.666666667,0,1.166666667,1.666666667,16.66666667,58.66666667,0.333333333,0,0,23.8
00-0025860,B.Green-Ellis,2012120212,12/2/2012 0:00,14,0,4,5,25,118,0,0,0,4.833333333,0,1.166666667,1.5,18.33333333,77.83333333,0.5,0,0,20.2
00-0025860,B.Green-Ellis,2012120909,12/9/2012 0:00,13,0,3,4,12,89,0,0,0,5.833333333,0,1.666666667,2.166666667,19.83333333,87.16666667,0.5,0,0,13.2
00-0025860,B.Green-Ellis,2012122303,12/23/2012 0:00,0,0,1,1,15,14,0,0,0,8,0,2.166666667,2.666666667,18.83333333,90.5,0.5,0,0,2.4
00-0025860,B.Green-Ellis,2013090802,9/8/2013 0:00,4,0,1,1,14,25,1,0,0,8.5,0,2,2.333333333,18.5,83.5,0.333333333,0,0,9.9
00-0025860,B.Green-Ellis,2013091600,9/16/2013 0:00,5,0,1,1,22,75,0,0,0,7.833333333,0,1.833333333,2.166666667,18.33333333,79.33333333,0.5,0,0,9
00-0025860,B.Green-Ellis,2013100601,10/6/2013 0:00,0,0,0,1,19,67,1,0,0,7.5,0,1.833333333,2.166666667,17.83333333,75,0.333333333,0,0,12.7
00-0025860,B.Green-Ellis,2013101301,10/13/2013 0:00,0,0,0,1,18,86,0,0,0,6,0,1.666666667,2.166666667,17.83333333,64.66666667,0.333333333,0,0,8.6
00-0025860,B.Green-Ellis,2013120110,12/1/2013 0:00,3,0,1,1,20,92,1,0,0,3.666666667,0,1,1.5,16.66666667,59.33333333,0.333333333,0,0,16.5
00-0025860,B.Green-Ellis,2013120801,12/8/2013 0:00,0,0,0,1,17,48,2,0,0,2,0,0.666666667,1,18,59.83333333,0.5,0,0,16.8
00-0025860,B.Green-Ellis,2013122202,12/22/2013 0:00,10,0,1,2,12,24,1,0,0,2,0,0.5,1,18.33333333,65.5,0.833333333,0,0,10.4
,,,,,,,,,,,,,3,0,0.5,1.166666667,18,65.33333333,0.833333333,0,0,0
00-0026019,D.Woodhead,2010101702,10/17/2010 0:00,52,0,5,7,11,63,0,0,0,11,1,1,1,8,36,0,0,0,16.5
00-0026019,D.Woodhead,2010102410,10/24/2010 0:00,28,0,3,3,8,24,0,0,0,31.5,0.5,3,4,9.5,49.5,0,0,0,8.2
00-0026019,D.Woodhead,2010110702,11/7/2010 0:00,38,0,2,5,9,54,0,0,0,30.33333333,0.333333333,3,3.666666667,9,41,0,0,0,11.2
00-0026019,D.Woodhead,2010112500,11/25/2010 0:00,13,0,2,2,8,32,0,0,0,32.25,0.25,2.75,4,9,44.25,0,0,0,6.5
00-0026019,D.Woodhead,2010121913,12/19/2010 0:00,12,0,1,2,9,59,0,0,0,28.4,0.2,2.6,3.6,8.8,41.8,0,0,0,8.1
00-0026019,D.Woodhead,2010122601,12/26/2010 0:00,32,0,3,4,13,93,1,0,0,25.66666667,0.166666667,2.333333333,3.333333333,8.833333333,44.66666667,0,0,0,21.5
00-0026019,D.Woodhead,2011091200,9/12/2011 0:00,6,0,1,1,14,69,0,0,0,29.16666667,0,2.666666667,3.833333333,9.666666667,54.16666667,0.166666667,0,0,8.5
00-0026019,D.Woodhead,2011121100,12/11/2011 0:00,4,0,1,3,8,41,0,0,0,21.5,0,2,2.833333333,10.16666667,55.16666667,0.166666667,0,0,5.5
00-0026019,D.Woodhead,2012091602,9/16/2012 0:00,12,0,1,1,8,18,0,0,0,17.5,0,1.666666667,2.833333333,10.16666667,58,0.166666667,0,0,4
00-0026019,D.Woodhead,2012092313,9/23/2012 0:00,9,0,1,2,15,34,1,0,0,13.16666667,0,1.5,2.166666667,10,52,0.166666667,0,0,11.3
00-0026019,D.Woodhead,2012121613,12/16/2012 0:00,23,0,5,10,12,61,2,0,0,12.5,0,1.333333333,2.166666667,11.16666667,52.33333333,0.333333333,0,0,25.4
00-0026019,D.Woodhead,2013091508,9/15/2013 0:00,37,0,8,9,9,27,0,0,0,14.33333333,0,2,3.5,11.66666667,52.66666667,0.666666667,0,0,14.4
00-0026019,D.Woodhead,2013100610,10/6/2013 0:00,58,1,9,9,9,13,0,0,0,15.16666667,0,2.833333333,4.333333333,11,41.66666667,0.5,0,0,22.1
00-0026019,D.Woodhead,2013101400,10/14/2013 0:00,47,0,5,5,9,36,0,0,0,23.83333333,0.166666667,4.166666667,5.666666667,10.16666667,32.33333333,0.5,0,0,13.3
00-0026019,D.Woodhead,2013102004,10/20/2013 0:00,47,0,4,4,9,29,1,0,0,31,0.166666667,4.833333333,6,10.33333333,31.5,0.5,0,0,17.6
00-0026019,D.Woodhead,2013121200,12/12/2013 0:00,13,0,1,1,9,29,0,0,0,36.83333333,0.166666667,5.333333333,6.5,10.5,33.33333333,0.666666667,0,0,5.2
00-0026019,D.Woodhead,2013122213,12/22/2013 0:00,16,0,3,3,8,52,0,0,0,37.5,0.166666667,5.333333333,6.333333333,9.5,32.5,0.5,0,0,9.8
00-0026019,D.Woodhead,2014091408,9/14/2014 0:00,28,0,4,5,8,32,0,0,0,36.33333333,0.166666667,5,5.166666667,8.833333333,31,0.166666667,0,0,10
00-0026019,D.Woodhead,2015091308,9/13/2015 0:00,20,0,4,7,12,42,2,0,0,34.83333333,0.166666667,4.333333333,4.5,8.666666667,31.83333333,0.166666667,0,0,22.2
00-0026019,D.Woodhead,2015100408,10/4/2015 0:00,84,0,4,4,8,54,0,0,0,28.5,0,3.5,4.166666667,9.166666667,36.66666667,0.5,0,0,17.8
00-0026019,D.Woodhead,2015122011,12/20/2015 0:00,50,3,6,6,8,10,1,0,0,34.66666667,0,3.333333333,4,9,39.66666667,0.5,0,0,36
00-0026019,D.Woodhead,2015122400,12/24/2015 0:00,53,0,8,10,11,55,0,0,0,35.16666667,0.5,3.666666667,4.333333333,8.833333333,36.5,0.5,0,0,18.8
00-0026019,D.Woodhead,2016091104,9/11/2016 0:00,31,1,5,7,16,89,0,0,0,41.83333333,0.5,4.833333333,5.833333333,9.166666667,40.83333333,0.5,0,0,23
,,,,,,,,,,,,,44.33333333,0.666666667,5.166666667,6.5,10.5,47,0.5,0,0,0
00-0026029,K.Lumpkin,2012121601,12/16/2012 0:00,0,0,0,1,9,42,0,0,0,37,0,6,8,8,15,0,0,0,4.2
,,,,,,,,,,,,,18.5,0,3,4.5,8.5,28.5,0,0,0,0
00-0026069,M.Tolbert,2010091913,9/19/2010 0:00,13,0,1,1,16,82,2,0,0,11,0,1,2,11,60,0,0,0,22.5
00-0026069,M.Tolbert,2010092613,9/26/2010 0:00,17,0,3,4,17,73,0,0,0,12,0,1,1.5,13.5,71,1,0,0,12
00-0026069,M.Tolbert,2010100311,10/3/2010 0:00,3,0,2,2,16,100,1,0,0,13.66666667,0,1.666666667,2.333333333,14.66666667,71.66666667,0.666666667,0,0,18.3
00-0026069,M.Tolbert,2010101011,10/10/2010 0:00,24,0,2,3,12,11,1,0,0,11,0,1.75,2.25,15,78.75,0.75,0,0,11.5
00-0026069,M.Tolbert,2010103107,10/31/2010 0:00,27,0,4,4,11,63,1,0,0,13.6,0,1.8,2.4,14.4,65.2,0.8,0,0,19
00-0026069,M.Tolbert,2010110703,11/7/2010 0:00,2,0,1,1,9,34,0,0,0,15.83333333,0,2.166666667,2.666666667,13.83333333,64.83333333,0.833333333,0,0,4.6
00-0026069,M.Tolbert,2010112200,11/22/2010 0:00,42,0,2,2,25,111,1,0,0,14.33333333,0,2.166666667,2.5,13.5,60.5,0.833333333,0,0,26.3
00-0026069,M.Tolbert,2010112811,11/28/2010 0:00,15,0,2,2,26,103,1,0,0,19.16666667,0,2.333333333,2.666666667,15,65.33333333,0.666666667,0,0,22.8
00-0026069,M.Tolbert,2010121212,12/12/2010 0:00,13,0,1,1,16,66,1,0,0,18.83333333,0,2.166666667,2.333333333,16.5,70.33333333,0.833333333,0,0,14.9
00-0026069,M.Tolbert,2010121600,12/16/2010 0:00,0,0,0,1,17,46,1,0,0,20.5,0,2,2.166666667,16.5,64.66666667,0.833333333,0,0,10.6
00-0026069,M.Tolbert,2011091111,9/11/2011 0:00,58,2,9,9,12,35,1,0,0,16.5,0,1.666666667,1.833333333,17.33333333,70.5,0.833333333,0,0,36.3
00-0026069,M.Tolbert,2011091811,9/18/2011 0:00,73,0,8,9,9,10,0,0,0,21.66666667,0.333333333,2.5,2.666666667,17.5,65.83333333,0.833333333,0,0,16.3
00-0026069,M.Tolbert,2011102301,10/23/2011 0:00,0,0,0,1,11,58,1,0,0,33.5,0.333333333,3.666666667,4,17.5,61.83333333,0.833333333,0,0,11.8
00-0026069,M.Tolbert,2011110610,11/6/2011 0:00,59,0,4,9,19,83,1,0,0,26.5,0.333333333,3.333333333,3.833333333,15.16666667,53,0.833333333,0,0,24.2
00-0026069,M.Tolbert,2011112710,11/27/2011 0:00,19,0,3,4,11,44,0,0,0,33.83333333,0.333333333,3.666666667,5,14,49.66666667,0.833333333,0,0,9.3
00-0026069,M.Tolbert,2011121812,12/18/2011 0:00,18,0,2,2,8,40,1,0,0,34.83333333,0.333333333,4,5.5,13.16666667,46,0.666666667,0,0,13.8
00-0026069,M.Tolbert,2012010114,1/1/2012 0:00,13,0,1,1,9,58,1,0,0,37.83333333,0.333333333,4.333333333,5.666666667,11.66666667,45,0.666666667,0,0,14.1
00-0026069,M.Tolbert,2012121609,12/16/2012 0:00,24,0,2,4,9,40,2,0,0,30.33333333,0,3,4.333333333,11.16666667,48.83333333,0.666666667,0,0,20.4
00-0026069,M.Tolbert,2012123011,12/30/2012 0:00,22,0,1,3,10,25,3,0,0,22.16666667,0,2,3.5,11.16666667,53.83333333,1,0,0,23.7
00-0026069,M.Tolbert,2013101305,10/13/2013 0:00,20,1,2,3,8,27,1,0,0,25.83333333,0,2.166666667,3.833333333,11,48.33333333,1.333333333,0,0,18.7
00-0026069,M.Tolbert,2013120100,12/1/2013 0:00,41,0,3,4,9,48,0,0,0,19.33333333,0.166666667,1.833333333,2.833333333,9.166666667,39,1.333333333,0,0,11.9
00-0026069,M.Tolbert,2013121510,12/15/2013 0:00,7,0,1,2,12,18,1,0,0,23,0.166666667,1.833333333,2.833333333,8.833333333,39.66666667,1.333333333,0,0,9.5
00-0026069,M.Tolbert,2016010312,1/3/2016 0:00,5,0,1,1,10,59,0,0,0,21.16666667,0.166666667,1.666666667,2.833333333,9.5,36,1.333333333,0,0,7.4
00-0026069,M.Tolbert,2016091800,9/18/2016 0:00,0,0,0,1,9,25,0,0,0,19.83333333,0.166666667,1.666666667,2.833333333,9.666666667,36.16666667,1.166666667,0,0,2.5
00-0026069,M.Tolbert,2017091000,9/10/2017 0:00,12,0,1,1,12,42,1,0,0,15.83333333,0.166666667,1.333333333,2.333333333,9.666666667,33.66666667,0.833333333,0,0,12.4
00-0026069,M.Tolbert,2017092401,9/24/2017 0:00,0,0,0,1,11,41,0,0,0,14.16666667,0.166666667,1.333333333,2,10,36.5,0.5,0,0,4.1
,,,,,,,,,,,,,10.83333333,0,1,1.666666667,10.5,38.83333333,0.333333333,0,0,0
,,,,,,,,,,,,,38,0,3,5,10,48,1,0,0,0
00-0026144,D.McFadden,2009092004,9/20/2009 0:00,20,0,2,5,12,35,1,0,0,25,0,2,4,17,68,0,0,0,13.5
00-0026144,D.McFadden,2009092712,9/27/2009 0:00,3,0,2,2,12,45,0,0,1,22.5,0,2,4.5,14.5,51.5,0.5,0,0,5.8
00-0026144,D.McFadden,2009120607,12/6/2009 0:00,0,0,0,2,9,25,0,0,0,16,0,2,3.666666667,13.66666667,49.33333333,0.333333333,0,0.333333333,2.5
00-0026144,D.McFadden,2009121311,12/13/2009 0:00,84,0,3,4,8,21,0,0,0,12,0,1.5,3.25,12.5,43.25,0.25,0,0.25,13.5
00-0026144,D.McFadden,2010091205,9/12/2010 0:00,55,1,6,9,18,95,0,0,0,26.4,0,1.8,3.4,11.6,38.8,0.2,0,0.2,27
00-0026144,D.McFadden,2010091910,9/19/2010 0:00,8,0,2,4,30,145,0,0,0,31.16666667,0.166666667,2.5,4.333333333,12.66666667,48.16666667,0.166666667,0,0.166666667,20.3
00-0026144,D.McFadden,2010092612,9/26/2010 0:00,17,0,2,3,25,105,1,0,0,28.33333333,0.166666667,2.5,4.333333333,14.83333333,61,0.166666667,0,0.166666667,23.2
00-0026144,D.McFadden,2010100309,10/3/2010 0:00,82,0,6,7,12,47,0,0,0,27.83333333,0.166666667,2.5,4,17,72.66666667,0.166666667,0,0.166666667,18.9
00-0026144,D.McFadden,2010102411,10/24/2010 0:00,31,1,2,2,16,165,3,0,0,41,0.166666667,3.166666667,4.833333333,17,73,0.166666667,0,0,48.6
00-0026144,D.McFadden,2010103110,10/31/2010 0:00,24,0,2,2,21,111,0,0,0,46.16666667,0.333333333,3.5,4.833333333,18.16666667,96.33333333,0.666666667,0,0,18.5
00-0026144,D.McFadden,2010110710,11/7/2010 0:00,25,0,4,4,17,89,0,0,0,36.16666667,0.333333333,3.333333333,4.5,20.33333333,111.3333333,0.666666667,0,0,15.4
00-0026144,D.McFadden,2010112103,11/21/2010 0:00,16,0,2,4,10,14,0,0,0,31.16666667,0.166666667,3,3.666666667,20.16666667,110.3333333,0.666666667,0,0,5
00-0026144,D.McFadden,2010112809,11/28/2010 0:00,63,0,7,10,8,2,0,0,0,32.5,0.166666667,3,3.666666667,16.83333333,88.5,0.666666667,0,0,13.5
00-0026144,D.McFadden,2010120509,12/5/2010 0:00,30,0,3,3,19,97,1,1,1,40.16666667,0.166666667,3.833333333,4.833333333,14,71.33333333,0.5,0,0,20.7
00-0026144,D.McFadden,2010121203,12/12/2010 0:00,86,1,3,3,16,123,2,0,0,31.5,0.166666667,3.333333333,4.166666667,15.16666667,79.66666667,0.666666667,0.166666667,0.166666667,44.9
00-0026144,D.McFadden,2010121912,12/19/2010 0:00,39,0,4,4,20,119,0,0,0,40.66666667,0.166666667,3.5,4.333333333,15.16666667,72.66666667,0.5,0.166666667,0.166666667,22.8
00-0026144,D.McFadden,2010122610,12/26/2010 0:00,31,0,4,6,11,45,0,0,0,43.16666667,0.166666667,3.833333333,4.666666667,15,74,0.5,0.166666667,0.166666667,11.6
00-0026144,D.McFadden,2011091201,9/12/2011 0:00,6,0,1,1,22,150,0,0,0,44.16666667,0.166666667,3.833333333,5,14,66.66666667,0.5,0.166666667,0.166666667,19.6
00-0026144,D.McFadden,2011091801,9/18/2011 0:00,71,1,7,8,20,72,1,0,0,42.5,0.166666667,3.666666667,4.5,16,89.33333333,0.5,0.166666667,0.166666667,33.3
00-0026144,D.McFadden,2011092508,9/25/2011 0:00,7,0,3,3,19,171,2,0,0,43.83333333,0.333333333,3.666666667,4.166666667,18,101,0.666666667,0.166666667,0.166666667,35.8
00-0026144,D.McFadden,2011100212,10/2/2011 0:00,48,0,4,6,14,75,0,0,0,40,0.333333333,3.666666667,4.166666667,18,113.3333333,0.833333333,0,0,16.3
00-0026144,D.McFadden,2011100901,10/9/2011 0:00,17,0,3,4,16,51,0,0,0,33.66666667,0.166666667,3.833333333,4.666666667,17.66666667,105.3333333,0.5,0,0,9.8
00-0026144,D.McFadden,2011101607,10/16/2011 0:00,2,0,1,1,20,91,1,0,0,30,0.166666667,3.666666667,4.666666667,17,94,0.5,0,0,16.3
00-0026144,D.McFadden,2012091001,9/10/2012 0:00,86,0,13,18,15,32,0,0,0,25.16666667,0.166666667,3.166666667,3.833333333,18.5,101.6666667,0.666666667,0,0,24.8
00-0026144,D.McFadden,2012091612,9/16/2012 0:00,19,0,2,7,11,22,0,0,0,38.5,0.166666667,5.166666667,6.666666667,17.33333333,82,0.666666667,0,0,6.1
00-0026144,D.McFadden,2012092312,9/23/2012 0:00,2,0,2,2,18,113,1,0,0,29.83333333,0,4.333333333,6.5,15.83333333,73.66666667,0.5,0,0,22.5
00-0026144,D.McFadden,2012093008,9/30/2012 0:00,4,0,1,1,13,34,0,0,0,29,0,4.166666667,6.333333333,15.66666667,64,0.333333333,0,0,4.8
00-0026144,D.McFadden,2012101400,10/14/2012 0:00,28,0,3,4,27,70,1,0,0,21.66666667,0,3.666666667,5.5,15.5,57.16666667,0.333333333,0,0,18.8
00-0026144,D.McFadden,2012102109,10/21/2012 0:00,28,0,4,7,19,53,0,0,0,23.5,0,3.666666667,5.5,17.33333333,60.33333333,0.5,0,0,12.1
00-0026144,D.McFadden,2012102809,10/28/2012 0:00,23,0,4,6,29,114,0,0,0,27.83333333,0,4.166666667,6.5,17.16666667,54,0.333333333,0,0,20.7
00-0026144,D.McFadden,2012120600,12/6/2012 0:00,12,1,2,4,11,52,0,0,0,17.33333333,0,2.666666667,4.5,19.5,67.66666667,0.333333333,0,0,14.4
00-0026144,D.McFadden,2012121612,12/16/2012 0:00,39,0,4,4,30,110,0,1,1,16.16666667,0.166666667,2.666666667,4,19.5,72.66666667,0.333333333,0,0,20.9
00-0026144,D.McFadden,2012122301,12/23/2012 0:00,15,0,3,4,17,33,0,0,0,22.33333333,0.166666667,3,4.333333333,21.5,72.16666667,0.166666667,0.166666667,0.166666667,7.8
00-0026144,D.McFadden,2012123013,12/30/2012 0:00,2,0,2,3,19,57,0,0,0,24.16666667,0.166666667,3.333333333,4.833333333,22.16666667,72,0.166666667,0.166666667,0.166666667,7.9
00-0026144,D.McFadden,2013090805,9/8/2013 0:00,18,0,3,5,17,48,1,0,0,19.83333333,0.166666667,3.166666667,4.666666667,20.83333333,69.83333333,0,0.166666667,0.166666667,15.6
00-0026144,D.McFadden,2013091512,9/15/2013 0:00,28,0,4,4,19,129,0,0,0,18.16666667,0.166666667,3,4.333333333,20.5,69,0.166666667,0.166666667,0.166666667,22.7
00-0026144,D.McFadden,2013092300,9/23/2013 0:00,0,0,0,1,12,9,1,0,0,19,0.166666667,3,4,18.83333333,71.5,0.166666667,0.166666667,0.166666667,6.9
00-0026144,D.McFadden,2013101304,10/13/2013 0:00,31,0,3,3,16,52,0,0,0,17,0,2.666666667,3.5,19,64.33333333,0.333333333,0.166666667,0.166666667,11.3
00-0026144,D.McFadden,2013102706,10/27/2013 0:00,5,0,2,2,24,73,2,0,0,15.66666667,0,2.5,3.333333333,16.66666667,54.66666667,0.333333333,0,0,21.8
00-0026144,D.McFadden,2014091412,9/14/2014 0:00,31,0,2,3,12,37,1,0,0,14,0,2.333333333,3,17.83333333,61.33333333,0.666666667,0,0,14.8
00-0026144,D.McFadden,2014092105,9/21/2014 0:00,6,0,4,4,18,59,0,0,0,18.83333333,0,2.333333333,3,16.66666667,58,0.833333333,0,0,10.5
00-0026144,D.McFadden,2014092806,9/28/2014 0:00,32,0,4,5,11,40,0,0,0,16.83333333,0,2.5,2.833333333,16.83333333,59.83333333,0.666666667,0,0,11.2
00-0026144,D.McFadden,2014101209,10/12/2014 0:00,6,0,2,4,14,80,0,0,0,17.5,0,2.5,3,15.5,45,0.666666667,0,0,10.6
00-0026144,D.McFadden,2014101911,10/19/2014 0:00,7,0,4,8,14,48,1,0,0,18.5,0,2.833333333,3.5,15.83333333,56.83333333,0.5,0,0,15.5
00-0026144,D.McFadden,2014102610,10/26/2014 0:00,26,0,4,6,12,59,0,0,0,14.5,0,3,4.333333333,15.5,56.16666667,0.666666667,0,0,12.5
00-0026144,D.McFadden,2014110209,11/2/2014 0:00,47,0,4,5,13,20,0,0,0,18,0,3.333333333,5,13.5,53.83333333,0.333333333,0,0,10.7
00-0026144,D.McFadden,2014111609,11/16/2014 0:00,0,0,0,3,8,21,0,0,0,20.66666667,0,3.666666667,5.333333333,13.66666667,51,0.166666667,0,0,2.1
00-0026144,D.McFadden,2014112000,11/20/2014 0:00,5,0,2,2,12,29,0,0,0,19.66666667,0,3,5.166666667,12,44.66666667,0.166666667,0,0,5.4
00-0026144,D.McFadden,2014113007,11/30/2014 0:00,18,0,2,2,11,27,0,0,0,15.16666667,0,2.666666667,4.666666667,12.16666667,42.83333333,0.166666667,0,0,6.5
00-0026144,D.McFadden,2014122110,12/21/2014 0:00,0,0,1,2,9,54,0,0,0,17.16666667,0,2.666666667,4.333333333,11.66666667,34,0.166666667,0,0,6.4
00-0026144,D.McFadden,2015092012,9/20/2015 0:00,21,0,2,2,10,31,0,0,0,16,0,2.166666667,3.333333333,10.83333333,35,0,0,0,7.2
00-0026144,D.McFadden,2015102510,10/25/2015 0:00,10,0,2,2,29,152,1,0,0,15.16666667,0,1.833333333,2.666666667,10.5,30.33333333,0,0,0,27.2
00-0026144,D.McFadden,2015110110,11/1/2015 0:00,49,0,6,8,20,64,0,0,0,9,0,1.5,2.166666667,13.16666667,52.33333333,0.166666667,0,0,17.3
00-0026144,D.McFadden,2015110810,11/8/2015 0:00,5,0,1,2,27,117,0,0,0,17.16666667,0,2.5,3,15.16666667,59.5,0.166666667,0,0,16.2
00-0026144,D.McFadden,2015111502,11/15/2015 0:00,26,0,3,4,17,32,0,0,0,17.16666667,0,2.333333333,3,17.66666667,74.16666667,0.166666667,0,0,8.8
00-0026144,D.McFadden,2015112207,11/22/2015 0:00,20,0,3,3,29,129,0,0,0,18.5,0,2.5,3.333333333,18.66666667,75,0.166666667,0,0,20.9
00-0026144,D.McFadden,2015112601,11/26/2015 0:00,45,0,4,6,10,11,0,0,0,21.83333333,0,2.833333333,3.5,22,87.5,0.166666667,0,0,9.6
00-0026144,D.McFadden,2015120700,12/7/2015 0:00,6,0,1,1,14,53,1,0,0,25.83333333,0,3.166666667,4.166666667,22,84.16666667,0.166666667,0,0,12.9
00-0026144,D.McFadden,2015121312,12/13/2015 0:00,0,0,0,2,9,111,0,0,0,25.16666667,0,3,4,19.5,67.66666667,0.166666667,0,0,14.1
00-0026144,D.McFadden,2015121900,12/19/2015 0:00,13,0,2,3,16,100,0,0,0,17,0,2,3,17.66666667,75.5,0.166666667,0,0,13.3
00-0026144,D.McFadden,2015122709,12/27/2015 0:00,-1,0,1,1,19,99,0,0,0,18.33333333,0,2.166666667,3.166666667,15.83333333,72.66666667,0.166666667,0,0,10.8
00-0026144,D.McFadden,2016010307,1/3/2016 0:00,53,0,5,8,12,92,0,0,0,13.83333333,0,1.833333333,2.666666667,16.16666667,83.83333333,0.166666667,0,0,19.5
00-0026144,D.McFadden,2016122600,12/26/2016 0:00,0,0,0,1,14,49,0,0,0,19.33333333,0,2.166666667,3.5,13.33333333,77.66666667,0.166666667,0,0,4.9
,,,,,,,,,,,,,11.83333333,0,1.5,2.666666667,14,84,0.166666667,0,0,0
00-0026153,J.Stewart,2009092000,9/20/2009 0:00,14,0,3,3,9,65,0,0,0,32,0,2,3,11,35,0,0,0,10.9
00-0026153,J.Stewart,2009101102,10/11/2009 0:00,6,0,1,1,10,39,1,0,0,23,0,2.5,3,10,50,0,0,0,11.5
00-0026153,J.Stewart,2009110807,11/8/2009 0:00,14,0,1,1,13,24,0,0,0,17.33333333,0,2,2.333333333,10,46.33333333,0.333333333,0,0,4.8
00-0026153,J.Stewart,2009111500,11/15/2009 0:00,0,0,0,2,11,82,2,0,0,16.5,0,1.75,2,10.75,40.75,0.25,0,0,20.2
00-0026153,J.Stewart,2009112905,11/29/2009 0:00,0,0,0,1,9,35,0,0,0,13.2,0,1.4,2,10.8,49,0.6,0,0,3.5
00-0026153,J.Stewart,2009120601,12/6/2009 0:00,6,0,1,1,26,120,1,0,0,11,0,1.166666667,1.833333333,10.5,46.66666667,0.5,0,0,22.6
00-0026153,J.Stewart,2009122012,12/20/2009 0:00,14,1,2,3,25,109,1,0,0,6.666666667,0,1,1.5,13,60.83333333,0.666666667,0,0,29.3
00-0026153,J.Stewart,2009122705,12/27/2009 0:00,16,0,2,2,28,206,1,0,0,6.666666667,0.166666667,0.833333333,1.5,15.66666667,68.16666667,0.833333333,0,0,33.2
00-0026153,J.Stewart,2010010301,1/3/2010 0:00,0,0,0,1,16,125,1,0,0,8.333333333,0.166666667,1,1.666666667,18.66666667,96,0.833333333,0,0,21.5
00-0026153,J.Stewart,2010091908,9/19/2010 0:00,0,0,0,1,8,43,0,0,0,6,0.166666667,0.833333333,1.666666667,19.16666667,112.8333333,1,0,0,4.3
00-0026153,J.Stewart,2010092601,9/26/2010 0:00,18,0,2,2,8,13,1,0,0,6,0.166666667,0.833333333,1.5,18.66666667,106.3333333,0.666666667,0,0,11.1
00-0026153,J.Stewart,2010101005,10/10/2010 0:00,4,0,1,1,8,30,0,0,0,9,0.166666667,1.166666667,1.666666667,18.5,102.6666667,0.833333333,0,0,4.4
00-0026153,J.Stewart,2010102406,10/24/2010 0:00,0,0,0,3,14,29,0,0,0,8.666666667,0.166666667,1.166666667,1.666666667,15.5,87.66666667,0.666666667,0,0,2.9
00-0026153,J.Stewart,2010103105,10/31/2010 0:00,8,0,1,1,14,30,0,0,0,6.333333333,0,0.833333333,1.666666667,13.66666667,74.33333333,0.5,0,0,4.8
00-0026153,J.Stewart,2010120512,12/5/2010 0:00,7,0,1,1,21,92,1,0,0,5,0,0.666666667,1.5,11.33333333,45,0.333333333,0,0,16.9
00-0026153,J.Stewart,2010121207,12/12/2010 0:00,0,0,0,1,18,133,0,0,0,6.166666667,0,0.833333333,1.5,12.16666667,39.5,0.333333333,0,0,16.3
00-0026153,J.Stewart,2010121907,12/19/2010 0:00,2,0,1,2,27,137,0,0,0,6.166666667,0,0.833333333,1.5,13.83333333,54.5,0.333333333,0,0,17.9
00-0026153,J.Stewart,2010122300,12/23/2010 0:00,9,0,1,1,18,71,0,0,0,3.5,0,0.666666667,1.5,17,75.16666667,0.166666667,0,0,9
00-0026153,J.Stewart,2011092500,9/25/2011 0:00,26,0,3,3,10,59,0,0,0,4.333333333,0,0.666666667,1.5,18.66666667,82,0.166666667,0,0,11.5
00-0026153,J.Stewart,2011100205,10/2/2011 0:00,33,0,4,4,8,52,0,0,0,8.666666667,0,1.166666667,1.5,18,87,0.166666667,0,0,12.5
00-0026153,J.Stewart,2011103003,10/30/2011 0:00,10,0,2,3,13,49,0,0,0,12.83333333,0,1.666666667,2,17,90.66666667,0.166666667,0,0,7.9
00-0026153,J.Stewart,2011112006,11/20/2011 0:00,87,0,6,6,8,22,0,0,0,13.33333333,0,1.833333333,2.333333333,15.66666667,83.5,0,0,0,16.9
00-0026153,J.Stewart,2011112705,11/27/2011 0:00,12,0,3,4,10,70,0,0,0,27.83333333,0,2.833333333,3.166666667,14,65,0,0,0,11.2
00-0026153,J.Stewart,2011120407,12/4/2011 0:00,19,0,2,2,14,80,1,0,0,29.5,0,3.166666667,3.5,11.16666667,53.83333333,0,0,0,17.9
00-0026153,J.Stewart,2011121106,12/11/2011 0:00,27,0,4,9,8,29,0,0,0,31.16666667,0,3.333333333,3.666666667,10.5,55.33333333,0.166666667,0,0,9.6
00-0026153,J.Stewart,2011121806,12/18/2011 0:00,8,0,2,3,11,43,0,0,0,31.33333333,0,3.5,4.666666667,10.16666667,50.33333333,0.166666667,0,0,7.1
00-0026153,J.Stewart,2012010111,1/1/2012 0:00,7,0,2,2,9,79,1,0,0,27.16666667,0,3.166666667,4.5,10.66666667,48.83333333,0.166666667,0,0,16.6
00-0026153,J.Stewart,2012091601,9/16/2012 0:00,17,1,1,1,11,51,0,0,0,26.66666667,0,3.166666667,4.333333333,10,53.83333333,0.333333333,0,0,13.8
00-0026153,J.Stewart,2012093004,9/30/2012 0:00,8,0,1,1,10,40,0,0,0,15,0.166666667,2.333333333,3.5,10.5,58.66666667,0.333333333,0,0,5.8
00-0026153,J.Stewart,2012102102,10/21/2012 0:00,11,0,3,4,10,35,0,0,0,14.33333333,0.166666667,2,3,10.5,53.66666667,0.333333333,0,0,7.6
00-0026153,J.Stewart,2012102806,10/28/2012 0:00,38,0,4,6,17,42,0,0,0,13,0.166666667,2.166666667,3.333333333,9.833333333,46.16666667,0.166666667,0,0,12
00-0026153,J.Stewart,2012110400,11/4/2012 0:00,6,0,1,1,10,51,0,0,0,14.83333333,0.166666667,2.166666667,2.833333333,11.33333333,48.33333333,0.166666667,0,0,6.7
00-0026153,J.Stewart,2012111100,11/11/2012 0:00,23,0,2,2,8,31,0,0,0,14.5,0.166666667,2,2.5,11.16666667,49.66666667,0.166666667,0,0,7.4
00-0026153,J.Stewart,2012111803,11/18/2012 0:00,30,0,1,1,15,43,1,0,0,17.16666667,0.166666667,2,2.5,11,41.66666667,0,0,0,14.3
00-0026153,J.Stewart,2012112600,11/26/2012 0:00,9,0,2,3,8,27,0,0,0,19.33333333,0,2,2.5,11.66666667,40.33333333,0.166666667,0,0,5.6
00-0026153,J.Stewart,2013110301,11/3/2013 0:00,22,0,3,3,9,43,0,0,0,19.5,0,2.166666667,2.833333333,11.33333333,38.16666667,0.166666667,0,0,9.5
00-0026153,J.Stewart,2013120100,12/1/2013 0:00,3,0,2,2,14,39,0,0,0,21.33333333,0,2.166666667,2.666666667,11.16666667,39.5,0.166666667,0,0,6.2
00-0026153,J.Stewart,2014090711,9/7/2014 0:00,17,0,3,3,9,20,0,0,0,15.5,0,1.833333333,2,10.66666667,39,0.166666667,0,0,6.7
00-0026153,J.Stewart,2014091401,9/14/2014 0:00,22,0,1,1,15,37,1,0,0,17.33333333,0,2.166666667,2.333333333,10.5,33.83333333,0.166666667,0,0,12.9
00-0026153,J.Stewart,2014101904,10/19/2014 0:00,12,0,1,2,14,55,0,0,0,17.16666667,0,2,2.166666667,11.66666667,34.83333333,0.333333333,0,0,7.7
00-0026153,J.Stewart,2014102601,10/26/2014 0:00,15,0,3,5,16,79,0,0,0,14.16666667,0,2,2.333333333,11.5,36.83333333,0.166666667,0,0,12.4
00-0026153,J.Stewart,2014111000,11/10/2014 0:00,23,0,4,4,11,36,1,0,0,15.16666667,0,2.166666667,2.666666667,12.83333333,45.5,0.166666667,0,0,15.9
00-0026153,J.Stewart,2014113005,11/30/2014 0:00,25,0,2,2,12,85,0,0,0,15.33333333,0,2.333333333,2.833333333,13.16666667,44.33333333,0.333333333,0,0,13
00-0026153,J.Stewart,2014120706,12/7/2014 0:00,0,0,0,1,20,155,1,0,0,19,0,2.333333333,2.833333333,12.83333333,52,0.333333333,0,0,24.5
00-0026153,J.Stewart,2014121403,12/14/2014 0:00,6,0,1,1,22,73,0,0,0,16.16666667,0,1.833333333,2.5,14.66666667,74.5,0.5,0,0,8.9
00-0026153,J.Stewart,2014122100,12/21/2014 0:00,7,1,2,4,24,122,0,0,0,13.5,0,1.833333333,2.5,15.83333333,80.5,0.333333333,0,0,23.9
00-0026153,J.Stewart,2014122800,12/28/2014 0:00,20,0,2,2,13,49,0,0,0,12.66666667,0.166666667,2,2.833333333,17.5,91.66666667,0.333333333,0,0,8.9
00-0026153,J.Stewart,2015091302,9/13/2015 0:00,25,0,4,4,18,56,0,0,0,13.5,0.166666667,1.833333333,2.333333333,17,86.66666667,0.333333333,0,0,12.1
00-0026153,J.Stewart,2015092000,9/20/2015 0:00,-3,0,1,1,17,62,0,0,0,13.83333333,0.166666667,1.833333333,2.333333333,18.16666667,90,0.166666667,0,0,6.9
00-0026153,J.Stewart,2015092701,9/27/2015 0:00,0,0,0,1,14,52,0,0,0,9.166666667,0.166666667,1.666666667,2.166666667,19,86.16666667,0.166666667,0,0,5.2
00-0026153,J.Stewart,2015101808,10/18/2015 0:00,8,0,1,1,20,78,2,0,0,9.166666667,0.166666667,1.666666667,2.166666667,18,69,0,0,0,21.6
00-0026153,J.Stewart,2015102511,10/25/2015 0:00,0,0,0,1,24,125,0,0,0,9.5,0.166666667,1.666666667,2.166666667,17.66666667,69.83333333,0.333333333,0,0,15.5
00-0026153,J.Stewart,2015110200,11/2/2015 0:00,1,0,1,2,24,82,1,0,0,8.333333333,0,1.333333333,1.666666667,17.66666667,70.33333333,0.333333333,0,0,15.3
00-0026153,J.Stewart,2015110801,11/8/2015 0:00,2,0,1,2,20,66,0,0,0,5.166666667,0,1.166666667,1.666666667,19.5,75.83333333,0.5,0,0,7.8
00-0026153,J.Stewart,2015112206,11/22/2015 0:00,12,1,1,1,21,102,0,0,0,1.333333333,0,0.666666667,1.333333333,19.83333333,77.5,0.5,0,0,21.4
00-0026153,J.Stewart,2015112601,11/26/2015 0:00,9,0,3,4,21,68,0,0,0,3.833333333,0.166666667,0.666666667,1.333333333,20.5,84.16666667,0.5,0,0,10.7
00-0026153,J.Stewart,2015120607,12/6/2015 0:00,31,0,3,3,21,82,1,0,0,5.333333333,0.166666667,1.166666667,1.833333333,21.66666667,86.83333333,0.5,0,0,20.3
00-0026153,J.Stewart,2015121307,12/13/2015 0:00,14,0,1,1,10,75,1,0,0,9.166666667,0.166666667,1.5,2.166666667,21.83333333,87.5,0.333333333,0,0,15.9
00-0026153,J.Stewart,2016090800,9/8/2016 0:00,0,0,0,1,15,64,0,0,0,11.5,0.166666667,1.666666667,2.166666667,19.5,79.16666667,0.5,0,0,6.4
00-0026153,J.Stewart,2016101605,10/16/2016 0:00,0,0,0,1,19,85,2,0,0,11.33333333,0.166666667,1.5,2,18,76.16666667,0.333333333,0,0,20.5
00-0026153,J.Stewart,2016103009,10/30/2016 0:00,25,0,1,2,25,95,2,0,0,11,0.166666667,1.333333333,1.833333333,17.83333333,79.33333333,0.666666667,0,0,25
00-0026153,J.Stewart,2016111301,11/13/2016 0:00,0,0,0,1,13,39,0,0,0,13.16666667,0,1.333333333,2,18.5,78.16666667,1,0,0,3.9
00-0026153,J.Stewart,2016111700,11/17/2016 0:00,8,0,1,4,18,31,1,0,0,11.66666667,0,0.833333333,1.5,17.16666667,73.33333333,1,0,0,10.9
00-0026153,J.Stewart,2016112710,11/27/2016 0:00,0,0,0,1,17,96,2,0,0,7.833333333,0,0.5,1.666666667,16.66666667,64.83333333,1,0,0,21.6
00-0026153,J.Stewart,2016120412,12/4/2016 0:00,3,0,1,1,11,50,0,0,0,5.5,0,0.333333333,1.666666667,17.83333333,68.33333333,1.166666667,0,0,6.3
00-0026153,J.Stewart,2016121101,12/11/2016 0:00,0,0,0,2,24,66,1,0,0,6,0,0.5,1.666666667,17.16666667,66,1.166666667,0,0,12.6
00-0026153,J.Stewart,2016121900,12/19/2016 0:00,8,0,1,2,25,132,0,0,0,6,0,0.5,1.833333333,18,62.83333333,1,0,0,18
00-0026153,J.Stewart,2016122401,12/24/2016 0:00,2,0,1,2,11,50,0,0,0,3.166666667,0,0.5,1.833333333,18,69,0.666666667,0,0,6.2
00-0026153,J.Stewart,2017010109,1/1/2017 0:00,7,0,1,2,20,65,1,0,0,3.5,0,0.666666667,2,17.66666667,70.83333333,0.666666667,0,0,14.2
00-0026153,J.Stewart,2017091011,9/10/2017 0:00,17,1,2,2,18,65,0,0,0,3.333333333,0,0.666666667,1.666666667,18,76.5,0.666666667,0,0,16.2
00-0026153,J.Stewart,2017091701,9/17/2017 0:00,0,0,0,1,15,40,0,0,0,6.166666667,0.166666667,1,1.833333333,18.16666667,71.33333333,0.333333333,0,0,4
00-0026153,J.Stewart,2017092402,9/24/2017 0:00,4,0,1,2,12,57,0,0,0,5.666666667,0.166666667,0.833333333,1.833333333,18.83333333,69.66666667,0.333333333,0,0,7.1
00-0026153,J.Stewart,2017100107,10/1/2017 0:00,0,0,0,1,14,68,0,0,0,6.333333333,0.166666667,1,1.833333333,16.83333333,68.16666667,0.166666667,0,0,6.8
00-0026153,J.Stewart,2017100802,10/8/2017 0:00,23,0,3,3,18,21,0,0,0,5,0.166666667,0.833333333,1.666666667,15,57.5,0.166666667,0,0,7.4
00-0026153,J.Stewart,2017101200,10/12/2017 0:00,0,0,0,2,8,-4,0,0,0,8.5,0.166666667,1.166666667,1.833333333,16.16666667,52.66666667,0.166666667,0,0,-0.4
00-0026153,J.Stewart,2017120307,12/3/2017 0:00,0,0,0,1,11,45,1,0,0,7.333333333,0.166666667,1,1.833333333,14.16666667,41.16666667,0,0,0,10.5
00-0026153,J.Stewart,2017121001,12/10/2017 0:00,0,0,0,1,16,103,3,0,0,4.5,0,0.666666667,1.666666667,13,37.83333333,0.166666667,0,0,31.3
00-0026153,J.Stewart,2017121701,12/17/2017 0:00,9,0,1,1,11,27,0,0,0,4.5,0,0.666666667,1.666666667,13.16666667,48.33333333,0.666666667,0,0,4.6
,,,,,,,,,,,,,5.333333333,0,0.666666667,1.5,13,43.33333333,0.666666667,0,0,0
00-0026162,F.Jones,2009102509,10/25/2009 0:00,6,0,2,2,8,37,0,0,0,20,0,1,1,8,94,0,0,0,6.3
00-0026162,F.Jones,2009110103,11/1/2009 0:00,30,0,1,1,8,39,0,0,0,13,0,1.5,1.5,8,65.5,0,0,0,7.9
00-0026162,F.Jones,2009112201,11/22/2009 0:00,7,0,1,1,10,49,0,0,0,18.66666667,0,1.333333333,1.333333333,8,56.66666667,0,0,0,6.6
00-0026162,F.Jones,2009121312,12/13/2009 0:00,2,0,1,1,10,51,0,0,0,15.75,0,1.25,1.25,8.5,54.75,0,0,0,6.3
00-0026162,F.Jones,2009121900,12/19/2009 0:00,10,0,1,2,14,58,0,0,0,13,0,1.2,1.2,8.8,54,0,0,0,7.8
00-0026162,F.Jones,2009122713,12/27/2009 0:00,27,0,4,4,10,58,0,0,0,12.5,0,1.166666667,1.333333333,9.666666667,54.66666667,0,0,0,12.5
00-0026162,F.Jones,2010010303,1/3/2010 0:00,3,0,3,3,15,91,1,0,0,13.66666667,0,1.666666667,1.833333333,10,48.66666667,0,0,0,18.4
00-0026162,F.Jones,2010091212,9/12/2010 0:00,26,0,2,2,8,38,0,0,0,13.16666667,0,1.833333333,2,11.16666667,57.66666667,0.166666667,0,0,8.4
00-0026162,F.Jones,2010101010,10/10/2010 0:00,17,0,4,4,15,109,0,0,0,12.5,0,2,2.166666667,11.16666667,57.5,0.166666667,0,0,19.6
00-0026162,F.Jones,2010101711,10/17/2010 0:00,64,0,10,10,14,32,0,0,0,14.16666667,0,2.5,2.666666667,12,67.5,0.166666667,0,0,19.6
00-0026162,F.Jones,2010102500,10/25/2010 0:00,27,0,3,3,9,35,0,0,0,24.5,0,4,4.166666667,12.66666667,64.33333333,0.166666667,0,0,9.2
00-0026162,F.Jones,2010103101,10/31/2010 0:00,14,0,3,4,8,22,0,0,0,27.33333333,0,4.333333333,4.333333333,11.83333333,60.5,0.166666667,0,0,6.6
00-0026162,F.Jones,2010111408,11/14/2010 0:00,85,1,3,3,14,51,0,0,0,25.16666667,0,4.166666667,4.333333333,11.5,54.5,0.166666667,0,0,22.6
00-0026162,F.Jones,2010112105,11/21/2010 0:00,35,0,3,3,11,51,0,0,0,38.83333333,0.166666667,4.166666667,4.333333333,11.33333333,47.83333333,0,0,0,11.6
00-0026162,F.Jones,2010112501,11/25/2010 0:00,69,0,7,7,13,44,0,0,1,40.33333333,0.166666667,4.333333333,4.5,11.83333333,50,0,0,0,17.3
00-0026162,F.Jones,2010120510,12/5/2010 0:00,8,0,3,3,22,83,0,0,0,49,0.166666667,4.833333333,5,11.5,39.16666667,0,0,0.166666667,12.1
00-0026162,F.Jones,2010121213,12/12/2010 0:00,7,0,3,3,13,41,1,0,0,39.66666667,0.166666667,3.666666667,3.833333333,12.83333333,47.66666667,0,0,0.166666667,13.8
00-0026162,F.Jones,2010121905,12/19/2010 0:00,47,0,2,3,12,70,0,0,0,36.33333333,0.166666667,3.666666667,3.833333333,13.5,48.66666667,0.166666667,0,0.166666667,13.7
00-0026162,F.Jones,2010122500,12/25/2010 0:00,11,0,1,1,16,77,0,0,0,41.83333333,0.166666667,3.5,3.666666667,14.16666667,56.66666667,0.166666667,0,0.166666667,9.8
00-0026162,F.Jones,2011010207,1/2/2011 0:00,-4,0,1,1,11,81,0,0,0,29.5,0,3.166666667,3.333333333,14.5,61,0.166666667,0,0.166666667,8.7
00-0026162,F.Jones,2011091112,9/11/2011 0:00,32,0,3,4,17,44,1,0,0,23,0,2.833333333,3,14.5,66,0.166666667,0,0.166666667,16.6
00-0026162,F.Jones,2011091810,9/18/2011 0:00,5,0,1,2,9,25,0,0,0,16.83333333,0,2.166666667,2.5,15.16666667,66,0.333333333,0,0,4
00-0026162,F.Jones,2011092600,9/26/2011 0:00,40,0,3,3,14,115,0,0,0,16.33333333,0,1.833333333,2.333333333,13,56.33333333,0.333333333,0,0,21.5
00-0026162,F.Jones,2011100203,10/2/2011 0:00,19,0,5,7,16,57,0,0,0,21.83333333,0,1.833333333,2.333333333,13.16666667,68.66666667,0.166666667,0,0,12.6
00-0026162,F.Jones,2011101610,10/16/2011 0:00,19,0,2,4,8,14,0,0,0,17.16666667,0,2.333333333,3,13.83333333,66.5,0.166666667,0,0,5.3
00-0026162,F.Jones,2011121113,12/11/2011 0:00,31,0,6,7,16,106,0,0,0,18.5,0,2.5,3.5,12.5,56,0.166666667,0,0,22.7
00-0026162,F.Jones,2011121700,12/17/2011 0:00,23,0,3,4,22,108,0,0,1,24.33333333,0,3.333333333,4.5,13.33333333,60.16666667,0.166666667,0,0,18.1
00-0026162,F.Jones,2012010106,1/1/2012 0:00,47,0,7,8,11,30,0,0,0,22.83333333,0,3.333333333,4.5,14.16666667,70.83333333,0,0,0.166666667,14.7
00-0026162,F.Jones,2012101406,10/14/2012 0:00,13,0,1,1,18,92,1,0,0,29.83333333,0,4.333333333,5.5,14.5,71.66666667,0,0,0.166666667,17.5
00-0026162,F.Jones,2012102102,10/21/2012 0:00,30,0,5,6,15,44,0,0,0,25.33333333,0,4,5.166666667,15.16666667,67.83333333,0.166666667,0,0.166666667,12.4
00-0026162,F.Jones,2012102810,10/28/2012 0:00,0,0,0,3,13,19,1,0,0,27.16666667,0,4,5,15,65.66666667,0.166666667,0,0.166666667,7.9
00-0026162,F.Jones,2012110411,11/4/2012 0:00,70,0,5,5,9,39,0,0,0,24,0,3.666666667,4.833333333,15.83333333,66.5,0.333333333,0,0.166666667,15.9
00-0026162,F.Jones,2012111109,11/11/2012 0:00,22,1,3,3,16,71,0,0,0,30.5,0,3.5,4.5,14.66666667,55.33333333,0.333333333,0,0.166666667,18.3
00-0026162,F.Jones,2012111804,11/18/2012 0:00,12,0,2,3,14,43,1,0,0,30.33333333,0.166666667,3.5,4.333333333,13.66666667,49.16666667,0.333333333,0,0,13.5
,,,,,,,,,,,,,24.5,0.166666667,2.666666667,3.5,14.16666667,51.33333333,0.5,0,0,0
00-0026163,R.Mendenhall,2009101103,10/11/2009 0:00,16,0,2,2,15,77,1,0,0,26,0,2,2,29,165,2,0,0,17.3
00-0026163,R.Mendenhall,2009101805,10/18/2009 0:00,15,0,2,2,17,62,1,0,0,21,0,2,2,22,121,1.5,0,0,15.7
00-0026163,R.Mendenhall,2009102504,10/25/2009 0:00,-1,0,1,2,10,69,0,0,0,19,0,2,2,20.33333333,101.3333333,1.333333333,0,0,7.8
00-0026163,R.Mendenhall,2009110900,11/9/2009 0:00,9,0,1,1,22,155,0,0,0,14,0,1.75,2,17.75,93.25,1,0,0,20.4
00-0026163,R.Mendenhall,2009111504,11/15/2009 0:00,5,0,1,1,13,36,0,0,0,13,0,1.6,1.8,18.6,105.6,0.8,0,0,5.1
00-0026163,R.Mendenhall,2009112205,11/22/2009 0:00,36,1,4,5,21,80,0,0,0,11.66666667,0,1.5,1.666666667,17.66666667,94,0.666666667,0,0,21.6
00-0026163,R.Mendenhall,2009112911,11/29/2009 0:00,22,0,2,2,24,95,0,0,0,13.33333333,0.166666667,1.833333333,2.166666667,16.33333333,79.83333333,0.333333333,0,0,13.7
00-0026163,R.Mendenhall,2009121000,12/10/2009 0:00,17,0,1,2,16,53,0,0,0,14.33333333,0.166666667,1.833333333,2.166666667,17.83333333,82.83333333,0.166666667,0,0,8
00-0026163,R.Mendenhall,2009122006,12/20/2009 0:00,73,0,6,6,11,38,1,0,0,14.66666667,0.166666667,1.666666667,2.166666667,17.66666667,81.33333333,0,0,0,23.1
00-0026163,R.Mendenhall,2009122709,12/27/2009 0:00,4,0,1,3,17,36,1,0,0,27,0.166666667,2.5,2.833333333,17.83333333,76.16666667,0.166666667,0,0,11
00-0026163,R.Mendenhall,2010010306,1/3/2010 0:00,26,0,1,3,20,94,0,0,0,26.16666667,0.166666667,2.5,3.166666667,17,56.33333333,0.333333333,0,0,13
00-0026163,R.Mendenhall,2010091209,9/12/2010 0:00,15,0,2,2,22,120,1,0,0,29.66666667,0.166666667,2.5,3.5,18.16666667,66,0.333333333,0,0,24.5
00-0026163,R.Mendenhall,2010091904,9/19/2010 0:00,3,0,1,1,23,69,0,0,0,26.16666667,0,2.166666667,3,18.33333333,72.66666667,0.5,0,0,8.2
00-0026163,R.Mendenhall,2010100302,10/3/2010 0:00,9,0,2,2,25,79,2,0,0,23,0,2,2.833333333,18.16666667,68.33333333,0.5,0,0,22.8
00-0026163,R.Mendenhall,2010101703,10/17/2010 0:00,15,0,3,4,27,84,1,0,0,21.66666667,0,2.166666667,2.833333333,19.66666667,72.66666667,0.833333333,0,0,18.9
00-0026163,R.Mendenhall,2010102401,10/24/2010 0:00,6,0,1,1,15,37,0,0,0,12,0,1.666666667,2.5,22.33333333,80.33333333,0.833333333,0,0,5.3
00-0026163,R.Mendenhall,2010103111,10/31/2010 0:00,9,0,1,2,15,71,1,0,0,12.33333333,0,1.666666667,2.166666667,22,80.5,0.666666667,0,0,15
00-0026163,R.Mendenhall,2010110800,11/8/2010 0:00,31,0,3,3,22,99,1,0,0,9.5,0,1.666666667,2,21.16666667,76.66666667,0.833333333,0,0,22
00-0026163,R.Mendenhall,2010111411,11/14/2010 0:00,5,0,2,3,11,50,0,0,0,12.16666667,0,1.833333333,2.166666667,21.16666667,73.16666667,0.833333333,0,0,7.5
00-0026163,R.Mendenhall,2010112103,11/21/2010 0:00,0,0,0,1,23,59,1,0,0,12.5,0,2,2.5,19.16666667,70,0.833333333,0,0,11.9
00-0026163,R.Mendenhall,2010112801,11/28/2010 0:00,0,0,0,1,36,151,1,0,0,11,0,1.666666667,2.333333333,18.83333333,66.66666667,0.666666667,0,0,24.1
00-0026163,R.Mendenhall,2010120513,12/5/2010 0:00,18,0,3,7,19,45,0,0,0,8.5,0,1.166666667,1.833333333,20.33333333,77.83333333,0.666666667,0,0,9.3
00-0026163,R.Mendenhall,2010121202,12/12/2010 0:00,9,0,1,2,18,66,0,0,0,10.5,0,1.5,2.833333333,21,79.16666667,0.666666667,0,0,8.5
00-0026163,R.Mendenhall,2010121911,12/19/2010 0:00,0,0,0,1,17,100,1,0,0,10.5,0,1.5,2.833333333,21.5,78.33333333,0.5,0,0,16
00-0026163,R.Mendenhall,2010122300,12/23/2010 0:00,18,0,2,2,18,65,1,0,0,5.333333333,0,1,2.5,20.66666667,78.5,0.5,0,0,16.3
00-0026163,R.Mendenhall,2011010203,1/2/2011 0:00,24,0,1,1,14,36,2,0,0,7.5,0,1,2.333333333,21.83333333,81,0.666666667,0,0,19
00-0026163,R.Mendenhall,2011091100,9/11/2011 0:00,0,0,0,1,12,45,0,0,0,11.5,0,1.166666667,2.333333333,20.33333333,77.16666667,0.833333333,0,0,4.5
00-0026163,R.Mendenhall,2011091809,9/18/2011 0:00,12,0,2,2,19,66,1,0,0,11.5,0,1.166666667,2.333333333,16.33333333,59.5,0.666666667,0,0,15.8
00-0026163,R.Mendenhall,2011092514,9/25/2011 0:00,9,0,3,4,18,37,0,0,0,10.5,0,1,1.5,16.33333333,63,0.833333333,0,0,7.6
00-0026163,R.Mendenhall,2011100202,10/2/2011 0:00,0,0,0,2,9,25,1,0,0,10.5,0,1.333333333,1.833333333,16.33333333,58.16666667,0.833333333,0,0,8.5
00-0026163,R.Mendenhall,2011102307,10/23/2011 0:00,5,0,1,2,13,32,0,0,0,10.5,0,1.333333333,2,15,45.66666667,0.833333333,0,0,4.7
00-0026163,R.Mendenhall,2011103008,10/30/2011 0:00,22,0,3,4,13,70,0,0,0,8.333333333,0,1.166666667,2,14.16666667,40.16666667,0.666666667,0,0,12.2
00-0026163,R.Mendenhall,2011110612,11/6/2011 0:00,3,0,1,2,13,52,1,0,0,8,0,1.5,2.5,14,45.83333333,0.333333333,0,0,12.5
00-0026163,R.Mendenhall,2011111303,11/13/2011 0:00,26,0,1,3,16,44,2,0,0,8.5,0,1.666666667,2.666666667,14.16666667,47,0.5,0,0,20
00-0026163,R.Mendenhall,2011112711,11/27/2011 0:00,10,0,2,2,17,57,0,0,0,10.83333333,0,1.5,2.833333333,13.66666667,43.33333333,0.666666667,0,0,8.7
00-0026163,R.Mendenhall,2011121900,12/19/2011 0:00,25,0,3,4,15,64,0,0,0,11,0,1.333333333,2.5,13.5,46.66666667,0.666666667,0,0,11.9
00-0026163,R.Mendenhall,2011122409,12/24/2011 0:00,35,0,1,1,18,116,1,0,0,15.16666667,0,1.833333333,2.833333333,14.5,53.16666667,0.5,0,0,25.1
00-0026163,R.Mendenhall,2012010103,1/1/2012 0:00,7,0,1,1,8,38,0,0,0,20.16666667,0,1.833333333,2.666666667,15.33333333,67.16666667,0.666666667,0,0,5.5
00-0026163,R.Mendenhall,2012100701,10/7/2012 0:00,20,0,2,3,14,81,1,0,0,17.66666667,0,1.5,2.166666667,14.5,61.83333333,0.666666667,0,0,18.1
00-0026163,R.Mendenhall,2012111811,11/18/2012 0:00,17,0,3,4,11,33,0,0,0,20.5,0,1.666666667,2.333333333,14.66666667,66.66666667,0.666666667,0,0,8
00-0026163,R.Mendenhall,2013090810,9/8/2013 0:00,4,0,1,1,16,60,0,0,0,19,0,2,2.5,13.83333333,64.83333333,0.333333333,0,0,7.4
00-0026163,R.Mendenhall,2013091509,9/15/2013 0:00,28,0,2,2,15,66,1,0,0,18,0,1.833333333,2.333333333,13.66666667,65.33333333,0.333333333,0,0,17.4
00-0026163,R.Mendenhall,2013092207,9/22/2013 0:00,12,0,1,1,9,29,0,0,0,18.5,0,1.666666667,2,13.66666667,65.66666667,0.5,0,0,5.1
00-0026163,R.Mendenhall,2013092907,9/29/2013 0:00,13,0,3,4,12,21,0,0,0,14.66666667,0,1.666666667,2,12.16666667,51.16666667,0.333333333,0,0,6.4
00-0026163,R.Mendenhall,2013100608,10/6/2013 0:00,7,0,2,2,17,43,1,0,0,15.66666667,0,2,2.5,12.83333333,48.33333333,0.333333333,0,0,13
00-0026163,R.Mendenhall,2013101311,10/13/2013 0:00,2,0,1,1,10,40,0,0,0,13.5,0,2,2.333333333,13.33333333,42,0.333333333,0,0,5.2
00-0026163,R.Mendenhall,2013111009,11/10/2013 0:00,9,0,1,1,13,42,0,0,0,11,0,1.666666667,1.833333333,13.16666667,43.16666667,0.333333333,0,0,6.1
00-0026163,R.Mendenhall,2013111704,11/17/2013 0:00,13,0,3,3,13,14,1,0,0,11.83333333,0,1.666666667,1.833333333,12.66666667,40.16666667,0.333333333,0,0,11.7
00-0026163,R.Mendenhall,2013112408,11/24/2013 0:00,24,0,1,2,13,54,1,0,0,9.333333333,0,1.833333333,2,12.33333333,31.5,0.333333333,0,0,14.8
00-0026163,R.Mendenhall,2013121509,12/15/2013 0:00,9,0,1,2,21,69,2,0,0,11.33333333,0,1.833333333,2.166666667,13,35.66666667,0.5,0,0,20.8
00-0026163,R.Mendenhall,2013122912,12/29/2013 0:00,13,0,2,2,10,47,0,0,0,10.66666667,0,1.5,1.833333333,14.5,43.66666667,0.833333333,0,0,8
,,,,,,,,,,,,,11.66666667,0,1.5,1.833333333,13.33333333,44.33333333,0.666666667,0,0,0
00-0026164,C.Johnson,2009092007,9/20/2009 0:00,87,1,9,10,16,197,2,0,0,11,0,1,2,15,57,0,0,0,58.4
00-0026164,C.Johnson,2009092711,9/27/2009 0:00,8,0,1,4,22,97,0,0,0,49,0.5,5,6,15.5,127,1,0,0,11.5
00-0026164,C.Johnson,2009100404,10/4/2009 0:00,11,0,3,4,17,85,0,0,0,35.33333333,0.333333333,3.666666667,5.333333333,17.66666667,117,0.666666667,0,0,12.6
00-0026164,C.Johnson,2009101112,10/11/2009 0:00,9,0,2,3,9,34,0,0,0,29.25,0.25,3.5,5,17.5,109,0.5,0,0,6.3
00-0026164,C.Johnson,2009101810,10/18/2009 0:00,0,0,0,1,17,128,0,0,0,25.2,0.2,3.2,4.6,15.8,94,0.4,0,0,15.8
00-0026164,C.Johnson,2009110109,11/1/2009 0:00,11,0,2,3,24,228,2,0,0,21,0.166666667,2.666666667,4,16,99.66666667,0.333333333,0,0,40.9
00-0026164,C.Johnson,2009110810,11/8/2009 0:00,25,0,3,4,25,135,2,0,0,21,0.166666667,2.833333333,4.166666667,17.5,128.1666667,0.666666667,0,0,34
00-0026164,C.Johnson,2009111506,11/15/2009 0:00,100,0,9,9,26,132,2,0,0,10.66666667,0,1.833333333,3.166666667,19,117.8333333,0.666666667,0,0,47.2
00-0026164,C.Johnson,2009112300,11/23/2009 0:00,0,0,0,1,29,151,0,0,0,26,0,3.166666667,4,19.66666667,123.6666667,1,0,0,18.1
00-0026164,C.Johnson,2009112908,11/29/2009 0:00,32,0,3,4,18,154,1,0,0,24.16666667,0,2.666666667,3.5,21.66666667,134.6666667,1,0,0,30.6
00-0026164,C.Johnson,2009120604,12/6/2009 0:00,28,0,6,8,27,113,0,0,0,28,0,2.833333333,3.666666667,23.16666667,154.6666667,1.166666667,0,0,23.1
00-0026164,C.Johnson,2009121310,12/13/2009 0:00,69,1,3,4,28,117,2,0,0,32.66666667,0,3.833333333,4.833333333,24.83333333,152.1666667,1.166666667,0,0,42.6
00-0026164,C.Johnson,2009122008,12/20/2009 0:00,55,0,2,3,29,104,0,0,0,42.33333333,0.166666667,4,5,25.5,133.6666667,1.166666667,0,0,20.9
00-0026164,C.Johnson,2009122500,12/25/2009 0:00,37,0,3,4,21,142,1,0,0,47.33333333,0.166666667,3.833333333,4.833333333,26.16666667,128.5,0.833333333,0,0,29.9
00-0026164,C.Johnson,2010010315,1/3/2010 0:00,20,0,3,6,36,134,2,0,0,36.83333333,0.166666667,2.833333333,4,25.33333333,130.1666667,0.666666667,0,0,33.4
00-0026164,C.Johnson,2010091205,9/12/2010 0:00,8,0,4,4,27,142,2,0,0,40.16666667,0.166666667,3.333333333,4.833333333,26.5,127.3333333,1,0,0,34
00-0026164,C.Johnson,2010091904,9/19/2010 0:00,19,0,5,6,16,34,0,0,0,36.16666667,0.166666667,3.5,4.833333333,28,125.3333333,1.166666667,0,0,10.3
00-0026164,C.Johnson,2010092600,9/26/2010 0:00,0,0,0,1,32,125,2,0,0,34.66666667,0.166666667,3.333333333,4.5,26.16666667,112.1666667,1.166666667,0,0,27.5
00-0026164,C.Johnson,2010100303,10/3/2010 0:00,11,0,3,4,19,53,0,0,0,23.16666667,0,2.833333333,4,26.83333333,113.5,1.166666667,0,0,9.4
00-0026164,C.Johnson,2010101010,10/10/2010 0:00,1,0,1,1,19,131,2,0,1,15.83333333,0,3,4.166666667,25.16666667,105,1.166666667,0,0,28.2
00-0026164,C.Johnson,2010101800,10/18/2010 0:00,20,0,2,2,26,111,1,0,0,9.833333333,0,2.666666667,3.666666667,24.83333333,103.1666667,1.333333333,0,0.166666667,24.1
00-0026164,C.Johnson,2010102408,10/24/2010 0:00,7,0,2,4,24,66,0,0,0,9.833333333,0,2.5,3,23.16666667,99.33333333,1.166666667,0,0.166666667,9.3
00-0026164,C.Johnson,2010103107,10/31/2010 0:00,24,0,5,6,15,59,1,0,0,9.666666667,0,2.166666667,3,22.66666667,86.66666667,0.833333333,0,0.166666667,19.3
00-0026164,C.Johnson,2010111400,11/14/2010 0:00,7,0,1,3,17,117,1,0,0,10.5,0,2.166666667,3,22.5,90.83333333,1,0,0.166666667,22.4
00-0026164,C.Johnson,2010112108,11/21/2010 0:00,6,0,2,3,21,130,0,0,0,11.66666667,0,2.333333333,3.333333333,20,89.5,0.833333333,0,0.166666667,18.6
00-0026164,C.Johnson,2010120502,12/5/2010 0:00,14,0,2,2,13,53,0,0,0,10.83333333,0,2.166666667,3.166666667,20.33333333,102.3333333,0.833333333,0,0.166666667,8.7
00-0026164,C.Johnson,2010120900,12/9/2010 0:00,68,0,8,8,22,111,1,0,0,13,0,2.333333333,3.333333333,19.33333333,89.33333333,0.5,0,0,34.9
00-0026164,C.Johnson,2010121904,12/19/2010 0:00,7,0,1,2,24,130,1,0,0,21,0,3.333333333,4.333333333,18.66666667,89.33333333,0.5,0,0,23.7
00-0026164,C.Johnson,2010122603,12/26/2010 0:00,0,0,0,2,14,58,0,0,0,21,0,3.166666667,4,18.66666667,100,0.666666667,0,0,5.8
00-0026164,C.Johnson,2011010205,1/2/2011 0:00,51,1,6,6,20,39,0,0,0,17,0,2.333333333,3.333333333,18.5,99.83333333,0.5,0,0,21
00-0026164,C.Johnson,2011091103,9/11/2011 0:00,25,0,6,7,9,24,0,0,0,24.33333333,0.166666667,3.166666667,3.833333333,19,86.83333333,0.333333333,0,0,10.9
00-0026164,C.Johnson,2011091802,9/18/2011 0:00,12,0,3,5,24,53,0,0,0,27.5,0.166666667,3.833333333,4.5,17,69.16666667,0.333333333,0,0,9.5
00-0026164,C.Johnson,2011092504,9/25/2011 0:00,54,0,4,7,13,21,0,0,0,27.16666667,0.166666667,4,5,18.83333333,69.16666667,0.333333333,0,0,11.5
00-0026164,C.Johnson,2011100201,10/2/2011 0:00,11,0,2,2,23,101,0,0,0,24.83333333,0.166666667,3.333333333,4.833333333,17.33333333,54.16666667,0.166666667,0,0,16.2
00-0026164,C.Johnson,2011100900,10/9/2011 0:00,14,0,3,3,14,51,1,0,0,25.5,0.166666667,3.5,4.833333333,17.16666667,49.33333333,0,0,0,15.5
00-0026164,C.Johnson,2011102302,10/23/2011 0:00,27,0,6,6,10,18,0,0,0,27.83333333,0.166666667,4,5,17.16666667,48.16666667,0.166666667,0,0,10.5
00-0026164,C.Johnson,2011103002,10/30/2011 0:00,17,0,3,5,14,34,0,0,0,23.83333333,0,4,5,15.5,44.66666667,0.166666667,0,0,8.1
00-0026164,C.Johnson,2011110608,11/6/2011 0:00,46,0,4,6,14,64,0,0,0,22.5,0,3.5,4.666666667,16.33333333,46.33333333,0.166666667,0,0,15
00-0026164,C.Johnson,2011111301,11/13/2011 0:00,44,0,4,7,27,130,1,0,0,28.16666667,0,3.666666667,4.833333333,14.66666667,48.16666667,0.166666667,0,0,30.4
00-0026164,C.Johnson,2011112001,11/20/2011 0:00,15,0,3,3,12,13,0,0,0,26.5,0,3.666666667,4.833333333,17,66.33333333,0.333333333,0,0,5.8
00-0026164,C.Johnson,2011112706,11/27/2011 0:00,3,0,1,2,23,190,0,0,0,27.16666667,0,3.833333333,5,15.16666667,51.66666667,0.333333333,0,0,23.3
00-0026164,C.Johnson,2011120402,12/4/2011 0:00,4,0,1,1,23,153,2,0,0,25.33333333,0,3.5,4.833333333,16.66666667,74.83333333,0.166666667,0,0,31.7
00-0026164,C.Johnson,2011121109,12/11/2011 0:00,43,0,5,6,11,23,0,0,0,21.5,0,2.666666667,4,18.83333333,97.33333333,0.5,0,0,11.6
00-0026164,C.Johnson,2011121802,12/18/2011 0:00,54,0,8,11,15,55,0,0,0,25.83333333,0,3,4.166666667,18.33333333,95.5,0.5,0,0,18.9
00-0026164,C.Johnson,2011122403,12/24/2011 0:00,0,0,0,4,15,56,0,0,0,27.16666667,0,3.666666667,5,18.5,94,0.5,0,0,5.6
00-0026164,C.Johnson,2012010104,1/1/2012 0:00,49,0,4,4,15,61,0,0,0,19.83333333,0,3,4.5,16.5,81.66666667,0.333333333,0,0,15
00-0026164,C.Johnson,2012090904,9/9/2012 0:00,47,0,6,7,11,4,0,0,0,25.5,0,3.166666667,4.666666667,17,89.66666667,0.333333333,0,0,11.1
00-0026164,C.Johnson,2012091611,9/16/2012 0:00,11,0,2,3,8,17,0,0,0,32.83333333,0,4,5.5,15,58.66666667,0.333333333,0,0,4.8
00-0026164,C.Johnson,2012092303,9/23/2012 0:00,5,0,1,2,14,24,0,0,0,34,0,4.166666667,5.833333333,12.5,36,0,0,0,3.9
00-0026164,C.Johnson,2012093001,9/30/2012 0:00,16,0,2,2,25,141,0,0,0,27.66666667,0,3.5,5.166666667,13,36.16666667,0,0,0,20.7
00-0026164,C.Johnson,2012100704,10/7/2012 0:00,5,0,1,1,15,24,0,0,0,21.33333333,0,2.5,3.666666667,14.66666667,50.5,0,0,0,3.9
00-0026164,C.Johnson,2012101100,10/11/2012 0:00,23,0,4,4,19,91,0,0,0,22.16666667,0,2.666666667,3.166666667,14.66666667,45.16666667,0,0,0,15.4
00-0026164,C.Johnson,2012102107,10/21/2012 0:00,3,0,1,2,18,195,2,0,0,17.83333333,0,2.666666667,3.166666667,15.33333333,50.16666667,0,0,0,35.8
00-0026164,C.Johnson,2012102803,10/28/2012 0:00,18,0,2,3,21,99,0,0,0,10.5,0,1.833333333,2.333333333,16.5,82,0.333333333,0,0,13.7
00-0026164,C.Johnson,2012110403,11/4/2012 0:00,4,0,4,6,16,141,1,1,1,11.66666667,0,1.833333333,2.333333333,18.66666667,95.66666667,0.333333333,0,0,26.5
00-0026164,C.Johnson,2012111102,11/11/2012 0:00,8,0,1,2,23,126,1,0,0,11.5,0,2.333333333,3,19,115.1666667,0.5,0.166666667,0.166666667,23.4
00-0026164,C.Johnson,2012112503,11/25/2012 0:00,36,0,2,3,21,80,0,0,0,10.16666667,0,2.166666667,3,18.66666667,112.6666667,0.666666667,0.166666667,0.166666667,13.6
00-0026164,C.Johnson,2012120208,12/2/2012 0:00,20,0,4,5,13,51,0,0,0,15.33333333,0,2.333333333,3.333333333,19.66666667,122,0.666666667,0.166666667,0.166666667,11.1
00-0026164,C.Johnson,2012120903,12/9/2012 0:00,15,0,3,4,19,44,0,0,0,14.83333333,0,2.333333333,3.5,18.66666667,115.3333333,0.666666667,0.166666667,0.166666667,8.9
00-0026164,C.Johnson,2012122300,12/23/2012 0:00,13,0,2,4,11,28,0,0,0,16.83333333,0,2.666666667,3.833333333,18.83333333,90.16666667,0.333333333,0.166666667,0.166666667,6.1
00-0026164,C.Johnson,2012123005,12/30/2012 0:00,9,0,1,1,21,56,1,0,0,16,0,2.666666667,4,17.16666667,78.33333333,0.333333333,0.166666667,0.166666667,13.5
00-0026164,C.Johnson,2013091505,9/15/2013 0:00,1,0,1,1,25,96,0,0,0,16.83333333,0,2.166666667,3.166666667,18,64.16666667,0.333333333,0,0,10.7
00-0026164,C.Johnson,2013092208,9/22/2013 0:00,1,0,1,2,19,90,0,0,0,15.66666667,0,2.166666667,3,18.33333333,59.16666667,0.166666667,0,0,10.1
00-0026164,C.Johnson,2013092908,9/29/2013 0:00,10,0,2,2,15,21,0,0,0,9.833333333,0,2,2.833333333,18,60.83333333,0.166666667,0,0,5.1
00-0026164,C.Johnson,2013100607,10/6/2013 0:00,63,1,4,5,10,17,0,0,0,8.166666667,0,1.666666667,2.333333333,18.33333333,55.83333333,0.166666667,0,0,18
00-0026164,C.Johnson,2013101309,10/13/2013 0:00,21,0,3,4,12,33,0,0,0,16.16666667,0.166666667,1.833333333,2.5,16.83333333,51.33333333,0.166666667,0,0,8.4
00-0026164,C.Johnson,2013102010,10/20/2013 0:00,71,1,4,4,9,39,0,0,0,17.5,0.166666667,2,2.5,17,52.16666667,0.166666667,0,0,21
00-0026164,C.Johnson,2013110304,11/3/2013 0:00,20,0,3,4,23,150,2,0,0,27.83333333,0.333333333,2.5,3,15,49.33333333,0,0,0,35
00-0026164,C.Johnson,2013111007,11/10/2013 0:00,43,0,5,7,12,30,0,0,1,31,0.333333333,2.833333333,3.5,14.66666667,58.33333333,0.333333333,0,0,11.3
00-0026164,C.Johnson,2013111400,11/14/2013 0:00,-2,0,1,1,17,86,2,0,0,38,0.333333333,3.5,4.333333333,13.5,48.33333333,0.333333333,0,0.166666667,21.4
00-0026164,C.Johnson,2013112409,11/24/2013 0:00,8,0,3,5,20,73,0,0,1,36,0.333333333,3.333333333,4.166666667,13.83333333,59.16666667,0.666666667,0,0.166666667,10.1
00-0026164,C.Johnson,2013120102,12/1/2013 0:00,32,1,6,7,18,69,0,0,0,26.83333333,0.166666667,3.166666667,4.166666667,15.5,68.5,0.666666667,0,0.333333333,22.1
00-0026164,C.Johnson,2013120809,12/8/2013 0:00,9,0,2,3,12,46,1,1,1,28.66666667,0.333333333,3.666666667,4.666666667,16.5,74.5,0.666666667,0,0.333333333,12.5
00-0026164,C.Johnson,2013121509,12/15/2013 0:00,51,1,3,3,13,40,0,0,0,18.33333333,0.166666667,3.333333333,4.5,17,75.66666667,0.833333333,0.166666667,0.5,18.1
00-0026164,C.Johnson,2013122204,12/22/2013 0:00,3,0,1,1,22,90,0,0,0,23.5,0.333333333,3.333333333,4.333333333,15.33333333,57.33333333,0.5,0.166666667,0.5,10.3
00-0026164,C.Johnson,2013122911,12/29/2013 0:00,14,0,3,3,27,127,1,0,0,16.83333333,0.333333333,2.666666667,3.333333333,17,67.33333333,0.5,0.166666667,0.333333333,26.1
00-0026164,C.Johnson,2014090706,9/7/2014 0:00,23,1,5,5,13,68,0,0,0,19.5,0.333333333,3,3.666666667,18.66666667,74.16666667,0.333333333,0.166666667,0.333333333,20.1
00-0026164,C.Johnson,2014091411,9/14/2014 0:00,0,0,1,3,12,21,0,0,0,22,0.5,3.333333333,3.666666667,17.5,73.33333333,0.333333333,0.166666667,0.166666667,3.1
00-0026164,C.Johnson,2014092200,9/22/2014 0:00,0,0,0,2,10,34,0,0,0,16.66666667,0.333333333,2.5,3,16.5,65.33333333,0.333333333,0.166666667,0.166666667,3.4
00-0026164,C.Johnson,2014101600,10/16/2014 0:00,19,0,2,3,13,61,0,0,0,15.16666667,0.333333333,2.166666667,2.833333333,16.16666667,63.33333333,0.166666667,0,0,10
00-0026164,C.Johnson,2014110204,11/2/2014 0:00,32,0,2,3,11,69,0,0,0,9.833333333,0.166666667,2,2.833333333,16.16666667,66.83333333,0.166666667,0,0,12.1
00-0026164,C.Johnson,2014120705,12/7/2014 0:00,13,0,2,2,16,53,0,0,0,14.66666667,0.166666667,2.166666667,3.166666667,14.33333333,63.33333333,0.166666667,0,0,8.6
00-0026164,C.Johnson,2014121411,12/14/2014 0:00,0,0,0,1,10,55,0,0,0,14.5,0.166666667,2,3,12.5,51,0,0,0,5.5
00-0026164,C.Johnson,2014122105,12/21/2014 0:00,3,0,1,1,10,30,0,0,0,10.66666667,0,1.166666667,2.333333333,12,48.83333333,0,0,0,4.3
00-0026164,C.Johnson,2014122805,12/28/2014 0:00,-3,0,1,2,10,20,0,0,0,11.16666667,0,1.166666667,2,11.66666667,50.33333333,0,0,0,2.7
00-0026164,C.Johnson,2015091307,9/13/2015 0:00,0,0,0,1,10,37,0,0,0,10.66666667,0,1.333333333,2,11.66666667,48,0,0,0,3.7
00-0026164,C.Johnson,2015092006,9/20/2015 0:00,0,0,0,1,20,72,0,0,0,7.5,0,1,1.666666667,11.16666667,44,0,0,0,7.2
00-0026164,C.Johnson,2015092710,9/27/2015 0:00,40,0,1,2,22,110,2,0,0,2.166666667,0,0.666666667,1.333333333,12.66666667,44.5,0,0,0,31
00-0026164,C.Johnson,2015100410,10/4/2015 0:00,11,0,3,3,16,83,0,0,0,6.666666667,0,0.5,1.333333333,13.66666667,54,0.333333333,0,0,12.4
00-0026164,C.Johnson,2015101802,10/18/2015 0:00,5,0,1,1,14,40,0,0,0,8.5,0,1,1.666666667,14.66666667,58.66666667,0.333333333,0,0,5.5
00-0026164,C.Johnson,2015110108,11/1/2015 0:00,0,0,0,1,30,109,0,0,0,8.833333333,0,1,1.666666667,15.33333333,60.33333333,0.333333333,0,0,13.9
00-0026164,C.Johnson,2015111511,11/15/2015 0:00,0,0,0,2,25,58,0,0,0,9.333333333,0,0.833333333,1.5,18.66666667,75.16666667,0.333333333,0,0,5.8
00-0026164,C.Johnson,2015112209,11/22/2015 0:00,2,0,1,2,18,63,0,0,0,9.333333333,0,0.833333333,1.666666667,21.16666667,78.66666667,0.333333333,0,0,7.5
00-0026164,C.Johnson,2017092500,9/25/2017 0:00,4,0,1,2,12,17,0,0,0,9.666666667,0,1,1.833333333,20.83333333,77.16666667,0.333333333,0,0,3.1
00-0026164,C.Johnson,2017100109,10/1/2017 0:00,31,0,3,3,13,32,0,0,0,3.666666667,0,1,1.833333333,19.16666667,61.66666667,0,0,0,9.3
00-0026164,C.Johnson,2017100806,10/8/2017 0:00,8,0,1,1,9,21,0,0,0,7,0,1,1.833333333,18.66666667,53.16666667,0,0,0,3.9
,,,,,,,,,,,,,7.5,0,1,1.833333333,17.83333333,50,0,0,0,0
00-0026184,M.Forte,2009092011,9/20/2009 0:00,33,0,5,6,13,29,0,0,1,0,0,0,1,25,55,0,0,0,10.2
00-0026184,M.Forte,2009092710,9/27/2009 0:00,40,0,6,6,21,66,0,0,0,16.5,0,2.5,3.5,19,42,0,0,0.5,16.6
00-0026184,M.Forte,2009100400,10/4/2009 0:00,19,0,2,3,12,121,1,0,0,24.33333333,0,3.666666667,4.333333333,19.66666667,50,0,0,0.333333333,25
00-0026184,M.Forte,2009101812,10/18/2009 0:00,37,0,5,5,15,23,0,0,0,23,0,3.25,4,17.75,67.75,0.25,0,0.25,11
00-0026184,M.Forte,2009110102,11/1/2009 0:00,31,0,2,3,26,90,2,0,0,25.8,0,3.6,4.2,17.2,58.8,0.2,0,0.2,26.1
00-0026184,M.Forte,2009111200,11/12/2009 0:00,120,0,8,9,20,41,0,0,0,26.66666667,0,3.333333333,4,18.66666667,64,0.5,0,0.166666667,27.1
00-0026184,M.Forte,2009112213,11/22/2009 0:00,20,0,4,5,14,34,0,0,0,46.66666667,0,4.666666667,5.333333333,17.83333333,61.66666667,0.5,0,0.166666667,9.4
00-0026184,M.Forte,2009112904,11/29/2009 0:00,34,0,4,4,8,27,0,0,0,44.5,0,4.5,5.166666667,18,62.5,0.5,0,0,10.1
00-0026184,M.Forte,2009120602,12/6/2009 0:00,5,0,1,1,24,91,1,0,0,43.5,0,4.166666667,4.833333333,15.83333333,56,0.5,0,0,16.6
00-0026184,M.Forte,2009121302,12/13/2009 0:00,17,0,4,4,12,51,0,0,0,41.16666667,0,4,4.5,17.83333333,51,0.5,0,0,10.8
00-0026184,M.Forte,2009122000,12/20/2009 0:00,0,0,2,3,20,69,0,0,0,37.83333333,0,3.833333333,4.333333333,17.33333333,55.66666667,0.5,0,0,8.9
00-0026184,M.Forte,2009122800,12/28/2009 0:00,-7,0,1,1,21,74,0,0,0,32.66666667,0,3.833333333,4.333333333,16.33333333,52.16666667,0.166666667,0,0,7.7
00-0026184,M.Forte,2010010304,1/3/2010 0:00,23,0,3,7,16,101,0,0,0,11.5,0,2.666666667,3,16.5,57.66666667,0.166666667,0,0,18.4
00-0026184,M.Forte,2010091207,9/12/2010 0:00,151,2,7,7,17,50,0,1,2,12,0,2.5,3.333333333,16.83333333,68.83333333,0.166666667,0,0,40.1
00-0026184,M.Forte,2010091905,9/19/2010 0:00,37,1,5,6,10,29,0,0,0,31.5,0.333333333,3,3.833333333,18.33333333,72.66666667,0.166666667,0.166666667,0.333333333,17.6
00-0026184,M.Forte,2010092700,9/27/2010 0:00,14,0,2,2,11,29,0,0,0,36.83333333,0.5,3.666666667,4.666666667,16,62.33333333,0,0.166666667,0.333333333,6.3
00-0026184,M.Forte,2010100312,10/3/2010 0:00,7,0,2,3,12,26,0,0,0,36.33333333,0.5,3.333333333,4.333333333,15.83333333,58.66666667,0,0.166666667,0.333333333,5.3
00-0026184,M.Forte,2010101005,10/10/2010 0:00,22,0,2,2,22,166,2,0,0,37.5,0.5,3.333333333,4.333333333,14.5,51.5,0,0.166666667,0.333333333,35.8
00-0026184,M.Forte,2010101707,10/17/2010 0:00,40,0,3,7,8,11,1,0,0,42.33333333,0.5,3.5,4.5,14.66666667,66.83333333,0.333333333,0.166666667,0.333333333,14.1
00-0026184,M.Forte,2010102405,10/24/2010 0:00,32,0,5,6,10,41,0,1,1,45.16666667,0.5,3.5,4.5,13.33333333,51.83333333,0.5,0.166666667,0.333333333,11.3
00-0026184,M.Forte,2010110704,11/7/2010 0:00,12,0,3,5,14,49,0,0,0,25.33333333,0.166666667,3.166666667,4.333333333,12.16666667,50.33333333,0.5,0.166666667,0.166666667,9.1
00-0026184,M.Forte,2010111404,11/14/2010 0:00,9,0,1,2,21,69,0,0,0,21.16666667,0,2.833333333,4.166666667,12.83333333,53.66666667,0.5,0.166666667,0.166666667,8.8
00-0026184,M.Forte,2010111800,11/18/2010 0:00,7,0,2,2,25,97,1,0,0,20.33333333,0,2.666666667,4.166666667,14.5,60.33333333,0.5,0.166666667,0.166666667,18.4
00-0026184,M.Forte,2010112804,11/28/2010 0:00,22,0,2,3,14,117,0,0,0,20.33333333,0,2.666666667,4,16.66666667,72.16666667,0.666666667,0.166666667,0.166666667,18.9
00-0026184,M.Forte,2010120505,12/5/2010 0:00,36,0,2,3,13,64,1,0,0,20.33333333,0,2.666666667,4.166666667,15.33333333,64,0.333333333,0.166666667,0.166666667,18
00-0026184,M.Forte,2010121200,12/12/2010 0:00,36,0,2,6,9,25,0,0,0,19.66666667,0,2.5,3.5,16.16666667,72.83333333,0.333333333,0.166666667,0.166666667,8.1
00-0026184,M.Forte,2010122000,12/20/2010 0:00,6,0,1,1,17,92,0,0,0,20.33333333,0,2,3.5,16,70.16666667,0.333333333,0,0,10.8
00-0026184,M.Forte,2010122600,12/26/2010 0:00,56,0,4,7,19,113,1,0,0,19.33333333,0,1.666666667,2.833333333,16.5,77.33333333,0.333333333,0,0,29.9
00-0026184,M.Forte,2011010210,1/2/2011 0:00,60,0,8,8,15,91,0,0,0,27.16666667,0,2.166666667,3.666666667,16.16666667,84.66666667,0.5,0,0,23.1
00-0026184,M.Forte,2011091105,9/11/2011 0:00,90,1,5,6,16,68,0,0,0,36,0,3.166666667,4.666666667,14.5,83.66666667,0.333333333,0,0,26.8
00-0026184,M.Forte,2011091808,9/18/2011 0:00,117,0,10,14,10,49,0,0,0,47.33333333,0.166666667,3.666666667,5.166666667,14.83333333,75.5,0.333333333,0,0,29.6
00-0026184,M.Forte,2011092511,9/25/2011 0:00,80,0,7,8,9,2,0,0,0,60.83333333,0.166666667,5,7,14.33333333,73,0.166666667,0,0,15.2
00-0026184,M.Forte,2011100205,10/2/2011 0:00,23,0,4,5,25,205,1,0,0,68.16666667,0.166666667,5.833333333,7.333333333,14.33333333,69.16666667,0.166666667,0,0,35.8
00-0026184,M.Forte,2011101000,10/10/2011 0:00,35,0,4,7,22,116,0,0,0,71,0.166666667,6.333333333,8,15.66666667,88,0.333333333,0,0,22.1
00-0026184,M.Forte,2011101611,10/16/2011 0:00,36,0,6,7,17,87,0,0,0,67.5,0.166666667,6.333333333,8,16.16666667,88.5,0.166666667,0,0,18.3
00-0026184,M.Forte,2011102305,10/23/2011 0:00,38,0,2,4,25,145,1,0,0,63.5,0.166666667,6,7.833333333,16.5,87.83333333,0.166666667,0,0,29.3
00-0026184,M.Forte,2011110700,11/7/2011 0:00,17,0,3,5,24,133,0,1,1,54.83333333,0,5.5,7.5,18,100.6666667,0.333333333,0,0,20
00-0026184,M.Forte,2011111307,11/13/2011 0:00,3,0,1,5,18,64,1,0,0,38.16666667,0,4.333333333,6,20.33333333,114.6666667,0.333333333,0.166666667,0.166666667,13.7
00-0026184,M.Forte,2011112010,11/20/2011 0:00,26,0,3,4,20,57,0,0,0,25.33333333,0,3.333333333,5.5,21.83333333,125,0.5,0.166666667,0.166666667,11.3
00-0026184,M.Forte,2011112708,11/27/2011 0:00,25,0,6,10,12,59,0,0,0,25.83333333,0,3.166666667,5.333333333,21,100.3333333,0.333333333,0.166666667,0.166666667,14.4
00-0026184,M.Forte,2012090900,9/9/2012 0:00,40,0,3,6,16,80,1,0,0,24.16666667,0,3.5,5.833333333,19.33333333,90.83333333,0.333333333,0.166666667,0.166666667,21
00-0026184,M.Forte,2012100100,10/1/2012 0:00,-3,0,1,1,13,52,0,0,0,24.83333333,0,3,5.666666667,19.16666667,89.66666667,0.5,0.166666667,0.166666667,5.9
00-0026184,M.Forte,2012100708,10/7/2012 0:00,20,0,2,4,22,107,0,0,0,18,0,2.833333333,5.166666667,17.16666667,74.16666667,0.333333333,0.166666667,0.166666667,17.7
00-0026184,M.Forte,2012102200,10/22/2012 0:00,4,0,3,5,22,96,0,0,0,18.5,0,2.666666667,5,16.83333333,69.83333333,0.333333333,0,0,13
00-0026184,M.Forte,2012102806,10/28/2012 0:00,24,0,5,5,15,70,1,0,0,18.66666667,0,3,5,17.5,75.16666667,0.166666667,0,0,20.4
00-0026184,M.Forte,2012110403,11/4/2012 0:00,45,0,2,2,12,103,1,0,0,18.33333333,0,3.333333333,5.166666667,16.66666667,77.33333333,0.333333333,0,0,25.8
00-0026184,M.Forte,2012111111,11/11/2012 0:00,-3,0,2,5,16,39,0,0,0,21.66666667,0,2.666666667,3.833333333,16.66666667,84.66666667,0.5,0,0,5.6
00-0026184,M.Forte,2012111900,11/19/2012 0:00,4,0,3,4,21,63,0,0,0,14.5,0,2.5,3.666666667,16.66666667,77.83333333,0.333333333,0,0,9.7
00-0026184,M.Forte,2012112505,11/25/2012 0:00,4,0,2,2,14,42,0,0,0,15.66666667,0,2.833333333,4.166666667,18,79.66666667,0.333333333,0,0,6.6
00-0026184,M.Forte,2012120200,12/2/2012 0:00,30,1,3,3,21,66,0,0,0,13,0,2.833333333,3.833333333,16.66666667,68.83333333,0.333333333,0,0,18.6
00-0026184,M.Forte,2012120905,12/9/2012 0:00,34,0,6,7,13,85,0,0,0,17.33333333,0.166666667,2.833333333,3.5,16.5,63.83333333,0.333333333,0,0,17.9
00-0026184,M.Forte,2012121600,12/16/2012 0:00,64,0,5,8,20,69,0,0,0,19,0.166666667,3,3.833333333,16.16666667,66.33333333,0.166666667,0,0,18.3
00-0026184,M.Forte,2012122312,12/23/2012 0:00,7,0,1,1,12,88,1,0,0,22.16666667,0.166666667,3.5,4.833333333,17.5,60.66666667,0,0,0,16.5
00-0026184,M.Forte,2012123008,12/30/2012 0:00,21,0,2,2,24,103,1,0,0,23.83333333,0.166666667,3.333333333,4.166666667,16.83333333,68.83333333,0.166666667,0,0,23.4
00-0026184,M.Forte,2013090802,9/8/2013 0:00,41,0,4,6,19,50,1,0,0,26.66666667,0.166666667,3.166666667,3.833333333,17.33333333,75.5,0.333333333,0,0,19.1
00-0026184,M.Forte,2013091503,9/15/2013 0:00,71,0,11,11,19,90,0,0,0,32.83333333,0.166666667,3.5,4.5,18.16666667,76.83333333,0.5,0,0,27.1
00-0026184,M.Forte,2013092213,9/22/2013 0:00,24,0,4,4,16,87,1,0,0,39.66666667,0,4.833333333,5.833333333,17.83333333,80.83333333,0.5,0,0,21.1
00-0026184,M.Forte,2013092902,9/29/2013 0:00,22,0,5,6,14,95,1,0,0,38,0,4.5,5.333333333,18.33333333,81.16666667,0.666666667,0,0,22.7
00-0026184,M.Forte,2013100600,10/6/2013 0:00,40,0,4,6,13,57,0,0,0,31,0,4.5,5,17.33333333,85.5,0.833333333,0,0,13.7
00-0026184,M.Forte,2013101000,10/10/2013 0:00,38,0,5,5,19,67,0,0,0,36.5,0,5,5.833333333,17.5,80.33333333,0.666666667,0,0,15.5
00-0026184,M.Forte,2013102009,10/20/2013 0:00,18,0,2,3,16,91,3,0,0,39.33333333,0,5.5,6.333333333,16.66666667,74.33333333,0.5,0,0,30.9
00-0026184,M.Forte,2013110400,11/4/2013 0:00,54,0,5,8,24,125,1,0,0,35.5,0,5.166666667,5.833333333,16.16666667,81.16666667,0.833333333,0,0,31.9
00-0026184,M.Forte,2013111002,11/10/2013 0:00,16,0,4,7,18,33,0,0,0,32.66666667,0,4.166666667,5.333333333,17,87,1,0,0,8.9
00-0026184,M.Forte,2013111701,11/17/2013 0:00,42,1,5,6,18,83,0,0,0,31.33333333,0,4.166666667,5.833333333,17.33333333,78,0.833333333,0,0,23.5
00-0026184,M.Forte,2013112407,11/24/2013 0:00,40,0,7,9,16,77,0,0,0,34.66666667,0.166666667,4.166666667,5.833333333,18,76,0.666666667,0,0,18.7
00-0026184,M.Forte,2013120104,12/1/2013 0:00,31,0,2,2,23,120,0,0,0,34.66666667,0.166666667,4.666666667,6.333333333,18.5,79.33333333,0.666666667,0,0,20.1
00-0026184,M.Forte,2013120900,12/9/2013 0:00,73,1,7,9,20,102,0,0,0,33.5,0.166666667,4.166666667,5.833333333,19.16666667,88.16666667,0.666666667,0,0,33.5
00-0026184,M.Forte,2013121501,12/15/2013 0:00,4,0,1,3,24,127,0,0,0,42.66666667,0.333333333,5,6.833333333,19.83333333,90,0.166666667,0,0,17.1
00-0026184,M.Forte,2013122207,12/22/2013 0:00,25,0,4,5,9,29,0,0,0,34.33333333,0.333333333,4.333333333,6,19.83333333,90.33333333,0,0,0,9.4
00-0026184,M.Forte,2013122901,12/29/2013 0:00,47,1,4,4,22,110,2,0,0,35.83333333,0.333333333,4.333333333,5.666666667,18.33333333,89.66666667,0,0,0,40.7
00-0026184,M.Forte,2014090702,9/7/2014 0:00,87,0,8,9,17,82,0,0,0,36.66666667,0.333333333,4.166666667,5.333333333,19,94.16666667,0.333333333,0,0,24.9
00-0026184,M.Forte,2014091413,9/14/2014 0:00,15,0,5,8,12,21,0,0,0,44.5,0.333333333,4.333333333,5.333333333,19.16666667,95,0.333333333,0,0,8.6
00-0026184,M.Forte,2014092200,9/22/2014 0:00,43,0,6,7,13,33,0,0,0,41.83333333,0.333333333,4.833333333,6.333333333,17.33333333,78.5,0.333333333,0,0,13.6
00-0026184,M.Forte,2014092801,9/28/2014 0:00,49,0,5,6,23,122,0,0,0,36.83333333,0.166666667,4.666666667,6,16.16666667,67,0.333333333,0,0,25.1
00-0026184,M.Forte,2014100500,10/5/2014 0:00,105,1,12,12,17,61,0,0,0,44.33333333,0.166666667,5.333333333,6.5,16,66.16666667,0.333333333,0,0,37.6
00-0026184,M.Forte,2014101200,10/12/2014 0:00,77,0,10,13,17,80,2,0,0,57.66666667,0.333333333,6.666666667,7.666666667,17.33333333,71.5,0.333333333,0,0,37.7
00-0026184,M.Forte,2014101902,10/19/2014 0:00,60,1,6,7,12,49,1,0,0,62.66666667,0.166666667,7.666666667,9.166666667,16.5,66.5,0.333333333,0,0,28.9
00-0026184,M.Forte,2014102605,10/26/2014 0:00,54,1,6,8,19,114,0,0,0,58.16666667,0.333333333,7.333333333,8.833333333,15.66666667,61,0.5,0,0,31.8
00-0026184,M.Forte,2014110910,11/9/2014 0:00,27,0,3,7,17,54,0,0,0,64.66666667,0.5,7.5,8.833333333,16.83333333,76.5,0.5,0,0,11.1
00-0026184,M.Forte,2014111601,11/16/2014 0:00,58,0,6,6,26,117,0,0,0,62,0.5,7,8.833333333,17.5,80,0.5,0,0,26.5
00-0026184,M.Forte,2014112302,11/23/2014 0:00,23,0,5,6,23,89,2,0,0,63.5,0.5,7.166666667,8.833333333,18,79.16666667,0.5,0,0,28.2
00-0026184,M.Forte,2014120400,12/4/2014 0:00,74,0,8,9,14,28,1,1,1,49.83333333,0.333333333,6,7.833333333,19,83.83333333,0.833333333,0,0,23.2
00-0026184,M.Forte,2014121500,12/15/2014 0:00,21,0,2,5,16,78,0,0,0,49.33333333,0.333333333,5.666666667,7.166666667,18.5,75.16666667,0.666666667,0.166666667,0.166666667,11.9
00-0026184,M.Forte,2014122101,12/21/2014 0:00,40,1,6,6,19,55,0,0,0,42.83333333,0.166666667,5,6.833333333,19.16666667,80,0.5,0.166666667,0.166666667,21.5
00-0026184,M.Forte,2014122806,12/28/2014 0:00,23,0,8,12,17,51,0,0,0,40.5,0.166666667,5,6.5,19.16666667,70.16666667,0.5,0.166666667,0.166666667,15.4
00-0026184,M.Forte,2015091300,9/13/2015 0:00,25,0,5,8,24,141,1,0,0,39.83333333,0.166666667,5.833333333,7.333333333,19.16666667,69.66666667,0.5,0.166666667,0.166666667,30.6
00-0026184,M.Forte,2015092006,9/20/2015 0:00,44,0,4,5,15,61,0,0,0,34.33333333,0.166666667,5.666666667,7.666666667,18.83333333,73.66666667,0.666666667,0.166666667,0.166666667,14.5
00-0026184,M.Forte,2015092711,9/27/2015 0:00,0,0,0,3,20,74,0,0,0,37.83333333,0.166666667,5.5,7.5,17.5,69,0.333333333,0.166666667,0.166666667,7.4
00-0026184,M.Forte,2015100401,10/4/2015 0:00,64,0,4,4,25,91,0,0,0,25.5,0.166666667,4.166666667,6.5,18.5,76.66666667,0.166666667,0,0,19.5
00-0026184,M.Forte,2015101101,10/11/2015 0:00,38,1,5,7,18,71,0,0,1,32.66666667,0.166666667,4.5,6.333333333,20,78.83333333,0.166666667,0,0,20.9
00-0026184,M.Forte,2015101800,10/18/2015 0:00,20,0,3,5,24,69,1,0,0,32.33333333,0.166666667,4.333333333,6.5,19.83333333,81.5,0.166666667,0,0.166666667,17.9
00-0026184,M.Forte,2015110104,11/1/2015 0:00,28,0,4,4,10,41,0,0,0,31.83333333,0.166666667,3.5,5.333333333,21,84.5,0.333333333,0,0.166666667,10.9
00-0026184,M.Forte,2015112602,11/26/2015 0:00,9,0,1,1,15,44,0,0,0,32.33333333,0.166666667,3.333333333,4.666666667,18.66666667,67.83333333,0.166666667,0,0.166666667,6.3
00-0026184,M.Forte,2015120605,12/6/2015 0:00,39,0,5,5,21,84,1,0,0,26.5,0.166666667,2.833333333,4,18.66666667,65,0.166666667,0,0.166666667,23.3
00-0026184,M.Forte,2015121306,12/13/2015 0:00,8,0,1,2,10,45,1,0,0,33,0.166666667,3.666666667,4.333333333,18.83333333,66.66666667,0.333333333,0,0.166666667,12.3
00-0026184,M.Forte,2015122002,12/20/2015 0:00,57,1,6,7,8,47,0,0,0,23.66666667,0.166666667,3.166666667,4,16.33333333,59,0.5,0,0.166666667,22.4
00-0026184,M.Forte,2015122708,12/27/2015 0:00,23,0,3,4,11,54,0,0,0,26.83333333,0.166666667,3.333333333,4,14.66666667,55,0.5,0,0,10.7
00-0026184,M.Forte,2016010309,1/3/2016 0:00,34,1,3,3,17,76,0,0,0,27.33333333,0.166666667,3.333333333,3.833333333,12.5,52.5,0.333333333,0,0,20
00-0026184,M.Forte,2016091106,9/11/2016 0:00,59,0,5,7,22,96,0,0,0,28.33333333,0.333333333,3.166666667,3.666666667,13.66666667,58.33333333,0.333333333,0,0,20.5
00-0026184,M.Forte,2016091500,9/15/2016 0:00,9,0,2,3,30,100,3,0,0,36.66666667,0.333333333,3.833333333,4.666666667,14.83333333,67,0.333333333,0,0,30.9
00-0026184,M.Forte,2016092512,9/25/2016 0:00,-1,0,2,4,15,65,0,0,0,31.66666667,0.333333333,3.333333333,4.333333333,16.33333333,69.66666667,0.666666667,0,0,8.4
00-0026184,M.Forte,2016100206,10/2/2016 0:00,16,0,2,3,14,27,0,0,0,30.16666667,0.333333333,3.5,4.666666667,17.16666667,73,0.5,0,0,6.3
00-0026184,M.Forte,2016100906,10/9/2016 0:00,7,0,2,2,12,53,0,0,0,23.33333333,0.166666667,2.833333333,4,18.16666667,69.66666667,0.5,0,0,8
00-0026184,M.Forte,2016101700,10/17/2016 0:00,3,0,1,3,9,19,0,0,0,20.66666667,0.166666667,2.666666667,3.666666667,18.33333333,69.5,0.5,0,0,3.2
00-0026184,M.Forte,2016102306,10/23/2016 0:00,51,1,3,3,30,100,1,0,0,15.5,0,2.333333333,3.666666667,17,60,0.5,0,0,30.1
00-0026184,M.Forte,2016103003,10/30/2016 0:00,16,0,2,3,25,82,2,0,0,14.16666667,0.166666667,2,3,18.33333333,60.66666667,0.666666667,0,0,23.8
00-0026184,M.Forte,2016110604,11/6/2016 0:00,5,0,1,2,12,92,1,0,0,15.33333333,0.166666667,2,3,17.5,57.66666667,0.5,0,0,16.7
00-0026184,M.Forte,2016111304,11/13/2016 0:00,11,0,2,3,20,98,0,0,0,16.33333333,0.166666667,1.833333333,2.666666667,17,62.16666667,0.666666667,0,0,12.9
00-0026184,M.Forte,2016112711,11/27/2016 0:00,23,0,3,4,13,27,0,0,0,15.5,0.166666667,1.833333333,2.666666667,18,74,0.666666667,0,0,8
00-0026184,M.Forte,2016120500,12/5/2016 0:00,54,0,3,4,9,25,0,0,0,18.16666667,0.166666667,2,3,18.16666667,69.66666667,0.666666667,0,0,10.9
00-0026184,M.Forte,2017091709,9/17/2017 0:00,38,0,3,3,9,53,0,0,0,26.66666667,0.166666667,2.333333333,3.166666667,18.16666667,70.66666667,0.666666667,0,0,12.1
00-0026184,M.Forte,2017101505,10/15/2017 0:00,59,0,8,8,9,22,0,0,0,24.5,0,2.333333333,3.166666667,14.66666667,62.83333333,0.5,0,0,16.1
00-0026184,M.Forte,2017110200,11/2/2017 0:00,19,0,4,4,14,77,2,0,0,31.66666667,0,3.333333333,4,12,52.83333333,0.166666667,0,0,25.6
00-0026184,M.Forte,2017112605,11/26/2017 0:00,0,0,0,1,10,26,0,0,0,34,0,3.833333333,4.333333333,12.33333333,50.33333333,0.333333333,0,0,2.6
00-0026184,M.Forte,2017120308,12/3/2017 0:00,33,1,3,3,15,58,0,0,0,32.16666667,0,3.5,4,10.66666667,38.33333333,0.333333333,0,0,18.1
00-0026184,M.Forte,2017122406,12/24/2017 0:00,7,0,1,1,8,19,0,0,0,33.83333333,0.166666667,3.5,3.833333333,11,43.5,0.333333333,0,0,3.6
,,,,,,,,,,,,,26,0.166666667,3.166666667,3.333333333,10.83333333,42.5,0.333333333,0,0,0
00-0026195,R.Rice,2009092013,9/20/2009 0:00,46,0,5,6,8,36,0,0,0,12,0,2,4,19,108,0,0,0,13.2
00-0026195,R.Rice,2009092700,9/27/2009 0:00,27,0,4,7,11,48,1,0,0,29,0,3.5,5,13.5,72,0,0,0,17.5
00-0026195,R.Rice,2009100406,10/4/2009 0:00,49,0,5,7,11,103,0,0,0,28.33333333,0,3.666666667,5.666666667,12.66666667,64,0.333333333,0,0,23.2
00-0026195,R.Rice,2009101100,10/11/2009 0:00,74,1,7,8,14,69,0,0,0,33.5,0,4,6,12.25,73.75,0.25,0,0,27.3
00-0026195,R.Rice,2009101803,10/18/2009 0:00,117,0,10,11,10,77,2,0,0,41.6,0.2,4.6,6.4,12.6,72.8,0.2,0,0,44.4
00-0026195,R.Rice,2009110100,11/1/2009 0:00,24,0,5,5,23,84,1,0,0,54.16666667,0.166666667,5.5,7.166666667,12.16666667,73.5,0.5,0,0,21.8
00-0026195,R.Rice,2009110802,11/8/2009 0:00,22,0,4,4,12,48,1,0,0,56.16666667,0.166666667,6,7.333333333,12.83333333,69.5,0.666666667,0,0,17
00-0026195,R.Rice,2009111600,11/16/2009 0:00,15,0,3,3,20,89,1,0,0,52.16666667,0.166666667,5.833333333,7,13.5,71.5,0.833333333,0,0,19.4
00-0026195,R.Rice,2009112200,11/22/2009 0:00,64,0,7,10,20,71,0,0,0,50.16666667,0.166666667,5.666666667,6.333333333,15,78.33333333,0.833333333,0,0,20.5
00-0026195,R.Rice,2009112911,11/29/2009 0:00,67,0,5,5,19,88,0,0,0,52.66666667,0.166666667,6,6.833333333,16.5,73,0.833333333,0,0,20.5
00-0026195,R.Rice,2009120700,12/7/2009 0:00,17,0,3,6,14,54,0,0,0,51.5,0,5.666666667,6.333333333,17.33333333,76.16666667,0.833333333,0,0,10.1
00-0026195,R.Rice,2009121301,12/13/2009 0:00,53,0,4,7,13,166,1,1,1,34.83333333,0,4.5,5.5,18,72.33333333,0.5,0,0,33.9
00-0026195,R.Rice,2009122000,12/20/2009 0:00,17,0,5,5,16,87,0,0,0,39.66666667,0,4.333333333,5.833333333,16.33333333,86,0.5,0.166666667,0.166666667,15.4
00-0026195,R.Rice,2009122709,12/27/2009 0:00,14,0,1,2,30,141,0,0,0,38.83333333,0,4.5,6,17,92.5,0.333333333,0.166666667,0.166666667,19.5
00-0026195,R.Rice,2010010313,1/3/2010 0:00,19,0,4,7,14,70,0,0,0,38.66666667,0,4.166666667,5.833333333,18.66666667,101.1666667,0.166666667,0.166666667,0.166666667,12.9
00-0026195,R.Rice,2010091300,9/13/2010 0:00,19,0,2,4,21,43,0,0,0,31.16666667,0,3.666666667,5.333333333,17.66666667,101,0.166666667,0.166666667,0.166666667,8.2
00-0026195,R.Rice,2010091912,9/19/2010 0:00,30,0,4,6,16,87,0,0,0,23.16666667,0,3.166666667,5.166666667,18,93.5,0.166666667,0.166666667,0.166666667,15.7
00-0026195,R.Rice,2010092604,9/26/2010 0:00,16,0,4,5,15,80,0,0,0,25.33333333,0,3.333333333,5.166666667,18.33333333,99,0.166666667,0.166666667,0.166666667,13.6
00-0026195,R.Rice,2010100302,10/3/2010 0:00,9,0,1,1,8,20,0,0,0,19.16666667,0,3.333333333,4.833333333,18.66666667,84.66666667,0,0,0,3.9
00-0026195,R.Rice,2010101001,10/10/2010 0:00,26,0,4,4,27,133,2,0,0,17.83333333,0,2.666666667,4.166666667,17.33333333,73.5,0,0,0,34.9
00-0026195,R.Rice,2010101702,10/17/2010 0:00,38,0,8,10,28,88,0,0,0,19.83333333,0,3.166666667,4.5,16.83333333,72.16666667,0.333333333,0,0,20.6
00-0026195,R.Rice,2010102402,10/24/2010 0:00,1,0,1,2,16,72,0,0,0,23,0,3.833333333,5,19.16666667,75.16666667,0.333333333,0,0,8.3
00-0026195,R.Rice,2010110701,11/7/2010 0:00,97,0,7,8,22,83,0,0,0,20,0,3.666666667,4.666666667,18.33333333,80,0.333333333,0,0,25
00-0026195,R.Rice,2010111100,11/11/2010 0:00,43,0,3,5,12,59,0,0,0,31.16666667,0,4.166666667,5,19.33333333,79.33333333,0.333333333,0,0,13.2
00-0026195,R.Rice,2010112100,11/21/2010 0:00,66,0,6,7,19,65,1,0,0,35.66666667,0,4,5,18.83333333,75.83333333,0.333333333,0,0,25.1
00-0026195,R.Rice,2010112806,11/28/2010 0:00,47,0,7,8,20,85,0,0,0,45.16666667,0,4.833333333,6,20.66666667,83.33333333,0.5,0,0,20.2
00-0026195,R.Rice,2010120513,12/5/2010 0:00,18,0,2,4,9,32,0,0,0,48.66666667,0,5.333333333,6.666666667,19.5,75.33333333,0.166666667,0,0,7
00-0026195,R.Rice,2010121300,12/13/2010 0:00,66,0,8,8,19,54,0,0,0,45.33333333,0,4.333333333,5.666666667,16.33333333,66,0.166666667,0,0,20
00-0026195,R.Rice,2010121909,12/19/2010 0:00,80,1,5,7,31,153,1,0,0,56.16666667,0,5.5,6.666666667,16.83333333,63,0.166666667,0,0,43.3
00-0026195,R.Rice,2010122602,12/26/2010 0:00,0,0,1,2,25,92,0,0,0,53.33333333,0.166666667,5.166666667,6.5,18.33333333,74.66666667,0.333333333,0,0,10.2
00-0026195,R.Rice,2011010202,1/2/2011 0:00,0,0,0,1,20,77,1,0,0,46.16666667,0.166666667,4.833333333,6,20.5,80.16666667,0.333333333,0,0,13.7
00-0026195,R.Rice,2011091100,9/11/2011 0:00,42,1,4,5,19,107,1,0,0,35.16666667,0.166666667,3.833333333,5,20.66666667,82.16666667,0.333333333,0,0,33.9
00-0026195,R.Rice,2011091802,9/18/2011 0:00,53,1,5,8,13,43,0,0,0,34.33333333,0.333333333,3.333333333,4.5,20.5,85.83333333,0.5,0,0,20.6
00-0026195,R.Rice,2011092510,9/25/2011 0:00,83,0,5,7,8,79,0,0,0,40.16666667,0.5,3.833333333,5.166666667,21.16666667,87.66666667,0.5,0,0,21.2
00-0026195,R.Rice,2011100214,10/2/2011 0:00,64,0,2,5,25,66,1,0,0,43,0.5,3.333333333,5,19.33333333,91.83333333,0.5,0,0,21
00-0026195,R.Rice,2011101608,10/16/2011 0:00,60,0,5,7,23,101,0,0,0,40.33333333,0.333333333,2.833333333,4.666666667,18.33333333,77.33333333,0.5,0,0,24.1
00-0026195,R.Rice,2011102400,10/24/2011 0:00,35,0,5,8,8,28,0,0,0,50.33333333,0.333333333,3.5,5.5,18,78.83333333,0.5,0,0,11.3
00-0026195,R.Rice,2011103005,10/30/2011 0:00,36,0,7,9,18,63,3,0,0,56.16666667,0.333333333,4.333333333,6.666666667,16,70.66666667,0.333333333,0,0,34.9
00-0026195,R.Rice,2011110612,11/6/2011 0:00,43,0,5,7,18,43,1,0,0,55.16666667,0.166666667,4.833333333,7.333333333,15.83333333,63.33333333,0.666666667,0,0,19.6
00-0026195,R.Rice,2011112004,11/20/2011 0:00,43,0,5,10,20,104,2,0,0,53.5,0,4.833333333,7.166666667,16.66666667,63.33333333,0.833333333,0,0,34.7
00-0026195,R.Rice,2011112402,11/24/2011 0:00,24,0,3,3,21,59,0,0,0,46.83333333,0,4.833333333,7.666666667,18.66666667,67.5,1.166666667,0,0,11.3
00-0026195,R.Rice,2011120404,12/4/2011 0:00,10,0,2,3,29,204,1,0,0,40.16666667,0,5,7.333333333,18,66.33333333,1,0,0,32.4
00-0026195,R.Rice,2011121104,12/11/2011 0:00,46,0,6,6,26,103,1,0,0,31.83333333,0,4.5,6.666666667,19,83.5,1.166666667,0,0,29.9
00-0026195,R.Rice,2011121812,12/18/2011 0:00,55,0,9,11,10,57,0,0,0,33.66666667,0,4.666666667,6.333333333,22,96,1.333333333,0,0,20.2
00-0026195,R.Rice,2011122402,12/24/2011 0:00,48,1,3,3,23,87,0,0,0,36.83333333,0,5,6.666666667,20.66666667,95,0.833333333,0,0,22.5
00-0026195,R.Rice,2012010102,1/1/2012 0:00,8,0,2,2,24,191,2,0,0,37.66666667,0.166666667,4.666666667,6,21.5,102.3333333,0.666666667,0,0,36.9
00-0026195,R.Rice,2012091000,9/10/2012 0:00,25,0,3,4,10,68,2,0,0,31.83333333,0.166666667,4.166666667,4.666666667,22.16666667,116.8333333,0.666666667,0,0,24.3
00-0026195,R.Rice,2012091604,9/16/2012 0:00,53,0,6,10,16,99,0,0,0,32,0.166666667,4.166666667,4.833333333,20.33333333,118.3333333,1,0,0,21.2
00-0026195,R.Rice,2012092313,9/23/2012 0:00,49,0,5,5,20,101,1,0,0,39.16666667,0.166666667,4.833333333,6,18.16666667,100.8333333,0.833333333,0,0,29
00-0026195,R.Rice,2012092700,9/27/2012 0:00,47,0,8,11,18,49,0,0,0,39.66666667,0.166666667,4.666666667,5.833333333,17.16666667,100.5,0.833333333,0,0,17.6
00-0026195,R.Rice,2012100706,10/7/2012 0:00,16,0,1,3,17,102,0,0,0,38.33333333,0.166666667,4.5,5.833333333,18.5,99.16666667,0.833333333,0,0,15.8
00-0026195,R.Rice,2012101406,10/14/2012 0:00,43,0,1,4,16,63,2,0,0,33,0,4.166666667,5.833333333,17.5,101.6666667,0.833333333,0,0,23.6
00-0026195,R.Rice,2012102105,10/21/2012 0:00,12,0,5,5,9,42,0,0,0,38.83333333,0,4,6.166666667,16.16666667,80.33333333,0.833333333,0,0,10.4
00-0026195,R.Rice,2012110405,11/4/2012 0:00,6,0,2,2,25,98,1,0,0,36.66666667,0,4.333333333,6.333333333,16,76,0.5,0,0,18.4
00-0026195,R.Rice,2012111104,11/11/2012 0:00,33,0,4,5,13,35,1,0,0,28.83333333,0,3.666666667,5,17.5,75.83333333,0.666666667,0,0,16.8
00-0026195,R.Rice,2012111811,11/18/2012 0:00,53,0,5,5,20,40,0,0,0,26.16666667,0,3.5,5,16.33333333,64.83333333,0.666666667,0,0,14.3
00-0026195,R.Rice,2012112508,11/25/2012 0:00,67,0,8,9,22,97,0,0,0,27.16666667,0,3,4,16.66666667,63.33333333,0.666666667,0,0,24.4
00-0026195,R.Rice,2012120210,12/2/2012 0:00,5,0,1,2,12,78,1,0,0,35.66666667,0,4.166666667,5,17.5,62.5,0.666666667,0,0,15.3
00-0026195,R.Rice,2012120900,12/9/2012 0:00,15,0,3,4,20,121,1,0,0,29.33333333,0,4.166666667,4.666666667,16.83333333,65,0.5,0,0,25.6
00-0026195,R.Rice,2012121606,12/16/2012 0:00,3,0,3,7,12,38,0,0,0,29.83333333,0,3.833333333,4.5,18.66666667,78.16666667,0.666666667,0,0,7.1
00-0026195,R.Rice,2012122309,12/23/2012 0:00,51,1,6,7,24,107,0,0,0,29.33333333,0,4,5.333333333,16.5,68.16666667,0.5,0,0,30.8
00-0026195,R.Rice,2013090500,9/5/2013 0:00,35,0,8,11,12,36,1,1,1,32.33333333,0.166666667,4.333333333,5.666666667,18.33333333,80.16666667,0.333333333,0,0,20.1
00-0026195,R.Rice,2013091501,9/15/2013 0:00,9,0,3,3,13,36,0,0,0,29.33333333,0.166666667,4.833333333,6.666666667,17,79.5,0.5,0.166666667,0.166666667,7.5
00-0026195,R.Rice,2013100604,10/6/2013 0:00,28,0,6,7,27,74,2,0,0,19.66666667,0.166666667,4,5.666666667,15.5,69.33333333,0.5,0.166666667,0.166666667,28.2
00-0026195,R.Rice,2013101300,10/13/2013 0:00,15,0,3,4,14,34,0,0,0,23.5,0.166666667,4.833333333,6.5,18,68.66666667,0.666666667,0.166666667,0.166666667,7.9
00-0026195,R.Rice,2013102011,10/20/2013 0:00,27,0,4,5,15,45,0,0,0,23.5,0.166666667,4.833333333,6.5,17,54.16666667,0.5,0.166666667,0.166666667,11.2
00-0026195,R.Rice,2013110308,11/3/2013 0:00,18,0,2,3,11,17,0,0,0,27.5,0.166666667,5,6.166666667,17.5,55.33333333,0.5,0.166666667,0.166666667,5.5
00-0026195,R.Rice,2013111001,11/10/2013 0:00,26,0,6,6,18,30,0,0,0,22,0,4.333333333,5.5,15.33333333,40.33333333,0.5,0.166666667,0.166666667,11.6
00-0026195,R.Rice,2013111701,11/17/2013 0:00,17,0,3,5,25,131,1,0,0,20.5,0,4,4.666666667,16.33333333,39.33333333,0.333333333,0,0,26.8
00-0026195,R.Rice,2013112400,11/24/2013 0:00,-3,0,1,1,16,30,0,0,0,21.83333333,0,4,5,18.33333333,55.16666667,0.5,0,0,3.7
00-0026195,R.Rice,2013112802,11/28/2013 0:00,38,0,6,7,12,32,0,0,0,16.66666667,0,3.166666667,4,16.5,47.83333333,0.166666667,0,0,13
00-0026195,R.Rice,2013120800,12/8/2013 0:00,42,0,5,5,17,67,0,0,0,20.5,0,3.666666667,4.5,16.16666667,47.5,0.166666667,0,0,15.9
00-0026195,R.Rice,2013121600,12/16/2013 0:00,8,0,1,4,12,56,0,0,0,23,0,3.833333333,4.5,16.5,51.16666667,0.166666667,0,0,7.4
00-0026195,R.Rice,2013122214,12/22/2013 0:00,23,0,2,3,11,40,0,0,0,21.33333333,0,3.666666667,4.666666667,16.66666667,57.66666667,0.166666667,0,0,8.3
,,,,,,,,,,,,,20.83333333,0,3,4.166666667,15.5,59.33333333,0.166666667,0,0,0
00-0026204,Kv.Smith,2009092001,9/20/2009 0:00,10,0,2,3,24,83,0,0,0,52,0,7,9,15,20,1,0,0,11.3
00-0026204,Kv.Smith,2009092702,9/27/2009 0:00,18,0,3,3,16,101,0,0,0,31,0,4.5,6,19.5,51.5,0.5,0,0,17.9
00-0026204,K.Smith,2009100400,10/4/2009 0:00,21,0,4,4,19,30,2,0,0,26.66666667,0,4,5,18.33333333,68,0.333333333,0,0,21.1
00-0026204,K.Smith,2009101103,10/11/2009 0:00,42,0,3,4,20,53,0,0,0,25.25,0,4,4.75,18.5,58.5,0.75,0,0,12.5
00-0026204,K.Smith,2009101801,10/18/2009 0:00,0,0,0,2,15,61,0,0,0,28.6,0,3.8,4.6,18.8,57.4,0.6,0,0,6.1
00-0026204,K.Smith,2009110104,11/1/2009 0:00,49,0,4,5,16,45,0,0,0,23.83333333,0,3.166666667,4.166666667,18.16666667,58,0.5,0,0,13.4
00-0026204,K.Smith,2009110808,11/8/2009 0:00,9,0,2,3,13,67,0,0,0,23.33333333,0,2.666666667,3.5,18.33333333,62.16666667,0.333333333,0,0,9.6
00-0026204,K.Smith,2009111502,11/15/2009 0:00,10,0,3,5,12,55,0,0,0,23.16666667,0,2.666666667,3.5,16.5,59.5,0.333333333,0,0,9.5
00-0026204,K.Smith,2009112202,11/22/2009 0:00,104,1,4,6,12,45,0,0,0,21.83333333,0,2.666666667,3.833333333,15.83333333,51.83333333,0.333333333,0,0,27.9
00-0026204,K.Smith,2009112600,11/26/2009 0:00,46,0,4,7,18,43,0,0,0,35.66666667,0.166666667,2.666666667,4.166666667,14.66666667,54.33333333,0,0,0,12.9
00-0026204,K.Smith,2009120603,12/6/2009 0:00,29,0,2,3,16,75,1,0,0,36.33333333,0.166666667,2.833333333,4.666666667,14.33333333,52.66666667,0,0,0,18.4
00-0026204,K.Smith,2009121301,12/13/2009 0:00,19,0,2,2,21,69,0,0,0,41.16666667,0.166666667,3.166666667,4.833333333,14.5,55,0.166666667,0,0,10.8
00-0026204,K.Smith,2010103104,10/31/2010 0:00,16,0,2,3,12,51,0,0,0,36.16666667,0.166666667,2.833333333,4.333333333,15.33333333,59,0.166666667,0,0,8.7
00-0026204,K.Smith,2011112006,11/20/2011 0:00,61,1,4,4,16,140,2,0,0,37.33333333,0.166666667,2.833333333,4.333333333,15.16666667,56.33333333,0.166666667,0,0,45.1
00-0026204,K.Smith,2011120406,12/4/2011 0:00,87,0,10,11,14,59,4,0,0,45.83333333,0.333333333,3,4.166666667,15.83333333,70.5,0.5,0,0,48.6
00-0026204,K.Smith,2011121808,12/18/2011 0:00,3,0,1,3,15,43,0,0,0,43,0.166666667,4,5,16.16666667,72.83333333,1.166666667,0,0,5.6
00-0026204,K.Smith,2011122410,12/24/2011 0:00,12,1,2,3,15,49,1,0,0,35.83333333,0.166666667,3.5,4.333333333,15.66666667,72.83333333,1.166666667,0,0,20.1
00-0026204,K.Smith,2012010108,1/1/2012 0:00,26,1,4,6,9,35,0,1,1,33,0.333333333,3.5,4.333333333,15.5,68.5,1.166666667,0,0,15.1
00-0026204,K.Smith,2012090905,9/9/2012 0:00,29,1,4,6,13,62,1,0,0,34.16666667,0.5,3.833333333,5,13.5,62.83333333,1.166666667,0.166666667,0.166666667,25.1
00-0026204,K.Smith,2012091613,9/16/2012 0:00,17,0,2,3,16,53,0,0,0,36.33333333,0.666666667,4.166666667,5.5,13.66666667,64.66666667,1.333333333,0.166666667,0.166666667,9
,,,,,,,,,,,,,29,0.5,3.833333333,5.333333333,13.66666667,50.16666667,1,0.166666667,0.166666667,0
,,,,,,,,,,,,,13,0,2,2,11,47,0,0,0,0
00-0026213,J.Charles,2009112205,11/22/2009 0:00,8,1,2,5,17,58,0,0,0,14,0,4,5,18,103,1,0,0,14.6
00-0026213,J.Charles,2009112909,11/29/2009 0:00,54,0,3,3,14,93,1,0,0,11,0.5,3,5,17.5,80.5,0.5,0,0,23.7
00-0026213,J.Charles,2009120606,12/6/2009 0:00,3,0,1,3,18,56,1,0,0,25.33333333,0.333333333,3,4.333333333,16.33333333,84.66666667,0.666666667,0,0,12.9
00-0026213,J.Charles,2009121306,12/13/2009 0:00,38,0,7,8,20,143,1,0,0,19.75,0.25,2.5,4,16.75,77.5,0.75,0,0,34.1
00-0026213,J.Charles,2009122003,12/20/2009 0:00,16,0,2,4,25,154,1,0,0,23.4,0.2,3.4,4.8,17.4,90.6,0.8,0,0,28
00-0026213,J.Charles,2009122701,12/27/2009 0:00,22,0,3,4,24,102,0,0,0,22.16666667,0.166666667,3.166666667,4.666666667,18.66666667,101.1666667,0.833333333,0,0,18.4
00-0026213,J.Charles,2010010312,1/3/2010 0:00,3,0,1,1,25,259,2,0,0,23.5,0.166666667,3,4.5,19.66666667,101,0.666666667,0,0,42.2
00-0026213,J.Charles,2010091301,9/13/2010 0:00,8,0,1,1,11,92,1,0,0,22.66666667,0,2.833333333,3.833333333,21,134.5,1,0,0,17
00-0026213,J.Charles,2010091903,9/19/2010 0:00,27,0,1,1,11,49,0,0,0,15,0,2.5,3.5,20.5,134.3333333,1,0,0,8.6
00-0026213,J.Charles,2010092609,9/26/2010 0:00,57,0,3,3,12,97,0,0,0,19,0,2.5,3.166666667,19.33333333,133.1666667,0.833333333,0,0,18.4
00-0026213,J.Charles,2010101002,10/10/2010 0:00,14,0,3,6,16,87,0,0,0,22.16666667,0,1.833333333,2.333333333,18,125.5,0.666666667,0,0,13.1
00-0026213,J.Charles,2010101704,10/17/2010 0:00,24,0,4,4,16,93,0,0,0,21.83333333,0,2,2.666666667,16.5,114.3333333,0.5,0,0,15.7
00-0026213,J.Charles,2010103103,10/31/2010 0:00,61,0,4,5,22,177,0,0,0,22.16666667,0,2.166666667,2.666666667,15.16666667,112.8333333,0.5,0,0,30.8
00-0026213,J.Charles,2010110710,11/7/2010 0:00,47,0,5,8,10,53,0,0,0,31.83333333,0,2.666666667,3.333333333,14.66666667,99.16666667,0.166666667,0,0,15
00-0026213,J.Charles,2010111407,11/14/2010 0:00,80,1,5,9,14,41,0,0,0,38.33333333,0,3.333333333,4.5,14.5,92.66666667,0,0,0,23.1
00-0026213,J.Charles,2010112109,11/21/2010 0:00,38,0,4,5,12,88,0,0,0,47.16666667,0.166666667,4,5.833333333,15,91.33333333,0,0,0,16.6
00-0026213,J.Charles,2010112808,11/28/2010 0:00,3,0,2,3,22,173,1,1,1,44,0.166666667,4.166666667,6.166666667,15,89.83333333,0,0,0,27.6
00-0026213,J.Charles,2010120503,12/5/2010 0:00,20,0,2,2,21,116,0,0,0,42.16666667,0.166666667,4,5.666666667,16,104.1666667,0.166666667,0.166666667,0.166666667,18.6
00-0026213,J.Charles,2010121212,12/12/2010 0:00,9,0,2,3,10,40,0,0,0,41.5,0.166666667,3.666666667,5.333333333,16.83333333,108,0.166666667,0.166666667,0.166666667,6.9
00-0026213,J.Charles,2010121900,12/19/2010 0:00,27,0,3,5,11,126,1,0,0,32.83333333,0.166666667,3.333333333,5,14.83333333,85.16666667,0.166666667,0.166666667,0.166666667,27.3
00-0026213,J.Charles,2010122603,12/26/2010 0:00,40,2,4,5,13,77,0,0,0,29.5,0.166666667,3,4.5,15,97.33333333,0.333333333,0.166666667,0.166666667,27.7
00-0026213,J.Charles,2011010206,1/2/2011 0:00,13,0,2,4,14,87,1,0,0,22.83333333,0.333333333,2.833333333,3.833333333,14.83333333,103.3333333,0.333333333,0.166666667,0.166666667,18
00-0026213,J.Charles,2011091104,9/11/2011 0:00,9,1,5,6,10,56,0,0,0,18.66666667,0.333333333,2.5,3.666666667,15.16666667,103.1666667,0.5,0.166666667,0.166666667,17.5
00-0026213,J.Charles,2012092305,9/23/2012 0:00,55,0,6,8,33,233,1,0,0,19.66666667,0.5,3,4.166666667,13.16666667,83.66666667,0.333333333,0,0,43.8
00-0026213,J.Charles,2012093002,9/30/2012 0:00,23,1,3,4,17,92,1,0,0,25.5,0.5,3.666666667,5.166666667,15.16666667,103.1666667,0.5,0,0,26.5
00-0026213,J.Charles,2012100706,10/7/2012 0:00,21,0,3,3,30,140,0,0,0,27.83333333,0.666666667,3.833333333,5.333333333,16.33333333,111.8333333,0.666666667,0,0,22.1
00-0026213,J.Charles,2012101401,10/14/2012 0:00,7,0,2,3,12,40,0,0,0,26.83333333,0.666666667,3.833333333,5,19.5,114.1666667,0.5,0,0,6.7
00-0026213,J.Charles,2012110100,11/1/2012 0:00,27,0,3,4,12,39,0,0,0,21.33333333,0.333333333,3.5,4.666666667,19.33333333,108,0.5,0,0,9.6
00-0026213,J.Charles,2012111808,11/18/2012 0:00,31,0,4,6,17,87,0,0,0,23.66666667,0.333333333,3.666666667,4.666666667,19,100,0.333333333,0,0,15.8
00-0026213,J.Charles,2012120204,12/2/2012 0:00,11,0,4,4,27,127,0,0,0,27.33333333,0.166666667,3.5,4.666666667,20.16666667,105.1666667,0.333333333,0,0,20.8
00-0026213,J.Charles,2012120901,12/9/2012 0:00,0,0,0,1,18,165,1,0,0,20,0.166666667,3.166666667,4,19.16666667,87.5,0.166666667,0,0,25.5
00-0026213,J.Charles,2012121612,12/16/2012 0:00,18,0,3,4,9,10,0,0,0,16.16666667,0,2.666666667,3.5,19.33333333,99.66666667,0.166666667,0,0,5.8
00-0026213,J.Charles,2012122305,12/23/2012 0:00,4,0,1,3,22,226,1,0,0,15.66666667,0,2.666666667,3.666666667,15.83333333,78,0.166666667,0,0,33
00-0026213,J.Charles,2012123012,12/30/2012 0:00,14,0,1,2,14,53,0,0,0,15.16666667,0,2.5,3.666666667,17.5,109,0.333333333,0,0,7.7
00-0026213,J.Charles,2013090806,9/8/2013 0:00,23,0,3,6,16,77,1,0,0,13,0,2.166666667,3.333333333,17.83333333,111.3333333,0.333333333,0,0,19
00-0026213,J.Charles,2013091507,9/15/2013 0:00,48,1,8,10,16,55,0,0,0,11.66666667,0,2,3.333333333,17.66666667,109.6666667,0.5,0,0,24.3
00-0026213,J.Charles,2013091900,9/19/2013 0:00,80,0,7,8,20,92,1,0,0,17.83333333,0.166666667,2.666666667,4.333333333,15.83333333,97.66666667,0.5,0,0,30.2
00-0026213,J.Charles,2013092905,9/29/2013 0:00,62,1,5,11,18,65,0,0,0,31.16666667,0.166666667,3.833333333,5.5,16.16666667,85.5,0.5,0,0,23.7
00-0026213,J.Charles,2013100607,10/6/2013 0:00,37,0,5,9,22,108,1,0,0,38.5,0.333333333,4.166666667,6.666666667,17.66666667,94.66666667,0.5,0,0,28.5
00-0026213,J.Charles,2013101304,10/13/2013 0:00,50,0,5,9,22,78,2,0,0,44,0.333333333,4.833333333,7.666666667,17.66666667,75,0.5,0,0,29.8
00-0026213,J.Charles,2013102005,10/20/2013 0:00,37,0,3,4,21,86,1,0,0,50,0.333333333,5.5,8.833333333,19,79.16666667,0.833333333,0,0,21.3
00-0026213,J.Charles,2013102702,10/27/2013 0:00,46,0,5,7,18,74,0,0,0,52.33333333,0.333333333,5.5,8.5,19.83333333,80.66666667,0.833333333,0,0,17
00-0026213,J.Charles,2013110300,11/3/2013 0:00,6,0,6,7,17,90,0,0,0,52,0.166666667,5,8,20.16666667,83.83333333,0.833333333,0,0,15.6
00-0026213,J.Charles,2013111709,11/17/2013 0:00,-6,0,2,8,16,78,0,0,0,39.66666667,0.166666667,4.833333333,7.833333333,19.66666667,83.5,0.666666667,0,0,9.2
00-0026213,J.Charles,2013112405,11/24/2013 0:00,42,0,4,6,14,115,2,0,0,28.33333333,0,4.333333333,7.333333333,19.33333333,85.66666667,0.666666667,0,0,34.7
00-0026213,J.Charles,2013120103,12/1/2013 0:00,27,0,2,2,19,93,1,0,0,29.16666667,0,4.166666667,6.833333333,18,86.83333333,0.833333333,0,0,20
00-0026213,J.Charles,2013120808,12/8/2013 0:00,8,1,2,3,19,151,1,0,0,25.33333333,0,3.666666667,5.666666667,17.5,89.33333333,0.666666667,0,0,32.9
00-0026213,J.Charles,2013121511,12/15/2013 0:00,195,4,8,8,8,20,1,0,0,20.5,0.166666667,3.5,5.5,17.16666667,100.1666667,0.666666667,0,0,62.5
00-0026213,J.Charles,2013122205,12/22/2013 0:00,38,0,5,6,13,106,1,0,0,45.33333333,0.833333333,4,5.666666667,15.5,91.16666667,0.833333333,0,0,28.4
00-0026213,J.Charles,2014092900,9/29/2014 0:00,16,2,3,3,18,92,1,0,0,50.66666667,0.833333333,3.833333333,5.5,14.83333333,93.83333333,1,0,0,31.8
00-0026213,J.Charles,2014100511,10/5/2014 0:00,4,0,1,4,15,80,0,0,0,54.33333333,1.166666667,4,4.666666667,15.16666667,96.16666667,1.166666667,0,0,9.4
00-0026213,J.Charles,2014101909,10/19/2014 0:00,12,0,2,4,22,95,1,0,0,48,1.166666667,3.5,4.333333333,15.33333333,90.33333333,0.833333333,0,0,18.7
00-0026213,J.Charles,2014102604,10/26/2014 0:00,44,0,4,4,13,73,2,0,0,45.5,1.166666667,3.5,4.666666667,15.83333333,90.66666667,0.833333333,0,0,27.7
00-0026213,J.Charles,2014110204,11/2/2014 0:00,10,0,2,4,20,78,1,0,0,51.5,1,3.833333333,4.833333333,14.83333333,77.66666667,1,0,0,16.8
00-0026213,J.Charles,2014110901,11/9/2014 0:00,20,0,3,4,15,98,1,0,0,20.66666667,0.333333333,2.833333333,4.166666667,16.83333333,87.33333333,1,0,0,20.8
00-0026213,J.Charles,2014111604,11/16/2014 0:00,19,0,2,2,20,159,2,0,0,17.66666667,0.333333333,2.5,3.833333333,17.16666667,86,1,0,0,34.8
00-0026213,J.Charles,2014112000,11/20/2014 0:00,42,1,4,7,19,80,0,0,0,18.16666667,0,2.333333333,3.666666667,17.5,97.16666667,1.166666667,0,0,22.2
00-0026213,J.Charles,2014113011,11/30/2014 0:00,24,1,4,6,10,35,0,0,0,24.5,0.166666667,2.833333333,4.166666667,18.16666667,97.16666667,1.166666667,0,0,15.9
00-0026213,J.Charles,2014120709,12/7/2014 0:00,20,1,2,4,10,91,1,0,0,26.5,0.333333333,3.166666667,4.5,16.16666667,87.16666667,1,0,0,25.1
00-0026213,J.Charles,2014121407,12/14/2014 0:00,1,0,1,2,12,52,0,0,0,22.5,0.5,2.833333333,4.5,15.66666667,90.16666667,0.833333333,0,0,6.3
00-0026213,J.Charles,2014122106,12/21/2014 0:00,48,0,5,7,9,29,0,1,1,21,0.5,2.666666667,4.166666667,14.33333333,85.83333333,0.666666667,0,0,11.7
00-0026213,J.Charles,2014122804,12/28/2014 0:00,8,0,2,3,13,54,0,0,0,25.66666667,0.5,3,4.666666667,13.33333333,74.33333333,0.5,0.166666667,0.166666667,8.2
00-0026213,J.Charles,2015091306,9/13/2015 0:00,46,1,5,8,16,57,0,0,0,23.83333333,0.5,3,4.833333333,12.16666667,56.83333333,0.166666667,0.166666667,0.166666667,21.3
00-0026213,J.Charles,2015091700,9/17/2015 0:00,2,0,4,5,21,125,1,1,1,24.5,0.5,3.166666667,5,11.66666667,53,0.166666667,0.166666667,0.166666667,24.7
00-0026213,J.Charles,2015092800,9/28/2015 0:00,33,0,5,7,11,49,3,0,0,20.83333333,0.333333333,3.166666667,4.833333333,13.5,68,0.333333333,0.333333333,0.333333333,31.2
00-0026213,J.Charles,2015100403,10/4/2015 0:00,65,0,5,5,11,75,0,0,0,23,0.166666667,3.666666667,5.333333333,13.66666667,61,0.666666667,0.333333333,0.333333333,19
00-0026213,J.Charles,2015101101,10/11/2015 0:00,26,0,1,4,12,58,0,0,0,33.66666667,0.166666667,4.333333333,5.833333333,13.5,64.83333333,0.666666667,0.333333333,0.333333333,9.4
00-0026213,J.Charles,2016101609,10/16/2016 0:00,14,0,2,2,9,33,1,0,0,30,0.166666667,3.666666667,5.333333333,14,69.66666667,0.666666667,0.166666667,0.166666667,12.7
00-0026213,J.Charles,2017091101,9/11/2017 0:00,0,0,0,1,10,40,0,0,0,31,0.166666667,3.666666667,5.166666667,13.33333333,66.16666667,0.833333333,0.166666667,0.166666667,4
00-0026213,J.Charles,2017091710,9/17/2017 0:00,6,0,1,1,9,46,0,0,0,23.33333333,0,2.833333333,4,12.33333333,63.33333333,0.833333333,0.166666667,0.166666667,6.2
00-0026213,J.Charles,2017092401,9/24/2017 0:00,1,0,1,1,9,56,1,0,0,24,0,2.333333333,3.333333333,10.33333333,50.16666667,0.666666667,0,0,12.7
00-0026213,J.Charles,2017103000,10/30/2017 0:00,5,0,1,1,8,39,0,0,0,18.66666667,0,1.666666667,2.333333333,10,51.33333333,0.333333333,0,0,5.4
00-0026213,J.Charles,2017111211,11/12/2017 0:00,0,0,0,1,8,38,0,0,0,8.666666667,0,1,1.666666667,9.5,45.33333333,0.333333333,0,0,3.8
,,,,,,,,,,,,,4.333333333,0,0.833333333,1.166666667,8.833333333,42,0.333333333,0,0,0
00-0026229,S.Slaton,2009092007,9/20/2009 0:00,25,0,3,5,17,34,0,0,0,35,0,3,6,9,17,0,1,1,8.9
00-0026229,S.Slaton,2009092703,9/27/2009 0:00,37,0,3,3,12,76,0,0,0,30,0,3,5.5,13,25.5,0,0.5,0.5,14.3
00-0026229,S.Slaton,2009100402,10/4/2009 0:00,24,1,2,2,21,65,1,0,0,32.33333333,0,3,4.666666667,12.66666667,42.33333333,0,0.333333333,0.333333333,22.9
00-0026229,S.Slaton,2009101109,10/11/2009 0:00,59,0,6,6,13,39,0,0,0,30.25,0.25,2.75,4,14.75,48,0.25,0.25,0.25,15.8
00-0026229,S.Slaton,2009101800,10/18/2009 0:00,102,1,6,6,19,43,0,0,0,36,0.2,3.4,4.4,14.4,46.2,0.2,0.2,0.2,29.5
00-0026229,S.Slaton,2009102502,10/25/2009 0:00,22,1,4,6,18,67,1,0,0,47,0.333333333,3.833333333,4.666666667,15.16666667,45.66666667,0.166666667,0.166666667,0.166666667,24.9
00-0026229,S.Slaton,2009112903,11/29/2009 0:00,49,0,7,8,10,57,0,0,0,44.83333333,0.5,4,4.666666667,16.66666667,54,0.333333333,0,0,17.6
00-0026229,S.Slaton,2012010100,1/1/2012 0:00,-1,0,1,1,11,55,0,0,0,48.83333333,0.5,4.666666667,5.166666667,15.5,57.83333333,0.333333333,0,0,6.4
,,,,,,,,,,,,,42.5,0.5,4.333333333,4.833333333,15.33333333,54.33333333,0.333333333,0,0,0
00-0026262,T.Choice,2009100410,10/4/2009 0:00,47,0,5,6,14,33,0,0,0,36,0,4,7,18,82,1,0,0,13
00-0026262,T.Choice,2009101104,10/11/2009 0:00,0,0,0,1,8,92,1,0,0,41.5,0,4.5,6.5,16,57.5,0.5,0,0,15.2
00-0026262,T.Choice,2010121905,12/19/2010 0:00,31,0,4,5,15,53,1,0,0,27.66666667,0,3,4.666666667,13.33333333,69,0.666666667,0,0,18.4
00-0026262,T.Choice,2011122400,12/24/2011 0:00,-8,0,1,5,9,27,0,0,0,28.5,0,3.25,4.75,13.75,65,0.75,0,0,2.9
00-0026262,T.Choice,2012091605,9/16/2012 0:00,0,0,0,1,8,37,0,0,0,21.2,0,2.8,4.8,12.8,57.4,0.6,0,0,3.7
00-0026262,T.Choice,2012092307,9/23/2012 0:00,8,0,2,5,20,91,0,0,0,17.66666667,0,2.333333333,4.166666667,12,54,0.5,0,0,11.9
,,,,,,,,,,,,,13,0,2,3.833333333,12.33333333,55.5,0.333333333,0,0,0
00-0026279,R.Torain,2010101712,10/17/2010 0:00,9,0,1,1,20,100,2,0,0,27,0,4,6,16,40,0,0,0,23.9
00-0026279,R.Torain,2010102405,10/24/2010 0:00,0,0,0,2,21,125,0,0,0,18,0,2.5,3.5,18,70,1,0,0,15.5
00-0026279,R.Torain,2010103104,10/31/2010 0:00,19,1,3,4,9,10,0,0,0,12,0,1.666666667,3,19,88.33333333,0.666666667,0,0,11.9
00-0026279,R.Torain,2010121204,12/12/2010 0:00,10,0,2,2,24,172,0,0,0,13.75,0.25,2,3.25,16.5,68.75,0.5,0,0,23.2
00-0026279,R.Torain,2010121905,12/19/2010 0:00,48,1,5,6,11,53,0,0,0,13,0.2,2,3,18,89.4,0.4,0,0,21.1
00-0026279,R.Torain,2010122608,12/26/2010 0:00,4,0,2,3,20,65,1,0,0,18.83333333,0.333333333,2.5,3.5,16.83333333,83.33333333,0.333333333,0,0,14.9
00-0026279,R.Torain,2011010208,1/2/2011 0:00,8,0,1,1,18,61,0,0,0,15,0.333333333,2.166666667,3,17.5,87.5,0.5,0,0,7.9
00-0026279,R.Torain,2011101603,10/16/2011 0:00,0,0,0,1,10,22,0,0,0,14.83333333,0.333333333,2.166666667,3,17.16666667,81,0.166666667,0,0,2.2
00-0026279,R.Torain,2011103007,10/30/2011 0:00,6,0,1,1,8,14,0,0,0,14.83333333,0.333333333,2.166666667,2.833333333,15.33333333,63.83333333,0.166666667,0,0,3
00-0026279,R.Torain,2011111309,11/13/2011 0:00,4,0,1,1,11,20,0,0,0,12.66666667,0.166666667,1.833333333,2.333333333,15.16666667,64.5,0.166666667,0,0,3.4
,,,,,,,,,,,,,11.66666667,0.166666667,1.666666667,2.166666667,13,39.16666667,0.166666667,0,0,0
00-0026289,T.Hightower,2009092003,9/20/2009 0:00,12,0,3,3,15,72,1,0,0,121,0,12,14,8,15,0,0,0,17.4
00-0026289,T.Hightower,2009092714,9/27/2009 0:00,39,0,5,8,9,22,0,0,0,66.5,0,7.5,8.5,11.5,43.5,0.5,0,0,11.1
00-0026289,T.Hightower,2009101809,10/18/2009 0:00,26,0,4,4,13,32,1,0,0,57.33333333,0,6.666666667,8.333333333,10.66666667,36.33333333,0.333333333,0,0,15.8
00-0026289,T.Hightower,2009110110,11/1/2009 0:00,57,0,8,10,8,39,1,0,0,49.5,0,6,7.25,11.25,35.25,0.5,0,0,23.6
00-0026289,T.Hightower,2009110801,11/8/2009 0:00,11,0,1,3,15,77,0,0,0,51,0,6.4,7.8,10.6,36,0.6,0,0,9.8
00-0026289,T.Hightower,2009111509,11/15/2009 0:00,21,0,5,5,10,37,0,0,0,44.33333333,0,5.5,7,11.33333333,42.83333333,0.5,0,0,10.8
00-0026289,T.Hightower,2009112209,11/22/2009 0:00,15,0,2,2,14,110,0,0,0,27.66666667,0,4.333333333,5.5,11.66666667,46.5,0.5,0,0,17.5
00-0026289,T.Hightower,2009112908,11/29/2009 0:00,23,0,3,4,11,55,1,0,0,28.16666667,0,4.166666667,5.333333333,11.5,52.83333333,0.333333333,0,0,16.8
00-0026289,T.Hightower,2009122710,12/27/2009 0:00,3,0,2,3,10,32,1,0,0,25.5,0,3.833333333,4.666666667,11.83333333,58.33333333,0.5,0,0,11.5
00-0026289,T.Hightower,2010091208,9/12/2010 0:00,40,0,4,4,13,54,1,0,0,21.66666667,0,3.5,4.5,11.33333333,58.33333333,0.5,0,0,19.4
00-0026289,T.Hightower,2010091907,9/19/2010 0:00,9,0,2,2,11,115,1,0,0,18.83333333,0,2.833333333,3.5,12.16666667,60.83333333,0.5,0,0,23.4
00-0026289,T.Hightower,2010092612,9/26/2010 0:00,0,0,1,3,11,40,0,0,0,18.5,0,3,3.333333333,11.5,67.16666667,0.666666667,0,0,5
00-0026289,T.Hightower,2010110705,11/7/2010 0:00,0,0,0,1,13,39,0,0,0,15,0,2.333333333,3,11.66666667,67.66666667,0.666666667,0,0,3.9
00-0026289,T.Hightower,2010111409,11/14/2010 0:00,23,0,2,3,13,39,1,0,0,12.5,0,2,2.833333333,11.5,55.83333333,0.666666667,0,0,14.2
00-0026289,T.Hightower,2010112109,11/21/2010 0:00,24,0,3,4,12,62,0,0,0,12.5,0,1.833333333,2.666666667,11.83333333,53.16666667,0.666666667,0,0,11.6
00-0026289,T.Hightower,2010120511,12/5/2010 0:00,5,0,1,2,15,81,0,0,0,16,0,2,2.833333333,12.16666667,58.16666667,0.5,0,0,9.6
00-0026289,T.Hightower,2010121211,12/12/2010 0:00,0,0,0,2,18,148,2,0,0,10.16666667,0,1.5,2.5,12.5,62.66666667,0.333333333,0,0,29.8
00-0026289,T.Hightower,2011010214,1/2/2011 0:00,2,0,2,5,12,30,0,0,0,8.666666667,0,1.166666667,2.5,13.66666667,68.16666667,0.5,0,0,5.2
00-0026289,T.Hightower,2011091108,9/11/2011 0:00,25,0,3,3,24,50,1,0,0,9,0,1.333333333,2.833333333,13.83333333,66.5,0.5,0,0,16.5
00-0026289,T.Hightower,2011091805,9/18/2011 0:00,10,0,1,2,20,96,0,0,0,13.16666667,0,1.833333333,3.166666667,15.66666667,68.33333333,0.666666667,0,0,11.6
00-0026289,T.Hightower,2011092600,9/26/2011 0:00,39,1,5,6,14,41,0,0,0,11,0,1.666666667,3,16.83333333,77.83333333,0.5,0,0,19
00-0026289,T.Hightower,2011100206,10/2/2011 0:00,4,0,1,3,8,24,0,0,0,13.5,0.166666667,2,3.333333333,17.16666667,74.33333333,0.5,0,0,3.8
00-0026289,T.Hightower,2011102304,10/23/2011 0:00,0,0,0,1,17,88,0,0,0,13.33333333,0.166666667,2,3.5,16,64.83333333,0.5,0,0,8.8
00-0026289,T.Hightower,2015121308,12/13/2015 0:00,10,0,1,1,28,85,1,0,0,13.33333333,0.166666667,2,3.333333333,15.83333333,54.83333333,0.166666667,0,0,16.5
00-0026289,T.Hightower,2015122100,12/21/2015 0:00,31,0,3,4,13,54,0,0,0,14.66666667,0.166666667,1.833333333,2.666666667,18.5,64,0.333333333,0,0,11.5
00-0026289,T.Hightower,2015122700,12/27/2015 0:00,47,0,3,3,27,122,2,0,0,15.66666667,0.166666667,1.833333333,2.833333333,16.66666667,64.66666667,0.166666667,0,0,34.9
00-0026289,T.Hightower,2016010311,1/3/2016 0:00,41,0,5,5,16,66,1,0,0,21.83333333,0.166666667,2.166666667,3,17.83333333,69,0.5,0,0,21.7
00-0026289,T.Hightower,2016103006,10/30/2016 0:00,0,0,1,3,26,102,0,0,0,22.16666667,0,2.166666667,2.833333333,18.16666667,73.16666667,0.666666667,0,0,14.2
00-0026289,T.Hightower,2016110608,11/6/2016 0:00,15,0,1,1,23,87,1,0,0,21.5,0,2.166666667,2.833333333,21.16666667,86.16666667,0.666666667,0,0,17.2
00-0026289,T.Hightower,2016111303,11/13/2016 0:00,34,0,2,2,8,21,0,0,0,24,0,2.333333333,2.833333333,22.16666667,86,0.833333333,0,0,7.5
00-0026289,T.Hightower,2016111700,11/17/2016 0:00,57,0,8,9,12,69,0,0,0,28,0,2.5,3,18.83333333,75.33333333,0.666666667,0,0,20.6
00-0026289,T.Hightower,2016112707,11/27/2016 0:00,54,1,2,2,15,51,0,0,0,32.33333333,0,3.333333333,3.833333333,18.66666667,77.83333333,0.666666667,0,0,18.5
00-0026289,T.Hightower,2016121808,12/18/2016 0:00,11,0,3,3,11,37,2,0,0,33.5,0.166666667,3.166666667,3.666666667,16.66666667,66,0.333333333,0,0,19.8
00-0026289,T.Hightower,2016122407,12/24/2016 0:00,11,0,1,1,8,29,0,0,0,28.5,0.166666667,2.833333333,3.333333333,15.83333333,61.16666667,0.5,0,0,5
,,,,,,,,,,,,,30.33333333,0.166666667,2.833333333,3,12.83333333,49,0.5,0,0,0
00-0026316,J.Parmele,2012112503,11/25/2012 0:00,7,0,1,1,8,45,0,0,0,3,0,3,3,24,80,0,0,0,6.2
,,,,,,,,,,,,,5,0,2,2,16,62.5,0,0,0,0
00-0026342,M.Hart,2010010300,1/3/2010 0:00,16,0,2,4,10,28,1,0,0,0,0,0,1,9,28,0,0,0,12.4
00-0026342,M.Hart,2010101002,10/10/2010 0:00,5,0,1,1,11,50,1,0,0,8,0,1,2.5,9.5,28,0.5,0,0,12.5
00-0026342,M.Hart,2010110100,11/1/2010 0:00,19,0,3,3,12,84,0,0,0,7,0,1,2,10,35.33333333,0.666666667,0,0,13.3
,,,,,,,,,,,,,10,0,1.5,2.25,10.5,47.5,0.5,0,0,0
00-0026367,P.Hillis,2010091903,9/19/2010 0:00,26,0,3,3,8,35,1,0,0,24,0,4,5,9,41,1,0,0,15.1
00-0026367,P.Hillis,2010092604,9/26/2010 0:00,36,0,7,8,22,144,1,0,0,25,0,3.5,4,8.5,38,1,0,0,34
00-0026367,P.Hillis,2010100301,10/3/2010 0:00,8,0,2,3,27,102,1,0,0,28.66666667,0,4.666666667,5.333333333,13,73.33333333,1,0,0,22
00-0026367,P.Hillis,2010101007,10/10/2010 0:00,49,1,4,6,10,28,0,0,0,23.5,0,4,4.75,16.5,80.5,1,0,0,17.7
00-0026367,P.Hillis,2010101703,10/17/2010 0:00,49,0,6,7,12,41,0,0,0,28.6,0.2,4,5,15.2,70,0.8,0,0,15
00-0026367,P.Hillis,2010102404,10/24/2010 0:00,1,0,1,2,16,69,1,0,0,32,0.166666667,4.333333333,5.333333333,14.66666667,65.16666667,0.666666667,0,0,14
00-0026367,P.Hillis,2010110702,11/7/2010 0:00,36,0,3,3,29,184,2,0,0,28.16666667,0.166666667,3.833333333,4.833333333,15.83333333,69.83333333,0.666666667,0,0,40
00-0026367,P.Hillis,2010111401,11/14/2010 0:00,27,0,4,5,19,82,1,0,0,29.83333333,0.166666667,3.833333333,4.833333333,19.33333333,94.66666667,0.833333333,0,0,20.9
00-0026367,P.Hillis,2010112104,11/21/2010 0:00,84,1,5,7,21,48,0,0,0,28.33333333,0.166666667,3.333333333,4.333333333,18.83333333,84.33333333,0.833333333,0,0,24.2
00-0026367,P.Hillis,2010112807,11/28/2010 0:00,63,0,6,8,26,131,3,0,0,41,0.333333333,3.833333333,5,17.83333333,75.33333333,0.666666667,0,0,46.4
00-0026367,P.Hillis,2010120501,12/5/2010 0:00,22,0,7,9,18,57,0,0,0,43.33333333,0.166666667,4.166666667,5.333333333,20.5,92.5,1.166666667,0,0,14.9
00-0026367,P.Hillis,2010121201,12/12/2010 0:00,10,0,4,5,21,108,0,0,0,38.83333333,0.166666667,4.333333333,5.666666667,21.5,95.16666667,1.166666667,0,0,18.8
00-0026367,P.Hillis,2010121902,12/19/2010 0:00,23,0,2,3,14,59,0,0,0,40.33333333,0.166666667,4.833333333,6.166666667,22.33333333,101.6666667,1,0,0,10.2
00-0026367,P.Hillis,2010122602,12/26/2010 0:00,5,0,1,1,12,35,0,0,0,38.16666667,0.166666667,4.666666667,6.166666667,19.83333333,80.83333333,0.666666667,0,0,5
00-0026367,P.Hillis,2011091101,9/11/2011 0:00,30,0,6,7,17,57,0,0,0,34.5,0.166666667,4.166666667,5.5,18.66666667,73,0.5,0,0,14.7
00-0026367,P.Hillis,2011091804,9/18/2011 0:00,23,0,4,4,27,94,2,0,0,25.5,0,4.333333333,5.5,18,74.5,0.5,0,0,27.7
00-0026367,P.Hillis,2011100201,10/2/2011 0:00,23,0,5,6,10,46,0,0,0,18.83333333,0,4,4.833333333,18.16666667,68.33333333,0.333333333,0,0,11.9
00-0026367,P.Hillis,2011112701,11/27/2011 0:00,-4,0,2,2,19,65,0,0,0,19,0,3.666666667,4.333333333,16.83333333,66.5,0.333333333,0,0,8.1
00-0026367,P.Hillis,2011120404,12/4/2011 0:00,52,0,1,2,12,45,0,0,0,16.66666667,0,3.333333333,3.833333333,16.5,59.33333333,0.333333333,0,0,10.7
00-0026367,P.Hillis,2011120800,12/8/2011 0:00,0,0,0,1,10,25,0,0,0,21.5,0,3.166666667,3.666666667,16.16666667,57,0.333333333,0,0,2.5
00-0026367,P.Hillis,2011121810,12/18/2011 0:00,9,0,1,3,26,99,1,0,0,20.66666667,0,3,3.666666667,15.83333333,55.33333333,0.333333333,0,0,17.8
00-0026367,P.Hillis,2011122402,12/24/2011 0:00,0,0,2,4,24,112,0,0,0,17.16666667,0,2.166666667,3,17.33333333,62.33333333,0.5,0,0,16.2
00-0026367,P.Hillis,2012010103,1/1/2012 0:00,-3,0,1,3,10,30,0,0,1,13.33333333,0,1.833333333,3,16.83333333,65.33333333,0.166666667,0,0,2.7
00-0026367,P.Hillis,2012091605,9/16/2012 0:00,25,0,2,3,11,66,0,0,0,9,0,1.166666667,2.5,16.83333333,62.66666667,0.166666667,0,0.166666667,11.1
00-0026367,P.Hillis,2012111200,11/12/2012 0:00,2,0,1,1,10,30,0,0,0,13.83333333,0,1.166666667,2.666666667,15.5,62.83333333,0.166666667,0,0.166666667,4.2
00-0026367,P.Hillis,2012120204,12/2/2012 0:00,9,0,1,1,12,19,1,0,0,5.5,0,1.166666667,2.5,15.16666667,60.33333333,0.166666667,0,0.166666667,9.8
00-0026367,P.Hillis,2012122305,12/23/2012 0:00,0,0,0,1,15,101,0,0,0,7,0,1.333333333,2.5,15.5,59.33333333,0.333333333,0,0.166666667,13.1
00-0026367,P.Hillis,2013102100,10/21/2013 0:00,45,0,5,6,18,36,1,0,0,5.5,0,1.166666667,2.166666667,13.66666667,59.66666667,0.166666667,0,0.166666667,19.1
00-0026367,P.Hillis,2013102705,10/27/2013 0:00,15,0,3,5,20,70,0,0,0,13,0,1.666666667,2.5,12.66666667,47,0.333333333,0,0.166666667,11.5
00-0026367,P.Hillis,2013122909,12/29/2013 0:00,6,0,1,5,17,56,0,0,0,16,0,2,2.833333333,14.33333333,53.66666667,0.333333333,0,0,7.2
,,,,,,,,,,,,,12.83333333,0,1.833333333,3.166666667,15.33333333,52,0.333333333,0,0,0
00-0026373,J.Forsett,2009112206,11/22/2009 0:00,80,0,8,9,8,9,1,0,1,26,0,5,8,17,123,1,0,0,21.9
00-0026373,J.Forsett,2009112907,11/29/2009 0:00,0,0,0,2,22,130,2,0,0,53,0,6.5,8.5,12.5,66,1,0,0.5,28
00-0026373,J.Forsett,2009121303,12/13/2009 0:00,47,0,4,4,9,26,0,0,0,35.33333333,0,4.333333333,6.333333333,15.66666667,87.33333333,1.333333333,0,0.333333333,11.3
00-0026373,J.Forsett,2009122011,12/20/2009 0:00,14,0,2,2,9,55,0,0,0,38.25,0,4.25,5.75,14,72,1,0,0.25,8.9
00-0026373,J.Forsett,2009122703,12/27/2009 0:00,4,0,1,2,14,70,0,0,0,33.4,0,3.8,5,13,68.6,0.8,0,0.2,8.4
00-0026373,J.Forsett,2010010315,1/3/2010 0:00,14,0,2,3,10,74,0,0,0,28.5,0,3.333333333,4.5,13.16666667,68.83333333,0.666666667,0,0.166666667,10.8
00-0026373,J.Forsett,2010091909,9/19/2010 0:00,8,0,1,1,8,44,0,0,0,26.5,0,2.833333333,3.666666667,12,60.66666667,0.5,0,0.166666667,6.2
00-0026373,J.Forsett,2010092613,9/26/2010 0:00,31,0,3,3,17,63,0,0,0,14.5,0,1.666666667,2.333333333,12,66.5,0.333333333,0,0,12.4
00-0026373,J.Forsett,2010100307,10/3/2010 0:00,10,0,2,2,19,65,0,0,0,19.66666667,0,2.166666667,2.5,11.16666667,55.33333333,0,0,0,9.5
00-0026373,J.Forsett,2010101707,10/17/2010 0:00,9,0,1,4,10,67,1,0,0,13.5,0,1.833333333,2.166666667,12.83333333,61.83333333,0,0,0,14.6
00-0026373,J.Forsett,2010102409,10/24/2010 0:00,31,0,2,2,9,41,0,0,0,12.66666667,0,1.666666667,2.5,13,63.83333333,0.166666667,0,0,9.2
00-0026373,J.Forsett,2010111409,11/14/2010 0:00,31,0,3,4,9,64,1,0,0,17.16666667,0,1.833333333,2.5,12.16666667,59,0.166666667,0,0,18.5
00-0026373,J.Forsett,2010112107,11/21/2010 0:00,33,0,5,6,8,10,0,0,0,20,0,2,2.666666667,12,57.33333333,0.333333333,0,0,9.3
00-0026373,J.Forsett,2010122605,12/26/2010 0:00,5,0,2,2,8,12,0,0,0,24.16666667,0,2.666666667,3.5,12,51.66666667,0.333333333,0,0,3.7
00-0026373,J.Forsett,2011102306,10/23/2011 0:00,0,0,0,1,8,23,0,0,0,19.83333333,0,2.5,3.333333333,10.5,43.16666667,0.333333333,0,0,2.3
00-0026373,J.Forsett,2014090701,9/7/2014 0:00,14,0,5,6,12,70,1,0,0,18.16666667,0,2.166666667,3.166666667,8.666666667,36.16666667,0.333333333,0,0,19.4
00-0026373,J.Forsett,2014091100,9/11/2014 0:00,16,0,4,4,8,56,0,0,0,19,0,2.833333333,3.5,9,36.66666667,0.333333333,0,0,11.2
00-0026373,J.Forsett,2014092102,9/21/2014 0:00,2,0,4,5,11,63,0,0,0,16.5,0,3.166666667,3.833333333,8.833333333,39.16666667,0.333333333,0,0,10.5
00-0026373,J.Forsett,2014092800,9/28/2014 0:00,31,0,3,4,14,66,1,0,0,11.66666667,0,3.333333333,4,9.166666667,39,0.166666667,0,0,18.7
00-0026373,J.Forsett,2014101900,10/19/2014 0:00,0,0,0,1,23,95,0,0,0,11.33333333,0,3,3.666666667,10.16666667,48.33333333,0.333333333,0,0,9.5
00-0026373,J.Forsett,2014102602,10/26/2014 0:00,17,0,3,5,18,70,0,0,0,10.5,0,2.666666667,3.5,12.66666667,62.16666667,0.333333333,0,0,11.7
00-0026373,J.Forsett,2014110210,11/2/2014 0:00,67,0,5,8,9,38,0,0,0,13.33333333,0,3.166666667,4.166666667,14.33333333,70,0.333333333,0,0,15.5
00-0026373,J.Forsett,2014110900,11/9/2014 0:00,0,0,0,1,20,112,2,0,0,22.16666667,0,3.166666667,4.5,13.83333333,64.66666667,0.166666667,0,0,26.2
00-0026373,J.Forsett,2014112400,11/24/2014 0:00,8,0,2,2,22,182,2,0,0,19.5,0,2.5,4,15.83333333,74,0.5,0,0,36
00-0026373,J.Forsett,2014113000,11/30/2014 0:00,17,0,2,3,24,106,0,0,0,20.5,0,2.166666667,3.5,17.66666667,93.83333333,0.833333333,0,0,17.3
00-0026373,J.Forsett,2014120704,12/7/2014 0:00,7,0,2,2,13,71,1,0,0,18.16666667,0,2,3.333333333,19.33333333,100.5,0.666666667,0,0,15.8
00-0026373,J.Forsett,2014121401,12/14/2014 0:00,-1,0,1,2,16,48,0,0,0,19.33333333,0,2.333333333,3.5,17.66666667,96.5,0.833333333,0,0,5.7
00-0026373,J.Forsett,2014122102,12/21/2014 0:00,13,0,4,4,10,19,0,0,0,16.33333333,0,2,3,17.33333333,92.83333333,0.833333333,0,0,7.2
00-0026373,J.Forsett,2014122801,12/28/2014 0:00,17,0,2,4,17,119,0,0,0,7.333333333,0,1.833333333,2.333333333,17.5,89.66666667,0.833333333,0,0,18.6
00-0026373,J.Forsett,2015091309,9/13/2015 0:00,13,0,4,7,14,43,0,0,0,10.16666667,0,2.166666667,2.833333333,17,90.83333333,0.5,0,0,9.6
00-0026373,J.Forsett,2015092010,9/20/2015 0:00,12,0,4,4,15,68,0,0,0,11,0,2.5,3.666666667,15.66666667,67.66666667,0.166666667,0,0,12
00-0026373,J.Forsett,2015092707,9/27/2015 0:00,16,0,4,7,10,13,0,0,0,10.16666667,0,2.833333333,3.833333333,14.16666667,61.33333333,0.166666667,0,0,6.9
00-0026373,J.Forsett,2015100100,10/1/2015 0:00,0,0,0,1,27,150,0,0,0,11.66666667,0,3.166666667,4.666666667,13.66666667,51.66666667,0,0,0,18
00-0026373,J.Forsett,2015101105,10/11/2015 0:00,49,0,4,5,21,121,1,0,0,11.83333333,0,3,4.5,15.5,68.66666667,0,0,0,30
00-0026373,J.Forsett,2015101810,10/18/2015 0:00,39,0,7,8,17,62,0,0,0,17.83333333,0,3,4.666666667,17.33333333,85.66666667,0.166666667,0,0,17.1
00-0026373,J.Forsett,2015102600,10/26/2015 0:00,8,0,3,4,12,36,1,0,0,21.5,0,3.833333333,5.333333333,17.33333333,76.16666667,0.166666667,0,0,13.4
00-0026373,J.Forsett,2015110101,11/1/2015 0:00,5,0,1,1,17,69,0,0,0,20.66666667,0,3.666666667,4.833333333,17,75,0.333333333,0,0,8.4
00-0026373,J.Forsett,2015111506,11/15/2015 0:00,11,0,4,4,14,53,0,0,0,19.5,0,3.166666667,4.333333333,17.33333333,75.16666667,0.333333333,0,0,10.4
00-0026373,J.Forsett,2016091101,9/11/2016 0:00,15,0,3,3,10,41,0,0,0,18.66666667,0,3.166666667,3.833333333,18,81.83333333,0.333333333,0,0,8.6
00-0026373,J.Forsett,2016091801,9/18/2016 0:00,9,0,3,5,14,37,0,0,0,21.16666667,0,3.666666667,4.166666667,15.16666667,63.66666667,0.333333333,0,0,7.6
00-0026373,J.Forsett,2016102302,10/23/2016 0:00,15,0,2,2,8,33,0,0,0,14.5,0,3.5,4.166666667,14,49.66666667,0.166666667,0,0,6.8
00-0026373,J.Forsett,2016121810,12/18/2016 0:00,16,0,4,5,10,37,0,0,0,10.5,0,2.666666667,3.166666667,12.5,44.83333333,0.166666667,0,0,9.3
00-0026373,J.Forsett,2017010112,1/1/2017 0:00,0,0,0,1,22,90,0,0,0,11.83333333,0,2.833333333,3.333333333,12.16666667,45,0,0,0,9
,,,,,,,,,,,,,11,0,2.666666667,3.333333333,13,48.5,0,0,0,0
00-0026393,M.Reece,2012111809,11/18/2012 0:00,90,0,4,5,19,103,0,0,0,56,0,7,9,13,48,0,0,0,26.3
00-0026393,M.Reece,2012112500,11/25/2012 0:00,29,0,4,8,15,74,0,0,0,73,0,5.5,7,16,75.5,0,0,0,14.3
00-0026393,M.Reece,2013120803,12/8/2013 0:00,38,0,2,5,19,123,1,0,0,58.33333333,0,5,7.333333333,15.66666667,75,0,0,0,27.1
00-0026393,M.Reece,2014112000,11/20/2014 0:00,8,0,1,5,8,37,0,0,0,53.25,0,4.25,6.75,16.5,87,0.25,0,0,5.5
,,,,,,,,,,,,,44.2,0,3.6,6.4,14.8,77,0.2,0,0,0
00-0026432,L.Ball,2010121912,12/19/2010 0:00,0,0,0,1,15,20,0,0,0,-3,0,1,3,8,38,0,0,0,2
00-0026432,L.Ball,2011111305,11/13/2011 0:00,0,0,0,1,30,96,0,0,0,-1.5,0,0.5,2,11.5,29,0,0,0,9.6
00-0026432,L.Ball,2011121811,12/18/2011 0:00,41,0,2,4,11,64,1,0,0,-1,0,0.333333333,1.666666667,17.66666667,51.33333333,0,0,0,18.5
00-0026432,L.Ball,2012010113,1/1/2012 0:00,0,0,0,1,9,24,0,0,0,9.5,0,0.75,2.25,16,54.5,0.25,0,0,2.4
,,,,,,,,,,,,,7.6,0,0.6,2,14.6,48.4,0.2,0,0,0
00-0026566,I.Redman,2011100900,10/9/2011 0:00,12,0,3,3,15,49,0,0,0,6,0,1,1,10,49,1,0,0,9.1
00-0026566,I.Redman,2011122409,12/24/2011 0:00,5,0,1,1,8,35,1,0,0,9,0,2,2,12.5,49,0.5,0,0,11
00-0026566,I.Redman,2012010103,1/1/2012 0:00,18,0,3,5,19,92,1,0,0,7.666666667,0,1.666666667,1.666666667,11,44.33333333,0.666666667,0,0,20
00-0026566,I.Redman,2012090912,9/9/2012 0:00,7,0,2,2,11,20,0,0,0,10.25,0,2,2.5,13,56.25,0.75,0,0,4.7
00-0026566,I.Redman,2012091610,9/16/2012 0:00,14,0,1,1,12,25,1,0,0,9.6,0,2,2.4,12.6,49,0.6,0,0,10.9
00-0026566,I.Redman,2012092312,9/23/2012 0:00,24,0,3,3,9,27,0,0,0,10.33333333,0,1.833333333,2.166666667,12.5,45,0.666666667,0,0,8.1
00-0026566,I.Redman,2012110410,11/4/2012 0:00,4,0,2,2,26,147,1,0,0,13.33333333,0,2.166666667,2.5,12.33333333,41.33333333,0.5,0,0,26.1
00-0026566,I.Redman,2012111200,11/12/2012 0:00,18,0,2,3,8,21,0,0,0,12,0,2,2.333333333,14.16666667,57.66666667,0.666666667,0,0,5.9
00-0026566,I.Redman,2012120210,12/2/2012 0:00,0,0,0,1,9,43,0,0,0,14.16666667,0,2.166666667,2.666666667,14.16666667,55.33333333,0.5,0,0,4.3
00-0026566,I.Redman,2013090809,9/8/2013 0:00,7,0,2,3,8,9,0,0,0,11.16666667,0,1.666666667,2,12.5,47.16666667,0.333333333,0,0,3.6
,,,,,,,,,,,,,11.16666667,0,1.666666667,2.166666667,12,45.33333333,0.333333333,0,0,0
00-0026579,K.Bell,2011121111,12/11/2011 0:00,24,0,5,5,9,40,0,0,0,0,0,0,1,10,24,0,0,0,11.4
00-0026579,K.Bell,2011121804,12/18/2011 0:00,43,1,5,6,15,65,0,0,0,12,0,2.5,3,9.5,32,0,0,0,21.8
00-0026579,K.Bell,2011122500,12/25/2011 0:00,38,0,4,4,23,121,0,0,1,22.33333333,0.333333333,3.333333333,4,11.33333333,43,0,0,0,21.9
00-0026579,K.Bell,2012010109,1/1/2012 0:00,28,0,5,5,17,54,0,0,0,26.25,0.25,3.5,4,14.25,62.5,0,0,0.25,13.2
00-0026579,K.Bell,2012092301,9/23/2012 0:00,11,0,1,1,10,20,0,0,0,26.6,0.2,3.8,4.2,14.8,60.8,0,0,0.2,4.1
,,,,,,,,,,,,,24,0.166666667,3.333333333,3.666666667,14,54,0,0,0.166666667,0
00-0026745,C.Brinkley,2012010114,1/1/2012 0:00,12,0,3,5,16,52,0,0,0,24,0,3,3,10,43,1,0,0,9.4
00-0026745,C.Brinkley,2012091001,9/10/2012 0:00,28,0,3,5,10,12,0,0,0,18,0,3,4,13,47.5,0.5,0,0,7
00-0026745,C.Brinkley,2012091611,9/16/2012 0:00,23,0,4,4,18,43,0,0,0,21.33333333,0,3,4.333333333,12,35.66666667,0.333333333,0,0,10.6
,,,,,,,,,,,,,21.75,0,3.25,4.25,13.5,37.5,0.25,0,0,0
00-0026796,A.Foster,2010010305,1/3/2010 0:00,26,0,3,4,20,119,2,0,0,54,0,4,4,13,34,0,0,0,32.5
00-0026796,A.Foster,2010091203,9/12/2010 0:00,7,0,1,1,33,231,3,0,0,40,0,3.5,4,16.5,76.5,1,0,0,45.8
00-0026796,A.Foster,2010091900,9/19/2010 0:00,69,0,3,4,19,69,0,0,0,29,0,2.666666667,3,22,128,1.666666667,0,0,16.8
00-0026796,A.Foster,2010092608,9/26/2010 0:00,20,0,4,5,17,106,0,0,0,39,0,2.75,3.25,21.25,113.25,1.25,0,0,19.6
00-0026796,A.Foster,2010100309,10/3/2010 0:00,56,1,3,4,16,131,1,0,0,35.2,0,3,3.6,20.4,111.8,1,0,0,36.7
00-0026796,A.Foster,2010101008,10/10/2010 0:00,2,0,2,4,11,25,0,0,0,38.66666667,0.166666667,3,3.666666667,19.66666667,115,1,0,0,4.7
00-0026796,A.Foster,2010101704,10/17/2010 0:00,26,0,6,6,18,71,2,0,0,30,0.166666667,2.666666667,3.666666667,19.33333333,113.5,1,0,0,27.7
00-0026796,A.Foster,2010110100,11/1/2010 0:00,65,0,9,9,15,102,1,0,0,30,0.166666667,3.166666667,4,19,105.5,1,0,0,34.7
00-0026796,A.Foster,2010110703,11/7/2010 0:00,70,0,4,6,27,127,2,0,0,39.66666667,0.166666667,4.5,5.333333333,16,84,0.666666667,0,0,38.7
00-0026796,A.Foster,2010111403,11/14/2010 0:00,4,0,1,2,15,56,1,0,0,39.83333333,0.166666667,4.666666667,5.666666667,17.33333333,93.66666667,1,0,0,13
00-0026796,A.Foster,2010112101,11/21/2010 0:00,59,0,6,7,22,84,2,0,0,37.16666667,0.166666667,4.166666667,5.166666667,17,85.33333333,1.166666667,0,0,32.3
00-0026796,A.Foster,2010112802,11/28/2010 0:00,75,0,9,11,30,143,0,0,0,37.66666667,0,4.666666667,5.666666667,18,77.5,1.333333333,0,0,33.8
00-0026796,A.Foster,2010120200,12/2/2010 0:00,26,1,2,4,22,83,1,0,1,49.83333333,0,5.833333333,6.833333333,21.16666667,97.16666667,1.333333333,0,0,23.9
00-0026796,A.Foster,2010121300,12/13/2010 0:00,25,0,4,7,20,100,0,0,0,49.83333333,0.166666667,5.166666667,6.5,21.83333333,99.16666667,1.166666667,0,0.166666667,16.5
00-0026796,A.Foster,2010121904,12/19/2010 0:00,46,0,6,7,11,15,0,0,0,43.16666667,0.166666667,4.333333333,6.166666667,22.66666667,98.83333333,1,0,0.166666667,12.1
00-0026796,A.Foster,2010122609,12/26/2010 0:00,44,0,4,5,19,91,1,0,0,39.16666667,0.166666667,4.666666667,6.333333333,20,80.16666667,0.666666667,0,0.166666667,23.5
00-0026796,A.Foster,2011010204,1/2/2011 0:00,10,0,2,2,31,180,2,0,0,45.83333333,0.166666667,5.166666667,6.833333333,20.66666667,86,0.666666667,0,0.166666667,36
00-0026796,A.Foster,2011091813,9/18/2011 0:00,7,0,2,2,10,33,0,0,0,37.66666667,0.166666667,4.5,6,22.16666667,102,0.666666667,0,0.166666667,6
00-0026796,A.Foster,2011100202,10/2/2011 0:00,11,0,3,5,30,155,1,0,0,26.33333333,0.166666667,3.333333333,4.5,18.83333333,83.66666667,0.666666667,0,0.166666667,28.6
00-0026796,A.Foster,2011100901,10/9/2011 0:00,116,0,5,7,22,68,0,0,0,23.83333333,0,3.5,4.666666667,20.16666667,95.66666667,0.666666667,0,0,26.4
00-0026796,A.Foster,2011101608,10/16/2011 0:00,52,0,6,11,15,49,0,0,0,39,0,3.666666667,4.666666667,20.5,90.33333333,0.666666667,0,0,16.1
00-0026796,A.Foster,2011102302,10/23/2011 0:00,119,1,5,5,25,115,2,0,0,40,0,3.666666667,5.333333333,21.16666667,96,0.666666667,0,0,52.4
00-0026796,A.Foster,2011103001,10/30/2011 0:00,12,0,1,4,33,112,1,0,0,52.5,0.166666667,3.833333333,5.333333333,22.16666667,100,0.833333333,0,0,22.4
00-0026796,A.Foster,2011110601,11/6/2011 0:00,26,0,5,7,19,124,1,0,0,52.83333333,0.166666667,3.666666667,5.666666667,22.5,88.66666667,0.666666667,0,0,29
00-0026796,A.Foster,2011111302,11/13/2011 0:00,102,1,4,4,17,84,1,0,0,56,0.166666667,4.166666667,6.5,24,103.8333333,0.833333333,0,0,37.6
00-0026796,A.Foster,2011112702,11/27/2011 0:00,24,0,7,9,22,65,1,0,0,71.16666667,0.333333333,4.333333333,6.333333333,21.83333333,92,0.833333333,0,0,21.9
00-0026796,A.Foster,2011120408,12/4/2011 0:00,41,0,3,4,31,111,1,0,0,55.83333333,0.333333333,4.666666667,6.666666667,21.83333333,91.5,1,0,0,27.2
00-0026796,A.Foster,2011121103,12/11/2011 0:00,44,0,3,4,15,41,0,0,0,54,0.333333333,4.166666667,5.5,24.5,101.8333333,1.166666667,0,0,11.5
00-0026796,A.Foster,2011121806,12/18/2011 0:00,58,0,5,6,16,109,1,0,0,41.5,0.166666667,3.833333333,5.333333333,22.83333333,89.5,0.833333333,0,0,30.7
00-0026796,A.Foster,2011122200,12/22/2011 0:00,16,0,3,3,23,158,1,0,0,49.16666667,0.166666667,4.5,5.666666667,20,89,0.833333333,0,0,29.4
00-0026796,A.Foster,2012090903,9/9/2012 0:00,-4,0,1,3,26,79,2,0,0,47.5,0.166666667,4.166666667,5,20.66666667,94.66666667,0.833333333,0,0,20.5
00-0026796,A.Foster,2012091607,9/16/2012 0:00,37,0,6,7,28,110,1,0,0,29.83333333,0,3.666666667,4.833333333,22.16666667,93.83333333,1,0,0,29.7
00-0026796,A.Foster,2012092311,9/23/2012 0:00,3,1,1,1,25,105,0,0,0,32,0,3.5,4.5,23.16666667,101.3333333,1,0,0,20.8
00-0026796,A.Foster,2012093001,9/30/2012 0:00,8,0,1,2,24,86,1,0,0,25.66666667,0.166666667,3.166666667,4,22.16666667,100.3333333,0.833333333,0,0,16.4
00-0026796,A.Foster,2012100800,10/8/2012 0:00,16,0,1,4,29,152,1,0,0,19.66666667,0.166666667,2.833333333,3.666666667,23.66666667,107.8333333,1,0,0,26.8
00-0026796,A.Foster,2012101411,10/14/2012 0:00,12,0,1,3,17,29,2,0,0,12.66666667,0.166666667,2.166666667,3.333333333,25.83333333,115,1,0,0,17.1
00-0026796,A.Foster,2012102105,10/21/2012 0:00,5,0,1,5,19,98,2,0,0,12,0.166666667,1.833333333,3.333333333,24.83333333,93.5,1.166666667,0,0,23.3
00-0026796,A.Foster,2012110406,11/4/2012 0:00,0,0,0,1,24,111,1,0,0,13.5,0.166666667,1.833333333,3.666666667,23.66666667,96.66666667,1.166666667,0,0,20.1
00-0026796,A.Foster,2012111111,11/11/2012 0:00,15,1,5,5,29,102,0,0,0,7.333333333,0.166666667,0.833333333,2.666666667,23,96.83333333,1.166666667,0,0,25.7
00-0026796,A.Foster,2012111807,11/18/2012 0:00,15,0,3,3,28,77,0,0,0,9.333333333,0.166666667,1.5,3.333333333,23.66666667,96.33333333,1.166666667,0,0,12.2
00-0026796,A.Foster,2012112200,11/22/2012 0:00,15,0,5,5,20,102,2,0,0,10.5,0.166666667,1.833333333,3.5,24.33333333,94.83333333,1,0,0,31.7
00-0026796,A.Foster,2012120208,12/2/2012 0:00,15,0,5,5,14,38,1,0,0,10.33333333,0.166666667,2.5,3.666666667,22.83333333,86.5,1.166666667,0,0,16.3
00-0026796,A.Foster,2012121000,12/10/2012 0:00,39,0,4,6,15,46,1,0,0,10.83333333,0.166666667,3.166666667,4,22.33333333,88,1,0,0,18.5
00-0026796,A.Foster,2012121607,12/16/2012 0:00,4,0,2,2,27,165,0,0,0,16.5,0.166666667,3.666666667,4.166666667,21.66666667,79.33333333,0.833333333,0,0,21.9
00-0026796,A.Foster,2012122310,12/23/2012 0:00,14,0,2,3,10,15,0,0,0,17.16666667,0.166666667,4,4.333333333,22.16666667,88.33333333,0.666666667,0,0,4.9
00-0026796,A.Foster,2012123004,12/30/2012 0:00,23,0,2,3,16,96,1,0,0,17,0,3.5,4,19,73.83333333,0.666666667,0,0,19.9
00-0026796,A.Foster,2013090901,9/9/2013 0:00,33,0,6,8,18,57,0,0,0,18.33333333,0,3.333333333,4,17,77,0.833333333,0,0,15
00-0026796,A.Foster,2013091505,9/15/2013 0:00,6,0,1,4,20,81,1,0,0,21.33333333,0,3.5,4.5,16.66666667,69.5,0.5,0,0,15.7
00-0026796,A.Foster,2013092200,9/22/2013 0:00,-2,0,1,2,12,54,0,0,0,19.83333333,0,2.833333333,4.333333333,17.66666667,76.66666667,0.5,0,0,6.2
00-0026796,A.Foster,2013092903,9/29/2013 0:00,69,1,6,8,27,102,0,0,0,13,0,2.333333333,3.666666667,17.16666667,78,0.333333333,0,0,32.1
00-0026796,A.Foster,2013100611,10/6/2013 0:00,20,0,4,5,21,98,0,0,0,23.83333333,0.166666667,3,4.666666667,17.16666667,67.5,0.333333333,0,0,15.8
00-0026796,A.Foster,2013101303,10/13/2013 0:00,57,0,4,7,20,141,0,0,0,24.83333333,0.166666667,3.333333333,5,19,81.33333333,0.333333333,0,0,26.8
00-0026796,A.Foster,2014090703,9/7/2014 0:00,17,0,2,2,27,103,0,0,0,30.5,0.166666667,3.666666667,5.666666667,19.66666667,88.83333333,0.166666667,0,0,17
00-0026796,A.Foster,2014091412,9/14/2014 0:00,12,0,2,3,28,138,1,0,0,27.83333333,0.166666667,3,4.666666667,21.16666667,96.5,0.166666667,0,0,26
00-0026796,A.Foster,2014092802,9/28/2014 0:00,55,0,7,10,8,6,0,0,0,28.83333333,0.166666667,3.166666667,4.5,22.5,106,0.166666667,0,0,13.1
00-0026796,A.Foster,2014100501,10/5/2014 0:00,15,0,2,5,23,157,2,0,0,38.33333333,0.166666667,4.166666667,5.833333333,21.83333333,98,0.166666667,0,0,34.2
00-0026796,A.Foster,2014100900,10/9/2014 0:00,32,0,3,4,20,109,2,0,0,29.33333333,0,3.5,5.333333333,21.16666667,107.1666667,0.5,0,0,32.1
00-0026796,A.Foster,2014102000,10/20/2014 0:00,13,1,4,6,20,102,0,0,0,31.33333333,0,3.333333333,5.166666667,21,109,0.833333333,0,0,24.5
00-0026796,A.Foster,2014102608,10/26/2014 0:00,22,1,4,6,20,151,2,0,0,24,0.166666667,3.333333333,5,21,102.5,0.833333333,0,0,42.3
00-0026796,A.Foster,2014110203,11/2/2014 0:00,63,1,2,3,15,56,0,0,0,24.83333333,0.333333333,3.666666667,5.666666667,19.83333333,110.5,1.166666667,0,0,19.9
00-0026796,A.Foster,2014113002,11/30/2014 0:00,26,1,5,7,19,79,0,0,0,33.33333333,0.5,3.666666667,5.666666667,17.66666667,96.83333333,1,0,0,21.5
00-0026796,A.Foster,2014120703,12/7/2014 0:00,21,0,2,4,24,127,1,0,0,28.5,0.666666667,3.333333333,5.166666667,19.5,109,1,0,0,25.8
00-0026796,A.Foster,2014121406,12/14/2014 0:00,18,0,3,4,26,99,0,0,0,29.5,0.666666667,3.333333333,5,19.66666667,104,0.833333333,0,0,14.7
00-0026796,A.Foster,2014122102,12/21/2014 0:00,23,0,1,4,25,96,0,0,0,27.16666667,0.666666667,3.333333333,5,20.66666667,102.3333333,0.5,0,0,12.9
00-0026796,A.Foster,2015100402,10/4/2015 0:00,25,0,3,5,8,10,0,0,0,28.83333333,0.5,2.833333333,4.666666667,21.5,101.3333333,0.5,0,0,6.5
00-0026796,A.Foster,2015100800,10/8/2015 0:00,77,0,9,10,19,41,0,0,0,29.33333333,0.333333333,2.666666667,4.5,19.5,77.83333333,0.166666667,0,0,20.8
00-0026796,A.Foster,2015101807,10/18/2015 0:00,59,1,5,6,18,53,0,0,0,31.66666667,0.166666667,3.833333333,5.666666667,20.16666667,75.33333333,0.166666667,0,0,22.2
00-0026796,A.Foster,2015102502,10/25/2015 0:00,66,1,5,7,18,59,1,0,0,37.16666667,0.166666667,3.833333333,5.5,20,71,0.166666667,0,0,29.5
00-0026796,A.Foster,2016091109,9/11/2016 0:00,62,0,3,5,13,38,0,0,0,44.66666667,0.333333333,4.333333333,6,19,59.66666667,0.166666667,0,0,13
,,,,,,,,,,,,,52,0.333333333,4.333333333,6.166666667,16.83333333,49.5,0.166666667,0,0,0
00-0026899,S.Greene,2009112905,11/29/2009 0:00,0,0,0,1,10,36,0,0,0,0,0,0,1,8,18,0,0,0,3.6
00-0026899,S.Greene,2009122004,12/20/2009 0:00,0,0,0,1,8,30,0,0,0,0,0,0,1,9,27,0,0,0,3
00-0026899,S.Greene,2010091911,9/19/2010 0:00,8,0,1,1,15,52,0,0,0,0,0,0,1,8.666666667,28,0,0,0,7
00-0026899,S.Greene,2010101709,10/17/2010 0:00,0,0,0,1,9,43,0,0,0,2,0,0.25,1,10.25,34,0,0,0,4.3
00-0026899,S.Greene,2010110700,11/7/2010 0:00,9,0,2,2,10,46,0,0,0,1.6,0,0.2,1,10,35.8,0,0,0,7.5
00-0026899,S.Greene,2010111401,11/14/2010 0:00,22,0,3,3,20,72,0,0,0,2.833333333,0,0.5,1.166666667,10,37.5,0,0,0,12.4
00-0026899,S.Greene,2010112101,11/21/2010 0:00,0,0,0,1,15,42,0,0,0,6.5,0,1,1.5,12,46.5,0,0,0,4.2
00-0026899,S.Greene,2010112502,11/25/2010 0:00,11,0,1,2,18,70,0,0,0,6.5,0,1,1.5,12.83333333,47.5,0,0,0,9.1
00-0026899,S.Greene,2010120600,12/6/2010 0:00,3,0,1,1,13,64,0,0,0,8.333333333,0,1.166666667,1.666666667,14.5,54.16666667,0,0,0,7.7
00-0026899,S.Greene,2010121210,12/12/2010 0:00,29,0,3,4,8,17,0,0,0,7.5,0,1.166666667,1.666666667,14.16666667,56.16666667,0,0,0,7.6
00-0026899,S.Greene,2010121911,12/19/2010 0:00,5,0,1,2,12,40,0,0,0,12.33333333,0,1.666666667,2.166666667,14,51.83333333,0,0,0,5.5
00-0026899,S.Greene,2010122600,12/26/2010 0:00,14,0,2,3,12,70,1,0,0,11.66666667,0,1.5,2.166666667,14.33333333,50.83333333,0,0,0,16.4
00-0026899,S.Greene,2011091112,9/11/2011 0:00,7,0,1,1,10,26,0,0,0,10.33333333,0,1.333333333,2.166666667,13,50.5,0.166666667,0,0,4.3
00-0026899,S.Greene,2011091803,9/18/2011 0:00,6,0,2,2,16,49,1,0,0,11.5,0,1.5,2.166666667,12.16666667,47.83333333,0.166666667,0,0,13.5
00-0026899,S.Greene,2011092508,9/25/2011 0:00,47,0,7,7,15,59,0,0,0,10.66666667,0,1.666666667,2.166666667,11.83333333,44.33333333,0.333333333,0,0,17.6
00-0026899,S.Greene,2011100909,10/9/2011 0:00,9,0,2,2,21,83,1,0,0,18,0,2.666666667,3.166666667,12.16666667,43.5,0.333333333,0,0,17.2
00-0026899,S.Greene,2011101700,10/17/2011 0:00,3,0,1,2,21,74,0,0,0,14.66666667,0,2.5,2.833333333,14.33333333,54.5,0.5,0,0,8.7
00-0026899,S.Greene,2011102301,10/23/2011 0:00,5,0,1,1,20,112,0,0,0,14.33333333,0,2.5,2.833333333,15.83333333,60.16666667,0.5,0,0,15.7
00-0026899,S.Greene,2011111313,11/13/2011 0:00,14,0,2,4,13,61,0,0,0,12.83333333,0,2.333333333,2.5,17.16666667,67.16666667,0.333333333,0,0,9.5
00-0026899,S.Greene,2011112700,11/27/2011 0:00,12,0,3,4,13,78,0,0,0,14,0,2.5,3,17.66666667,73,0.333333333,0,0,12
00-0026899,S.Greene,2011120400,12/4/2011 0:00,26,0,3,4,22,88,3,0,0,15,0,2.666666667,3.333333333,17.16666667,77.83333333,0.166666667,0,0,32.4
00-0026899,S.Greene,2011121102,12/11/2011 0:00,58,0,3,3,24,129,1,0,0,11.5,0,2,2.833333333,18.33333333,82.66666667,0.666666667,0,0,30.7
00-0026899,S.Greene,2011121809,12/18/2011 0:00,0,0,1,4,18,73,0,0,0,19.66666667,0,2.166666667,3,18.83333333,90.33333333,0.666666667,0,0,8.3
00-0026899,S.Greene,2011122405,12/24/2011 0:00,20,0,3,4,14,58,0,0,0,19.16666667,0,2.166666667,3.333333333,18.33333333,90.16666667,0.666666667,0,0,10.8
00-0026899,S.Greene,2012010100,1/1/2012 0:00,0,0,0,2,14,55,0,0,0,21.66666667,0,2.5,3.833333333,17.33333333,81.16666667,0.666666667,0,0,5.5
00-0026899,S.Greene,2012090902,9/9/2012 0:00,0,0,0,1,27,94,1,0,0,19.33333333,0,2.166666667,3.5,17.5,80.16666667,0.666666667,0,0,15.4
00-0026899,S.Greene,2012092306,9/23/2012 0:00,9,0,2,2,19,40,0,0,0,17.33333333,0,1.666666667,3,19.83333333,82.83333333,0.833333333,0,0,6.9
00-0026899,S.Greene,2012100800,10/8/2012 0:00,19,0,1,2,8,26,0,0,0,14.5,0,1.5,2.666666667,19.33333333,74.83333333,0.333333333,0,0,5.5
00-0026899,S.Greene,2012102108,10/21/2012 0:00,34,0,6,9,16,54,1,0,1,8,0,1.166666667,2.5,16.66666667,57.66666667,0.166666667,0,0,19.8
00-0026899,S.Greene,2012102801,10/28/2012 0:00,29,0,2,4,15,77,0,0,0,13.66666667,0,2,3.333333333,16.33333333,54.5,0.333333333,0,0.166666667,12.6
00-0026899,S.Greene,2012111108,11/11/2012 0:00,5,0,1,2,15,58,0,0,0,15.16666667,0,1.833333333,3.333333333,16.5,57.66666667,0.333333333,0,0.166666667,7.3
00-0026899,S.Greene,2012112202,11/22/2012 0:00,9,0,1,1,13,71,0,0,0,16,0,2,3.333333333,16.66666667,58.16666667,0.333333333,0,0.166666667,9
00-0026899,S.Greene,2012121700,12/17/2012 0:00,1,0,2,3,13,68,0,0,0,17.5,0,2.166666667,3.333333333,14.33333333,54.33333333,0.166666667,0,0.166666667,8.9
00-0026899,S.Greene,2012122314,12/23/2012 0:00,42,0,2,3,14,38,2,0,0,16.16666667,0,2.166666667,3.5,13.33333333,59,0.166666667,0,0.166666667,22
00-0026899,S.Greene,2012123000,12/30/2012 0:00,3,0,2,2,19,74,0,0,0,20,0,2.333333333,3.666666667,14.33333333,61,0.5,0,0.166666667,9.7
00-0026899,S.Greene,2013110304,11/3/2013 0:00,28,0,1,1,9,38,1,0,0,14.83333333,0,1.666666667,2.5,14.83333333,64.33333333,0.333333333,0,0,13.6
00-0026899,S.Greene,2013111007,11/10/2013 0:00,10,0,3,3,9,22,0,0,0,14.66666667,0,1.5,2,13.83333333,57.83333333,0.5,0,0,6.2
00-0026899,S.Greene,2013120102,12/1/2013 0:00,1,0,1,1,10,39,0,0,0,15.5,0,1.833333333,2.166666667,12.83333333,51.83333333,0.5,0,0,5
00-0026899,S.Greene,2013122204,12/22/2013 0:00,0,0,1,1,19,91,1,0,0,14.16666667,0,1.833333333,2.166666667,12.33333333,46.5,0.5,0,0,16.1
00-0026899,S.Greene,2014100508,10/5/2014 0:00,0,0,0,2,11,36,0,0,0,14,0,1.666666667,1.833333333,13.33333333,50.33333333,0.666666667,0,0,3.6
00-0026899,S.Greene,2014121411,12/14/2014 0:00,13,0,1,1,16,50,0,0,0,7,0,1.333333333,1.666666667,12.83333333,50,0.333333333,0,0,7.3
,,,,,,,,,,,,,8.666666667,0,1.166666667,1.5,12.33333333,46,0.333333333,0,0,0
00-0026941,B.Scott,2009112212,11/22/2009 0:00,32,0,3,3,21,119,0,0,0,21,0,1,2,13,33,0,0,0,21.1
00-0026941,B.Scott,2010122612,12/26/2010 0:00,-1,0,1,1,11,50,1,0,0,26.5,0,2,2.5,17,76,0,0,0,11.9
00-0026941,B.Scott,2011101601,10/16/2011 0:00,5,0,1,1,11,29,0,0,0,17.33333333,0,1.666666667,2,15,67.33333333,0.333333333,0,0,4.4
00-0026941,B.Scott,2011103010,10/30/2011 0:00,0,0,3,3,22,76,0,0,0,14.25,0,1.5,1.75,14,57.75,0.25,0,0,10.6
00-0026941,B.Scott,2011112004,11/20/2011 0:00,0,0,0,1,9,40,0,0,0,11.4,0,1.8,2,15.6,61.4,0.2,0,0,4
,,,,,,,,,,,,,9.5,0,1.5,1.833333333,14.5,57.83333333,0.166666667,0,0,0
00-0026956,L.Stephens-Howling,2012102101,10/21/2012 0:00,45,0,4,5,20,104,1,0,0,0,0,0,2,11,22,0,0,0,27.9
00-0026956,L.Stephens-Howling,2012102900,10/29/2012 0:00,32,0,3,4,8,6,0,0,0,22.5,0,2,3.5,15.5,63,0.5,0,0,6.8
00-0026956,L.Stephens-Howling,2012110401,11/4/2012 0:00,8,0,2,4,17,51,1,0,0,25.66666667,0,2.333333333,3.666666667,13,44,0.333333333,0,0,13.9
00-0026956,L.Stephens-Howling,2012111802,11/18/2012 0:00,6,0,2,4,22,127,1,0,0,21.25,0,2.25,3.75,14,45.75,0.5,0,0,24.3
00-0026956,L.Stephens-Howling,2012122312,12/23/2012 0:00,-3,0,1,2,11,20,0,0,0,18.2,0,2.2,3.8,15.6,62,0.6,0,0,2.7
,,,,,,,,,,,,,14.66666667,0,2,3.5,14.83333333,55,0.5,0,0,0
00-0026988,K.Moreno,2009100410,10/4/2009 0:00,11,1,2,2,14,65,0,0,0,22,0,2,2,17,75,0,0,0,15.6
00-0026988,K.Moreno,2009101110,10/11/2009 0:00,36,0,4,5,21,88,0,1,1,16.5,0.5,2,2,15.5,70,0,0,0,15.4
00-0026988,K.Moreno,2009101900,10/19/2009 0:00,-1,0,1,2,18,44,0,0,0,23,0.333333333,2.666666667,3,17.33333333,76,0,0.333333333,0.333333333,5.3
00-0026988,K.Moreno,2009110100,11/1/2009 0:00,-4,0,2,2,10,39,1,1,1,17,0.25,2.25,2.75,17.5,68,0,0.25,0.25,10.5
00-0026988,K.Moreno,2009111507,11/15/2009 0:00,7,0,2,5,18,97,0,0,0,12.8,0.2,2.2,2.6,16,62.2,0.2,0.4,0.4,12.4
00-0026988,K.Moreno,2009112210,11/22/2009 0:00,6,0,1,1,10,80,0,0,0,11.83333333,0.166666667,2.166666667,3,16.33333333,68,0.166666667,0.333333333,0.333333333,9.6
00-0026988,K.Moreno,2009112602,11/26/2009 0:00,19,0,2,3,19,88,1,0,0,9.166666667,0.166666667,2,2.833333333,15.16666667,68.83333333,0.166666667,0.333333333,0.333333333,18.7
00-0026988,K.Moreno,2009121304,12/13/2009 0:00,13,0,3,4,24,63,0,0,0,10.5,0,2,3,16,72.66666667,0.333333333,0.333333333,0.333333333,10.6
00-0026988,K.Moreno,2009122009,12/20/2009 0:00,39,0,3,7,19,42,0,0,0,6.666666667,0,1.833333333,2.833333333,16.5,68.5,0.333333333,0.166666667,0.166666667,11.1
00-0026988,K.Moreno,2009122708,12/27/2009 0:00,17,1,3,3,9,18,0,0,0,13.33333333,0,2.166666667,3.666666667,16.66666667,68.16666667,0.333333333,0.166666667,0.166666667,12.5
00-0026988,K.Moreno,2010010312,1/3/2010 0:00,48,0,3,3,14,50,2,0,0,16.83333333,0.166666667,2.333333333,3.833333333,16.5,64.66666667,0.166666667,0,0,24.8
00-0026988,K.Moreno,2010091204,9/12/2010 0:00,4,0,1,2,15,60,1,0,0,23.66666667,0.166666667,2.5,3.5,15.83333333,56.83333333,0.5,0,0,13.4
00-0026988,K.Moreno,2010091909,9/19/2010 0:00,67,0,4,4,24,51,1,0,0,23.33333333,0.166666667,2.5,3.666666667,16.66666667,53.5,0.666666667,0,0,21.8
00-0026988,K.Moreno,2010102411,10/24/2010 0:00,37,2,3,6,14,53,0,0,0,31.33333333,0.166666667,2.833333333,3.833333333,17.5,47.33333333,0.666666667,0,0,24
00-0026988,K.Moreno,2010103100,10/31/2010 0:00,19,0,4,4,11,40,0,0,0,35.33333333,0.5,2.833333333,4.166666667,15.83333333,45.66666667,0.666666667,0,0,9.9
00-0026988,K.Moreno,2010111407,11/14/2010 0:00,50,1,3,3,22,106,0,0,0,32,0.5,3,3.666666667,14.5,45.33333333,0.666666667,0,0,27.6
00-0026988,K.Moreno,2010112200,11/22/2010 0:00,62,0,7,7,13,58,1,0,0,37.5,0.5,3,3.666666667,16.66666667,60,0.666666667,0,0,25
00-0026988,K.Moreno,2010112810,11/28/2010 0:00,62,0,6,9,12,56,1,0,0,39.83333333,0.5,3.666666667,4.333333333,16.5,61.33333333,0.5,0,0,23.8
00-0026988,K.Moreno,2010120503,12/5/2010 0:00,14,0,1,3,23,161,0,0,0,49.5,0.5,4.5,5.5,16,60.66666667,0.5,0,0,21.5
00-0026988,K.Moreno,2010121211,12/12/2010 0:00,32,0,5,7,19,81,1,0,0,40.66666667,0.5,4,5.333333333,15.83333333,79,0.333333333,0,0,22.3
00-0026988,K.Moreno,2011091201,9/12/2011 0:00,35,0,2,3,8,22,0,0,0,39.83333333,0.166666667,4.333333333,5.5,16.66666667,83.66666667,0.5,0,0,7.7
00-0026988,K.Moreno,2011103006,10/30/2011 0:00,5,0,1,2,14,69,0,0,0,42.5,0.166666667,4,5.333333333,16.16666667,80.66666667,0.5,0,0,8.4
00-0026988,K.Moreno,2012112504,11/25/2012 0:00,26,0,4,4,20,85,0,0,0,35,0,3.666666667,5.166666667,14.83333333,74.5,0.5,0,0,15.1
00-0026988,K.Moreno,2012120209,12/2/2012 0:00,14,0,4,5,20,69,0,0,0,29,0,3.166666667,4.666666667,16,79,0.333333333,0,0,12.3
00-0026988,K.Moreno,2012120600,12/6/2012 0:00,48,0,4,5,32,119,1,0,0,21,0,2.833333333,4,17.33333333,81.16666667,0.166666667,0,0,29.7
00-0026988,K.Moreno,2012121606,12/16/2012 0:00,8,0,2,3,22,118,1,0,0,26.66666667,0,3.333333333,4.333333333,18.83333333,74.16666667,0.333333333,0,0,23.6
00-0026988,K.Moreno,2012122311,12/23/2012 0:00,49,0,5,7,22,78,0,0,0,22.66666667,0,2.833333333,3.666666667,19.33333333,80.33333333,0.333333333,0,0,17.7
00-0026988,K.Moreno,2012123012,12/30/2012 0:00,10,0,1,1,15,44,1,0,0,25,0,3.333333333,4.333333333,21.66666667,89.66666667,0.333333333,0,0,12.4
00-0026988,K.Moreno,2013090500,9/5/2013 0:00,37,0,3,3,9,28,0,0,0,25.83333333,0,3.333333333,4.166666667,21.83333333,85.5,0.5,0,0,9.5
00-0026988,K.Moreno,2013091511,9/15/2013 0:00,14,0,3,3,13,93,2,0,0,27.66666667,0,3.166666667,4,20,76,0.5,0,0,25.7
00-0026988,K.Moreno,2013092300,9/23/2013 0:00,6,0,1,2,12,39,0,0,0,27.66666667,0,3,3.666666667,18.83333333,80,0.833333333,0,0,5.5
00-0026988,K.Moreno,2013092909,9/29/2013 0:00,13,0,1,1,12,78,1,0,0,20.66666667,0,2.5,3.166666667,15.5,66.66666667,0.666666667,0,0,16.1
00-0026988,K.Moreno,2013100609,10/6/2013 0:00,57,0,5,5,19,93,1,0,0,21.5,0,2.333333333,2.833333333,13.83333333,60,0.666666667,0,0,26
00-0026988,K.Moreno,2013101308,10/13/2013 0:00,62,0,7,10,15,42,3,0,0,22.83333333,0,2.333333333,2.5,13.33333333,62.5,0.833333333,0,0,35.4
00-0026988,K.Moreno,2013102012,10/20/2013 0:00,9,0,3,6,15,40,1,0,0,31.5,0,3.333333333,4,13.33333333,62.16666667,1.166666667,0,0,13.9
00-0026988,K.Moreno,2013102709,10/27/2013 0:00,89,1,6,6,14,44,0,0,0,26.83333333,0,3.333333333,4.5,14.33333333,64.16666667,1.333333333,0,0,25.3
00-0026988,K.Moreno,2013111010,11/10/2013 0:00,49,0,8,8,15,65,0,0,0,39.33333333,0.166666667,3.833333333,5,14.5,56,1,0,0,19.4
00-0026988,K.Moreno,2013111709,11/17/2013 0:00,0,0,0,1,27,79,0,0,0,46.5,0.166666667,5,6,15,60.33333333,1,0,0,7.9
00-0026988,K.Moreno,2013112411,11/24/2013 0:00,6,0,1,1,37,224,1,0,0,44.33333333,0.166666667,4.833333333,6,17.5,60.5,0.833333333,0,0,33
00-0026988,K.Moreno,2013120103,12/1/2013 0:00,72,1,4,5,15,18,0,0,0,35.83333333,0.166666667,4.166666667,5.333333333,20.5,82.33333333,0.833333333,0,0,19
00-0026988,K.Moreno,2013120809,12/8/2013 0:00,31,0,6,7,14,78,1,0,0,37.5,0.333333333,3.666666667,4.5,20.5,78.33333333,0.333333333,0,0,22.9
00-0026988,K.Moreno,2013121200,12/12/2013 0:00,36,0,5,6,8,19,0,0,0,41.16666667,0.333333333,4.166666667,4.666666667,20.33333333,84.66666667,0.333333333,0,0,10.5
00-0026988,K.Moreno,2013122203,12/22/2013 0:00,26,0,2,4,11,76,0,0,0,32.33333333,0.166666667,4,4.666666667,19.33333333,80.5,0.333333333,0,0,12.2
,,,,,,,,,,,,,28.5,0.166666667,3,4,18.66666667,82.33333333,0.333333333,0,0,0
00-0027003,D.Brown,2009092714,9/27/2009 0:00,72,0,1,2,14,40,0,0,0,16,0,2,2,11,33,0,0,0,12.2
00-0027003,D.Brown,2009100403,10/4/2009 0:00,13,0,1,1,9,33,1,0,0,44,0,1.5,2,12.5,36.5,0,0,0,11.6
00-0027003,D.Brown,2009122712,12/27/2009 0:00,12,0,1,1,16,22,1,0,0,33.66666667,0,1.333333333,1.666666667,11.33333333,35.33333333,0.333333333,0,0,10.4
00-0027003,D.Brown,2010091914,9/19/2010 0:00,19,0,1,1,16,69,1,0,0,28.25,0,1.25,1.5,12.5,32,0.5,0,0,15.8
00-0027003,D.Brown,2010110100,11/1/2010 0:00,13,0,2,2,9,16,0,0,0,26.4,0,1.2,1.4,13.2,39.4,0.6,0,0,4.9
00-0027003,D.Brown,2010110709,11/7/2010 0:00,47,0,3,3,15,50,0,0,0,24.16666667,0,1.333333333,1.5,12.5,35.5,0.5,0,0,12.7
00-0027003,D.Brown,2010111402,11/14/2010 0:00,0,0,0,1,12,50,0,0,0,29.33333333,0,1.5,1.666666667,13.16666667,38.33333333,0.5,0,0,5
00-0027003,D.Brown,2010112112,11/21/2010 0:00,40,0,3,3,17,68,0,0,0,17.33333333,0,1.333333333,1.5,12.83333333,40,0.5,0,0,13.8
00-0027003,D.Brown,2010112811,11/28/2010 0:00,47,0,5,6,11,24,0,0,0,21.83333333,0,1.666666667,1.833333333,14.16666667,45.83333333,0.333333333,0,0,12.1
00-0027003,D.Brown,2010120900,12/9/2010 0:00,24,0,3,5,15,38,0,0,0,27.66666667,0,2.333333333,2.666666667,13.33333333,46.16666667,0.166666667,0,0,9.2
00-0027003,D.Brown,2010121903,12/19/2010 0:00,4,0,1,1,14,129,1,0,0,28.5,0,2.666666667,3.333333333,13.16666667,41,0,0,0,23.3
00-0027003,D.Brown,2011103002,10/30/2011 0:00,1,0,1,1,10,33,1,0,0,27,0,2.5,3.166666667,14,59.83333333,0.166666667,0,0,10.4
00-0027003,D.Brown,2011110606,11/6/2011 0:00,1,0,1,3,16,70,0,0,0,19.33333333,0,2.166666667,2.833333333,13.16666667,57,0.333333333,0,0,8.1
00-0027003,D.Brown,2011111304,11/13/2011 0:00,12,0,4,4,14,53,0,0,0,19.5,0,2.333333333,3.166666667,13.83333333,60.33333333,0.333333333,0,0,10.5
00-0027003,D.Brown,2011112705,11/27/2011 0:00,17,0,1,1,14,80,1,0,0,14.83333333,0,2.5,3.333333333,13.33333333,57.83333333,0.333333333,0,0,16.7
00-0027003,D.Brown,2011120413,12/4/2011 0:00,15,0,1,1,14,41,1,0,0,9.833333333,0,1.833333333,2.5,13.83333333,67.16666667,0.5,0,0,12.6
00-0027003,D.Brown,2011121104,12/11/2011 0:00,-6,0,1,1,9,28,0,0,0,8.333333333,0,1.5,1.833333333,13.66666667,67.66666667,0.666666667,0,0,3.2
00-0027003,D.Brown,2011121802,12/18/2011 0:00,2,0,1,1,16,161,1,0,0,6.666666667,0,1.5,1.833333333,12.83333333,50.83333333,0.5,0,0,26.3
00-0027003,D.Brown,2011122200,12/22/2011 0:00,13,0,2,3,11,35,0,0,0,6.833333333,0,1.5,1.833333333,13.83333333,72.16666667,0.5,0,0,6.8
00-0027003,D.Brown,2012010105,1/1/2012 0:00,15,0,2,2,8,24,0,0,0,8.833333333,0,1.666666667,1.833333333,13,66.33333333,0.5,0,0,5.9
00-0027003,D.Brown,2012090900,9/9/2012 0:00,0,0,0,2,9,48,1,0,0,9.333333333,0,1.333333333,1.5,12,61.5,0.5,0,0,10.8
00-0027003,D.Brown,2012092308,9/23/2012 0:00,39,0,1,1,18,62,0,0,0,6.5,0,1.166666667,1.666666667,11.16666667,56.16666667,0.5,0,0,11.1
00-0027003,D.Brown,2012100702,10/7/2012 0:00,8,0,2,2,18,86,0,0,0,10.5,0,1.166666667,1.666666667,11.83333333,59.66666667,0.333333333,0,0,11.4
00-0027003,D.Brown,2012102803,10/28/2012 0:00,0,0,0,1,14,80,0,0,0,12.83333333,0,1.333333333,1.833333333,13.33333333,69.33333333,0.333333333,0,0,8
00-0027003,D.Brown,2012110800,11/8/2012 0:00,0,0,0,1,14,42,0,0,0,12.5,0,1.166666667,1.833333333,13,55.83333333,0.166666667,0,0,4.2
00-0027003,D.Brown,2012112502,11/25/2012 0:00,23,0,1,1,10,26,0,0,0,10.33333333,0,0.833333333,1.5,13.5,57,0.166666667,0,0,5.9
00-0027003,D.Brown,2013102012,10/20/2013 0:00,42,0,3,3,11,23,0,0,0,11.66666667,0,0.666666667,1.333333333,13.83333333,57.33333333,0.166666667,0,0,9.5
00-0027003,D.Brown,2013111400,11/14/2013 0:00,14,0,1,1,14,80,2,0,0,18.66666667,0,1.166666667,1.5,14.16666667,53.16666667,0,0,0,22.4
00-0027003,D.Brown,2013120102,12/1/2013 0:00,10,0,2,3,14,54,1,0,0,14.5,0,1.166666667,1.5,13.5,56.16666667,0.333333333,0,0,14.4
00-0027003,D.Brown,2013122205,12/22/2013 0:00,31,1,2,3,10,79,1,0,0,14.83333333,0,1.166666667,1.666666667,12.83333333,50.83333333,0.5,0,0,25
00-0027003,D.Brown,2013122904,12/29/2013 0:00,4,0,3,3,12,31,1,0,0,20,0.166666667,1.5,2,12.16666667,50.66666667,0.666666667,0,0,12.5
00-0027003,D.Brown,2014092100,9/21/2014 0:00,27,0,5,6,31,62,0,0,0,20.66666667,0.166666667,2,2.333333333,11.83333333,48.83333333,0.833333333,0,0,13.9
00-0027003,D.Brown,2014092808,9/28/2014 0:00,35,0,4,6,10,19,0,0,0,21.33333333,0.166666667,2.666666667,3.166666667,15.33333333,54.83333333,0.833333333,0,0,9.4
00-0027003,D.Brown,2014100510,10/5/2014 0:00,4,0,1,2,9,26,0,0,0,20.16666667,0.166666667,2.833333333,3.666666667,15.16666667,54.16666667,0.833333333,0,0,4
00-0027003,D.Brown,2014122804,12/28/2014 0:00,8,0,1,1,10,39,0,0,0,18.5,0.166666667,2.833333333,3.833333333,14.33333333,45.16666667,0.5,0,0,5.7
00-0027003,D.Brown,2015122011,12/20/2015 0:00,14,0,2,3,12,90,0,0,0,18.16666667,0.166666667,2.666666667,3.5,13.66666667,42.66666667,0.333333333,0,0,12.4
00-0027003,D.Brown,2015122400,12/24/2015 0:00,33,0,3,4,14,17,1,0,0,15.33333333,0,2.666666667,3.5,14,44.5,0.166666667,0,0,14
00-0027003,D.Brown,2016010313,1/3/2016 0:00,10,0,2,3,21,81,0,0,0,20.16666667,0,2.666666667,3.666666667,14.33333333,42.16666667,0.166666667,0,0,11.1
,,,,,,,,,,,,,17.33333333,0,2.166666667,3.166666667,12.66666667,45.33333333,0.166666667,0,0,0
00-0027007,C.Wells,2009102511,10/25/2009 0:00,10,0,3,3,14,67,1,0,0,7,0,1,1,12,29,0,0,0,16.7
00-0027007,C.Wells,2009110110,11/1/2009 0:00,0,0,0,1,8,47,0,0,0,8.5,0,2,2,13,48,0.5,0,0,4.7
00-0027007,C.Wells,2009111509,11/15/2009 0:00,32,0,2,2,16,85,2,0,0,5.666666667,0,1.333333333,1.666666667,11.33333333,47.66666667,0.333333333,0,0,25.7
00-0027007,C.Wells,2009112209,11/22/2009 0:00,11,0,2,3,14,74,1,0,0,12.25,0,1.5,1.75,12.5,57,0.75,0,0,16.5
00-0027007,C.Wells,2009112908,11/29/2009 0:00,21,0,1,1,8,20,0,0,0,12,0,1.6,2,12.8,60.4,0.8,0,0,5.1
00-0027007,C.Wells,2009121400,12/14/2009 0:00,24,0,1,1,15,79,1,0,0,13.5,0,1.5,1.833333333,12,53.66666667,0.666666667,0,0,17.3
00-0027007,C.Wells,2009122002,12/20/2009 0:00,13,0,1,2,17,110,1,0,0,16.33333333,0,1.5,1.833333333,12.5,62,0.833333333,0,0,22.3
00-0027007,C.Wells,2009122710,12/27/2009 0:00,25,0,1,1,17,68,1,0,0,16.83333333,0,1.166666667,1.666666667,13,69.16666667,0.833333333,0,0,16.3
00-0027007,C.Wells,2010101009,10/10/2010 0:00,5,0,1,1,20,35,0,0,0,21,0,1.333333333,1.666666667,14.5,72.66666667,1,0,0,5
00-0027007,C.Wells,2010103109,10/31/2010 0:00,14,0,1,2,16,50,1,0,0,16.5,0,1.166666667,1.5,15.16666667,64.33333333,0.666666667,0,0,13.4
00-0027007,C.Wells,2010121907,12/19/2010 0:00,0,0,0,1,8,11,0,0,0,17,0,1,1.333333333,15.5,60.33333333,0.666666667,0,0,1.1
00-0027007,C.Wells,2011091109,9/11/2011 0:00,12,0,4,4,18,90,1,0,0,13.5,0,0.833333333,1.333333333,15.5,58.83333333,0.666666667,0,0,20.2
00-0027007,C.Wells,2011091805,9/18/2011 0:00,0,0,0,2,14,93,1,0,0,11.5,0,1.333333333,1.833333333,16,60.66666667,0.666666667,0,0,15.3
00-0027007,C.Wells,2011100209,10/2/2011 0:00,0,0,0,2,27,138,3,0,0,9.333333333,0,1.166666667,1.833333333,15.5,57.83333333,0.666666667,0,0,34.8
00-0027007,C.Wells,2011100905,10/9/2011 0:00,0,0,0,1,20,60,1,0,0,5.166666667,0,1,2,17.16666667,69.5,1,0,0,12
00-0027007,C.Wells,2011110611,11/6/2011 0:00,13,0,2,2,10,20,0,0,0,4.333333333,0,0.833333333,2,17.16666667,73.66666667,1.166666667,0,0,5.3
00-0027007,C.Wells,2011112008,11/20/2011 0:00,0,0,0,1,8,33,0,0,0,4.166666667,0,1,2,16.16666667,68.66666667,1,0,0,3.3
00-0027007,C.Wells,2011120411,12/4/2011 0:00,6,0,1,1,20,67,1,0,0,4.166666667,0,1,2,16.16666667,72.33333333,1,0,0,14.3
00-0027007,C.Wells,2011121110,12/11/2011 0:00,3,0,1,1,15,27,0,0,0,3.166666667,0,0.5,1.5,16.5,68.5,1,0,0,4
00-0027007,C.Wells,2011121810,12/18/2011 0:00,10,0,1,1,15,51,1,0,0,3.666666667,0,0.666666667,1.333333333,16.66666667,57.5,0.833333333,0,0,13.1
00-0027007,C.Wells,2011122408,12/24/2011 0:00,8,0,1,1,14,53,0,0,0,5.333333333,0,0.833333333,1.166666667,14.66666667,43,0.5,0,0,7.1
00-0027007,C.Wells,2012091602,9/16/2012 0:00,24,0,1,1,14,44,0,0,0,6.666666667,0,1,1.166666667,13.66666667,41.83333333,0.333333333,0,0,7.8
,,,,,,,,,,,,,8.5,0,0.833333333,1,14.33333333,45.83333333,0.333333333,0,0,0
00-0027029,L.McCoy,2009092706,9/27/2009 0:00,9,0,1,2,20,84,1,0,0,1,0,1,3,9,46,0,0,0,16.3
00-0027029,L.McCoy,2009102600,10/26/2009 0:00,30,0,5,6,14,37,0,0,0,5,0,1,2.5,14.5,65,0.5,0,0,11.7
00-0027029,L.McCoy,2009110111,11/1/2009 0:00,10,0,2,2,11,82,1,0,0,13.33333333,0,2.333333333,3.666666667,14.33333333,55.66666667,0.333333333,0,0,17.2
00-0027029,L.McCoy,2009110811,11/8/2009 0:00,61,0,5,7,13,54,0,0,0,12.5,0,2.25,3.25,13.5,62.25,0.5,0,0,16.5
00-0027029,L.McCoy,2009112213,11/22/2009 0:00,0,0,0,1,20,99,1,0,0,22.2,0,2.8,4,13.4,60.6,0.4,0,0,15.9
00-0027029,L.McCoy,2009112906,11/29/2009 0:00,25,0,4,6,17,76,0,0,0,18.5,0,2.333333333,3.5,14.5,67,0.5,0,0,14.1
00-0027029,L.McCoy,2009121313,12/13/2009 0:00,26,0,4,5,10,28,0,0,0,22.5,0,2.833333333,4,15.83333333,72,0.5,0,0,9.4
00-0027029,L.McCoy,2009122005,12/20/2009 0:00,8,0,3,3,9,48,1,0,0,25.33333333,0,3.333333333,4.5,14.16666667,62.66666667,0.333333333,0,0,14.6
00-0027029,L.McCoy,2010091906,9/19/2010 0:00,8,0,4,4,16,120,3,0,0,21.66666667,0,3,4,13.33333333,64.5,0.5,0,0,37.8
00-0027029,L.McCoy,2010092610,9/26/2010 0:00,7,0,2,4,11,54,0,0,0,21.33333333,0,3.333333333,4.333333333,14.16666667,70.83333333,0.833333333,0,0,8.1
00-0027029,L.McCoy,2010100310,10/3/2010 0:00,95,0,12,15,16,64,0,0,0,12.33333333,0,2.833333333,3.833333333,13.83333333,70.83333333,0.833333333,0,0,27.9
00-0027029,L.McCoy,2010101012,10/10/2010 0:00,46,0,5,5,18,92,1,0,1,28.16666667,0,4.833333333,6.166666667,13.16666667,65,0.666666667,0,0,23.8
00-0027029,L.McCoy,2010101706,10/17/2010 0:00,21,0,4,4,21,64,0,0,0,31.66666667,0,5,6,13.33333333,67.66666667,0.833333333,0,0.166666667,12.5
00-0027029,L.McCoy,2010102408,10/24/2010 0:00,54,0,6,7,16,48,0,0,0,30.83333333,0,5,5.833333333,15.16666667,73.66666667,0.833333333,0,0.166666667,16.2
00-0027029,L.McCoy,2010110709,11/7/2010 0:00,8,0,3,4,16,95,0,0,0,38.5,0,5.5,6.5,16.33333333,73.66666667,0.666666667,0,0.166666667,13.3
00-0027029,L.McCoy,2010111500,11/15/2010 0:00,51,1,5,6,11,43,0,0,0,38.5,0,5.333333333,6.5,16.33333333,69.5,0.166666667,0,0.166666667,20.4
00-0027029,L.McCoy,2010112113,11/21/2010 0:00,29,0,5,5,14,111,1,0,0,45.83333333,0.166666667,5.833333333,6.833333333,16.33333333,67.66666667,0.166666667,0,0.166666667,28
00-0027029,L.McCoy,2010112804,11/28/2010 0:00,67,0,8,9,10,53,0,0,0,34.83333333,0.166666667,4.666666667,5.166666667,16,75.5,0.333333333,0,0.166666667,20
00-0027029,L.McCoy,2010120200,12/2/2010 0:00,86,1,8,8,12,44,1,0,0,38.33333333,0.166666667,5.166666667,5.833333333,14.66666667,69,0.166666667,0,0,33
00-0027029,L.McCoy,2010121213,12/12/2010 0:00,4,0,3,3,16,149,0,0,0,49.16666667,0.333333333,5.833333333,6.5,13.16666667,65.66666667,0.333333333,0,0,21.3
00-0027029,L.McCoy,2010121906,12/19/2010 0:00,13,0,4,6,10,64,0,0,0,40.83333333,0.333333333,5.333333333,5.833333333,13.16666667,82.5,0.333333333,0,0,11.7
00-0027029,L.McCoy,2010122800,12/28/2010 0:00,41,0,4,5,13,44,0,0,0,41.66666667,0.333333333,5.5,6.166666667,12.16666667,77.33333333,0.333333333,0,0,12.5
00-0027029,L.McCoy,2011091107,9/11/2011 0:00,15,1,2,3,15,122,1,0,0,40,0.166666667,5.333333333,6,12.5,77.5,0.333333333,0,0,30.7
00-0027029,L.McCoy,2011091814,9/18/2011 0:00,21,0,4,4,18,95,2,0,0,37.66666667,0.333333333,4.833333333,5.666666667,12.66666667,79.33333333,0.333333333,0,0,27.6
00-0027029,L.McCoy,2011092505,9/25/2011 0:00,13,0,3,3,24,128,1,0,0,30,0.333333333,4.166666667,4.833333333,14,86.33333333,0.666666667,0,0,26.1
00-0027029,L.McCoy,2011100204,10/2/2011 0:00,34,1,6,9,9,18,0,0,0,17.83333333,0.166666667,3.333333333,4,16,100.3333333,0.666666667,0,0,17.2
00-0027029,L.McCoy,2011100907,10/9/2011 0:00,27,0,4,7,11,80,1,0,0,22.83333333,0.333333333,3.833333333,5,14.83333333,78.5,0.666666667,0,0,20.7
00-0027029,L.McCoy,2011101603,10/16/2011 0:00,13,0,2,4,28,126,1,0,0,25.16666667,0.333333333,3.833333333,5.166666667,15,81.16666667,0.833333333,0,0,24.9
00-0027029,L.McCoy,2011103011,10/30/2011 0:00,15,0,2,3,30,185,2,0,0,20.5,0.333333333,3.5,5,17.5,94.83333333,1,0,0,37
00-0027029,L.McCoy,2011110700,11/7/2011 0:00,46,0,5,5,16,71,1,0,0,20.5,0.166666667,3.5,5,20,105.3333333,1.166666667,0,0,22.7
00-0027029,L.McCoy,2011111306,11/13/2011 0:00,12,0,3,5,14,81,1,0,0,24.66666667,0.166666667,3.666666667,5.166666667,19.66666667,101.3333333,1,0,0,18.3
00-0027029,L.McCoy,2011112011,11/20/2011 0:00,2,0,3,4,23,113,0,0,0,24.5,0.166666667,3.666666667,5.5,18,93.5,1,0,0,17.5
00-0027029,L.McCoy,2011112709,11/27/2011 0:00,30,0,4,7,10,31,1,0,0,19.16666667,0,3.166666667,4.666666667,20.33333333,109.3333333,1,0,0,16.1
00-0027029,L.McCoy,2011120100,12/1/2011 0:00,49,1,4,5,17,84,1,0,0,19.66666667,0,3.166666667,4.666666667,20.16666667,101.1666667,1,0,0,29.3
00-0027029,L.McCoy,2011121107,12/11/2011 0:00,33,0,3,6,27,38,2,0,0,25.66666667,0.166666667,3.5,4.833333333,18.33333333,94.16666667,1,0,0,22.1
00-0027029,L.McCoy,2011121809,12/18/2011 0:00,-5,0,2,2,18,102,3,0,0,28.66666667,0.166666667,3.666666667,5.333333333,17.83333333,69.66666667,1,0,0,32.7
00-0027029,L.McCoy,2011122411,12/24/2011 0:00,10,0,1,2,13,35,0,0,0,20.16666667,0.166666667,3.166666667,4.833333333,18.16666667,74.83333333,1.333333333,0,0,5.5
00-0027029,L.McCoy,2012090907,9/9/2012 0:00,26,0,6,9,20,110,0,0,0,19.83333333,0.166666667,2.833333333,4.333333333,18,67.16666667,1.166666667,0,0,22.6
00-0027029,L.McCoy,2012091604,9/16/2012 0:00,8,0,2,3,25,81,1,0,0,23.83333333,0.166666667,3.333333333,5.166666667,17.5,66.66666667,1.166666667,0,0,16.9
00-0027029,L.McCoy,2012092309,9/23/2012 0:00,8,0,3,3,13,70,0,0,0,20.16666667,0.166666667,3,4.5,20,75,1.166666667,0,0,10.8
00-0027029,L.McCoy,2012093012,9/30/2012 0:00,17,0,3,4,23,123,0,0,0,13.33333333,0,2.833333333,4.166666667,19.33333333,72.66666667,1,0,0,20
00-0027029,L.McCoy,2012100701,10/7/2012 0:00,27,1,4,5,16,53,0,0,0,10.66666667,0,2.833333333,3.833333333,18.66666667,86.83333333,0.666666667,0,0,18
00-0027029,L.McCoy,2012101404,10/14/2012 0:00,26,1,7,8,14,22,0,0,0,16,0.166666667,3.166666667,4.333333333,18.33333333,78.66666667,0.166666667,0,0,17.8
00-0027029,L.McCoy,2012102805,10/28/2012 0:00,22,1,3,3,16,45,1,0,0,18.66666667,0.333333333,4.166666667,5.333333333,18.5,76.5,0.166666667,0,0,21.7
00-0027029,L.McCoy,2012110500,11/5/2012 0:00,14,0,2,3,19,119,0,0,0,18,0.5,3.666666667,4.333333333,17.83333333,65.66666667,0.333333333,0,0,18.3
00-0027029,L.McCoy,2012111109,11/11/2012 0:00,20,0,4,5,16,82,0,0,0,19,0.5,3.666666667,4.333333333,16.83333333,72,0.166666667,0,0,14.2
00-0027029,L.McCoy,2012111800,11/18/2012 0:00,67,0,6,7,15,45,0,0,0,21,0.5,3.833333333,4.666666667,17.33333333,74,0.166666667,0,0,17.2
00-0027029,L.McCoy,2012122307,12/23/2012 0:00,77,0,9,11,13,45,0,0,0,29.33333333,0.5,4.333333333,5.166666667,16,61,0.166666667,0,0,21.2
00-0027029,L.McCoy,2012123006,12/30/2012 0:00,61,0,5,6,10,45,0,0,0,37.66666667,0.333333333,5.166666667,6.166666667,15.5,59.66666667,0.166666667,0,0,15.6
00-0027029,L.McCoy,2013090900,9/9/2013 0:00,5,0,1,1,31,184,1,0,0,43.5,0.166666667,4.833333333,5.833333333,14.83333333,63.5,0.166666667,0,0,28.9
00-0027029,L.McCoy,2013091508,9/15/2013 0:00,114,0,5,6,11,53,0,0,0,40.66666667,0,4.5,5.5,17.33333333,86.66666667,0.166666667,0,0,24.7
00-0027029,L.McCoy,2013091900,9/19/2013 0:00,0,0,0,1,20,158,1,0,0,57.33333333,0,5,6,16,75.66666667,0.166666667,0,0,24.8
00-0027029,L.McCoy,2013092909,9/29/2013 0:00,21,0,1,3,16,73,0,0,0,54,0,4.333333333,5.333333333,16.66666667,88.33333333,0.333333333,0,0,10.4
00-0027029,L.McCoy,2013100605,10/6/2013 0:00,46,0,6,8,20,46,1,0,0,46.33333333,0,3.5,4.666666667,16.83333333,93,0.333333333,0,0,21.2
00-0027029,L.McCoy,2013101307,10/13/2013 0:00,55,0,2,2,25,116,0,0,0,41.16666667,0,3,4.166666667,18,93.16666667,0.5,0,0,22.1
00-0027029,L.McCoy,2013102008,10/20/2013 0:00,26,0,6,7,18,55,0,0,0,40.16666667,0,2.5,3.5,20.5,105,0.5,0,0,14.1
00-0027029,L.McCoy,2013102705,10/27/2013 0:00,18,0,4,5,15,48,0,0,0,43.66666667,0,3.333333333,4.5,18.33333333,83.5,0.333333333,0,0,10.6
00-0027029,L.McCoy,2013110306,11/3/2013 0:00,36,1,4,4,12,44,0,0,0,27.66666667,0,3.166666667,4.333333333,19,82.66666667,0.333333333,0,0,18
00-0027029,L.McCoy,2013111003,11/10/2013 0:00,6,0,1,1,25,155,0,0,0,33.66666667,0.166666667,3.833333333,4.833333333,17.66666667,63.66666667,0.166666667,0,0,20.1
00-0027029,L.McCoy,2013111706,11/17/2013 0:00,73,0,4,4,20,77,2,0,0,31.16666667,0.166666667,3.833333333,4.5,19.16666667,77.33333333,0.166666667,0,0,31
00-0027029,L.McCoy,2013120106,12/1/2013 0:00,36,0,5,6,19,79,0,0,0,35.66666667,0.166666667,3.5,3.833333333,19.16666667,82.5,0.333333333,0,0,16.5
00-0027029,L.McCoy,2013120805,12/8/2013 0:00,4,0,1,1,29,217,2,0,0,32.5,0.166666667,4,4.5,18.16666667,76.33333333,0.333333333,0,0,38.1
00-0027029,L.McCoy,2013121505,12/15/2013 0:00,68,0,5,7,8,38,0,0,0,28.83333333,0.166666667,3.166666667,3.5,20,103.3333333,0.666666667,0,0,15.6
00-0027029,L.McCoy,2013122207,12/22/2013 0:00,29,0,6,6,18,133,2,0,0,37.16666667,0.166666667,3.333333333,3.833333333,18.83333333,101.6666667,0.666666667,0,0,37.2
00-0027029,L.McCoy,2013122903,12/29/2013 0:00,3,1,1,2,27,131,0,0,0,36,0,3.666666667,4.166666667,19.83333333,116.5,1,0,0,23.4
00-0027029,L.McCoy,2014090707,9/7/2014 0:00,41,0,6,6,21,74,0,0,0,35.5,0.166666667,3.666666667,4.333333333,20.16666667,112.5,1,0,0,17.5
00-0027029,L.McCoy,2014091500,9/15/2014 0:00,23,0,4,5,20,79,1,0,0,30.16666667,0.166666667,4,4.666666667,20.33333333,112,0.666666667,0,0,20.2
00-0027029,L.McCoy,2014092108,9/21/2014 0:00,0,0,1,3,20,22,0,0,0,28,0.166666667,3.833333333,4.5,20.5,112,0.833333333,0,0,3.2
00-0027029,L.McCoy,2014100507,10/5/2014 0:00,5,0,4,4,24,81,0,1,1,27.33333333,0.166666667,3.833333333,4.833333333,19,79.5,0.5,0,0,11.6
00-0027029,L.McCoy,2014101212,10/12/2014 0:00,5,0,2,2,22,149,0,0,0,16.83333333,0.166666667,3.666666667,4.333333333,21.66666667,86.66666667,0.5,0.166666667,0.166666667,20.4
00-0027029,L.McCoy,2014102609,10/26/2014 0:00,14,0,3,5,21,83,0,0,0,12.83333333,0.166666667,3,3.666666667,22.33333333,89.33333333,0.166666667,0.166666667,0.166666667,12.7
00-0027029,L.McCoy,2014110203,11/2/2014 0:00,6,0,2,2,23,117,0,0,0,14.66666667,0,3.333333333,4.166666667,21.33333333,81.33333333,0.166666667,0.166666667,0.166666667,17.3
00-0027029,L.McCoy,2014111000,11/10/2014 0:00,-2,0,1,3,12,19,1,0,0,8.833333333,0,2.666666667,3.5,21.66666667,88.5,0.166666667,0.166666667,0.166666667,8.7
00-0027029,L.McCoy,2014111603,11/16/2014 0:00,18,0,1,1,23,88,0,0,0,4.666666667,0,2.166666667,3.166666667,20.33333333,78.5,0.166666667,0.166666667,0.166666667,11.6
00-0027029,L.McCoy,2014112307,11/23/2014 0:00,1,0,1,1,20,77,1,0,0,7.666666667,0,2.166666667,2.833333333,20.83333333,89.5,0.166666667,0.166666667,0.166666667,14.8
00-0027029,L.McCoy,2014121413,12/14/2014 0:00,1,0,1,2,16,64,0,0,0,7,0,1.666666667,2.333333333,20.16666667,88.83333333,0.333333333,0,0,7.5
00-0027029,L.McCoy,2014122000,12/20/2014 0:00,28,0,3,4,22,88,1,0,0,6.333333333,0,1.5,2.333333333,19.16666667,74.66666667,0.333333333,0,0,20.6
00-0027029,L.McCoy,2014122808,12/28/2014 0:00,15,0,1,1,17,99,0,0,0,8.666666667,0,1.5,2.166666667,19.33333333,75.5,0.5,0,0,12.4
00-0027029,L.McCoy,2015091304,9/13/2015 0:00,46,0,3,4,17,41,0,0,0,10.16666667,0,1.333333333,2,18.33333333,72.5,0.5,0,0,11.7
00-0027029,L.McCoy,2015092001,9/20/2015 0:00,27,0,3,3,15,89,0,0,0,18.16666667,0,1.666666667,2.166666667,19.16666667,76.16666667,0.333333333,0,0,14.6
00-0027029,L.McCoy,2015092712,9/27/2015 0:00,10,1,1,3,11,16,0,0,0,19.66666667,0,2,2.5,17.83333333,76.33333333,0.333333333,0,0,9.6
00-0027029,L.McCoy,2015101804,10/18/2015 0:00,4,0,2,4,17,90,1,0,0,21.16666667,0.166666667,2,2.833333333,16.33333333,66.16666667,0.166666667,0,0,17.4
00-0027029,L.McCoy,2015102500,10/25/2015 0:00,36,0,2,4,19,70,0,1,1,21.66666667,0.166666667,2.166666667,3.166666667,16.5,70.5,0.333333333,0,0,11.6
00-0027029,L.McCoy,2015110804,11/8/2015 0:00,7,0,2,2,16,112,1,0,0,23,0.166666667,2,3.166666667,16,67.5,0.166666667,0.166666667,0.166666667,22.9
00-0027029,L.McCoy,2015111200,11/12/2015 0:00,47,0,5,5,19,112,0,0,0,21.66666667,0.166666667,2.166666667,3.333333333,15.83333333,69.66666667,0.333333333,0.166666667,0.166666667,23.9
00-0027029,L.McCoy,2015112300,11/23/2015 0:00,41,0,6,10,20,82,1,0,0,21.83333333,0.166666667,2.5,3.5,16.16666667,81.5,0.333333333,0.166666667,0.166666667,24.3
00-0027029,L.McCoy,2015112908,11/29/2015 0:00,31,1,3,5,19,70,0,0,0,24.16666667,0.166666667,3,4.666666667,17,80.33333333,0.5,0.166666667,0.166666667,19.1
00-0027029,L.McCoy,2015120601,12/6/2015 0:00,0,0,0,1,21,112,0,0,0,27.66666667,0.166666667,3.333333333,5,18.33333333,89.33333333,0.5,0.166666667,0.166666667,14.2
00-0027029,L.McCoy,2015121300,12/13/2015 0:00,35,0,4,7,20,74,0,0,0,27,0.166666667,3,4.5,19,93,0.333333333,0.166666667,0.166666667,14.9
00-0027029,L.McCoy,2015122007,12/20/2015 0:00,8,0,1,1,10,29,0,0,0,26.83333333,0.166666667,3.333333333,5,19.16666667,93.66666667,0.333333333,0,0,4.7
00-0027029,L.McCoy,2016091101,9/11/2016 0:00,12,0,4,4,16,58,1,0,0,27,0.166666667,3.166666667,4.833333333,18.16666667,79.83333333,0.166666667,0,0,17
00-0027029,L.McCoy,2016091500,9/15/2016 0:00,31,0,4,5,15,59,0,0,0,21.16666667,0.166666667,3,4.666666667,17.66666667,70.83333333,0.333333333,0,0,13
00-0027029,L.McCoy,2016092500,9/25/2016 0:00,6,0,3,4,17,110,2,0,0,19.5,0.166666667,2.666666667,3.833333333,16.83333333,67,0.166666667,0,0,29.6
00-0027029,L.McCoy,2016100205,10/2/2016 0:00,38,1,6,6,19,70,0,0,0,15.33333333,0,2.666666667,3.666666667,16.5,73.66666667,0.5,0,0,22.8
00-0027029,L.McCoy,2016100909,10/9/2016 0:00,8,0,2,2,18,150,0,0,0,21.66666667,0.166666667,3.666666667,4.5,16.16666667,66.66666667,0.5,0,0,20.8
00-0027029,L.McCoy,2016101600,10/16/2016 0:00,2,0,2,3,19,140,3,0,0,17.16666667,0.166666667,3.333333333,3.666666667,15.83333333,79.33333333,0.5,0,0,37.2
00-0027029,L.McCoy,2016110700,11/7/2016 0:00,35,0,4,5,21,85,0,0,0,16.16666667,0.166666667,3.5,4,17.33333333,97.83333333,1,0,0,16
00-0027029,L.McCoy,2016112702,11/27/2016 0:00,31,0,2,2,20,105,2,0,0,20,0.166666667,3.5,4.166666667,18.16666667,102.3333333,0.833333333,0,0,30.6
00-0027029,L.McCoy,2016120408,12/4/2016 0:00,61,0,7,7,17,130,0,0,0,20,0.166666667,3.166666667,3.666666667,19,110,1.166666667,0,0,29.1
00-0027029,L.McCoy,2016121100,12/11/2016 0:00,81,0,6,7,12,27,1,0,0,29.16666667,0.166666667,3.833333333,4.166666667,19,113.3333333,0.833333333,0,0,22.8
00-0027029,L.McCoy,2016121801,12/18/2016 0:00,16,0,3,3,19,153,2,0,0,36.33333333,0,3.833333333,4.333333333,17.83333333,106.1666667,1,0,0,34.9
00-0027029,L.McCoy,2016122400,12/24/2016 0:00,13,0,5,6,24,128,1,0,0,37.66666667,0,4,4.5,18,106.6666667,1.333333333,0,0,28.1
00-0027029,L.McCoy,2017091000,9/10/2017 0:00,49,0,5,6,22,110,0,0,0,39.5,0,4.5,5,18.83333333,104.6666667,1,0,0,23.9
00-0027029,L.McCoy,2017091701,9/17/2017 0:00,34,0,6,7,12,9,0,0,0,41.83333333,0,4.666666667,5.166666667,19,108.8333333,1,0,0,10.3
00-0027029,L.McCoy,2017092401,9/24/2017 0:00,48,0,7,7,14,21,0,0,0,42.33333333,0,5.333333333,6,17.66666667,92.83333333,0.666666667,0,0,13.9
00-0027029,L.McCoy,2017100101,10/1/2017 0:00,32,0,3,3,20,76,0,0,0,40.16666667,0,5.333333333,6,17.16666667,74.66666667,0.666666667,0,0,13.8
00-0027029,L.McCoy,2017100800,10/8/2017 0:00,26,0,6,9,19,63,0,0,0,32,0,4.833333333,5.333333333,18.5,82.83333333,0.5,0,0,14.9
00-0027029,L.McCoy,2017102200,10/22/2017 0:00,31,0,5,7,23,91,2,0,0,33.66666667,0,5.333333333,6.333333333,18.5,67.83333333,0.166666667,0,0,29.2
00-0027029,L.McCoy,2017102901,10/29/2017 0:00,22,0,6,7,27,151,1,0,0,36.66666667,0,5.333333333,6.5,18.33333333,61.66666667,0.333333333,0,0,32.3
00-0027029,L.McCoy,2017110200,11/2/2017 0:00,0,0,0,1,12,25,0,0,0,32.16666667,0,5.5,6.666666667,19.16666667,68.5,0.5,0,0,2.5
00-0027029,L.McCoy,2017111200,11/12/2017 0:00,11,0,3,5,8,49,0,0,0,26.5,0,4.5,5.666666667,19.16666667,71.16666667,0.5,0,0,9
00-0027029,L.McCoy,2017111907,11/19/2017 0:00,12,1,1,1,13,114,1,0,0,20.33333333,0,3.833333333,5.333333333,18.16666667,75.83333333,0.5,0,0,28.6
00-0027029,L.McCoy,2017112603,11/26/2017 0:00,30,0,4,4,22,49,0,0,0,17,0.166666667,3.5,5,17,82.16666667,0.666666667,0,0,11.9
00-0027029,L.McCoy,2017120302,12/3/2017 0:00,9,0,2,5,15,93,0,0,0,17.66666667,0.166666667,3.166666667,4.166666667,17.5,79.83333333,0.666666667,0,0,12.2
00-0027029,L.McCoy,2017121700,12/17/2017 0:00,46,1,4,5,20,51,1,0,0,14,0.166666667,2.666666667,3.833333333,16.16666667,80.16666667,0.333333333,0,0,25.7
00-0027029,L.McCoy,2017122404,12/24/2017 0:00,76,0,5,7,17,71,0,0,0,18,0.333333333,2.333333333,3.5,15,63.5,0.333333333,0,0,19.7
00-0027029,L.McCoy,2017123104,12/31/2017 0:00,22,0,2,3,11,10,0,0,0,30.66666667,0.333333333,3.166666667,4.5,15.83333333,71.16666667,0.333333333,0,0,5.2
00-0027029,L.McCoy,2018091601,9/16/2018 0:00,29,0,4,4,9,39,0,0,0,32.5,0.333333333,3,4.166666667,16.33333333,64.66666667,0.333333333,0,0,10.8
00-0027029,L.McCoy,2018100700,10/7/2018 0:00,23,0,2,3,24,85,0,0,0,35.33333333,0.166666667,3.5,4.666666667,15.66666667,52.16666667,0.166666667,0,0,12.8
00-0027029,L.McCoy,2018101403,10/14/2018 0:00,21,0,3,5,16,73,0,0,0,34.16666667,0.166666667,3.166666667,4.5,16,58.16666667,0.166666667,0,0,12.4
00-0027029,L.McCoy,2018102900,10/29/2018 0:00,82,0,6,8,12,13,0,0,1,36.16666667,0.166666667,3.333333333,4.5,16.16666667,54.83333333,0.166666667,0,0,14.5
00-0027029,L.McCoy,2018110401,11/4/2018 0:00,19,0,4,4,10,10,0,0,0,42.16666667,0,3.666666667,5,14.83333333,48.5,0,0,0.166666667,6.9
00-0027029,L.McCoy,2018111106,11/11/2018 0:00,5,0,1,1,26,113,2,0,0,32.66666667,0,3.5,4.5,13.66666667,38.33333333,0,0,0.166666667,27.8
00-0027029,L.McCoy,2018112501,11/25/2018 0:00,7,0,1,1,17,46,0,0,0,29.83333333,0,3.333333333,4.166666667,16.16666667,55.5,0.333333333,0,0.166666667,6.3
00-0027029,L.McCoy,2018120206,12/2/2018 0:00,12,0,4,4,15,52,0,0,0,26.16666667,0,2.833333333,3.666666667,17.5,56.66666667,0.333333333,0,0.166666667,10.4
00-0027029,L.McCoy,2018123001,12/30/2018 0:00,18,0,2,3,10,26,1,0,0,24.33333333,0,3.166666667,3.833333333,16,51.16666667,0.333333333,0,0.166666667,12.4
00-0027029,L.McCoy,2019090802,9/8/2019 0:00,12,0,1,1,10,81,0,0,0,23.83333333,0,3,3.5,15,43.33333333,0.5,0,0.166666667,10.3
00-0027029,L.McCoy,2019091510,9/15/2019 0:00,0,0,3,3,11,23,0,0,0,12.16666667,0,2.166666667,2.333333333,14.66666667,54.66666667,0.5,0,0,5.3
00-0027029,L.McCoy,2019092204,9/22/2019 0:00,26,1,3,3,8,54,1,0,0,9,0,2,2.166666667,14.83333333,56.83333333,0.5,0,0,23
00-0027029,L.McCoy,2019092903,9/29/2019 0:00,10,0,2,4,11,56,1,0,0,12.5,0.166666667,2.333333333,2.5,11.83333333,47,0.333333333,0,0,14.6
00-0027029,L.McCoy,2019101304,10/13/2019 0:00,0,0,2,2,8,44,0,0,0,13,0.166666667,2.5,3,10.83333333,48.66666667,0.5,0,0,6.4
00-0027029,L.McCoy,2019101700,10/17/2019 0:00,12,0,2,2,12,64,0,0,0,11,0.166666667,2.166666667,2.666666667,9.666666667,47.33333333,0.5,0,0,9.6
00-0027029,L.McCoy,2019102712,10/27/2019 0:00,23,0,4,4,9,40,0,0,0,10,0.166666667,2.166666667,2.5,10,53.66666667,0.333333333,0,0,10.3
00-0027029,L.McCoy,2019120811,12/8/2019 0:00,4,0,1,3,11,39,0,0,0,11.83333333,0.166666667,2.666666667,3,9.833333333,46.83333333,0.333333333,0,0,5.3
,,,,,,,,,,,,,12.5,0.166666667,2.333333333,3,9.833333333,49.5,0.333333333,0,0,0
00-0027048,G.Coffee,2009092704,9/27/2009 0:00,0,0,0,1,25,54,0,0,0,16,0,2,2,9,13,0,0,0,5.4
00-0027048,G.Coffee,2009100411,10/4/2009 0:00,32,0,4,7,24,74,0,0,0,8,0,1,1.5,17,33.5,0,0,0,14.6
00-0027048,G.Coffee,2009101108,10/11/2009 0:00,21,0,4,5,12,45,1,0,0,16,0,2,3.333333333,19.33333333,47,0,0,0,16.6
,,,,,,,,,,,,,17.25,0,2.5,3.75,17.5,46.5,0.25,0,0,0
00-0027080,M.Goodson,2010111405,11/14/2010 0:00,13,0,3,4,23,100,0,0,0,18,0,3,4,9,29,0,0,0,14.3
00-0027080,M.Goodson,2010112100,11/21/2010 0:00,31,0,5,6,22,120,0,0,0,15.5,0,3,4,16,64.5,0,0,0,23.1
00-0027080,M.Goodson,2010112807,11/28/2010 0:00,81,0,8,10,14,55,1,0,0,20.66666667,0,3.666666667,4.666666667,18,83,0,0,0,27.6
00-0027080,M.Goodson,2010121207,12/12/2010 0:00,6,0,1,2,9,70,1,0,0,35.75,0,4.75,6,17,76,0.25,0,0,14.6
00-0027080,M.Goodson,2010121907,12/19/2010 0:00,27,0,2,3,10,21,0,0,0,29.8,0,4,5.2,15.4,74.8,0.4,0,0,6.8
00-0027080,M.Goodson,2012121612,12/16/2012 0:00,14,0,1,1,13,89,0,0,0,29.33333333,0,3.666666667,4.833333333,14.5,65.83333333,0.333333333,0,0,11.3
,,,,,,,,,,,,,28.66666667,0,3.333333333,4.333333333,15.16666667,75.83333333,0.333333333,0,0,0
00-0027094,A.Brown,2012092000,9/20/2012 0:00,17,0,3,5,20,113,2,0,0,19,0,2,2,14,73,1,0,0,31
00-0027094,A.Brown,2013111005,11/10/2013 0:00,4,0,1,3,30,115,1,0,0,18,0,2.5,3.5,17,93,1.5,0,0,21.9
00-0027094,A.Brown,2013111712,11/17/2013 0:00,27,0,3,5,18,66,0,0,0,13.33333333,0,2,3.333333333,21.33333333,100.3333333,1.333333333,0,0,12.3
00-0027094,A.Brown,2013112410,11/24/2013 0:00,11,0,4,4,22,129,0,0,0,16.75,0,2.25,3.75,20.5,91.75,1,0,0,21
00-0027094,A.Brown,2013120111,12/1/2013 0:00,23,0,3,5,14,35,2,0,0,15.6,0,2.6,3.8,20.8,99.2,0.8,0,0,20.8
00-0027094,A.Brown,2013120811,12/8/2013 0:00,15,0,3,4,16,81,0,0,0,16.83333333,0,2.666666667,4,19.66666667,88.5,1,0,0,12.6
00-0027094,A.Brown,2013121506,12/15/2013 0:00,9,0,4,5,11,17,0,0,0,16.16666667,0,2.833333333,4.333333333,20,89.83333333,0.833333333,0,0,6.6
00-0027094,A.Brown,2013122210,12/22/2013 0:00,14,0,2,3,16,40,0,0,0,14.83333333,0,3,4.333333333,18.5,73.83333333,0.5,0,0,7.4
,,,,,,,,,,,,,16.5,0,3.166666667,4.333333333,16.16666667,61.33333333,0.333333333,0,0,0
00-0027120,J.Ringer,2011103002,10/30/2011 0:00,42,0,5,6,14,60,0,0,0,8,0,1,1,10,42,0,0,0,15.2
00-0027120,J.Ringer,2011112706,11/27/2011 0:00,6,0,4,5,9,12,0,1,1,25,0,3,3.5,12,51,0,0,0,4.8
,,,,,,,,,,,,,18.66666667,0,3.333333333,4,11,38,0,0.333333333,0.333333333,0
,,,,,,,,,,,,,29,0,4,8,13,36,0,0,0,0
,,,,,,,,,,,,,41,0,3,3,9,40,0,0,0,0
00-0027140,C.Ogbonnaya,2011103009,10/30/2011 0:00,24,0,5,8,11,37,0,0,1,19,0,1,2,9,45,0,0,0,10.1
00-0027140,C.Ogbonnaya,2011110601,11/6/2011 0:00,13,0,1,1,13,28,0,0,0,21.5,0,3,5,10,41,0,0,0.5,5.1
00-0027140,C.Ogbonnaya,2011111310,11/13/2011 0:00,17,0,1,1,19,90,0,0,0,18.66666667,0,2.333333333,3.666666667,11,36.66666667,0,0,0.333333333,11.7
00-0027140,C.Ogbonnaya,2011112003,11/20/2011 0:00,19,0,2,3,21,115,1,0,0,18.25,0,2,3,13,50,0,0,0.25,24.4
00-0027140,C.Ogbonnaya,2013111702,11/17/2013 0:00,30,0,6,12,8,69,0,1,1,18.4,0,2,3,14.6,63,0.2,0,0.2,14.9
,,,,,,,,,,,,,20.33333333,0,2.666666667,4.5,13.5,64,0.166666667,0.166666667,0.333333333,0
00-0027155,R.Jennings,2010120502,12/5/2010 0:00,10,0,2,2,10,44,1,0,0,50,0,4,5,9,38,0,0,0,13.4
00-0027155,R.Jennings,2010122608,12/26/2010 0:00,29,0,4,4,15,32,0,0,0,30,0,3,3.5,9.5,41,0.5,0,0,10.1
00-0027155,R.Jennings,2011010204,1/2/2011 0:00,34,0,4,7,22,108,1,0,0,29.66666667,0,3.333333333,3.666666667,11.33333333,38,0.333333333,0,0,27.2
00-0027155,R.Jennings,2012090901,9/9/2012 0:00,9,0,1,1,8,31,0,0,0,30.75,0,3.5,4.5,14,55.5,0.5,0,0,5
00-0027155,R.Jennings,2012102109,10/21/2012 0:00,58,0,7,9,21,44,1,0,0,26.4,0,3,3.8,12.8,50.6,0.4,0,0,23.2
00-0027155,R.Jennings,2012102800,10/28/2012 0:00,56,0,6,8,17,59,0,0,0,31.66666667,0,3.666666667,4.666666667,14.16666667,49.5,0.5,0,0,17.5
00-0027155,R.Jennings,2012110402,11/4/2012 0:00,7,0,3,4,12,45,0,0,0,32.66666667,0,4,5.166666667,15.5,53,0.5,0,0,8.2
00-0027155,R.Jennings,2012110800,11/8/2012 0:00,0,0,0,1,11,27,0,0,0,32.16666667,0,4.166666667,5.5,15.83333333,53.16666667,0.333333333,0,0,2.7
00-0027155,R.Jennings,2012112503,11/25/2012 0:00,2,0,1,1,16,43,1,0,0,27.33333333,0,3.5,5,15.16666667,52.33333333,0.333333333,0,0,11.5
00-0027155,R.Jennings,2013092910,9/29/2013 0:00,71,0,8,8,15,45,0,0,0,22,0,3,4,14.16666667,41.5,0.333333333,0,0,19.6
00-0027155,R.Jennings,2013110306,11/3/2013 0:00,74,0,7,10,15,102,1,0,0,32.33333333,0,4.166666667,5.166666667,15.33333333,43.83333333,0.333333333,0,0,33.6
00-0027155,R.Jennings,2013111005,11/10/2013 0:00,19,0,2,5,20,88,0,0,0,35,0,4.166666667,5.333333333,14.33333333,53.5,0.333333333,0,0,12.7
00-0027155,R.Jennings,2013111703,11/17/2013 0:00,-2,0,2,3,22,150,1,0,0,28.83333333,0,3.5,4.833333333,14.83333333,58.33333333,0.333333333,0,0,25.8
00-0027155,R.Jennings,2013112409,11/24/2013 0:00,55,0,4,5,16,73,0,1,1,27.33333333,0,3.333333333,4.666666667,16.5,75.83333333,0.5,0,0,15.8
00-0027155,R.Jennings,2013112801,11/28/2013 0:00,8,0,1,2,17,35,2,0,0,36.5,0,4,5.333333333,17.33333333,83.5,0.5,0.166666667,0.166666667,17.3
00-0027155,R.Jennings,2013121511,12/15/2013 0:00,12,0,3,3,23,91,2,0,0,37.5,0,4,5.5,17.5,82.16666667,0.666666667,0.166666667,0.166666667,25.3
00-0027155,R.Jennings,2013122213,12/22/2013 0:00,27,0,3,3,10,45,0,0,0,27.66666667,0,3.166666667,4.666666667,18.83333333,89.83333333,1,0.166666667,0.166666667,10.2
00-0027155,R.Jennings,2014090800,9/8/2014 0:00,50,0,4,5,16,46,1,0,0,19.83333333,0,2.5,3.5,18,80.33333333,0.833333333,0.166666667,0.166666667,19.6
00-0027155,R.Jennings,2014091405,9/14/2014 0:00,45,0,4,4,18,64,0,1,1,25,0,2.833333333,3.5,17.33333333,73.33333333,1,0.166666667,0.166666667,13.9
00-0027155,R.Jennings,2014092500,9/25/2014 0:00,-3,0,1,2,13,55,0,0,0,32.83333333,0,3.166666667,3.666666667,16.66666667,59,0.833333333,0.333333333,0.333333333,6.2
00-0027155,R.Jennings,2014100506,10/5/2014 0:00,17,0,2,2,10,55,0,0,0,23.16666667,0,2.666666667,3.166666667,16.16666667,56,0.833333333,0.166666667,0.166666667,9.2
00-0027155,R.Jennings,2014111606,11/16/2014 0:00,8,0,4,7,18,59,0,0,0,24.66666667,0,2.833333333,3.166666667,15,59.33333333,0.5,0.166666667,0.166666667,10.7
00-0027155,R.Jennings,2014112312,11/23/2014 0:00,68,0,8,10,19,52,0,0,0,24,0,3,3.833333333,14.16666667,54,0.166666667,0.166666667,0.166666667,20
00-0027155,R.Jennings,2014113004,11/30/2014 0:00,3,0,3,5,26,91,2,0,0,30.83333333,0,3.833333333,5,15.66666667,55.16666667,0.166666667,0.166666667,0.166666667,24.4
00-0027155,R.Jennings,2014122808,12/28/2014 0:00,21,0,3,5,10,33,0,0,0,23,0,3.666666667,5,17.33333333,62.66666667,0.333333333,0.166666667,0.166666667,8.4
00-0027155,R.Jennings,2015091312,9/13/2015 0:00,0,0,0,1,13,52,1,0,0,19,0,3.5,5.166666667,16,57.5,0.333333333,0,0,11.2
00-0027155,R.Jennings,2015092004,9/20/2015 0:00,12,0,2,2,9,12,0,0,0,19.5,0,3.333333333,5,16,57,0.5,0,0,4.4
00-0027155,R.Jennings,2015092400,9/24/2015 0:00,25,0,3,3,11,32,0,0,0,18.66666667,0,3.333333333,5,15.83333333,49.83333333,0.5,0,0,8.7
00-0027155,R.Jennings,2015100407,10/4/2015 0:00,54,1,2,2,9,38,0,0,0,21.5,0,3.166666667,4.333333333,14.66666667,45.33333333,0.5,0,0,17.2
00-0027155,R.Jennings,2015101111,10/11/2015 0:00,21,0,4,4,11,46,0,0,0,19.16666667,0.166666667,2.166666667,3,13,43,0.5,0,0,10.7
00-0027155,R.Jennings,2015101900,10/19/2015 0:00,20,0,3,3,13,63,0,1,1,22.16666667,0.166666667,2.333333333,2.833333333,10.5,35.5,0.166666667,0,0,10.3
00-0027155,R.Jennings,2015110106,11/1/2015 0:00,31,0,2,3,10,54,0,0,0,22,0.166666667,2.333333333,2.5,11,40.5,0.166666667,0.166666667,0.166666667,10.5
00-0027155,R.Jennings,2015110807,11/8/2015 0:00,-1,0,1,1,13,48,0,0,0,27.16666667,0.166666667,2.666666667,2.833333333,10.5,40.83333333,0,0.166666667,0.166666667,5.7
00-0027155,R.Jennings,2015111509,11/15/2015 0:00,12,0,2,3,11,39,0,0,0,25,0.166666667,2.5,2.666666667,11.16666667,46.83333333,0,0.166666667,0.166666667,7.1
00-0027155,R.Jennings,2015121400,12/14/2015 0:00,21,0,2,2,22,81,0,0,0,22.83333333,0.166666667,2.333333333,2.666666667,11.16666667,48,0,0.166666667,0.166666667,12.2
00-0027155,R.Jennings,2015122000,12/20/2015 0:00,0,0,1,3,16,107,1,0,0,17.33333333,0,2.333333333,2.666666667,13.33333333,55.16666667,0,0.166666667,0.166666667,20.7
00-0027155,R.Jennings,2015122706,12/27/2015 0:00,62,0,2,3,14,74,0,0,0,13.83333333,0,1.833333333,2.5,14.16666667,65.33333333,0.166666667,0.166666667,0.166666667,15.6
00-0027155,R.Jennings,2016010308,1/3/2016 0:00,6,0,2,5,27,170,1,0,0,20.83333333,0,1.666666667,2.5,14.33333333,67.16666667,0.166666667,0,0,28.6
00-0027155,R.Jennings,2016091110,9/11/2016 0:00,3,0,1,2,18,75,0,0,0,16.66666667,0,1.666666667,2.833333333,17.16666667,86.5,0.333333333,0,0,8.8
00-0027155,R.Jennings,2016091805,9/18/2016 0:00,13,0,2,2,13,27,0,0,0,17.33333333,0,1.666666667,3,18,91,0.333333333,0,0,6
00-0027155,R.Jennings,2016101606,10/16/2016 0:00,20,0,4,4,9,15,0,0,0,17.5,0,1.666666667,2.833333333,18.33333333,89,0.333333333,0,0,7.5
00-0027155,R.Jennings,2016102300,10/23/2016 0:00,24,0,2,3,13,25,1,0,0,17.33333333,0,2,3.166666667,16.16666667,78,0.333333333,0,0,12.9
00-0027155,R.Jennings,2016110606,11/6/2016 0:00,13,0,3,3,11,26,0,0,0,21.33333333,0,2.166666667,3.166666667,15.66666667,64.33333333,0.333333333,0,0,6.9
00-0027155,R.Jennings,2016111400,11/14/2016 0:00,22,0,3,6,15,87,0,0,0,13.16666667,0,2.333333333,3.166666667,15.16666667,56.33333333,0.333333333,0,0,13.9
00-0027155,R.Jennings,2016112007,11/20/2016 0:00,44,0,5,6,21,85,1,0,0,15.83333333,0,2.5,3.333333333,13.16666667,42.5,0.166666667,0,0,23.9
00-0027155,R.Jennings,2016112704,11/27/2016 0:00,4,0,2,2,15,55,0,0,0,22.66666667,0,3.166666667,4,13.66666667,44.16666667,0.333333333,0,0,7.9
00-0027155,R.Jennings,2016121113,12/11/2016 0:00,12,0,2,2,15,45,0,0,0,21.16666667,0,3.166666667,4,14,48.83333333,0.333333333,0,0,7.7
00-0027155,R.Jennings,2016122200,12/22/2016 0:00,7,0,4,5,9,44,0,0,1,19.83333333,0,2.833333333,3.666666667,15,53.83333333,0.333333333,0,0,8.1
00-0027155,R.Jennings,2017010111,1/1/2017 0:00,5,0,1,1,18,52,1,0,0,17,0,3.166666667,4,14.33333333,57,0.166666667,0,0.166666667,12.7
,,,,,,,,,,,,,15.66666667,0,2.833333333,3.666666667,15.5,61.33333333,0.333333333,0,0.166666667,0
,,,,,,,,,,,,,38,0,5,6,10,36,0,0,0,0
00-0027214,K.Williams,2010112108,11/21/2010 0:00,27,0,6,8,23,68,0,0,0,50,1,4,7,16,89,2,0,0,15.5
00-0027214,K.Williams,2011103006,10/30/2011 0:00,5,0,1,1,11,25,0,0,0,38.5,0.5,5,7.5,19.5,78.5,1,0,0,4
00-0027214,K.Williams,2011121105,12/11/2011 0:00,17,0,2,2,12,43,0,0,0,27.33333333,0.333333333,3.666666667,5.333333333,16.66666667,60.66666667,0.666666667,0,0,8
,,,,,,,,,,,,,24.75,0.25,3.25,4.5,15.5,56.25,0.5,0,0,0
00-0027218,J.Bell,2012120913,12/9/2012 0:00,47,0,5,7,12,49,0,0,0,36,0,3,4,13,73,1,0,0,14.6
00-0027218,J.Bell,2013091509,9/15/2013 0:00,41,0,5,8,8,31,0,0,0,41.5,0,4,5.5,12.5,61,0.5,0,0,12.2
00-0027218,J.Bell,2013092209,9/22/2013 0:00,69,0,4,5,20,63,1,0,0,41.33333333,0,4.333333333,6.333333333,11,51,0.333333333,0,0,23.2
00-0027218,J.Bell,2013111002,11/10/2013 0:00,0,0,0,1,10,41,0,0,0,48.25,0,4.25,6,13.25,54,0.5,0,0,4.1
00-0027218,J.Bell,2013111707,11/17/2013 0:00,48,0,3,4,9,49,1,0,0,38.6,0,3.4,5,12.6,51.4,0.4,0,0,18.7
00-0027218,J.Bell,2013112800,11/28/2013 0:00,31,0,2,3,19,94,1,0,0,40.16666667,0,3.333333333,4.833333333,12,51,0.5,0,0,20.5
00-0027218,J.Bell,2013120805,12/8/2013 0:00,58,0,4,7,23,69,1,0,0,39.33333333,0,3.166666667,4.666666667,13,54.5,0.5,0,0,22.7
00-0027218,J.Bell,2013121600,12/16/2013 0:00,23,0,1,2,9,24,0,0,0,41.16666667,0,3,4.666666667,14.83333333,57.83333333,0.666666667,0,0,5.7
00-0027218,J.Bell,2013122210,12/22/2013 0:00,63,0,10,10,20,91,1,0,0,38.16666667,0,2.333333333,3.666666667,15,56.66666667,0.666666667,0,0,31.4
00-0027218,J.Bell,2013122906,12/29/2013 0:00,25,0,4,4,8,31,0,0,0,37.16666667,0,3.333333333,4.5,15,61.33333333,0.666666667,0,0,9.6
00-0027218,J.Bell,2014090800,9/8/2014 0:00,5,0,1,1,15,51,1,0,0,41.33333333,0,4,5,14.66666667,59.66666667,0.666666667,0,0,12.6
00-0027218,J.Bell,2014091401,9/14/2014 0:00,61,0,6,11,10,36,0,0,0,34.16666667,0,3.666666667,4.5,15.66666667,60,0.666666667,0,0,15.7
00-0027218,J.Bell,2014092805,9/28/2014 0:00,7,0,2,4,8,32,0,0,0,39.16666667,0,4.333333333,5.833333333,14.16666667,50.33333333,0.5,0,0,5.9
00-0027218,J.Bell,2014101205,10/12/2014 0:00,23,0,2,3,18,74,1,0,0,30.66666667,0,4,5.333333333,11.66666667,44.16666667,0.333333333,0,0,17.7
00-0027218,J.Bell,2014101903,10/19/2014 0:00,19,0,2,5,18,48,1,0,0,30.66666667,0,4.166666667,5.5,13.16666667,52.5,0.5,0,0,14.7
00-0027218,J.Bell,2014102600,10/26/2014 0:00,22,0,2,3,14,39,0,0,0,23.33333333,0,2.833333333,4.666666667,12.83333333,45.33333333,0.5,0,0,8.1
00-0027218,J.Bell,2014110902,11/9/2014 0:00,37,0,2,3,10,44,0,0,0,22.83333333,0,2.5,4.5,13.83333333,46.66666667,0.5,0,0,10.1
00-0027218,J.Bell,2014111610,11/16/2014 0:00,30,0,3,5,14,85,0,0,0,28.16666667,0,2.666666667,4.833333333,13,45.5,0.333333333,0,0,14.5
00-0027218,J.Bell,2014112306,11/23/2014 0:00,-2,0,1,2,19,48,0,0,0,23,0,2.166666667,3.833333333,13.66666667,53.66666667,0.333333333,0,0,5.6
00-0027218,J.Bell,2014112700,11/27/2014 0:00,16,0,2,2,23,91,2,0,0,21.5,0,2,3.5,15.5,56.33333333,0.333333333,0,0,24.7
00-0027218,J.Bell,2014120702,12/7/2014 0:00,50,1,5,5,18,83,1,0,0,20.33333333,0,2,3.333333333,16.33333333,59.16666667,0.5,0,0,30.3
00-0027218,J.Bell,2014121405,12/14/2014 0:00,41,0,4,6,15,62,0,0,0,25.5,0.166666667,2.5,3.333333333,16.33333333,65,0.5,0,0,14.3
00-0027218,J.Bell,2014122101,12/21/2014 0:00,13,0,2,3,13,74,1,0,0,28.66666667,0.166666667,2.833333333,3.833333333,16.5,68.83333333,0.5,0,0,16.7
00-0027218,J.Bell,2015092713,9/27/2015 0:00,-2,0,1,1,11,6,1,0,0,24.66666667,0.166666667,2.833333333,3.833333333,17,73.83333333,0.666666667,0,0,7.4
00-0027218,J.Bell,2015111501,11/15/2015 0:00,18,0,2,3,14,17,0,0,0,19.33333333,0.166666667,2.5,3.166666667,16.5,60.66666667,0.833333333,0,0,5.5
00-0027218,J.Bell,2015120300,12/3/2015 0:00,25,0,2,2,8,5,0,0,0,22.66666667,0.166666667,2.666666667,3.333333333,15.66666667,55.5,0.833333333,0,0,5
00-0027218,J.Bell,2015122100,12/21/2015 0:00,30,0,2,3,8,71,1,0,0,24.16666667,0.166666667,2.666666667,3.333333333,13.16666667,41.16666667,0.5,0,0,18.1
,,,,,,,,,,,,,20.83333333,0,2.166666667,3,11.5,39.16666667,0.5,0,0,0
,,,,,,,,,,,,,41,0,3,4,17,74,0,0,0,0
00-0027325,L.Blount,2010111405,11/14/2010 0:00,0,0,0,1,19,91,1,0,0,9,0,2,2,22,120,2,0,0,15.1
00-0027325,L.Blount,2010122605,12/26/2010 0:00,3,0,1,1,18,164,0,0,0,4.5,0,1,1.5,20.5,105.5,1.5,0,0,20.7
00-0027325,L.Blount,2011010212,1/2/2011 0:00,2,0,2,2,19,66,0,1,1,4,0,1,1.333333333,19.66666667,125,1,0,0,7.8
00-0027325,L.Blount,2011092513,9/25/2011 0:00,13,0,1,3,24,81,0,0,0,3.5,0,1.25,1.5,19.5,110.25,0.75,0.25,0.25,10.4
00-0027325,L.Blount,2011100300,10/3/2011 0:00,14,0,1,2,25,127,1,0,0,5.4,0,1.2,1.8,20.4,104.4,0.6,0.2,0.2,24.1
00-0027325,L.Blount,2011100908,10/9/2011 0:00,31,0,2,3,10,34,0,0,0,6.833333333,0,1.166666667,1.833333333,21.16666667,108.1666667,0.666666667,0.166666667,0.166666667,8.5
00-0027325,L.Blount,2011110605,11/6/2011 0:00,8,0,2,3,13,72,0,0,0,10.5,0,1.166666667,2,19.16666667,93.83333333,0.333333333,0.166666667,0.166666667,10
00-0027325,L.Blount,2011111302,11/13/2011 0:00,0,0,1,2,10,34,0,0,0,11.83333333,0,1.5,2.333333333,18.16666667,90.66666667,0.166666667,0.166666667,0.166666667,4.4
00-0027325,L.Blount,2011112007,11/20/2011 0:00,6,0,1,1,18,107,1,0,0,11.33333333,0,1.5,2.5,16.83333333,69,0.166666667,0.166666667,0.166666667,21.3
00-0027325,L.Blount,2011112706,11/27/2011 0:00,56,0,3,3,20,103,0,1,1,12,0,1.333333333,2.333333333,16.66666667,75.83333333,0.333333333,0,0,20.9
00-0027325,L.Blount,2011120407,12/4/2011 0:00,0,0,0,2,11,19,0,0,0,19.16666667,0,1.666666667,2.333333333,16,79.5,0.333333333,0.166666667,0.166666667,1.9
00-0027325,L.Blount,2011121108,12/11/2011 0:00,6,0,1,2,18,74,1,0,1,16.83333333,0,1.5,2.333333333,13.66666667,61.5,0.166666667,0.166666667,0.166666667,14
00-0027325,L.Blount,2013120802,12/8/2013 0:00,32,0,1,2,8,42,0,0,0,12.66666667,0,1.333333333,2.166666667,15,68.16666667,0.333333333,0.166666667,0.333333333,8.4
00-0027325,L.Blount,2013121504,12/15/2013 0:00,6,0,1,1,11,47,0,0,0,16.66666667,0,1.166666667,2,14.16666667,63.16666667,0.333333333,0.166666667,0.333333333,6.3
00-0027325,L.Blount,2014100504,10/5/2014 0:00,17,0,3,3,8,29,0,0,0,17.66666667,0,1.166666667,1.833333333,14.33333333,65.33333333,0.333333333,0.166666667,0.333333333,7.6
00-0027325,L.Blount,2014120713,12/7/2014 0:00,11,0,2,2,20,66,0,0,0,19.5,0,1.5,2.166666667,12.66666667,52.33333333,0.166666667,0.166666667,0.333333333,9.7
00-0027325,L.Blount,2014121408,12/14/2014 0:00,7,0,2,2,8,17,1,0,0,12,0,1.333333333,2,12.66666667,46.16666667,0.166666667,0,0.166666667,10.4
00-0027325,L.Blount,2015092706,9/27/2015 0:00,14,0,1,1,18,78,3,0,0,13.16666667,0,1.666666667,2,12.16666667,45.83333333,0.333333333,0,0.166666667,28.2
00-0027325,L.Blount,2015101811,10/18/2015 0:00,11,1,1,1,16,93,1,0,0,14.5,0,1.666666667,1.833333333,12.16666667,46.5,0.666666667,0,0,23.4
00-0027325,L.Blount,2015102900,10/29/2015 0:00,2,0,1,1,17,72,0,0,0,11,0.166666667,1.666666667,1.666666667,13.5,55,0.833333333,0,0,8.4
00-0027325,L.Blount,2015111509,11/15/2015 0:00,11,0,2,2,19,66,1,0,0,10.33333333,0.166666667,1.666666667,1.666666667,14.5,59.16666667,0.833333333,0,0,15.7
00-0027325,L.Blount,2015112300,11/23/2015 0:00,5,0,1,2,16,56,0,0,0,9.333333333,0.166666667,1.5,1.5,16.33333333,65.33333333,1,0,0,7.1
00-0027325,L.Blount,2016100205,10/2/2016 0:00,4,0,3,3,13,54,0,0,0,8.333333333,0.166666667,1.333333333,1.5,15.66666667,63.66666667,1,0,0,8.8
00-0027325,L.Blount,2016101604,10/16/2016 0:00,20,0,2,2,13,50,1,0,0,7.833333333,0.166666667,1.5,1.666666667,16.5,69.83333333,0.833333333,0,0,15
00-0027325,L.Blount,2016102311,10/23/2016 0:00,7,0,1,1,24,127,2,0,0,8.833333333,0.166666667,1.666666667,1.833333333,15.66666667,65.16666667,0.5,0,0,29.4
00-0027325,L.Blount,2016112711,11/27/2016 0:00,0,0,0,1,11,67,0,0,0,8.166666667,0,1.666666667,1.833333333,17,70.83333333,0.666666667,0,0,6.7
00-0027325,L.Blount,2016121200,12/12/2016 0:00,7,0,1,1,18,72,1,0,0,7.833333333,0,1.5,1.833333333,16,70,0.666666667,0,0,14.9
00-0027325,L.Blount,2017091008,9/10/2017 0:00,1,1,1,1,14,46,0,0,0,7.166666667,0,1.333333333,1.666666667,15.83333333,71,0.666666667,0,0,11.7
00-0027325,L.Blount,2017100110,10/1/2017 0:00,20,0,1,1,16,136,0,0,0,6.5,0.166666667,1.333333333,1.5,15.5,69.33333333,0.666666667,0,0,19.6
00-0027325,L.Blount,2017102906,10/29/2017 0:00,4,0,1,1,16,48,1,0,0,9.166666667,0.166666667,1,1.166666667,16,83,0.666666667,0,0,12.2
00-0027325,L.Blount,2017123108,12/31/2017 0:00,11,0,1,1,9,37,0,0,0,6.5,0.166666667,0.833333333,1,16.5,82.66666667,0.666666667,0,0,5.8
00-0027325,L.Blount,2018091610,9/16/2018 0:00,-3,0,1,1,8,38,0,0,0,7.166666667,0.166666667,0.833333333,1,14,67.66666667,0.333333333,0,0,4.5
00-0027325,L.Blount,2018092313,9/23/2018 0:00,17,0,2,2,16,48,0,0,0,6.666666667,0.166666667,1,1,13.5,62.83333333,0.333333333,0,0,8.5
00-0027325,L.Blount,2018112200,11/22/2018 0:00,15,0,1,1,19,88,2,0,0,8.333333333,0.166666667,1.166666667,1.166666667,13.16666667,58.83333333,0.166666667,0,0,23.3
00-0027325,L.Blount,2018120202,12/2/2018 0:00,0,0,0,1,16,61,0,0,0,10.66666667,0,1.166666667,1.166666667,14,65.83333333,0.5,0,0,6.1
00-0027325,L.Blount,2018120911,12/9/2018 0:00,18,0,2,3,12,33,0,1,1,7.333333333,0,1,1.166666667,14,53.33333333,0.5,0,0,6.1
00-0027325,L.Blount,2018122307,12/23/2018 0:00,-5,0,2,4,11,29,0,0,0,9.666666667,0,1.166666667,1.5,13.33333333,50.83333333,0.333333333,0.166666667,0.166666667,4.4
,,,,,,,,,,,,,7,0,1.333333333,2,13.66666667,49.5,0.333333333,0.166666667,0.166666667,0
00-0027346,A.Smith,2013090810,9/8/2013 0:00,0,0,0,1,10,26,0,0,0,21,0,3,5,17,54,0,0,0,2.6
,,,,,,,,,,,,,10.5,0,1.5,3,13.5,40,0,0,0,0
,,,,,,,,,,,,,0,0,0,1,17,49,1,0,0,0
00-0027531,C.Ivory,2011121109,12/11/2011 0:00,0,0,0,1,13,53,0,0,0,17,0,1,1,15,158,0,0,0,5.3
00-0027531,C.Ivory,2012110500,11/5/2012 0:00,2,0,1,1,10,48,1,0,0,8.5,0,0.5,1,14,105.5,0,0,0,12
00-0027531,C.Ivory,2013090807,9/8/2013 0:00,0,0,0,2,10,15,0,0,0,6.333333333,0,0.666666667,1,12.66666667,86.33333333,0.333333333,0,0,1.5
00-0027531,C.Ivory,2013102007,10/20/2013 0:00,-2,0,1,2,34,104,0,0,0,4.75,0,0.5,1.25,12,68.5,0.25,0,0,14.2
00-0027531,C.Ivory,2013111700,11/17/2013 0:00,0,0,0,1,15,98,1,0,0,3.4,0,0.6,1.4,16.4,75.6,0.2,0,0,15.8
00-0027531,C.Ivory,2013120105,12/1/2013 0:00,12,0,1,1,12,61,0,0,0,2.833333333,0,0.5,1.333333333,16.16666667,79.33333333,0.333333333,0,0,8.3
00-0027531,C.Ivory,2013121510,12/15/2013 0:00,0,0,0,1,11,66,0,0,0,2,0,0.5,1.333333333,15.66666667,63.16666667,0.333333333,0,0,6.6
00-0027531,C.Ivory,2014091411,9/14/2014 0:00,3,0,1,1,13,43,1,0,0,2,0,0.5,1.333333333,15.33333333,65.33333333,0.333333333,0,0,11.6
00-0027531,C.Ivory,2014092200,9/22/2014 0:00,52,0,4,4,10,44,0,0,0,2.166666667,0,0.5,1.333333333,15.83333333,64.5,0.333333333,0,0,13.6
00-0027531,C.Ivory,2014092805,9/28/2014 0:00,16,0,2,6,17,84,0,0,0,10.83333333,0,1.166666667,1.666666667,15.83333333,69.33333333,0.333333333,0,0,12
00-0027531,C.Ivory,2014100510,10/5/2014 0:00,0,0,0,1,9,44,0,0,0,13.83333333,0,1.333333333,2.333333333,13,66,0.333333333,0,0,4.4
00-0027531,C.Ivory,2014101206,10/12/2014 0:00,14,0,1,2,8,7,0,0,0,13.83333333,0,1.333333333,2.333333333,12,57,0.166666667,0,0,3.1
00-0027531,C.Ivory,2014101600,10/16/2014 0:00,18,0,4,4,21,107,1,0,0,14.16666667,0,1.333333333,2.5,11.33333333,48,0.166666667,0,0,25.5
00-0027531,C.Ivory,2014102606,10/26/2014 0:00,0,0,0,2,13,43,2,0,0,17.16666667,0,2,3,13,54.83333333,0.333333333,0,0,16.3
00-0027531,C.Ivory,2014120705,12/7/2014 0:00,4,0,1,2,16,73,0,0,0,16.66666667,0,1.833333333,3.166666667,13,54.83333333,0.5,0,0,8.7
00-0027531,C.Ivory,2014121411,12/14/2014 0:00,1,0,1,1,12,25,1,0,0,8.666666667,0,1.333333333,2.833333333,14,59.66666667,0.5,0,0,9.6
00-0027531,C.Ivory,2014122805,12/28/2014 0:00,8,1,1,1,13,29,0,0,0,6.166666667,0,1.166666667,2,13.16666667,49.83333333,0.666666667,0,0,10.7
00-0027531,C.Ivory,2015091305,9/13/2015 0:00,9,0,1,1,20,91,2,0,0,7.5,0.166666667,1.333333333,2,13.83333333,47.33333333,0.666666667,0,0,23
00-0027531,C.Ivory,2015092100,9/21/2015 0:00,3,0,2,2,14,57,0,0,0,6.666666667,0.166666667,1.333333333,1.833333333,15.83333333,61.33333333,1,0,0,8
00-0027531,C.Ivory,2015100400,10/4/2015 0:00,0,0,0,2,29,166,1,0,0,4.166666667,0.166666667,1,1.5,14.66666667,53,0.833333333,0,0,25.6
00-0027531,C.Ivory,2015101801,10/18/2015 0:00,50,0,3,3,20,146,1,0,0,4.166666667,0.166666667,1,1.5,17.33333333,73.5,0.666666667,0,0,31.6
00-0027531,C.Ivory,2015102503,10/25/2015 0:00,12,1,2,2,17,41,0,0,0,11.83333333,0.166666667,1.333333333,1.666666667,18,85.66666667,0.833333333,0,0,13.3
00-0027531,C.Ivory,2015110109,11/1/2015 0:00,24,0,3,5,15,17,0,0,0,13.66666667,0.333333333,1.5,1.833333333,18.83333333,88.33333333,0.666666667,0,0,7.1
00-0027531,C.Ivory,2015110805,11/8/2015 0:00,22,0,3,3,23,26,2,0,0,16.33333333,0.166666667,1.833333333,2.5,19.16666667,86.33333333,0.666666667,0,0,19.8
00-0027531,C.Ivory,2015111200,11/12/2015 0:00,36,0,2,3,18,99,0,0,0,18.5,0.166666667,2.166666667,2.833333333,19.66666667,75.5,0.666666667,0,0,15.5
00-0027531,C.Ivory,2015112203,11/22/2015 0:00,9,0,1,1,8,36,0,0,0,24,0.166666667,2.166666667,3,20.33333333,82.5,0.666666667,0,0,5.5
00-0027531,C.Ivory,2015112905,11/29/2015 0:00,15,0,2,2,21,87,1,0,0,25.5,0.166666667,2.333333333,2.833333333,16.83333333,60.83333333,0.5,0,0,18.2
00-0027531,C.Ivory,2015120600,12/6/2015 0:00,22,0,5,5,10,47,0,0,0,19.66666667,0.166666667,2.166666667,2.666666667,17,51,0.5,0,0,11.9
00-0027531,C.Ivory,2015121301,12/13/2015 0:00,6,0,1,2,22,101,0,0,0,21.33333333,0,2.666666667,3.166666667,15.83333333,52,0.5,0,0,14.7
00-0027531,C.Ivory,2015121900,12/19/2015 0:00,5,0,1,2,13,37,0,0,0,18.33333333,0,2.333333333,2.666666667,17,66,0.5,0,0,5.2
00-0027531,C.Ivory,2015122702,12/27/2015 0:00,4,0,4,4,11,38,0,0,1,15.5,0,2,2.5,15.33333333,67.83333333,0.166666667,0,0,7.2
00-0027531,C.Ivory,2016092504,9/25/2016 0:00,9,0,1,1,12,14,0,0,0,10.16666667,0,2.333333333,2.666666667,14.16666667,57.66666667,0.166666667,0,0.166666667,3.3
00-0027531,C.Ivory,2016100200,10/2/2016 0:00,0,0,0,1,8,29,0,0,0,10.16666667,0,2.333333333,2.666666667,14.83333333,54,0.166666667,0,0.166666667,2.9
00-0027531,C.Ivory,2016101601,10/16/2016 0:00,3,0,2,2,11,32,1,0,0,7.666666667,0,2,2.5,12.66666667,44.33333333,0,0,0.166666667,11.5
00-0027531,C.Ivory,2016110603,11/6/2016 0:00,0,0,1,2,18,107,0,0,0,4.5,0,1.5,2,12.83333333,41.83333333,0.166666667,0,0.166666667,14.7
00-0027531,C.Ivory,2016111302,11/13/2016 0:00,10,0,2,3,9,31,0,0,0,3.5,0,1.5,2,12.16666667,42.83333333,0.166666667,0,0.166666667,6.1
00-0027531,C.Ivory,2016112003,11/20/2016 0:00,75,0,6,6,17,39,0,0,0,4.333333333,0,1.666666667,2.166666667,11.5,41.83333333,0.166666667,0,0.166666667,17.4
00-0027531,C.Ivory,2016112702,11/27/2016 0:00,11,0,1,1,9,44,1,0,0,16.16666667,0,2,2.5,12.5,42,0.166666667,0,0,12.5
00-0027531,C.Ivory,2016121804,12/18/2016 0:00,0,0,0,1,10,44,0,0,0,16.5,0,2,2.5,12,47,0.333333333,0,0,4.4
00-0027531,C.Ivory,2016122405,12/24/2016 0:00,69,0,4,6,14,45,1,0,0,16.5,0,2,2.5,12.33333333,49.5,0.333333333,0,0,21.4
00-0027531,C.Ivory,2017091005,9/10/2017 0:00,11,0,1,2,9,42,0,0,0,27.5,0,2.333333333,3.166666667,12.83333333,51.66666667,0.333333333,0,0,6.3
00-0027531,C.Ivory,2017100108,10/1/2017 0:00,2,0,1,3,9,42,0,0,0,29.33333333,0,2.333333333,3.166666667,11.33333333,40.83333333,0.333333333,0,0,5.4
00-0027531,C.Ivory,2017110502,11/5/2017 0:00,34,0,3,4,20,69,0,0,0,28,0,2.166666667,3.166666667,11.33333333,42.66666667,0.333333333,0,0,13.3
00-0027531,C.Ivory,2018092307,9/23/2018 0:00,70,0,3,4,20,56,0,0,0,21.16666667,0,1.666666667,2.833333333,11.83333333,47.66666667,0.333333333,0,0,15.6
00-0027531,C.Ivory,2018102103,10/21/2018 0:00,25,0,3,6,16,81,0,0,0,31,0,2,3.333333333,13.66666667,49.66666667,0.166666667,0,0,13.6
00-0027531,C.Ivory,2018120900,12/9/2018 0:00,0,0,0,1,12,42,0,0,0,35.16666667,0,2.5,4.166666667,14.66666667,55.83333333,0.166666667,0,0,4.2
00-0027531,C.Ivory,2018123001,12/30/2018 0:00,46,0,1,1,14,45,0,0,0,23.66666667,0,1.833333333,3.333333333,14.33333333,55.33333333,0,0,0,10.1
,,,,,,,,,,,,,29.5,0,1.833333333,3.166666667,15.16666667,55.83333333,0,0,0,0
00-0027651,D.McCluster,2011092509,9/25/2011 0:00,17,0,5,6,9,45,0,0,0,-2,0,4,5,8,51,0,1,1,11.2
00-0027651,D.McCluster,2011102308,10/23/2011 0:00,-3,0,1,2,10,38,0,0,0,7.5,0,4.5,5.5,8.5,48,0,0.5,0.5,4.5
00-0027651,D.McCluster,2011111305,11/13/2011 0:00,48,0,6,8,8,45,0,0,0,4,0,3.333333333,4.333333333,9,44.66666667,0,0.333333333,0.333333333,15.3
00-0027651,D.McCluster,2011112100,11/21/2011 0:00,9,0,2,2,8,39,0,0,0,15,0,4,5.25,8.75,44.75,0,0.25,0.25,6.8
00-0027651,D.McCluster,2011112711,11/27/2011 0:00,11,0,2,2,9,28,0,0,0,13.8,0,3.6,4.6,8.6,43.6,0,0.2,0.2,5.9
00-0027651,D.McCluster,2011120401,12/4/2011 0:00,46,1,4,5,9,61,0,0,0,13.33333333,0,3.333333333,4.166666667,8.666666667,41,0,0.166666667,0.166666667,20.7
00-0027651,D.McCluster,2012010113,1/1/2012 0:00,25,0,3,6,12,61,1,0,0,21.33333333,0.166666667,3.333333333,4.166666667,8.833333333,42.66666667,0,0,0,17.6
00-0027651,D.McCluster,2014090704,9/7/2014 0:00,17,0,1,2,9,29,0,0,0,22.66666667,0.166666667,3,4.166666667,9.333333333,45.33333333,0.166666667,0,0,5.6
00-0027651,D.McCluster,2014113002,11/30/2014 0:00,11,0,2,3,9,33,0,0,0,26,0.166666667,3,4.166666667,9.166666667,43.83333333,0.166666667,0,0,6.4
00-0027651,D.McCluster,2015092003,9/20/2015 0:00,26,0,4,4,10,98,0,0,0,19.83333333,0.166666667,2.333333333,3.333333333,9.333333333,41.83333333,0.166666667,0,0,16.4
00-0027651,D.McCluster,2015101106,10/11/2015 0:00,-2,0,1,1,8,20,0,0,0,22.66666667,0.166666667,2.666666667,3.666666667,9.666666667,51.66666667,0.166666667,0,0,2.8
00-0027651,D.McCluster,2015110803,11/8/2015 0:00,28,0,2,4,8,19,0,0,0,20.5,0.166666667,2.5,3.5,9.5,50.33333333,0.166666667,0,0,6.7
,,,,,,,,,,,,,17.5,0,2.166666667,3.333333333,9.333333333,43.33333333,0.166666667,0,0,0
00-0027666,M.Hardesty,2011101607,10/16/2011 0:00,18,0,2,4,11,35,0,0,0,19,0,3,4,14,67,0,0,0,7.3
00-0027666,M.Hardesty,2011102306,10/23/2011 0:00,27,0,2,2,33,95,0,0,0,18.5,0,2.5,4,12.5,51,0,0,0,14.2
00-0027666,M.Hardesty,2011120800,12/8/2011 0:00,9,0,2,2,11,24,0,0,0,21.33333333,0,2.333333333,3.333333333,19.33333333,65.66666667,0,0,0,5.3
00-0027666,M.Hardesty,2012101403,10/14/2012 0:00,9,0,1,1,15,56,1,0,0,18.25,0,2.25,3,17.25,55.25,0,0,0,13.5
00-0027666,M.Hardesty,2012120901,12/9/2012 0:00,0,0,0,1,10,52,0,0,0,16.4,0,2,2.6,16.8,55.4,0.2,0,0,5.2
00-0027666,M.Hardesty,2012123003,12/30/2012 0:00,0,0,0,1,14,37,0,0,0,13.66666667,0,1.666666667,2.333333333,15.66666667,54.83333333,0.166666667,0,0,3.7
,,,,,,,,,,,,,10.5,0,1.166666667,1.833333333,15.66666667,49.83333333,0.166666667,0,0,0
00-0027712,J.McKnight,2011110600,11/6/2011 0:00,0,0,0,1,9,27,0,0,0,15,0,2,3,32,158,0,0,0,2.7
00-0027712,J.McKnight,2011111700,11/17/2011 0:00,62,0,6,7,16,59,0,0,0,7.5,0,1,2,20.5,92.5,0,0,0,18.1
,,,,,,,,,,,,,25.66666667,0,2.666666667,3.666666667,19,81.33333333,0,0,0,0
00-0027772,A.Dixon,2010120506,12/5/2010 0:00,4,0,1,1,9,33,0,0,0,-5,0,1,1,14,54,1,0,0,4.7
00-0027772,A.Dixon,2010121209,12/12/2010 0:00,8,0,1,1,14,60,0,0,0,-0.5,0,1,1,11.5,43.5,0.5,0,0,7.8
00-0027772,A.Dixon,2011010214,1/2/2011 0:00,2,0,1,1,11,22,0,0,0,2.333333333,0,1,1,12.33333333,49,0.333333333,0,0,3.4
00-0027772,A.Dixon,2012010112,1/1/2012 0:00,6,0,1,1,8,21,1,0,0,2.25,0,1,1,12,42.25,0.25,0,0,9.7
00-0027772,A.Dixon,2014101901,10/19/2014 0:00,15,0,3,4,13,51,0,0,0,3,0,1,1,11.2,38,0.4,0,0,9.6
00-0027772,A.Dixon,2014111300,11/13/2014 0:00,13,0,2,2,10,35,0,0,0,5,0,1.333333333,1.5,11.5,40.16666667,0.333333333,0,0,6.8
00-0027772,A.Dixon,2014112301,11/23/2014 0:00,8,0,1,1,12,54,1,0,0,8,0,1.5,1.666666667,10.83333333,37,0.166666667,0,0,13.2
,,,,,,,,,,,,,8.666666667,0,1.5,1.666666667,11.33333333,40.5,0.333333333,0,0,0
00-0027779,D.Karim,2011111304,11/13/2011 0:00,25,0,3,3,9,7,0,0,0,39,0,3,3,14,33,0,0,0,6.2
00-0027779,D.Karim,2013122203,12/22/2013 0:00,-1,0,1,1,8,30,0,0,0,32,0,3,3,11.5,20,0,0,0,3.9
,,,,,,,,,,,,,21,0,2.333333333,2.333333333,10.33333333,23.33333333,0,0,0,0
00-0027786,J.Dwyer,2012090912,9/9/2012 0:00,11,0,2,4,9,43,0,0,0,6,0,1,1,11,107,0,0,0,7.4
00-0027786,J.Dwyer,2012091610,9/16/2012 0:00,12,0,1,2,12,28,0,0,0,8.5,0,1.5,2.5,10,75,0,0,0,5
00-0027786,J.Dwyer,2012102808,10/28/2012 0:00,8,0,1,1,17,107,0,0,0,9.666666667,0,1.333333333,2.333333333,10.66666667,59.33333333,0,0,0,15.5
00-0027786,J.Dwyer,2012111200,11/12/2012 0:00,4,0,1,1,19,56,0,0,0,9.25,0,1.25,2,12.25,71.25,0,0,0,7
00-0027786,J.Dwyer,2012111811,11/18/2012 0:00,26,0,3,3,12,55,0,0,0,8.2,0,1.2,1.8,13.6,68.2,0,0,0,11.1
00-0027786,J.Dwyer,2012112501,11/25/2012 0:00,9,0,2,2,9,19,0,0,0,11.16666667,0,1.5,2,13.33333333,66,0,0,0,4.8
00-0027786,J.Dwyer,2012120210,12/2/2012 0:00,8,0,3,4,16,49,1,0,0,11.66666667,0,1.666666667,2.166666667,13,51.33333333,0,0,0,14.7
00-0027786,J.Dwyer,2012120902,12/9/2012 0:00,18,0,3,4,8,32,0,0,0,11.16666667,0,1.833333333,2.166666667,14.16666667,52.33333333,0.166666667,0,0,8
00-0027786,J.Dwyer,2012121611,12/16/2012 0:00,0,0,0,1,9,22,1,0,0,12.16666667,0,2.166666667,2.5,13.5,53,0.166666667,0,0,8.2
00-0027786,J.Dwyer,2012123003,12/30/2012 0:00,9,0,1,2,11,52,0,0,0,10.83333333,0,2,2.5,12.16666667,38.83333333,0.333333333,0,0,7.1
00-0027786,J.Dwyer,2013092213,9/22/2013 0:00,9,0,1,3,12,39,0,0,0,11.66666667,0,2,2.666666667,10.83333333,38.16666667,0.333333333,0,0,5.8
00-0027786,J.Dwyer,2014090801,9/8/2014 0:00,8,0,2,3,8,20,0,0,0,8.833333333,0,1.666666667,2.666666667,10.83333333,35.5,0.333333333,0,0,4.8
,,,,,,,,,,,,,8.666666667,0,1.666666667,2.833333333,10.66666667,35.66666667,0.333333333,0,0,0
00-0027791,J.Starks,2011091807,9/18/2011 0:00,30,0,3,4,9,85,0,0,0,0,0,0,1,12,57,1,0,0,14.5
00-0027791,J.Starks,2011092511,9/25/2011 0:00,9,0,3,4,11,5,0,0,0,15,0,1.5,2.5,10.5,71,0.5,0,0,4.4
00-0027791,J.Starks,2011100211,10/2/2011 0:00,38,0,5,6,13,63,0,0,0,13,0,2,3,10.66666667,49,0.333333333,0,0,15.1
00-0027791,J.Starks,2011100911,10/9/2011 0:00,19,0,2,3,12,40,0,0,0,19.25,0,2.75,3.75,11.25,52.5,0.25,0,0,7.9
00-0027791,J.Starks,2011101605,10/16/2011 0:00,17,0,2,2,13,49,0,0,0,19.2,0,2.6,3.6,11.4,50,0.2,0,0,8.6
00-0027791,J.Starks,2011102309,10/23/2011 0:00,24,0,3,4,13,75,0,0,0,18.83333333,0,2.5,3.333333333,11.66666667,49.83333333,0.166666667,0,0,12.9
00-0027791,J.Starks,2011110610,11/6/2011 0:00,9,0,1,1,13,66,0,0,0,22.83333333,0,3,3.833333333,11.83333333,52.83333333,0,0,0,8.5
00-0027791,J.Starks,2011111400,11/14/2011 0:00,11,0,3,4,13,63,0,0,0,19.33333333,0,2.666666667,3.333333333,12.5,49.66666667,0,0,0,10.4
00-0027791,J.Starks,2011112007,11/20/2011 0:00,53,0,6,6,11,38,0,0,0,19.66666667,0,2.666666667,3.333333333,12.83333333,59.33333333,0,0,0,15.1
00-0027791,J.Starks,2012111801,11/18/2012 0:00,6,0,1,1,25,74,0,0,0,22.16666667,0,2.833333333,3.333333333,12.5,55.16666667,0,0,0,9
00-0027791,J.Starks,2012112511,11/25/2012 0:00,0,0,0,1,8,35,0,0,0,20,0,2.666666667,3,14.66666667,60.83333333,0,0,0,3.5
00-0027791,J.Starks,2012120201,12/2/2012 0:00,16,0,2,2,15,66,1,0,0,17.16666667,0,2.333333333,2.833333333,13.83333333,58.5,0,0,0,16.2
00-0027791,J.Starks,2013091504,9/15/2013 0:00,36,0,4,5,20,132,1,0,0,15.83333333,0,2.166666667,2.5,14.16666667,57,0.166666667,0,0,29.8
00-0027791,J.Starks,2013122212,12/22/2013 0:00,23,0,1,1,10,47,0,0,0,20.33333333,0,2.666666667,3.166666667,15.33333333,68,0.333333333,0,0,8
00-0027791,J.Starks,2013122901,12/29/2013 0:00,7,0,1,2,11,88,0,0,0,22.33333333,0,2.333333333,2.666666667,14.83333333,65.33333333,0.333333333,0,0,10.5
00-0027791,J.Starks,2014092103,9/21/2014 0:00,0,0,0,1,8,38,0,0,0,14.66666667,0,1.5,2,14.83333333,73.66666667,0.333333333,0,0,3.8
00-0027791,J.Starks,2014100200,10/2/2014 0:00,2,0,2,2,12,46,0,0,0,13.66666667,0,1.333333333,2,12,67.66666667,0.333333333,0,0,6.8
00-0027791,J.Starks,2014101204,10/12/2014 0:00,11,0,2,5,8,31,0,0,0,14,0,1.666666667,2.166666667,12.66666667,69.5,0.333333333,0,0,6.2
00-0027791,J.Starks,2014111603,11/16/2014 0:00,17,0,2,2,8,9,0,0,0,13.16666667,0,1.666666667,2.666666667,11.5,63.66666667,0.166666667,0,0,4.6
00-0027791,J.Starks,2014120800,12/8/2014 0:00,26,0,2,2,10,75,1,0,0,10,0,1.333333333,2.166666667,9.5,43.16666667,0,0,0,18.1
00-0027791,J.Starks,2015092013,9/20/2015 0:00,11,0,4,4,20,95,0,1,1,10.5,0,1.5,2.333333333,9.5,47.83333333,0.166666667,0,0,13.6
00-0027791,J.Starks,2015092800,9/28/2015 0:00,19,0,1,1,17,32,0,0,0,11.16666667,0,2,2.666666667,11,49,0.166666667,0.166666667,0.166666667,6.1
00-0027791,J.Starks,2015100409,10/4/2015 0:00,11,0,2,2,9,28,0,0,0,14.33333333,0,2.166666667,2.666666667,12.5,48,0.166666667,0.166666667,0.166666667,5.9
00-0027791,J.Starks,2015101809,10/18/2015 0:00,5,1,1,2,10,112,1,0,0,15.83333333,0,2.166666667,2.666666667,12,45,0.166666667,0.166666667,0.166666667,27.7
00-0027791,J.Starks,2015110801,11/8/2015 0:00,71,1,6,8,10,39,0,0,0,14.83333333,0.166666667,2,2.166666667,12.33333333,58.5,0.333333333,0.166666667,0.166666667,23
00-0027791,J.Starks,2015111501,11/15/2015 0:00,54,0,6,7,15,42,0,0,0,23.83333333,0.333333333,2.666666667,3.166666667,12.66666667,63.5,0.333333333,0.166666667,0.166666667,15.6
00-0027791,J.Starks,2015112205,11/22/2015 0:00,30,0,1,1,8,14,0,0,0,28.5,0.333333333,3.333333333,4,13.5,58,0.166666667,0.166666667,0.166666667,5.4
00-0027791,J.Starks,2015120300,12/3/2015 0:00,45,0,5,7,9,15,0,0,0,31.66666667,0.333333333,2.833333333,3.5,11.5,44.5,0.166666667,0,0,11
00-0027791,J.Starks,2015121312,12/13/2015 0:00,32,1,4,4,11,71,1,0,0,36,0.333333333,3.5,4.5,10.16666667,41.66666667,0.166666667,0,0,26.3
00-0027791,J.Starks,2015122009,12/20/2015 0:00,5,0,1,1,9,51,0,0,0,39.5,0.5,3.833333333,4.833333333,10.5,48.83333333,0.333333333,0,0,6.6
00-0027791,J.Starks,2016010310,1/3/2016 0:00,18,0,3,3,8,24,0,0,0,39.5,0.333333333,3.833333333,4.666666667,10.33333333,38.66666667,0.166666667,0,0,7.2
00-0027791,J.Starks,2016100911,10/9/2016 0:00,19,0,3,6,12,33,0,0,1,30.66666667,0.166666667,3.333333333,3.833333333,10,36.16666667,0.166666667,0,0,7.2
00-0027791,J.Starks,2016111307,11/13/2016 0:00,11,1,3,4,8,33,0,0,0,24.83333333,0.166666667,2.833333333,3.666666667,9.5,34.66666667,0.166666667,0,0.166666667,13.4
00-0027791,J.Starks,2016112011,11/20/2016 0:00,46,1,5,6,9,25,0,0,0,21.66666667,0.333333333,3.166666667,4.166666667,9.5,37.83333333,0.166666667,0,0.166666667,18.1
00-0027791,J.Starks,2016112800,11/28/2016 0:00,27,0,5,5,17,41,0,0,0,21.83333333,0.5,3.166666667,4,9.5,39.5,0.166666667,0,0.166666667,11.8
,,,,,,,,,,,,,21,0.333333333,3.333333333,4.166666667,10.5,34.5,0,0,0.166666667,0
00-0027861,C.Spiller,2011112700,11/27/2011 0:00,15,0,3,3,19,55,0,0,0,21,0,2,2,9,16,0,0,0,10
00-0027861,C.Spiller,2011120402,12/4/2011 0:00,19,0,3,6,14,83,1,0,0,18,0,2.5,2.5,14,35.5,0,0,0,19.2
00-0027861,C.Spiller,2011121112,12/11/2011 0:00,10,0,3,4,12,46,0,0,0,18.33333333,0,2.666666667,3.666666667,14,51.33333333,0.333333333,0,0,8.6
00-0027861,C.Spiller,2011121801,12/18/2011 0:00,78,1,9,11,12,91,1,0,0,16.25,0,2.75,3.75,13.5,50,0.25,0,0,37.9
00-0027861,C.Spiller,2011122400,12/24/2011 0:00,27,0,2,3,16,111,1,0,0,28.6,0.2,4,5.2,13.2,58.2,0.4,0,0,24.8
00-0027861,C.Spiller,2012010101,1/1/2012 0:00,40,1,4,8,13,60,0,0,0,28.33333333,0.166666667,3.666666667,4.833333333,13.66666667,67,0.5,0,0,20
00-0027861,C.Spiller,2012090902,9/9/2012 0:00,25,0,2,3,14,169,1,1,1,31.5,0.333333333,4,5.833333333,14.33333333,74.33333333,0.5,0,0,29.4
00-0027861,C.Spiller,2012091605,9/16/2012 0:00,47,0,3,3,15,123,2,0,0,33.16666667,0.333333333,3.833333333,5.833333333,13.5,93.33333333,0.666666667,0.166666667,0.166666667,35
00-0027861,C.Spiller,2012093000,9/30/2012 0:00,5,0,2,2,8,33,0,0,0,37.83333333,0.333333333,3.833333333,5.333333333,13.66666667,100,0.833333333,0.166666667,0.166666667,5.8
00-0027861,C.Spiller,2012101407,10/14/2012 0:00,22,0,4,5,12,88,1,0,0,37,0.333333333,3.666666667,5,13,97.83333333,0.833333333,0.166666667,0.166666667,21
00-0027861,C.Spiller,2012102107,10/21/2012 0:00,32,0,6,6,12,70,0,0,0,27.66666667,0.166666667,2.833333333,4,13,97.33333333,0.833333333,0.166666667,0.166666667,16.2
00-0027861,C.Spiller,2012111103,11/11/2012 0:00,61,0,4,4,9,70,0,0,0,28.5,0.166666667,3.5,4.5,12.33333333,90.5,0.666666667,0.166666667,0.166666667,17.1
00-0027861,C.Spiller,2012111500,11/15/2012 0:00,39,0,3,4,22,91,0,0,0,32,0,3.5,3.833333333,11.66666667,92.16666667,0.666666667,0.166666667,0.166666667,16
00-0027861,C.Spiller,2012112502,11/25/2012 0:00,-4,0,1,3,14,107,0,0,0,34.33333333,0,3.666666667,4,13,79.16666667,0.5,0,0,14.3
00-0027861,C.Spiller,2012120206,12/2/2012 0:00,7,0,1,1,14,77,1,0,0,25.83333333,0,3.333333333,4,12.83333333,76.5,0.166666667,0,0,15.4
00-0027861,C.Spiller,2012121610,12/16/2012 0:00,-2,0,3,5,17,103,1,0,0,26.16666667,0,3.166666667,3.833333333,13.83333333,83.83333333,0.333333333,0,0,22.1
00-0027861,C.Spiller,2012122302,12/23/2012 0:00,35,0,4,5,22,138,0,0,0,22.16666667,0,3,3.833333333,14.66666667,86.33333333,0.333333333,0,0,24.3
00-0027861,C.Spiller,2012123000,12/30/2012 0:00,72,1,2,7,24,59,0,0,0,22.66666667,0,2.666666667,3.666666667,16.33333333,97.66666667,0.333333333,0,0,21.1
00-0027861,C.Spiller,2013090800,9/8/2013 0:00,14,0,5,6,17,41,0,0,0,24.5,0.166666667,2.333333333,4.166666667,18.83333333,95.83333333,0.333333333,0,0,10.5
00-0027861,C.Spiller,2013091502,9/15/2013 0:00,26,0,4,5,16,103,0,0,0,20.33333333,0.166666667,2.666666667,4.5,18,87.5,0.333333333,0,0,19.9
00-0027861,C.Spiller,2013092205,9/22/2013 0:00,1,0,1,1,10,9,0,0,0,25.33333333,0.166666667,3.166666667,4.833333333,18.33333333,86.83333333,0.333333333,0,0,2
00-0027861,C.Spiller,2013101301,10/13/2013 0:00,11,0,2,2,10,55,0,0,0,24.33333333,0.166666667,3.166666667,4.833333333,17.66666667,75.5,0.166666667,0,0,8.6
00-0027861,C.Spiller,2013110300,11/3/2013 0:00,39,0,2,3,12,116,0,0,0,26.5,0.166666667,3,4.333333333,16.5,67.5,0,0,0,20.5
00-0027861,C.Spiller,2013111006,11/10/2013 0:00,11,0,3,3,8,23,0,0,0,27.16666667,0.166666667,2.666666667,4,14.83333333,63.83333333,0,0,0,6.4
00-0027861,C.Spiller,2013111700,11/17/2013 0:00,10,0,2,2,13,6,0,0,0,17,0,2.833333333,3.333333333,12.16666667,57.83333333,0,0,0,3.6
00-0027861,C.Spiller,2013120107,12/1/2013 0:00,8,0,2,4,15,149,1,0,0,16.33333333,0,2.333333333,2.666666667,11.5,52,0,0,0,26.7
00-0027861,C.Spiller,2013120807,12/8/2013 0:00,26,0,1,1,11,22,0,0,0,13.33333333,0,2,2.5,11.33333333,59.66666667,0.166666667,0,0,5.8
00-0027861,C.Spiller,2013121503,12/15/2013 0:00,1,0,1,2,13,67,0,0,0,17.5,0,2,2.5,11.5,61.83333333,0.166666667,0,0,7.8
00-0027861,C.Spiller,2013122200,12/22/2013 0:00,26,0,3,4,20,77,0,0,0,15.83333333,0,1.833333333,2.5,12,63.83333333,0.166666667,0,0,13.3
00-0027861,C.Spiller,2013122907,12/29/2013 0:00,28,0,5,5,19,105,0,0,0,13.66666667,0,2,2.666666667,13.33333333,57.33333333,0.166666667,0,0,21.3
00-0027861,C.Spiller,2014090702,9/7/2014 0:00,11,1,3,3,15,53,0,0,0,16.5,0,2.333333333,3,15.16666667,71,0.166666667,0,0,15.4
00-0027861,C.Spiller,2014091400,9/14/2014 0:00,9,0,1,1,12,69,0,0,0,16.66666667,0.166666667,2.5,3.166666667,15.5,78.83333333,0.166666667,0,0,8.8
00-0027861,C.Spiller,2014092100,9/21/2014 0:00,37,0,3,3,10,25,0,0,0,16.83333333,0.166666667,2.333333333,2.666666667,15,65.5,0,0,0,9.2
00-0027861,C.Spiller,2014092802,9/28/2014 0:00,24,0,3,3,15,60,0,0,0,18.66666667,0.166666667,2.666666667,3,14.83333333,66,0,0,0,11.4
00-0027861,C.Spiller,2014100502,10/5/2014 0:00,25,0,3,4,9,7,0,0,0,22.5,0.166666667,3,3.166666667,15.16666667,64.83333333,0,0,0,6.2
,,,,,,,,,,,,,22.33333333,0.166666667,3,3.166666667,13.33333333,53.16666667,0,0,0,0
00-0027864,R.Mathews,2010100311,10/3/2010 0:00,13,0,1,1,9,55,1,0,0,2,0,1,2,19,75,0,0,0,13.8
00-0027864,R.Mathews,2010101011,10/10/2010 0:00,0,0,1,1,9,59,0,0,0,7.5,0,1,1.5,14,65,0.5,0,0,6.9
00-0027864,R.Mathews,2010101701,10/17/2010 0:00,12,0,3,4,12,64,0,0,0,5,0,1,1.333333333,12.33333333,63,0.333333333,0,0,10.6
00-0027864,R.Mathews,2010102410,10/24/2010 0:00,7,0,2,3,8,15,0,0,0,6.75,0,1.5,2,12.25,63.25,0.25,0,0,4.2
00-0027864,R.Mathews,2010103107,10/31/2010 0:00,11,0,3,3,15,43,1,0,0,6.8,0,1.6,2.2,11.4,53.6,0.2,0,0,14.4
00-0027864,R.Mathews,2010110703,11/7/2010 0:00,18,0,2,2,9,42,0,0,0,7.5,0,1.833333333,2.333333333,12,51.83333333,0.333333333,0,0,8
00-0027864,R.Mathews,2010121212,12/12/2010 0:00,6,0,1,2,16,65,1,0,0,10.16666667,0,2,2.333333333,10.33333333,46.33333333,0.333333333,0,0,14.1
00-0027864,R.Mathews,2010122612,12/26/2010 0:00,28,0,3,3,12,55,1,0,0,9,0,2,2.5,11.5,48,0.333333333,0,0,17.3
00-0027864,R.Mathews,2011010213,1/2/2011 0:00,19,0,3,3,26,120,3,0,0,13.66666667,0,2.333333333,2.833333333,12,47.33333333,0.5,0,0,37.9
00-0027864,R.Mathews,2011091111,9/11/2011 0:00,73,0,3,5,12,45,0,0,0,14.83333333,0,2.333333333,2.666666667,14.33333333,56.66666667,1,0,0,14.8
00-0027864,R.Mathews,2011091811,9/18/2011 0:00,62,0,7,9,12,64,1,0,0,25.83333333,0,2.5,3,15,61.66666667,1,0,0,25.6
00-0027864,R.Mathews,2011092509,9/25/2011 0:00,51,0,4,4,21,98,2,0,0,34.33333333,0,3.166666667,4,14.5,65.16666667,1,0,0,30.9
00-0027864,R.Mathews,2011100213,10/2/2011 0:00,68,0,5,5,16,81,0,0,0,39.83333333,0,3.5,4.333333333,16.5,74.5,1.333333333,0,0,19.9
00-0027864,R.Mathews,2011100910,10/9/2011 0:00,7,0,1,1,24,125,0,0,0,50.16666667,0,4.166666667,4.833333333,16.5,77.16666667,1.166666667,0,0,17.2
00-0027864,R.Mathews,2011102301,10/23/2011 0:00,26,0,4,5,13,39,0,0,0,46.66666667,0,3.833333333,4.5,18.5,88.83333333,1,0,0,10.5
00-0027864,R.Mathews,2011103100,10/31/2011 0:00,55,0,6,7,13,57,0,0,0,47.83333333,0,4,4.833333333,16.33333333,75.33333333,0.5,0,0,17.2
00-0027864,R.Mathews,2011112010,11/20/2011 0:00,14,0,2,2,13,37,0,0,0,44.83333333,0,4.5,5.166666667,16.5,77.33333333,0.5,0,0,7.1
00-0027864,R.Mathews,2011112710,11/27/2011 0:00,5,0,1,1,22,137,0,0,0,36.83333333,0,3.666666667,4,16.66666667,72.83333333,0.333333333,0,0,18.2
00-0027864,R.Mathews,2011120500,12/5/2011 0:00,2,0,3,3,13,112,1,0,0,29.16666667,0,3.166666667,3.5,16.83333333,79.33333333,0,0,0,23.4
00-0027864,R.Mathews,2011121112,12/11/2011 0:00,34,0,6,6,20,114,0,0,0,18.16666667,0,2.833333333,3.166666667,16.33333333,84.5,0.166666667,0,0,23.8
00-0027864,R.Mathews,2011121812,12/18/2011 0:00,19,0,2,2,26,90,2,0,0,22.66666667,0,3.666666667,4,15.66666667,82.66666667,0.166666667,0,0,24.9
00-0027864,R.Mathews,2011122410,12/24/2011 0:00,16,0,3,4,11,58,0,0,0,21.5,0,3.333333333,3.5,17.83333333,91.16666667,0.5,0,0,10.4
00-0027864,R.Mathews,2012092310,9/23/2012 0:00,32,0,5,8,10,44,0,0,0,15,0,2.833333333,3,17.5,91.33333333,0.5,0,0,12.6
00-0027864,R.Mathews,2012093002,9/30/2012 0:00,21,0,2,2,14,61,0,0,0,18,0,3.333333333,4,17,92.5,0.5,0,0,10.2
00-0027864,R.Mathews,2012100711,10/7/2012 0:00,59,0,6,8,12,80,1,0,0,20.66666667,0,3.5,4.166666667,15.66666667,79.83333333,0.5,0,0,25.9
00-0027864,R.Mathews,2012101500,10/15/2012 0:00,19,0,4,5,22,74,0,0,0,30.16666667,0,4,5,15.5,74.5,0.5,0,0,13.3
00-0027864,R.Mathews,2012102802,10/28/2012 0:00,9,0,2,4,24,95,0,0,0,27.66666667,0,3.666666667,4.833333333,15.83333333,67.83333333,0.5,0,0,12.4
00-0027864,R.Mathews,2012110100,11/1/2012 0:00,5,0,2,2,13,67,0,0,0,26,0,3.666666667,5.166666667,15.5,68.66666667,0.166666667,0,0,9.2
00-0027864,R.Mathews,2012111101,11/11/2012 0:00,22,0,5,6,17,54,0,0,0,24.16666667,0,3.5,4.833333333,15.83333333,70.16666667,0.166666667,0,0,12.6
00-0027864,R.Mathews,2012111810,11/18/2012 0:00,36,0,4,4,15,47,0,0,0,22.5,0,3.5,4.5,17,71.83333333,0.166666667,0,0,12.3
00-0027864,R.Mathews,2012112508,11/25/2012 0:00,16,0,3,3,19,72,0,0,0,25,0,3.833333333,4.833333333,17.16666667,69.5,0.166666667,0,0,11.8
00-0027864,R.Mathews,2012120212,12/2/2012 0:00,25,0,3,7,9,26,0,0,0,17.83333333,0,3.333333333,4,18.33333333,68.16666667,0,0,0,8.1
00-0027864,R.Mathews,2012120902,12/9/2012 0:00,0,0,0,1,25,65,0,0,0,18.83333333,0,3.166666667,4.333333333,16.16666667,60.16666667,0,0,0,6.5
00-0027864,R.Mathews,2013090901,9/9/2013 0:00,22,1,2,2,13,33,0,0,0,17.33333333,0,2.833333333,3.833333333,16.33333333,55.16666667,0,0,0,13.5
00-0027864,R.Mathews,2013091508,9/15/2013 0:00,3,0,1,1,16,73,0,0,0,20.16666667,0.166666667,2.833333333,3.833333333,16.33333333,49.5,0,0,0,8.6
00-0027864,R.Mathews,2013092911,9/29/2013 0:00,41,0,4,4,19,62,0,0,0,17,0.166666667,2.166666667,3,16.16666667,52.66666667,0,0,0,14.3
00-0027864,R.Mathews,2013101400,10/14/2013 0:00,0,0,0,1,22,102,0,0,0,17.83333333,0.166666667,2.166666667,3,16.83333333,55.16666667,0,0,0,13.2
00-0027864,R.Mathews,2013111010,11/10/2013 0:00,2,0,1,2,14,59,1,0,0,15.16666667,0.166666667,1.666666667,2.666666667,17.33333333,60.16666667,0,0,0,13.1
00-0027864,R.Mathews,2013111705,11/17/2013 0:00,16,0,2,2,19,127,0,0,0,11.33333333,0.166666667,1.333333333,1.833333333,18.16666667,65.66666667,0.166666667,0,0,19.3
00-0027864,R.Mathews,2013112405,11/24/2013 0:00,10,0,2,2,14,55,1,0,0,14,0.166666667,1.666666667,2,17.16666667,76,0.166666667,0,0,14.5
00-0027864,R.Mathews,2013120110,12/1/2013 0:00,31,0,5,6,14,61,0,0,0,12,0,1.666666667,2,17.33333333,79.66666667,0.333333333,0,0,14.2
00-0027864,R.Mathews,2013120811,12/8/2013 0:00,32,0,3,4,29,103,1,0,0,16.66666667,0,2.333333333,2.833333333,17,77.66666667,0.333333333,0,0,25.5
00-0027864,R.Mathews,2013121200,12/12/2013 0:00,1,0,1,1,29,127,1,0,0,15.16666667,0,2.166666667,2.833333333,18.66666667,84.5,0.5,0,0,22.8
00-0027864,R.Mathews,2013122213,12/22/2013 0:00,20,0,3,5,25,99,1,0,0,15.33333333,0,2.333333333,2.833333333,19.83333333,88.66666667,0.666666667,0,0,20.9
00-0027864,R.Mathews,2013122914,12/29/2013 0:00,11,0,2,3,24,144,0,0,0,18.33333333,0,2.666666667,3.333333333,21.66666667,95.33333333,0.666666667,0,0,20.5
00-0027864,R.Mathews,2014090801,9/8/2014 0:00,20,0,2,2,12,40,1,0,0,17.5,0,2.666666667,3.5,22.5,98.16666667,0.666666667,0,0,14
00-0027864,Ry.Mathews,2014111609,11/16/2014 0:00,5,0,1,1,16,70,0,0,0,19.16666667,0,2.666666667,3.5,22.16666667,95.66666667,0.666666667,0,0,8.5
00-0027864,Ry.Mathews,2014112308,11/23/2014 0:00,8,0,2,2,12,105,1,0,0,14.83333333,0,2,2.666666667,22.5,97.16666667,0.666666667,0,0,22.3
00-0027864,Ry.Mathews,2014113000,11/30/2014 0:00,6,0,1,2,13,38,1,0,0,10.83333333,0,1.833333333,2.333333333,19.66666667,97.5,0.666666667,0,0,11.4
00-0027864,Ry.Mathews,2014120713,12/7/2014 0:00,4,0,1,1,11,44,0,0,0,11.66666667,0,1.833333333,2.5,17,82.66666667,0.666666667,0,0,5.8
00-0027864,R.Mathews,2015092702,9/27/2015 0:00,20,1,2,4,25,108,0,0,0,9,0,1.5,1.833333333,14.66666667,73.5,0.5,0,0,23.8
00-0027864,R.Mathews,2015101100,10/11/2015 0:00,23,0,3,3,8,73,1,0,0,10.5,0.166666667,1.5,2,14.83333333,67.5,0.5,0,0,18.6
00-0027864,R.Mathews,2015101900,10/19/2015 0:00,6,0,1,1,9,40,0,0,0,11,0.166666667,1.666666667,2.166666667,14.16666667,73,0.5,0,0,5.6
00-0027864,R.Mathews,2015110810,11/8/2015 0:00,0,0,0,1,11,67,1,0,0,11.16666667,0.166666667,1.666666667,2.166666667,13,68,0.5,0,0,12.7
00-0027864,R.Mathews,2015111505,11/15/2015 0:00,22,0,2,3,8,18,1,0,0,9.833333333,0.166666667,1.333333333,2,12.83333333,61.66666667,0.5,0,0,12
00-0027864,R.Mathews,2015121300,12/13/2015 0:00,4,0,2,2,13,38,0,0,0,12.5,0.166666667,1.5,2.166666667,12,58.33333333,0.5,0,0,6.2
00-0027864,R.Mathews,2015122001,12/20/2015 0:00,3,0,1,2,11,58,0,0,0,12.5,0.166666667,1.666666667,2.333333333,12.33333333,57.33333333,0.5,0,0,7.1
00-0027864,R.Mathews,2016091900,9/19/2016 0:00,3,0,1,1,9,32,2,0,0,9.666666667,0,1.5,2,10,49,0.5,0,0,16.5
00-0027864,R.Mathews,2016100902,10/9/2016 0:00,33,1,5,5,11,42,0,0,0,6.333333333,0,1.166666667,1.666666667,10.16666667,42.16666667,0.666666667,0,0,18.5
00-0027864,R.Mathews,2016102307,10/23/2016 0:00,27,0,1,1,14,56,0,0,0,10.83333333,0.166666667,1.833333333,2.333333333,10.5,42.5,0.666666667,0,0,9.3
00-0027864,R.Mathews,2016111305,11/13/2016 0:00,30,0,2,2,20,111,2,0,0,15.33333333,0.166666667,2,2.333333333,11,40.66666667,0.5,0,0,31.1
00-0027864,R.Mathews,2016121107,12/11/2016 0:00,0,0,0,1,15,60,0,0,0,16.66666667,0.166666667,2,2.166666667,13,56.16666667,0.666666667,0,0,6
00-0027864,R.Mathews,2016121800,12/18/2016 0:00,5,0,1,1,21,130,1,0,0,16,0.166666667,1.666666667,2,13.33333333,59.83333333,0.666666667,0,0,23.5
00-0027864,R.Mathews,2016122200,12/22/2016 0:00,16,0,1,1,18,46,0,0,0,16.33333333,0.166666667,1.666666667,1.833333333,15,71.83333333,0.833333333,0,0,7.2
,,,,,,,,,,,,,18.5,0.166666667,1.666666667,1.833333333,16.5,74.16666667,0.5,0,0,0
,,,,,,,,,,,,,0,0,0,1,12,118,0,0,0,0
00-0027880,J.Best,2010091906,9/19/2010 0:00,154,1,9,14,17,78,2,0,0,16,0,5,6,14,20,2,0,0,53.2
00-0027880,J.Best,2010100304,10/3/2010 0:00,34,0,5,7,12,50,0,0,0,85,0.5,7,10,15.5,49,2,0,0,13.4
00-0027880,J.Best,2010101004,10/10/2010 0:00,37,0,4,4,18,67,0,0,0,68,0.333333333,6.333333333,9,14.33333333,49.33333333,1.333333333,0,0,14.4
00-0027880,J.Best,2010101705,10/17/2010 0:00,31,0,6,6,12,16,0,0,0,60.25,0.25,5.75,7.75,15.25,53.75,1,0,0,10.7
00-0027880,J.Best,2010103104,10/31/2010 0:00,31,0,5,8,12,48,0,0,0,54.4,0.2,5.8,7.4,14.6,46.2,0.8,0,0,12.9
00-0027880,J.Best,2010110700,11/7/2010 0:00,40,0,5,9,16,48,0,0,0,50.5,0.166666667,5.666666667,7.5,14.16666667,46.5,0.666666667,0,0,13.8
00-0027880,J.Best,2010111406,11/14/2010 0:00,4,0,4,5,17,35,0,0,0,54.5,0.166666667,5.666666667,8,14.5,51.16666667,0.333333333,0,0,7.9
00-0027880,J.Best,2010120505,12/5/2010 0:00,32,0,1,1,9,65,0,0,0,29.5,0,4.833333333,6.5,14.5,44,0,0,0,10.7
00-0027880,J.Best,2010121205,12/12/2010 0:00,4,0,1,2,13,38,0,0,0,29.16666667,0,4.166666667,5.5,14,46.5,0,0,0,5.2
00-0027880,J.Best,2011010209,1/2/2011 0:00,23,0,6,7,10,34,0,0,0,23.66666667,0,3.666666667,5.166666667,13.16666667,41.66666667,0,0,0,11.7
00-0027880,J.Best,2011091106,9/11/2011 0:00,42,0,4,5,21,72,0,0,0,22.33333333,0,3.666666667,5.333333333,12.83333333,44.66666667,0,0,0,15.4
00-0027880,J.Best,2011091800,9/18/2011 0:00,66,1,6,8,16,57,1,0,0,24.16666667,0,3.5,4.833333333,14.33333333,48.66666667,0,0,0,30.3
00-0027880,J.Best,2011092506,9/25/2011 0:00,74,0,5,7,12,14,0,0,0,28.5,0.166666667,3.666666667,4.666666667,14.33333333,50.16666667,0.166666667,0,0,13.8
00-0027880,J.Best,2011100203,10/2/2011 0:00,23,0,2,8,11,47,0,0,0,40.16666667,0.166666667,3.833333333,5,13.5,46.66666667,0.166666667,0,0,9
00-0027880,J.Best,2011101000,10/10/2011 0:00,9,0,4,4,12,163,1,0,0,38.66666667,0.166666667,4,6.166666667,13.83333333,43.66666667,0.166666667,0,0,30.2
00-0027880,J.Best,2011101604,10/16/2011 0:00,73,0,6,8,12,37,0,0,0,39.5,0.166666667,4.5,6.5,13.66666667,64.5,0.333333333,0,0,17
,,,,,,,,,,,,,47.83333333,0.166666667,4.5,6.666666667,14,65,0.333333333,0,0,0
00-0027888,T.Gerhart,2010120500,12/5/2010 0:00,-2,0,1,2,12,54,0,0,0,5,0,2,2,22,76,1,0,0,6.2
00-0027888,T.Gerhart,2010122000,12/20/2010 0:00,18,0,3,4,16,77,0,1,1,1.5,0,1.5,2,17,65,0.5,0,0,11.5
00-0027888,T.Gerhart,2011112703,11/27/2011 0:00,19,0,2,3,17,44,1,0,0,7,0,2,2.666666667,16.66666667,69,0.333333333,0.333333333,0.333333333,14.3
00-0027888,T.Gerhart,2011120409,12/4/2011 0:00,42,0,8,8,21,91,0,0,0,10,0,2,2.75,16.75,62.75,0.5,0.25,0.25,21.3
00-0027888,T.Gerhart,2011121105,12/11/2011 0:00,19,1,3,3,19,90,0,0,0,16.4,0,3.2,3.8,17.6,68.4,0.4,0.2,0.2,19.9
00-0027888,T.Gerhart,2011122406,12/24/2011 0:00,0,0,0,1,11,109,0,0,0,16.83333333,0.166666667,3.166666667,3.666666667,17.83333333,72,0.333333333,0.166666667,0.166666667,13.9
00-0027888,T.Gerhart,2012010109,1/1/2012 0:00,3,0,1,2,15,67,0,0,0,16,0.166666667,2.833333333,3.5,16,77.5,0.166666667,0.166666667,0.166666667,8
00-0027888,T.Gerhart,2012092302,9/23/2012 0:00,20,0,2,4,8,18,0,0,0,16.83333333,0.166666667,2.833333333,3.5,16.5,79.66666667,0.166666667,0.166666667,0.166666667,5.8
00-0027888,T.Gerhart,2012122310,12/23/2012 0:00,5,0,1,2,8,31,1,0,0,17.16666667,0.166666667,2.666666667,3.5,15.16666667,69.83333333,0.166666667,0,0,10.6
00-0027888,T.Gerhart,2013112403,11/24/2013 0:00,5,0,1,1,8,91,0,0,0,14.83333333,0.166666667,2.5,3.333333333,13.66666667,67.66666667,0.166666667,0,0,10.6
00-0027888,T.Gerhart,2013120800,12/8/2013 0:00,0,0,0,1,15,89,1,0,0,8.666666667,0.166666667,1.333333333,2.166666667,11.5,67.66666667,0.166666667,0,0,14.9
00-0027888,T.Gerhart,2014090707,9/7/2014 0:00,15,0,2,2,18,42,0,0,0,5.5,0,0.833333333,1.833333333,10.83333333,67.5,0.333333333,0,0,7.7
00-0027888,T.Gerhart,2014092104,9/21/2014 0:00,31,0,2,2,9,32,0,0,0,8,0,1.166666667,2,12,56.33333333,0.333333333,0,0,8.3
00-0027888,T.Gerhart,2014092808,9/28/2014 0:00,8,0,1,1,10,32,1,0,0,12.66666667,0,1.333333333,2,11,50.5,0.333333333,0,0,11
00-0027888,T.Gerhart,2014121401,12/14/2014 0:00,9,0,2,2,13,54,0,0,0,10.66666667,0,1.166666667,1.5,11.33333333,52.83333333,0.5,0,0,8.3
00-0027888,T.Gerhart,2014121800,12/18/2014 0:00,7,0,1,2,12,53,1,0,0,11.33333333,0,1.333333333,1.5,12.16666667,56.66666667,0.333333333,0,0,13
00-0027888,T.Gerhart,2015101807,10/18/2015 0:00,23,0,3,4,9,26,0,0,0,11.66666667,0,1.333333333,1.666666667,12.83333333,50.33333333,0.5,0,0,7.9
,,,,,,,,,,,,,15.5,0,1.833333333,2.166666667,11.83333333,39.83333333,0.333333333,0,0,0
00-0027890,B.Tate,2011092501,9/25/2011 0:00,8,0,1,4,19,82,0,0,0,32,0,4,4,23,103,0,0,0,10
00-0027890,B.Tate,2011101608,10/16/2011 0:00,0,0,0,1,9,41,0,0,0,20,0,2.5,4,21,92.5,0,0,0,4.1
00-0027890,B.Tate,2011110601,11/6/2011 0:00,0,0,0,1,12,115,1,0,0,13.33333333,0,1.666666667,3,17,75.33333333,0,0,0,20.5
00-0027890,B.Tate,2011121103,12/11/2011 0:00,30,0,3,3,8,67,0,0,0,10,0,1.25,2.5,15.75,85.25,0.25,0,0,12.7
00-0027890,B.Tate,2012010104,1/1/2012 0:00,24,0,4,5,16,97,1,0,0,14,0,1.6,2.6,14.2,81.6,0.2,0,0,22.1
00-0027890,B.Tate,2012091607,9/16/2012 0:00,23,0,4,4,12,74,2,0,0,15.66666667,0,2,3,14.5,84.16666667,0.333333333,0,0,25.7
00-0027890,B.Tate,2012121000,12/10/2012 0:00,-1,0,1,1,8,46,0,0,0,14.16666667,0,2,3,12.66666667,79.33333333,0.666666667,0,0,5.5
00-0027890,B.Tate,2013090901,9/9/2013 0:00,7,0,2,2,9,55,0,0,0,12.66666667,0,2,2.5,10.83333333,73.33333333,0.666666667,0,0,8.2
00-0027890,B.Tate,2013091505,9/15/2013 0:00,8,0,3,4,9,93,0,0,0,13.83333333,0,2.333333333,2.666666667,10.83333333,75.66666667,0.666666667,0,0,13.1
00-0027890,B.Tate,2013092200,9/22/2013 0:00,7,0,3,4,9,36,0,0,0,15.16666667,0,2.833333333,3.166666667,10.33333333,72,0.5,0,0,7.3
00-0027890,B.Tate,2013101303,10/13/2013 0:00,16,0,3,4,10,12,1,0,0,11.33333333,0,2.833333333,3.333333333,10.5,66.83333333,0.5,0,0,11.8
00-0027890,B.Tate,2013102005,10/20/2013 0:00,5,0,2,3,15,50,0,0,0,10,0,2.666666667,3.166666667,9.5,52.66666667,0.5,0,0,7.5
00-0027890,B.Tate,2013110310,11/3/2013 0:00,-2,0,1,2,22,81,0,0,0,7,0,2.333333333,3,10,48.66666667,0.166666667,0,0,8.9
00-0027890,B.Tate,2013111009,11/10/2013 0:00,8,0,3,5,15,56,0,0,0,6.833333333,0,2.333333333,3.166666667,12.33333333,54.5,0.166666667,0,0,9.4
00-0027890,B.Tate,2013111703,11/17/2013 0:00,29,0,4,6,19,88,0,0,1,7,0,2.5,3.666666667,13.33333333,54.66666667,0.166666667,0,0,14.7
00-0027890,B.Tate,2013120500,12/5/2013 0:00,3,0,2,4,14,53,0,0,0,10.5,0,2.666666667,4,15,53.83333333,0.166666667,0,0.166666667,7.6
00-0027890,B.Tate,2013121502,12/15/2013 0:00,20,0,3,6,16,72,0,0,0,9.833333333,0,2.5,4,15.83333333,56.66666667,0.166666667,0,0.166666667,12.2
00-0027890,B.Tate,2014100508,10/5/2014 0:00,-2,0,1,2,22,123,0,0,0,10.5,0,2.5,4.333333333,16.83333333,66.66666667,0,0,0.166666667,16.1
00-0027890,B.Tate,2014101906,10/19/2014 0:00,-2,0,1,2,16,36,0,0,0,9.333333333,0,2.333333333,4.166666667,18,78.83333333,0,0,0.166666667,4.4
00-0027890,B.Tate,2014102610,10/26/2014 0:00,8,0,1,1,15,26,1,0,0,9.333333333,0,2.333333333,4.166666667,17,71.33333333,0,0,0.166666667,10.4
00-0027890,B.Tate,2014110201,11/2/2014 0:00,29,0,4,4,10,3,0,0,0,9.333333333,0,2,3.5,17,66.33333333,0.166666667,0,0.166666667,7.2
00-0027890,B.Tate,2014110600,11/6/2014 0:00,27,0,2,2,10,34,1,0,0,9.333333333,0,2,3.166666667,15.5,52.16666667,0.166666667,0,0,14.1
,,,,,,,,,,,,,13.33333333,0,2,2.833333333,14.83333333,49,0.333333333,0,0,0
,,,,,,,,,,,,,27,0,1,1,14,54,3,0,0,0
,,,,,,,,,,,,,-16,0,1,1,9,43,0,0,0,0
00-0027966,M.Ingram,2011100207,10/2/2011 0:00,3,0,2,2,17,55,0,0,0,-3,0,2,2,9,38,1,0,0,7.8
00-0027966,M.Ingram,2011100906,10/9/2011 0:00,17,0,2,2,9,32,1,0,0,0,0,2,2,13,46.5,0.5,0,0,12.9
00-0027966,M.Ingram,2011101609,10/16/2011 0:00,6,0,1,1,9,22,1,0,0,5.666666667,0,2,2,11.66666667,41.66666667,0.666666667,0,0,9.8
00-0027966,M.Ingram,2011102311,10/23/2011 0:00,6,0,1,1,14,91,0,0,0,5.75,0,1.75,1.75,11,36.75,0.75,0,0,10.7
00-0027966,M.Ingram,2011111308,11/13/2011 0:00,3,0,1,1,8,11,0,0,0,5.8,0,1.6,1.6,11.6,47.6,0.6,0,0,2.4
00-0027966,M.Ingram,2011112800,11/28/2011 0:00,14,0,2,3,13,80,1,0,0,5.333333333,0,1.5,1.5,11,41.5,0.5,0,0,17.4
00-0027966,M.Ingram,2011120406,12/4/2011 0:00,0,0,0,1,17,58,1,0,0,8.166666667,0,1.5,1.666666667,11.66666667,48.5,0.5,0,0,11.8
00-0027966,M.Ingram,2012111106,11/11/2012 0:00,0,0,0,1,16,67,0,0,0,7.666666667,0,1.166666667,1.5,11.66666667,49,0.666666667,0,0,6.7
00-0027966,M.Ingram,2012111809,11/18/2012 0:00,1,0,1,1,12,67,1,0,0,4.833333333,0,0.833333333,1.333333333,12.83333333,54.83333333,0.5,0,0,13.8
00-0027966,M.Ingram,2012112509,11/25/2012 0:00,0,0,0,1,10,27,0,0,0,4,0,0.833333333,1.333333333,13.33333333,62.33333333,0.5,0,0,2.7
00-0027966,M.Ingram,2012122306,12/23/2012 0:00,7,0,1,1,21,53,1,0,0,3,0,0.666666667,1.333333333,12.66666667,51.66666667,0.5,0,0,13
00-0027966,M.Ingram,2012123011,12/30/2012 0:00,0,0,0,1,10,39,0,0,0,3.666666667,0,0.666666667,1.333333333,14.83333333,58.66666667,0.666666667,0,0,3.9
00-0027966,M.Ingram,2013091510,9/15/2013 0:00,0,0,0,1,8,20,0,0,0,1.333333333,0,0.333333333,1,14.33333333,51.83333333,0.5,0,0,2
00-0027966,M.Ingram,2013111011,11/10/2013 0:00,15,0,2,3,14,145,1,0,0,1.333333333,0,0.333333333,1,12.83333333,45.5,0.333333333,0,0,27
00-0027966,M.Ingram,2013122201,12/22/2013 0:00,7,0,1,1,13,83,0,0,0,3.833333333,0,0.666666667,1.333333333,12.5,58.5,0.5,0,0,10
00-0027966,M.Ingram,2014090700,9/7/2014 0:00,1,0,1,1,13,60,2,0,0,4.833333333,0,0.666666667,1.333333333,12.66666667,61.16666667,0.333333333,0,0,19.1
00-0027966,M.Ingram,2014091403,9/14/2014 0:00,21,0,3,4,11,83,1,0,0,5,0,0.833333333,1.333333333,13.16666667,66.66666667,0.666666667,0,0,19.4
00-0027966,M.Ingram,2014101903,10/19/2014 0:00,13,0,2,3,10,16,0,0,0,7.333333333,0,1.166666667,1.833333333,11.5,71.66666667,0.666666667,0,0,4.9
00-0027966,M.Ingram,2014102612,10/26/2014 0:00,3,0,1,2,24,172,1,0,0,9.5,0,1.5,2.166666667,11.5,67.83333333,0.666666667,0,0,27.5
00-0027966,M.Ingram,2014103000,10/30/2014 0:00,10,0,1,2,30,100,2,0,0,10,0,1.666666667,2.333333333,14.16666667,93.16666667,0.833333333,0,0,24
00-0027966,M.Ingram,2014110904,11/9/2014 0:00,19,0,3,5,27,120,0,0,0,9.166666667,0,1.5,2.166666667,16.83333333,85.66666667,1,0,0,19.9
00-0027966,M.Ingram,2014111605,11/16/2014 0:00,30,0,7,7,23,67,0,0,0,11.16666667,0,1.833333333,2.833333333,19.16666667,91.83333333,1,0,0,16.7
00-0027966,M.Ingram,2014112400,11/24/2014 0:00,15,0,2,2,11,27,0,0,0,16,0,2.833333333,3.833333333,20.83333333,93,0.666666667,0,0,6.2
00-0027966,M.Ingram,2014113006,11/30/2014 0:00,-1,0,2,2,23,122,0,0,0,15,0,2.666666667,3.5,20.83333333,83.66666667,0.5,0,0,17.1
00-0027966,M.Ingram,2014120706,12/7/2014 0:00,13,0,2,2,10,43,0,1,1,12.66666667,0,2.666666667,3.333333333,23,101.3333333,0.5,0,0,6.6
00-0027966,M.Ingram,2014122104,12/21/2014 0:00,17,0,3,3,13,38,1,0,0,14.33333333,0,2.833333333,3.333333333,20.66666667,79.83333333,0.333333333,0.166666667,0.166666667,14.5
00-0027966,M.Ingram,2014122810,12/28/2014 0:00,4,0,2,3,14,57,1,0,1,15.5,0,3.166666667,3.5,17.83333333,69.5,0.166666667,0.166666667,0.166666667,13.1
00-0027966,M.Ingram,2015091307,9/13/2015 0:00,98,0,8,9,9,24,0,0,0,13,0,3,3.166666667,15.66666667,59,0.333333333,0.166666667,0.333333333,20.2
00-0027966,M.Ingram,2015092008,9/20/2015 0:00,5,0,3,3,16,53,1,1,1,24.33333333,0,3.166666667,3.5,13.33333333,51.83333333,0.333333333,0.166666667,0.333333333,13.8
00-0027966,M.Ingram,2015092701,9/27/2015 0:00,49,0,5,5,14,50,1,0,0,22.66666667,0,3.333333333,3.666666667,14.16666667,56.16666667,0.5,0.333333333,0.5,20.9
00-0027966,M.Ingram,2015100412,10/4/2015 0:00,51,0,6,7,17,77,0,0,0,31,0,3.833333333,4.166666667,12.66666667,44.16666667,0.666666667,0.333333333,0.5,18.8
00-0027966,M.Ingram,2015101100,10/11/2015 0:00,17,0,2,3,12,57,0,0,0,37.33333333,0,4.5,5,13.83333333,49.83333333,0.666666667,0.166666667,0.333333333,9.4
00-0027966,M.Ingram,2015101500,10/15/2015 0:00,10,0,3,3,20,46,2,0,0,37.33333333,0,4.333333333,5,13.66666667,53,0.5,0.166666667,0.333333333,20.6
00-0027966,M.Ingram,2015102507,10/25/2015 0:00,5,0,2,2,14,143,1,0,0,38.33333333,0,4.5,5,14.66666667,51.16666667,0.666666667,0.166666667,0.166666667,25.8
00-0027966,M.Ingram,2015110106,11/1/2015 0:00,39,0,4,5,16,80,0,0,0,22.83333333,0,3.5,3.833333333,15.5,71,0.833333333,0.166666667,0.166666667,15.9
00-0027966,M.Ingram,2015110803,11/8/2015 0:00,42,0,4,5,21,52,0,0,0,28.5,0,3.666666667,4.166666667,15.5,75.5,0.666666667,0,0,13.4
00-0027966,M.Ingram,2015112903,11/29/2015 0:00,45,0,6,8,9,52,0,0,1,27.33333333,0,3.5,4.166666667,16.66666667,75.83333333,0.5,0,0,14.7
00-0027966,M.Ingram,2015120607,12/6/2015 0:00,23,0,4,6,13,58,1,0,0,26.33333333,0,3.5,4.333333333,15.33333333,71.66666667,0.5,0,0.166666667,18.1
00-0027966,M.Ingram,2016091105,9/11/2016 0:00,29,0,2,2,12,58,0,0,0,27.33333333,0,3.833333333,4.833333333,15.5,71.83333333,0.666666667,0,0.166666667,10.7
00-0027966,M.Ingram,2016091805,9/18/2016 0:00,17,0,4,4,9,30,0,0,0,30.5,0,3.666666667,4.666666667,14.16666667,73.83333333,0.333333333,0,0.166666667,8.7
00-0027966,M.Ingram,2016092600,9/26/2016 0:00,31,1,3,5,16,79,0,0,0,32.5,0,4,5,13.33333333,55,0.166666667,0,0.166666667,20
00-0027966,M.Ingram,2016100210,10/2/2016 0:00,49,0,6,7,18,57,1,0,0,31.16666667,0.166666667,3.833333333,5,13.33333333,54.83333333,0.166666667,0,0.166666667,22.6
00-0027966,M.Ingram,2016101605,10/16/2016 0:00,9,0,2,3,16,51,0,0,0,32.33333333,0.166666667,4.166666667,5.333333333,12.83333333,55.66666667,0.333333333,0,0.166666667,8
00-0027966,M.Ingram,2016102304,10/23/2016 0:00,20,1,4,4,16,62,0,0,0,26.33333333,0.166666667,3.5,4.5,14,55.5,0.333333333,0,0,18.2
00-0027966,M.Ingram,2016110608,11/6/2016 0:00,13,1,2,2,15,158,1,0,0,25.83333333,0.333333333,3.5,4.166666667,14.5,56.16666667,0.166666667,0,0,34.1
00-0027966,M.Ingram,2016111303,11/13/2016 0:00,13,0,2,2,11,50,0,0,0,23.16666667,0.5,3.5,4.166666667,15,72.83333333,0.333333333,0,0,8.3
00-0027966,M.Ingram,2016112707,11/27/2016 0:00,21,1,1,2,14,146,1,0,0,22.5,0.5,3.166666667,3.833333333,15.33333333,76.16666667,0.333333333,0,0,32.7
00-0027966,M.Ingram,2016121808,12/18/2016 0:00,14,0,2,4,17,78,0,0,0,20.83333333,0.5,2.833333333,3.333333333,15,87.33333333,0.5,0,0,11.2
00-0027966,M.Ingram,2016122407,12/24/2016 0:00,3,0,2,3,19,92,2,0,0,15,0.5,2.166666667,2.833333333,14.83333333,90.83333333,0.333333333,0,0,23.5
00-0027966,M.Ingram,2017010100,1/1/2017 0:00,29,0,6,8,21,103,1,0,0,14,0.5,2.166666667,2.833333333,15.33333333,97.66666667,0.666666667,0,0,28.2
00-0027966,M.Ingram,2017091705,9/17/2017 0:00,24,0,4,5,8,52,0,0,1,15.5,0.333333333,2.5,3.5,16.16666667,104.5,0.833333333,0,0,10.6
00-0027966,M.Ingram,2017092402,9/24/2017 0:00,30,0,2,4,14,56,0,0,0,17.33333333,0.166666667,2.833333333,4,15,86.83333333,0.666666667,0,0.166666667,10.6
00-0027966,M.Ingram,2017100100,10/1/2017 0:00,17,0,4,8,14,45,0,0,0,20.16666667,0.166666667,2.833333333,4.333333333,15.5,87.83333333,0.666666667,0,0.166666667,10.2
00-0027966,M.Ingram,2017101504,10/15/2017 0:00,36,0,5,5,25,114,2,1,1,19.5,0,3.333333333,5.333333333,15.5,71,0.5,0,0.166666667,34
00-0027966,M.Ingram,2017102203,10/22/2017 0:00,5,0,4,5,22,105,1,0,0,23.16666667,0,3.833333333,5.5,16.83333333,77,0.833333333,0.166666667,0.333333333,24
00-0027966,M.Ingram,2017102904,10/29/2017 0:00,24,0,6,6,18,75,1,0,0,23.5,0,4.166666667,5.833333333,17.33333333,79.16666667,0.666666667,0.166666667,0.333333333,21.9
00-0027966,M.Ingram,2017110503,11/5/2017 0:00,2,0,1,1,16,77,0,0,0,22.66666667,0,4.166666667,5.5,16.83333333,74.5,0.666666667,0.166666667,0.333333333,8.9
00-0027966,M.Ingram,2017111905,11/19/2017 0:00,21,0,3,4,11,134,1,0,0,19,0,3.666666667,4.833333333,18.16666667,78.66666667,0.666666667,0.166666667,0.166666667,27.5
00-0027966,M.Ingram,2017112607,11/26/2017 0:00,5,0,2,3,11,31,0,0,0,17.5,0,3.833333333,4.833333333,17.66666667,91.66666667,0.833333333,0.166666667,0.166666667,5.6
00-0027966,M.Ingram,2017120307,12/3/2017 0:00,37,0,6,7,14,85,1,0,0,15.5,0,3.5,4,17.16666667,89.33333333,0.833333333,0.166666667,0.166666667,24.2
00-0027966,M.Ingram,2017120700,12/7/2017 0:00,43,0,4,5,12,49,0,0,0,15.66666667,0,3.666666667,4.333333333,15.33333333,84.5,0.666666667,0,0,13.2
00-0027966,M.Ingram,2017121705,12/17/2017 0:00,77,0,5,6,12,74,2,0,0,22,0,3.666666667,4.333333333,13.66666667,75.16666667,0.5,0,0,32.1
00-0027966,M.Ingram,2017122405,12/24/2017 0:00,22,0,3,3,13,44,1,0,0,30.83333333,0,3.5,4.333333333,12.66666667,75,0.666666667,0,0,15.6
00-0027966,M.Ingram,2017123110,12/31/2017 0:00,19,0,4,4,13,35,0,0,0,34.16666667,0,3.833333333,4.666666667,12.16666667,69.5,0.833333333,0,0,9.4
00-0027966,M.Ingram,2018100800,10/8/2018 0:00,20,0,2,3,16,53,2,0,1,33.83333333,0,4,4.666666667,12.5,53,0.666666667,0,0,20.3
00-0027966,M.Ingram,2018102101,10/21/2018 0:00,10,0,2,2,12,32,0,0,0,36.33333333,0,4,4.666666667,13.33333333,56.66666667,1,0,0.166666667,6.2
00-0027966,M.Ingram,2018102811,10/28/2018 0:00,29,0,3,3,13,63,0,0,0,31.83333333,0,3.333333333,3.833333333,13,47.83333333,0.833333333,0,0.166666667,12.2
00-0027966,M.Ingram,2018110409,11/4/2018 0:00,3,0,1,2,9,33,0,0,0,29.5,0,3.166666667,3.5,13.16666667,50.16666667,0.833333333,0,0.166666667,4.6
00-0027966,M.Ingram,2018111101,11/11/2018 0:00,58,1,3,3,13,104,0,0,0,17.16666667,0,2.5,2.833333333,12.66666667,43.33333333,0.5,0,0.166666667,28.2
00-0027966,M.Ingram,2018112202,11/22/2018 0:00,14,0,2,2,11,52,0,0,0,23.16666667,0.166666667,2.5,2.833333333,12.66666667,53.33333333,0.333333333,0,0.166666667,8.6
00-0027966,M.Ingram,2018120907,12/9/2018 0:00,1,0,1,3,13,52,1,0,0,22.33333333,0.166666667,2.166666667,2.5,12.33333333,56.16666667,0.333333333,0,0.166666667,12.3
00-0027966,M.Ingram,2018121700,12/17/2018 0:00,11,0,2,2,12,63,0,0,0,19.16666667,0.166666667,2,2.5,11.83333333,56,0.166666667,0,0,9.4
00-0027966,M.Ingram,2018122313,12/23/2018 0:00,8,0,1,2,11,35,1,0,0,19.33333333,0.166666667,2,2.5,11.83333333,61.16666667,0.166666667,0,0,11.3
00-0027966,M.Ingram,2019091500,9/15/2019 0:00,30,0,2,2,13,47,0,0,0,15.83333333,0.166666667,1.666666667,2.333333333,11.5,56.5,0.333333333,0,0,9.7
00-0027966,M.Ingram,2019092204,9/22/2019 0:00,32,0,4,4,16,103,3,0,0,20.33333333,0.166666667,1.833333333,2.333333333,12.16666667,58.83333333,0.333333333,0,0,38.5
00-0027966,M.Ingram,2019092901,9/29/2019 0:00,0,0,1,1,13,73,0,0,0,16,0,2,2.5,12.66666667,58.66666667,0.833333333,0,0,8.3
00-0027966,M.Ingram,2019100607,10/6/2019 0:00,5,0,2,2,19,44,1,0,0,13.66666667,0,1.833333333,2.333333333,13,62.16666667,0.833333333,0,0,12.9
00-0027966,M.Ingram,2019101301,10/13/2019 0:00,22,0,2,2,13,52,1,0,0,14.33333333,0,2,2.166666667,14,60.83333333,0.833333333,0,0,15.4
00-0027966,M.Ingram,2019102010,10/20/2019 0:00,7,0,1,1,12,46,0,0,0,16.16666667,0,2,2.166666667,14.16666667,59,1,0,0,6.3
00-0027966,M.Ingram,2019110311,11/3/2019 0:00,29,0,2,3,15,115,0,0,0,16,0,2,2,14.33333333,60.83333333,0.833333333,0,0,19.4
00-0027966,M.Ingram II,2019111700,11/17/2019 0:00,37,2,3,4,13,48,0,0,0,15.83333333,0,2,2.166666667,14.66666667,72.16666667,0.833333333,0,0,23.5
00-0027966,M.Ingram II,2019112500,11/25/2019 0:00,7,1,1,1,15,111,1,0,0,16.66666667,0.333333333,1.833333333,2.166666667,14.16666667,63,0.333333333,0,0,27.8
00-0027966,M.Ingram II,2019120100,12/1/2019 0:00,3,0,2,2,15,59,0,0,0,17.83333333,0.5,1.833333333,2.166666667,14.5,69.33333333,0.5,0,0,8.2
00-0027966,M.Ingram II,2019120801,12/8/2019 0:00,29,0,3,3,15,50,0,0,0,17.5,0.5,1.833333333,2.166666667,13.83333333,71.83333333,0.333333333,0,0,10.9
00-0027966,M.Ingram II,2019121200,12/12/2019 0:00,10,1,1,2,14,78,1,0,0,18.66666667,0.5,2,2.333333333,14.16666667,71.5,0.166666667,0,0,21.8
00-0027966,M.Ingram II,2019122206,12/22/2019 0:00,36,1,2,2,8,55,0,0,0,19.16666667,0.666666667,2,2.5,14.5,76.83333333,0.333333333,0,0,17.1
,,,,,,,,,,,,,20.33333333,0.833333333,2,2.333333333,13.33333333,66.83333333,0.333333333,0,0,0
00-0027976,R.Williams,2012091602,9/16/2012 0:00,10,0,2,2,10,13,0,0,0,17,0,2,3,8,9,0,0,0,4.3
00-0027976,R.Williams,2012092309,9/23/2012 0:00,12,0,1,2,13,83,0,0,0,13.5,0,2,2.5,9,11,0,0,0,10.5
00-0027976,R.Williams,2012093007,9/30/2012 0:00,0,0,1,2,13,26,0,0,0,13,0,1.666666667,2.333333333,10.33333333,35,0,0,0,3.6
00-0027976,R.Williams,2012100400,10/4/2012 0:00,5,0,1,1,14,33,0,0,0,9.75,0,1.5,2.25,11,32.75,0,0,0,4.8
,,,,,,,,,,,,,8.8,0,1.4,2,11.6,32.8,0,0,0,0
00-0027994,S.Vereen,2012111806,11/18/2012 0:00,11,0,1,3,11,40,1,0,0,10,0,1,1,8,49,0,0,0,12.1
00-0027994,S.Vereen,2012112202,11/22/2012 0:00,91,1,2,2,10,42,0,0,0,10.5,0,1,2,9.5,44.5,0.5,0,0,21.3
00-0027994,S.Vereen,2012121000,12/10/2012 0:00,0,0,0,1,8,40,0,0,0,37.33333333,0.333333333,1.333333333,2,9.666666667,43.66666667,0.333333333,0,0,4
00-0027994,S.Vereen,2013090800,9/8/2013 0:00,58,0,7,10,14,101,0,0,0,28,0.25,1,1.75,9.25,42.75,0.25,0,0,25.9
00-0027994,S.Vereen,2013112411,11/24/2013 0:00,60,0,8,11,10,31,0,0,0,34,0.2,2.2,3.4,10.2,54.4,0.2,0,0,17.1
00-0027994,S.Vereen,2013120109,12/1/2013 0:00,37,1,5,6,10,38,0,0,0,38.33333333,0.166666667,3.166666667,4.666666667,10.16666667,50.5,0.166666667,0,0,18.5
00-0027994,S.Vereen,2014092900,9/29/2014 0:00,41,0,5,5,8,26,0,0,0,42.83333333,0.333333333,3.833333333,5.5,10.5,48.66666667,0.166666667,0,0,11.7
00-0027994,S.Vereen,2014100512,10/5/2014 0:00,18,0,3,3,9,90,0,0,0,47.83333333,0.333333333,4.5,5.833333333,10,46.33333333,0,0,0,13.8
00-0027994,S.Vereen,2014101600,10/16/2014 0:00,71,2,5,8,11,43,0,0,0,35.66666667,0.166666667,4.666666667,6,9.833333333,54.33333333,0,0,0,28.4
00-0027994,S.Vereen,2014110208,11/2/2014 0:00,38,1,5,10,11,29,0,0,0,47.5,0.5,5.5,7.166666667,10.33333333,54.83333333,0,0,0,17.7
00-0027994,S.Vereen,2014112306,11/23/2014 0:00,48,0,8,9,8,12,0,0,0,44.16666667,0.666666667,5.166666667,7.166666667,9.833333333,42.83333333,0,0,0,14
00-0027994,S.Vereen,2016091805,9/18/2016 0:00,24,0,3,3,14,42,0,0,0,42.16666667,0.666666667,5.166666667,6.833333333,9.5,39.66666667,0,0,0,9.6
00-0027994,S.Vereen,2016092506,9/25/2016 0:00,28,0,2,5,11,67,1,1,1,40,0.5,4.833333333,6.333333333,10.16666667,40.33333333,0,0,0,16.5
,,,,,,,,,,,,,37.83333333,0.5,4.333333333,6.333333333,10.66666667,47.16666667,0.166666667,0.166666667,0.166666667,0
00-0027995,M.Leshoure,2012093003,9/30/2012 0:00,37,0,4,5,13,26,0,0,0,34,0,4,4,26,100,1,0,0,10.3
00-0027995,M.Leshoure,2012101404,10/14/2012 0:00,24,0,3,4,15,70,0,0,0,35.5,0,4,4.5,19.5,63,0.5,0,0,12.4
00-0027995,M.Leshoure,2012102200,10/22/2012 0:00,20,0,6,7,12,63,0,0,0,31.66666667,0,3.666666667,4.333333333,18,65.33333333,0.333333333,0,0,14.3
00-0027995,M.Leshoure,2012102807,10/28/2012 0:00,9,0,3,5,10,46,0,0,0,28.75,0,4.25,5,16.5,64.75,0.25,0,0,8.5
00-0027995,M.Leshoure,2012110402,11/4/2012 0:00,0,0,0,2,16,70,3,0,0,24.8,0,4,5,15.2,61,0.2,0,0,25
00-0027995,M.Leshoure,2012111107,11/11/2012 0:00,5,0,1,3,13,43,0,0,0,20.66666667,0,3.333333333,4.5,15.33333333,62.5,0.666666667,0,0,5.8
00-0027995,M.Leshoure,2012111801,11/18/2012 0:00,-2,0,1,1,19,84,1,0,0,15.83333333,0,2.833333333,4.333333333,13.16666667,53,0.5,0,0,15.2
00-0027995,M.Leshoure,2012112200,11/22/2012 0:00,27,0,2,2,12,32,1,0,0,9.333333333,0,2.333333333,3.666666667,14.16666667,62.66666667,0.666666667,0,0,13.9
00-0027995,M.Leshoure,2012120205,12/2/2012 0:00,16,0,2,3,21,57,1,0,0,9.833333333,0,2.166666667,3.333333333,13.66666667,56.33333333,0.833333333,0,0,15.3
00-0027995,M.Leshoure,2012121608,12/16/2012 0:00,4,0,2,3,14,55,1,0,0,9.166666667,0,1.5,2.666666667,15.16666667,55.33333333,1,0,0,13.9
00-0027995,M.Leshoure,2012122200,12/22/2012 0:00,20,0,3,5,15,46,1,0,0,8.333333333,0,1.333333333,2.333333333,15.83333333,56.83333333,1.166666667,0,0,15.6
00-0027995,M.Leshoure,2012123008,12/30/2012 0:00,20,0,3,5,15,57,0,0,0,11.66666667,0,1.833333333,2.833333333,15.66666667,52.83333333,0.833333333,0,0,10.7
,,,,,,,,,,,,,14.16666667,0,2.166666667,3.166666667,16,55.16666667,0.833333333,0,0,0
00-0028000,D.Thomas,2011092503,9/25/2011 0:00,27,1,3,3,23,95,0,0,0,10,0,1,1,18,107,0,0,0,21.2
00-0028000,D.Thomas,2011101700,10/17/2011 0:00,12,0,1,1,15,47,0,0,0,18.5,0.5,2,2,20.5,101,0,0,0,6.9
00-0028000,D.Thomas,2011102300,10/23/2011 0:00,0,0,2,5,19,53,0,0,0,16.33333333,0.333333333,1.666666667,1.666666667,18.66666667,83,0,0,0,7.3
00-0028000,D.Thomas,2011112002,11/20/2011 0:00,0,0,0,1,15,50,0,0,0,12.25,0.25,1.75,2.5,18.75,75.5,0,0,0,5
00-0028000,D.Thomas,2012010100,1/1/2012 0:00,12,0,2,2,12,28,0,0,0,9.8,0.2,1.4,2.2,18,70.4,0,0,0,6
00-0028000,D.Thomas,2012092306,9/23/2012 0:00,11,0,1,2,19,69,1,0,0,10.16666667,0.166666667,1.5,2.166666667,17,63.33333333,0,0,0,15
00-0028000,D.Thomas,2012100705,10/7/2012 0:00,8,0,1,1,10,29,1,0,0,10.33333333,0.166666667,1.5,2.333333333,17.16666667,57,0.166666667,0,0,10.7
00-0028000,D.Thomas,2012102801,10/28/2012 0:00,3,0,1,2,15,42,1,0,0,7.166666667,0,1.166666667,2,15,46,0.333333333,0,0,11.5
00-0028000,D.Thomas,2012112507,11/25/2012 0:00,18,0,1,1,9,60,1,0,0,5.666666667,0,1.166666667,2.166666667,15,45.16666667,0.5,0,0,14.8
00-0028000,D.Thomas,2013090803,9/8/2013 0:00,5,0,1,1,8,14,1,0,0,8.666666667,0,1,1.5,13.33333333,46.33333333,0.666666667,0,0,8.9
00-0028000,D.Thomas,2013091506,9/15/2013 0:00,10,0,1,1,8,30,0,0,0,9.5,0,1.166666667,1.5,12.16666667,40.33333333,0.833333333,0,0,5
00-0028000,D.Thomas,2013102006,10/20/2013 0:00,-2,0,1,1,12,60,0,0,0,9.166666667,0,1,1.333333333,11.5,40.66666667,0.833333333,0,0,6.8
00-0028000,D.Thomas,2013102703,10/27/2013 0:00,5,1,1,1,9,47,0,0,0,7,0,1,1.166666667,10.33333333,39.16666667,0.666666667,0,0,12.2
00-0028000,D.Thomas,2013103100,10/31/2013 0:00,4,0,1,2,12,38,0,0,0,6.5,0.166666667,1,1.166666667,10.16666667,42.16666667,0.5,0,0,5.2
00-0028000,D.Thomas,2013111705,11/17/2013 0:00,2,0,1,1,10,57,1,0,0,6.666666667,0.166666667,1,1.166666667,9.666666667,41.5,0.333333333,0,0,12.9
00-0028000,D.Thomas,2013120806,12/8/2013 0:00,4,0,1,1,9,38,1,0,0,4,0.166666667,1,1.166666667,9.833333333,41,0.333333333,0,0,11.2
00-0028000,Dan.Thomas,2013122200,12/22/2013 0:00,3,0,1,2,9,6,0,0,0,3.833333333,0.166666667,1,1.166666667,10,45,0.333333333,0,0,1.9
00-0028000,Dn.Thomas,2014110205,11/2/2014 0:00,14,0,2,2,9,8,0,0,0,2.666666667,0.166666667,1,1.333333333,10.16666667,41,0.333333333,0,0,4.2
,,,,,,,,,,,,,5.333333333,0.166666667,1.166666667,1.5,9.666666667,32.33333333,0.333333333,0,0,0
00-0028009,D.Murray,2011102310,10/23/2011 0:00,0,0,0,2,25,253,1,0,0,7,0,1,2,10,32,0,0,0,34.3
00-0028009,D.Murray,2011103011,10/30/2011 0:00,-2,0,1,3,8,74,0,0,0,3.5,0,0.5,2,17.5,142.5,0.5,0,0,8.2
00-0028009,D.Murray,2011110603,11/6/2011 0:00,47,0,4,6,22,139,0,0,0,1.666666667,0,0.666666667,2.333333333,14.33333333,119.6666667,0.333333333,0,0,25.6
00-0028009,D.Murray,2011111300,11/13/2011 0:00,36,0,6,7,20,135,1,0,0,13,0,1.5,3.25,16.25,124.5,0.25,0,0,32.1
00-0028009,D.Murray,2011112005,11/20/2011 0:00,32,0,6,7,25,73,0,0,0,17.6,0,2.4,4,17,126.6,0.4,0,0,16.5
00-0028009,D.Murray,2011112401,11/24/2011 0:00,41,0,4,4,22,87,0,0,0,20,0,3,4.5,18.33333333,117.6666667,0.333333333,0,0,16.8
00-0028009,D.Murray,2012090500,9/5/2012 0:00,9,0,2,2,20,131,0,0,0,25.66666667,0,3.5,4.833333333,20.33333333,126.8333333,0.333333333,0,0,19
00-0028009,D.Murray,2012091608,9/16/2012 0:00,31,0,4,4,12,44,0,0,0,27.16666667,0,3.833333333,4.833333333,19.5,106.5,0.166666667,0,0,11.5
00-0028009,D.Murray,2012092300,9/23/2012 0:00,17,0,3,4,18,38,1,0,0,32.66666667,0,4.333333333,5,20.16666667,101.5,0.166666667,0,0,14.5
00-0028009,D.Murray,2012100100,10/1/2012 0:00,57,0,7,7,11,24,0,0,1,27.66666667,0,4.166666667,4.666666667,19.5,84.66666667,0.333333333,0,0,14.1
00-0028009,D.Murray,2012101406,10/14/2012 0:00,4,0,1,1,14,93,0,0,0,31.16666667,0,4.333333333,4.666666667,18,66.16666667,0.166666667,0,0.166666667,10.7
00-0028009,D.Murray,2012120213,12/2/2012 0:00,19,0,4,4,23,83,1,0,0,26.5,0,3.5,3.666666667,16.16666667,69.5,0.166666667,0,0.166666667,20.2
00-0028009,D.Murray,2012120909,12/9/2012 0:00,22,0,4,6,21,53,1,0,0,22.83333333,0,3.5,3.666666667,16.33333333,68.83333333,0.333333333,0,0.166666667,17.5
00-0028009,D.Murray,2012121611,12/16/2012 0:00,31,0,4,4,14,81,1,0,0,25,0,3.833333333,4.333333333,16.5,55.83333333,0.5,0,0.166666667,21.2
00-0028009,D.Murray,2012122306,12/23/2012 0:00,51,0,4,6,11,40,0,0,0,25,0,3.833333333,4.333333333,16.83333333,62,0.666666667,0,0.166666667,13.1
00-0028009,D.Murray,2012123007,12/30/2012 0:00,6,0,1,3,17,76,0,0,0,30.66666667,0,4,4.666666667,15.66666667,62.33333333,0.5,0,0.166666667,9.2
00-0028009,D.Murray,2013090812,9/8/2013 0:00,39,0,8,10,20,86,0,0,0,22.16666667,0,3,4,16.66666667,71,0.5,0,0,20.5
00-0028009,D.Murray,2013091507,9/15/2013 0:00,49,0,5,6,12,25,0,0,0,28,0,4.166666667,5.5,17.66666667,69.83333333,0.5,0,0,12.4
00-0028009,D.Murray,2013092202,9/22/2013 0:00,28,0,3,3,26,175,1,0,0,33,0,4.333333333,5.833333333,15.83333333,60.16666667,0.333333333,0,0,32.3
00-0028009,D.Murray,2013092911,9/29/2013 0:00,20,0,5,5,14,70,0,0,1,34,0,4.166666667,5.333333333,16.66666667,80.5,0.333333333,0,0,13
00-0028009,D.Murray,2013100609,10/6/2013 0:00,5,0,1,1,12,43,1,0,0,32.16666667,0,4.333333333,5.5,16.66666667,78.66666667,0.166666667,0,0.166666667,11.8
00-0028009,D.Murray,2013111011,11/10/2013 0:00,6,0,1,2,16,89,1,0,0,24.5,0,3.833333333,4.666666667,16.83333333,79.16666667,0.333333333,0,0.166666667,16.5
00-0028009,D.Murray,2013112410,11/24/2013 0:00,40,0,3,3,14,86,0,0,0,24.5,0,3.833333333,4.5,16.66666667,81.33333333,0.5,0,0.166666667,15.6
00-0028009,D.Murray,2013112801,11/28/2013 0:00,39,0,5,5,17,63,3,0,0,24.66666667,0,3,3.333333333,15.66666667,81.33333333,0.5,0,0.166666667,33.2
00-0028009,D.Murray,2013120900,12/9/2013 0:00,9,0,2,4,18,146,0,0,0,23,0,3,3.166666667,16.5,87.66666667,1,0,0.166666667,20.5
00-0028009,D.Murray,2013121512,12/15/2013 0:00,19,0,4,7,18,134,1,0,0,19.83333333,0,2.833333333,3.333333333,15.16666667,82.83333333,0.833333333,0,0.166666667,28.3
00-0028009,D.Murray,2013122209,12/22/2013 0:00,15,1,3,3,22,96,1,0,0,19.66666667,0,2.666666667,3.666666667,15.83333333,93.5,1,0,0,26.1
00-0028009,D.Murray,2013122903,12/29/2013 0:00,39,0,5,7,17,51,0,0,0,21.33333333,0.166666667,3,4,17.5,102.3333333,1,0,0,14
00-0028009,D.Murray,2014090710,9/7/2014 0:00,25,0,3,4,22,118,1,0,0,26.83333333,0.166666667,3.666666667,4.833333333,17.66666667,96,0.833333333,0,0,26.3
00-0028009,D.Murray,2014091406,9/14/2014 0:00,6,0,1,2,29,167,1,0,0,24.33333333,0.166666667,3.666666667,5,19,101.3333333,1,0,0,27.3
00-0028009,D.Murray,2014092109,9/21/2014 0:00,31,0,4,4,24,100,1,1,1,18.83333333,0.166666667,3,4.5,21,118.6666667,0.666666667,0,0,22.1
00-0028009,D.Murray,2014092810,9/28/2014 0:00,6,0,1,1,24,149,2,0,0,22.5,0.166666667,3.333333333,4.5,22,111,0.833333333,0.166666667,0.166666667,31.5
00-0028009,D.Murray,2014100501,10/5/2014 0:00,56,0,6,8,31,136,0,0,0,20.33333333,0.166666667,2.833333333,3.5,23,113.5,1,0.166666667,0.166666667,28.2
00-0028009,D.Murray,2014101211,10/12/2014 0:00,31,0,6,6,29,115,1,0,0,27.16666667,0,3.333333333,4.333333333,24.5,120.1666667,0.833333333,0.166666667,0.166666667,29.6
00-0028009,D.Murray,2014101910,10/19/2014 0:00,4,0,1,1,28,128,1,0,0,25.83333333,0,3.5,4.166666667,26.5,130.8333333,1,0.166666667,0.166666667,23.2
00-0028009,D.Murray,2014102700,10/27/2014 0:00,80,0,4,4,19,141,0,1,1,22.33333333,0,3.166666667,3.666666667,27.5,132.5,1,0.166666667,0.166666667,28.1
00-0028009,D.Murray,2014110202,11/2/2014 0:00,11,0,4,4,19,79,0,0,0,34.66666667,0,3.666666667,4,25.83333333,128.1666667,0.833333333,0.333333333,0.333333333,13
00-0028009,D.Murray,2014110903,11/9/2014 0:00,31,0,6,7,19,100,0,0,0,31.33333333,0,3.666666667,4,25,124.6666667,0.666666667,0.166666667,0.166666667,19.1
00-0028009,D.Murray,2014112312,11/23/2014 0:00,22,0,2,3,24,121,0,0,0,35.5,0,4.5,5,24.16666667,116.5,0.333333333,0.166666667,0.166666667,19.3
00-0028009,D.Murray,2014112701,11/27/2014 0:00,40,0,6,6,20,73,1,0,0,29.83333333,0,3.833333333,4.166666667,23,114,0.333333333,0.166666667,0.166666667,23.3
00-0028009,D.Murray,2014120400,12/4/2014 0:00,49,0,9,10,32,179,1,0,0,31.33333333,0,3.833333333,4.166666667,21.5,107,0.333333333,0.166666667,0.166666667,40.8
00-0028009,D.Murray,2014121413,12/14/2014 0:00,3,0,1,1,31,81,2,0,0,38.83333333,0,5.166666667,5.666666667,22.16666667,115.5,0.333333333,0.166666667,0.166666667,21.4
00-0028009,D.Murray,2014122812,12/28/2014 0:00,21,0,3,3,20,100,1,0,0,26,0,4.666666667,5.166666667,24.16666667,105.5,0.666666667,0,0,21.1
00-0028009,D.Murray,2015091400,9/14/2015 0:00,11,1,4,5,8,9,1,0,0,27.66666667,0,4.5,5,24.33333333,109,0.833333333,0,0,18
00-0028009,D.Murray,2015092012,9/20/2015 0:00,53,0,5,5,13,2,0,0,0,24.33333333,0.166666667,4.166666667,4.666666667,22.5,93.83333333,1,0,0,10.5
00-0028009,D.Murray,2015100405,10/4/2015 0:00,12,0,2,2,8,36,0,0,0,29.5,0.166666667,4.666666667,5,20.66666667,74,1,0,0,6.8
00-0028009,D.Murray,2015101100,10/11/2015 0:00,37,0,7,8,20,83,1,0,0,24.83333333,0.166666667,4,4.333333333,18.66666667,67.83333333,0.833333333,0,0,25
00-0028009,D.Murray,2015101900,10/19/2015 0:00,14,0,3,4,22,109,1,0,0,22.83333333,0.166666667,3.666666667,4,16.66666667,51.83333333,0.833333333,0,0,24.3
00-0028009,D.Murray,2015102511,10/25/2015 0:00,5,0,2,4,18,65,0,0,0,24.66666667,0.166666667,4,4.5,15.16666667,56.5,0.666666667,0,0,9
00-0028009,D.Murray,2015110810,11/8/2015 0:00,78,0,6,7,18,83,1,0,0,22,0.166666667,3.833333333,4.666666667,14.83333333,50.66666667,0.5,0,0,28.1
00-0028009,D.Murray,2015111505,11/15/2015 0:00,48,0,5,7,22,61,0,0,0,33.16666667,0,4.166666667,5,16.5,63,0.5,0,0,15.9
00-0028009,D.Murray,2015112204,11/22/2015 0:00,27,0,4,5,13,64,0,0,0,32.33333333,0,4.166666667,5.333333333,18,72.83333333,0.5,0,0,13.1
00-0028009,D.Murray,2015121300,12/13/2015 0:00,3,0,2,2,11,34,0,0,0,34.83333333,0,4.5,5.833333333,18.83333333,77.5,0.5,0,0,5.7
00-0028009,D.Murray,2016010308,1/3/2016 0:00,0,0,0,1,12,69,1,0,0,29.16666667,0,3.666666667,4.833333333,17.33333333,69.33333333,0.333333333,0,0,12.9
00-0028009,D.Murray,2016091108,9/11/2016 0:00,35,2,5,7,13,42,0,0,0,26.83333333,0,3.166666667,4.333333333,15.66666667,62.66666667,0.333333333,0,0,24.7
00-0028009,D.Murray,2016091802,9/18/2016 0:00,56,0,7,7,12,89,0,0,0,31.83333333,0.333333333,3.666666667,4.833333333,14.83333333,58.83333333,0.333333333,0,0,21.5
00-0028009,D.Murray,2016092507,9/25/2016 0:00,41,0,5,5,16,114,1,0,0,28.16666667,0.333333333,3.833333333,4.833333333,13.83333333,59.83333333,0.166666667,0,0,29.5
00-0028009,D.Murray,2016100204,10/2/2016 0:00,24,0,2,2,25,95,2,0,0,27,0.333333333,3.833333333,4.5,12.83333333,68.66666667,0.333333333,0,0,25.9
00-0028009,D.Murray,2016100904,10/9/2016 0:00,16,0,5,6,27,121,0,0,0,26.5,0.333333333,3.5,4,14.83333333,73.83333333,0.666666667,0,0,21.7
00-0028009,D.Murray,2016101607,10/16/2016 0:00,0,0,0,2,21,65,1,0,0,28.66666667,0.333333333,4,4.666666667,17.5,88.33333333,0.666666667,0,0,12.5
00-0028009,D.Murray,2016102308,10/23/2016 0:00,20,0,3,5,25,107,1,0,0,28.66666667,0.333333333,4,4.833333333,19,87.66666667,0.666666667,0,0,24.7
00-0028009,D.Murray,2016102700,10/27/2016 0:00,5,0,1,2,21,123,1,0,0,26.16666667,0,3.666666667,4.5,21,98.5,0.833333333,0,0,22.8
00-0028009,D.Murray,2016110610,11/6/2016 0:00,29,0,7,7,14,51,1,0,0,17.66666667,0,2.666666667,3.666666667,22.5,104.1666667,1,0,0,21
00-0028009,D.Murray,2016111307,11/13/2016 0:00,33,0,2,3,17,123,1,0,0,15.66666667,0,3,4,22.16666667,93.66666667,1,0,0,26.6
00-0028009,D.Murray,2016112004,11/20/2016 0:00,9,1,3,3,21,70,0,0,0,17.16666667,0,3,4.166666667,20.83333333,98.33333333,0.833333333,0,0,16.9
00-0028009,D.Murray,2016112703,11/27/2016 0:00,41,0,5,5,17,43,0,0,0,16,0.166666667,2.666666667,3.666666667,19.83333333,89.83333333,0.833333333,0,0,13.4
00-0028009,D.Murray,2016121109,12/11/2016 0:00,0,0,0,2,21,92,1,0,0,22.83333333,0.166666667,3.5,4.166666667,19.16666667,86.16666667,0.666666667,0,0,15.2
00-0028009,D.Murray,2016121805,12/18/2016 0:00,52,0,5,6,18,89,0,0,0,19.5,0.166666667,3,3.666666667,18.5,83.66666667,0.666666667,0,0,19.1
00-0028009,D.Murray,2016122405,12/24/2016 0:00,18,0,2,4,14,42,0,0,0,27.33333333,0.166666667,3.666666667,4.333333333,18,78,0.5,0,0,8
00-0028009,D.Murray,2017010110,1/1/2017 0:00,-2,0,1,1,11,21,0,0,0,25.5,0.166666667,2.833333333,3.833333333,18,76.5,0.333333333,0,0,2.9
00-0028009,D.Murray,2017091007,9/10/2017 0:00,16,0,2,2,12,44,0,0,0,19.66666667,0.166666667,2.666666667,3.5,17,59.5,0.166666667,0,0,8
00-0028009,D.Murray,2017091703,9/17/2017 0:00,3,0,1,2,9,25,0,0,0,20.83333333,0,2.5,3.333333333,15.5,55.16666667,0.166666667,0,0,3.8
00-0028009,D.Murray,2017092410,9/24/2017 0:00,5,0,1,2,14,115,1,0,0,14.5,0,1.833333333,2.833333333,14.16666667,52.16666667,0.166666667,0,0,22
00-0028009,D.Murray,2017100804,10/8/2017 0:00,11,0,4,5,14,58,0,0,0,15.33333333,0,2,2.833333333,13,56,0.166666667,0,0,10.9
00-0028009,D.Murray,2017101600,10/16/2017 0:00,47,0,4,4,12,40,1,0,0,8.5,0,1.833333333,2.666666667,12.33333333,50.83333333,0.166666667,0,0,18.7
00-0028009,D.Murray,2017102202,10/22/2017 0:00,17,0,3,4,18,59,0,0,0,13.33333333,0,2.166666667,2.666666667,12,50.5,0.333333333,0,0,10.6
00-0028009,D.Murray,2017110506,11/5/2017 0:00,22,0,2,2,9,19,0,0,0,16.5,0,2.5,3.166666667,13.16666667,56.83333333,0.333333333,0,0,6.1
00-0028009,D.Murray,2017111206,11/12/2017 0:00,30,1,4,4,14,42,2,0,0,17.5,0,2.5,3.166666667,12.66666667,52.66666667,0.333333333,0,0,29.2
00-0028009,D.Murray,2017111600,11/16/2017 0:00,37,0,5,6,8,10,0,0,0,22,0.166666667,3,3.5,13.5,55.5,0.666666667,0,0,9.7
00-0028009,D.Murray,2017112602,11/26/2017 0:00,33,0,3,4,12,9,1,0,0,27.33333333,0.166666667,3.666666667,4.166666667,12.5,38,0.5,0,0,13.2
00-0028009,D.Murray,2017120309,12/3/2017 0:00,13,0,2,2,11,66,0,0,0,31,0.166666667,3.5,4,12.16666667,29.83333333,0.666666667,0,0,9.9
00-0028009,D.Murray,2017121008,12/10/2017 0:00,13,0,2,3,11,34,0,0,0,25.33333333,0.166666667,3.166666667,3.666666667,12,34.16666667,0.5,0,0,6.7
00-0028009,D.Murray,2017121710,12/17/2017 0:00,4,0,1,1,18,59,0,0,0,24.66666667,0.166666667,3,3.5,10.83333333,30,0.5,0,0,7.3
00-0028009,D.Murray,2017122407,12/24/2017 0:00,11,0,3,4,15,48,1,0,0,21.66666667,0.166666667,2.833333333,3.333333333,12.33333333,36.66666667,0.5,0,0,14.9
,,,,,,,,,,,,,18.5,0,2.666666667,3.333333333,12.5,37.66666667,0.333333333,0,0,0
00-0028011,S.Ridley,2011122401,12/24/2011 0:00,0,0,0,1,13,64,0,0,0,3,0,1,2,10,97,1,0,0,6.4
00-0028011,S.Ridley,2012090904,9/9/2012 0:00,27,0,2,3,21,125,1,0,0,1.5,0,0.5,1.5,11.5,80.5,0.5,0,0,26.2
00-0028011,S.Ridley,2012091602,9/16/2012 0:00,24,0,3,4,18,71,0,0,0,10,0,1,2,14.66666667,95.33333333,0.666666667,0,0,12.5
00-0028011,S.Ridley,2012092313,9/23/2012 0:00,0,0,0,1,13,37,0,0,0,13.5,0,1.5,2.5,15.5,89.25,0.5,0,0,3.7
00-0028011,S.Ridley,2012101408,10/14/2012 0:00,0,0,1,2,16,34,0,0,0,10.8,0,1.2,2.2,15,78.8,0.4,0,0,4.4
00-0028011,S.Ridley,2012111103,11/11/2012 0:00,0,0,0,1,22,98,1,0,0,9,0,1.166666667,2.166666667,15.16666667,71.33333333,0.333333333,0,0,15.8
00-0028011,S.Ridley,2012121613,12/16/2012 0:00,0,0,0,2,9,23,0,0,0,8.5,0,1,2,17.16666667,71.5,0.333333333,0,0,2.3
00-0028011,S.Ridley,2012122304,12/23/2012 0:00,0,0,0,1,18,84,0,0,0,8.5,0,1,2.166666667,16.5,64.66666667,0.333333333,0,0,8.4
00-0028011,S.Ridley,2013092206,9/22/2013 0:00,8,0,1,1,10,29,0,0,0,4,0,0.666666667,1.833333333,16,57.83333333,0.166666667,0,0,4.7
00-0028011,S.Ridley,2013092912,9/29/2013 0:00,26,0,2,2,11,53,0,0,0,1.333333333,0,0.333333333,1.333333333,14.66666667,50.83333333,0.166666667,0,0,9.9
00-0028011,S.Ridley,2013101310,10/13/2013 0:00,14,0,1,1,20,96,2,0,0,5.666666667,0,0.666666667,1.5,14.33333333,53.5,0.166666667,0,0,24
00-0028011,S.Ridley,2013102007,10/20/2013 0:00,3,0,2,2,11,50,1,0,0,8,0,0.666666667,1.333333333,15,63.83333333,0.5,0,0,13.3
00-0028011,S.Ridley,2013110309,11/3/2013 0:00,9,0,3,4,26,115,2,1,1,8.5,0,1,1.5,13.16666667,55.83333333,0.5,0,0,29.4
00-0028011,S.Ridley,2013120802,12/8/2013 0:00,2,0,1,1,8,35,0,0,0,10,0,1.5,1.833333333,16,71.16666667,0.833333333,0.166666667,0.166666667,4.7
00-0028011,S.Ridley,2013122214,12/22/2013 0:00,0,0,0,1,15,54,0,0,0,10.33333333,0,1.666666667,1.833333333,14.33333333,63,0.833333333,0.166666667,0.166666667,5.4
00-0028011,S.Ridley,2014090705,9/7/2014 0:00,7,0,2,2,8,21,0,0,0,9,0,1.5,1.833333333,15.16666667,67.16666667,0.833333333,0.166666667,0.166666667,4.8
00-0028011,S.Ridley,2014092105,9/21/2014 0:00,7,0,1,1,19,54,0,0,0,5.833333333,0,1.5,1.833333333,14.66666667,61.83333333,0.833333333,0.166666667,0.166666667,7.1
00-0028011,S.Ridley,2014101201,10/12/2014 0:00,6,0,1,1,10,23,0,0,0,4.666666667,0,1.5,1.833333333,14.5,54.83333333,0.5,0.166666667,0.166666667,3.9
00-0028011,S.Ridley,2016010300,1/3/2016 0:00,0,0,2,2,9,29,0,0,0,5.166666667,0,1.333333333,1.666666667,14.33333333,50.33333333,0.333333333,0.166666667,0.166666667,4.9
00-0028011,S.Ridley,2018110800,11/8/2018 0:00,0,0,0,1,8,26,0,0,0,3.666666667,0,1.166666667,1.333333333,11.5,36,0,0,0,2.6
,,,,,,,,,,,,,3.333333333,0,1,1.333333333,11.5,34.5,0,0,0,0
00-0028034,A.Green,2012101411,10/14/2012 0:00,8,0,1,1,22,65,0,0,0,8,0,1,1,9,55,0,0,0,8.3
00-0028034,A.Green,2012102104,10/21/2012 0:00,29,0,4,5,20,35,0,0,0,8,0,1,1,15.5,60,0,0,0,10.4
00-0028034,A.Green,2012102800,10/28/2012 0:00,28,0,4,6,22,54,0,0,0,15,0,2,2.333333333,17,51.66666667,0,0,0,12.2
00-0028034,A.Green,2012110401,11/4/2012 0:00,25,0,2,4,11,53,0,0,0,18.25,0,2.5,3.25,18.25,52.25,0,0,0,9.8
00-0028034,A.Green,2012112511,11/25/2012 0:00,20,0,3,4,10,30,0,0,0,19.6,0,2.4,3.4,16.8,52.4,0,0,0,8
00-0028034,A.Green,2012120201,12/2/2012 0:00,12,0,1,1,12,58,0,0,0,19.66666667,0,2.5,3.5,15.66666667,48.66666667,0,0,0,8
00-0028034,A.Green,2012120913,12/9/2012 0:00,-3,0,1,2,13,69,0,0,1,20.33333333,0,2.5,3.5,16.16666667,49.16666667,0,0,0,6.6
00-0028034,A.Green,2012121600,12/16/2012 0:00,6,0,2,5,13,35,0,0,0,18.5,0,2.5,3.666666667,14.66666667,49.83333333,0,0,0.166666667,6.1
,,,,,,,,,,,,,14.66666667,0,2.166666667,3.666666667,13.5,49.83333333,0,0,0.166666667,0
00-0028043,R.Helu,2011110604,11/6/2011 0:00,105,0,14,17,10,41,0,1,1,38,0,3,4,10,74,0,0,0,30.6
00-0028043,R.Helu,2011112005,11/20/2011 0:00,3,0,2,2,8,35,0,0,0,71.5,0,8.5,10.5,10,57.5,0,0.5,0.5,5.8
00-0028043,R.Helu,2011112707,11/27/2011 0:00,54,0,7,7,23,108,1,0,0,48.66666667,0,6.333333333,7.666666667,9.333333333,50,0,0.333333333,0.333333333,32.2
00-0028043,R.Helu,2011120400,12/4/2011 0:00,42,0,4,6,23,100,1,0,0,50,0,6.5,7.5,12.75,64.5,0.25,0.25,0.25,24.2
00-0028043,R.Helu,2011121100,12/11/2011 0:00,6,0,2,3,27,126,0,0,0,48.4,0,6,7.2,14.8,71.6,0.4,0.2,0.2,18.2
00-0028043,R.Helu,2011121803,12/18/2011 0:00,16,0,3,4,23,53,0,0,0,41.33333333,0,5.333333333,6.5,16.83333333,80.66666667,0.333333333,0.166666667,0.166666667,9.9
00-0028043,R.Helu,2013092910,9/29/2013 0:00,43,0,2,3,13,41,1,0,0,37.66666667,0,5.333333333,6.5,19,77.16666667,0.333333333,0.166666667,0.166666667,16.4
00-0028043,R.Helu,2013102009,10/20/2013 0:00,5,0,1,2,11,41,3,0,0,27.33333333,0,3.333333333,4.166666667,19.5,77.16666667,0.5,0,0,23.6
00-0028043,R.Helu,2014091407,9/14/2014 0:00,11,0,2,2,8,25,0,0,0,27.66666667,0,3.166666667,4.166666667,20,78.16666667,1,0,0,5.6
,,,,,,,,,,,,,20.5,0,2.333333333,3.333333333,17.5,64.33333333,0.833333333,0,0,0
00-0028053,K.Hunter,2011100204,10/2/2011 0:00,62,0,2,5,9,38,0,0,0,12,0,2,2,9,26,1,0,0,12
00-0028053,K.Hunter,2011112008,11/20/2011 0:00,15,0,1,1,11,27,0,0,0,37,0,2,3.5,9,32,0.5,0,0,5.2
00-0028053,K.Hunter,2011121110,12/11/2011 0:00,19,0,2,3,8,20,0,0,0,29.66666667,0,1.666666667,2.666666667,9.666666667,30.33333333,0.333333333,0,0,5.9
00-0028053,K.Hunter,2011122412,12/24/2011 0:00,11,0,1,3,11,49,0,0,0,27,0,1.75,2.75,9.25,27.75,0.25,0,0,7
00-0028053,K.Hunter,2012010112,1/1/2012 0:00,11,0,2,3,16,76,0,0,0,23.8,0,1.6,2.8,9.6,32,0.2,0,0,10.7
00-0028053,K.Hunter,2012100710,10/7/2012 0:00,0,0,0,1,11,81,0,0,0,21.66666667,0,1.666666667,2.833333333,10.66666667,39.33333333,0.166666667,0,0,8.1
00-0028053,K.Hunter,2012101800,10/18/2012 0:00,14,0,2,2,9,31,0,0,0,19.66666667,0,1.333333333,2.666666667,11,48.5,0,0,0,6.5
00-0028053,K.Hunter,2012102900,10/29/2012 0:00,6,0,1,1,10,43,0,0,0,11.66666667,0,1.333333333,2.166666667,11,47.33333333,0,0,0,5.9
00-0028053,K.Hunter,2013092600,9/26/2013 0:00,9,0,1,1,11,49,1,0,0,10.16666667,0,1.333333333,2.166666667,10.83333333,50,0,0,0,12.8
,,,,,,,,,,,,,8.5,0,1.166666667,1.833333333,11.33333333,54.83333333,0.166666667,0,0,0
00-0028057,D.Carter,2011101601,10/16/2011 0:00,0,0,0,1,14,45,0,0,0,12,0,2,3,12,22,1,0,0,4.5
00-0028057,D.Carter,2011103002,10/30/2011 0:00,1,0,2,2,9,46,0,0,0,6,0,1,2,13,33.5,0.5,0,0,6.7
00-0028057,D.Carter,2012102106,10/21/2012 0:00,0,0,0,1,11,41,0,0,0,4.333333333,0,1.333333333,2,11.66666667,37.66666667,0.333333333,0,0,4.1
,,,,,,,,,,,,,3.25,0,1,1.75,11.5,38.5,0.25,0,0,0
,,,,,,,,,,,,,9,0,1,1,9,40,0,0,0,0
00-0028064,B.Powell,2012092306,9/23/2012 0:00,24,0,2,5,10,45,0,0,0,0,0,0,2,9,33,0,0,0,8.9
00-0028064,B.Powell,2012111805,11/18/2012 0:00,18,0,2,2,11,42,2,0,0,12,0,1,3.5,9.5,39,0,0,0,20
00-0028064,B.Powell,2012112202,11/22/2012 0:00,13,0,2,3,12,40,1,0,0,14,0,1.333333333,3,10,40,0.666666667,0,0,13.3
00-0028064,B.Powell,2012120203,12/2/2012 0:00,0,0,0,1,12,58,0,0,0,13.75,0,1.5,3,10.5,40,0.75,0,0,5.8
00-0028064,B.Powell,2012123000,12/30/2012 0:00,12,0,2,6,12,56,0,0,0,11,0,1.2,2.6,10.8,43.6,0.6,0,0,8.8
00-0028064,B.Powell,2013090807,9/8/2013 0:00,35,0,4,5,12,29,0,0,0,11.16666667,0,1.333333333,3.166666667,11,45.66666667,0.5,0,0,10.4
00-0028064,B.Powell,2013091200,9/12/2013 0:00,22,0,2,5,13,48,1,0,0,17,0,2,3.666666667,11.5,45,0.5,0,0,15
00-0028064,B.Powell,2013092205,9/22/2013 0:00,9,0,2,3,27,149,0,0,0,16.66666667,0,2,3.666666667,12,45.5,0.666666667,0,0,20.8
00-0028064,B.Powell,2013092908,9/29/2013 0:00,42,0,3,5,14,66,0,0,0,15.16666667,0,2,3.833333333,14.66666667,63.33333333,0.333333333,0,0,13.8
00-0028064,B.Powell,2013100700,10/7/2013 0:00,9,0,1,2,12,38,0,0,0,20,0,2.166666667,4.166666667,15,67.66666667,0.166666667,0,0,5.7
00-0028064,B.Powell,2013101306,10/13/2013 0:00,20,0,3,3,9,30,0,0,0,21.5,0,2.333333333,4.333333333,15,64.33333333,0.166666667,0,0,8
00-0028064,B.Powell,2013102707,10/27/2013 0:00,20,0,4,6,10,19,0,0,0,22.83333333,0,2.5,3.833333333,14.5,60,0.166666667,0,0,7.9
00-0028064,B.Powell,2013110303,11/3/2013 0:00,0,0,0,3,9,29,0,0,0,20.33333333,0,2.5,4,14.16666667,58.33333333,0.166666667,0,0,2.9
00-0028064,B.Powell,2013112400,11/24/2013 0:00,24,0,3,4,11,41,0,0,0,16.66666667,0,2.166666667,3.666666667,13.5,55.16666667,0,0,0,9.5
00-0028064,B.Powell,2013120803,12/8/2013 0:00,24,0,1,1,8,14,0,0,0,19.16666667,0,2.333333333,3.833333333,10.83333333,37.16666667,0,0,0,4.8
00-0028064,B.Powell,2013121510,12/15/2013 0:00,19,0,4,4,8,37,0,0,0,16.16666667,0,2,3.166666667,9.833333333,28.5,0,0,0,9.6
00-0028064,B.Powell,2013122905,12/29/2013 0:00,-4,0,1,3,21,76,0,0,0,17.83333333,0,2.5,3.5,9.166666667,28.33333333,0,0,0,8.2
00-0028064,B.Powell,2015091305,9/13/2015 0:00,16,0,2,4,12,62,0,0,0,13.83333333,0,2.166666667,3.5,11.16666667,36,0,0,0,9.8
00-0028064,B.Powell,2015092100,9/21/2015 0:00,16,0,4,5,12,38,0,0,0,13.16666667,0,1.833333333,3.166666667,11.5,43.16666667,0,0,0,9.4
00-0028064,B.Powell,2015092702,9/27/2015 0:00,44,0,7,8,10,31,0,0,0,15.83333333,0,2.5,3.5,12,44.66666667,0,0,0,14.5
00-0028064,B.Powell,2016112711,11/27/2016 0:00,7,0,1,3,8,36,0,0,0,19.16666667,0,3.166666667,4.166666667,11.83333333,43,0,0,0,5.3
00-0028064,B.Powell,2016121110,12/11/2016 0:00,34,0,5,5,29,145,2,0,0,16.33333333,0,3.166666667,4.5,11.83333333,46.66666667,0,0,0,37.9
00-0028064,B.Powell,2016121700,12/17/2016 0:00,78,0,11,12,16,84,0,0,0,18.83333333,0,3.333333333,4.666666667,15.33333333,64.66666667,0.333333333,0,0,27.2
00-0028064,B.Powell,2016122406,12/24/2016 0:00,14,0,2,3,15,60,0,0,0,32.5,0,5,6.166666667,14.5,66,0.333333333,0,0,9.4
00-0028064,B.Powell,2017010106,1/1/2017 0:00,15,1,3,3,22,122,0,0,0,32.16666667,0,5,6,15,65.66666667,0.333333333,0,0,25.7
00-0028064,B.Powell,2017100108,10/1/2017 0:00,27,0,4,5,21,163,1,0,0,32,0.166666667,4.833333333,5.666666667,16.66666667,79.66666667,0.333333333,0,0,32
00-0028064,B.Powell,2017102206,10/22/2017 0:00,40,0,2,2,9,43,0,0,0,29.16666667,0.166666667,4.333333333,5.166666667,18.5,101.6666667,0.5,0,0,10.3
00-0028064,B.Powell,2017102905,10/29/2017 0:00,28,0,3,3,14,33,0,0,0,34.66666667,0.166666667,4.5,5,18.66666667,102.8333333,0.5,0,0,9.1
00-0028064,B.Powell,2017111205,11/12/2017 0:00,6,0,1,2,10,30,0,1,1,33.66666667,0.166666667,4.166666667,4.666666667,16.16666667,84.16666667,0.166666667,0,0,3.6
00-0028064,B.Powell,2017120308,12/3/2017 0:00,2,0,2,3,18,48,1,0,0,21.66666667,0.166666667,2.5,3,15.16666667,75.16666667,0.166666667,0.166666667,0.166666667,13
00-0028064,B.Powell,2017121705,12/17/2017 0:00,0,0,0,1,13,44,1,0,0,19.66666667,0.166666667,2.5,3,15.66666667,73.16666667,0.333333333,0.166666667,0.166666667,10.4
00-0028064,B.Powell,2017122406,12/24/2017 0:00,0,0,0,1,19,145,1,0,0,17.16666667,0,2,2.666666667,14.16666667,60.16666667,0.5,0.166666667,0.166666667,23.5
00-0028064,B.Powell,2017123106,12/31/2017 0:00,10,0,1,2,13,46,0,0,0,12.66666667,0,1.333333333,2,13.83333333,57.16666667,0.5,0.166666667,0.166666667,6.6
00-0028064,B.Powell,2018091000,9/10/2018 0:00,5,0,1,2,12,60,0,0,0,7.666666667,0,1.166666667,2,14.5,57.66666667,0.5,0.166666667,0.166666667,7.5
00-0028064,B.Powell,2018092000,9/20/2018 0:00,0,0,0,1,14,73,0,0,0,3.833333333,0,0.833333333,1.833333333,14.16666667,62.16666667,0.5,0.166666667,0.166666667,7.3
00-0028064,B.Powell,2018093005,9/30/2018 0:00,26,0,4,7,8,26,0,0,0,2.833333333,0,0.666666667,1.666666667,14.83333333,69.33333333,0.5,0,0,9.2
00-0028064,B.Powell,2018101406,10/14/2018 0:00,0,0,0,1,16,59,0,0,0,6.833333333,0,1,2.333333333,13.16666667,65.66666667,0.333333333,0,0,5.9
00-0028064,B.Powell,2019120807,12/8/2019 0:00,14,0,2,3,19,74,0,0,0,6.833333333,0,1,2.333333333,13.66666667,68.16666667,0.166666667,0,0,10.8
,,,,,,,,,,,,,9.166666667,0,1.333333333,2.666666667,13.66666667,56.33333333,0,0,0,0
,,,,,,,,,,,,,21,0,3,4,14,40,1,0,0,0
00-0028083,J.Rodgers,2011121500,12/15/2011 0:00,4,0,1,1,8,10,0,0,0,16,0,1,1,10,44,0,0,0,2.4
00-0028083,J.Rodgers,2012010110,1/1/2012 0:00,5,0,1,1,8,24,1,0,0,10,0,1,1,9,27,0,0,0,9.9
00-0028083,Jz. Rodgers,2012092310,9/23/2012 0:00,35,1,5,5,10,32,0,0,0,8.333333333,0,1,1,8.666666667,26,0.333333333,0,0,17.7
00-0028083,Jz. Rodgers,2012102805,10/28/2012 0:00,20,0,5,5,8,60,0,0,0,15,0.25,2,2,9,27.5,0.25,0,0,13
00-0028083,Jz. Rodgers,2012112506,11/25/2012 0:00,30,0,2,2,10,49,1,0,0,16,0.2,2.6,2.6,8.8,34,0.2,0,0,15.9
00-0028083,Jz. Rodgers,2012112900,11/29/2012 0:00,-4,0,2,2,8,43,0,0,0,18.33333333,0.166666667,2.5,2.5,9,36.5,0.333333333,0,0,5.9
00-0028083,Jz. Rodgers,2012121601,12/16/2012 0:00,14,0,1,1,11,25,0,0,0,15,0.166666667,2.666666667,2.666666667,8.666666667,36.33333333,0.333333333,0,0,4.9
00-0028083,J.Rodgers,2013091500,9/15/2013 0:00,28,0,4,4,11,17,0,0,0,16.66666667,0.166666667,2.666666667,2.666666667,9.166666667,38.83333333,0.333333333,0,0,8.5
00-0028083,J.Rodgers,2013092203,9/22/2013 0:00,7,0,2,3,18,86,0,0,0,20.5,0.166666667,3.166666667,3.166666667,9.666666667,37.66666667,0.166666667,0,0,11.3
00-0028083,J.Rodgers,2013100700,10/7/2013 0:00,15,0,4,4,14,43,2,0,0,15.83333333,0,2.666666667,2.833333333,11,46.66666667,0.166666667,0,0,21.8
00-0028083,J.Rodgers,2013102000,10/20/2013 0:00,46,2,8,9,8,16,0,0,0,15,0,2.5,2.666666667,12,43.83333333,0.5,0,0,26.2
00-0028083,J.Rodgers,2014122104,12/21/2014 0:00,3,0,1,2,11,29,0,0,0,17.66666667,0.333333333,3.5,3.833333333,11.66666667,38.33333333,0.333333333,0,0,4.2
00-0028083,J.Rodgers,2014122800,12/28/2014 0:00,19,0,3,7,9,44,0,0,0,18.83333333,0.333333333,3.333333333,3.833333333,12.16666667,36,0.333333333,0,0,9.3
00-0028083,J.Rodgers,2016101000,10/10/2016 0:00,28,0,5,6,30,101,0,0,0,19.66666667,0.333333333,3.666666667,4.833333333,11.83333333,39.16666667,0.333333333,0,0,20.9
00-0028083,J.Rodgers,2016102310,10/23/2016 0:00,9,0,1,1,26,154,0,0,0,19.66666667,0.333333333,3.833333333,5.166666667,15,53.16666667,0.333333333,0,0,20.3
00-0028083,J.Rodgers,2016103007,10/30/2016 0:00,9,0,1,1,19,69,1,0,0,20,0.333333333,3.666666667,4.833333333,16.33333333,64.5,0.333333333,0,0,14.8
00-0028083,J.Rodgers,2016122407,12/24/2016 0:00,15,0,2,2,15,63,1,0,0,19,0.333333333,3.166666667,4.333333333,17.16666667,68.83333333,0.166666667,0,0,15.8
00-0028083,J.Rodgers,2017010109,1/1/2017 0:00,4,0,1,1,17,75,0,0,0,13.83333333,0,2.166666667,3.166666667,18.33333333,76.66666667,0.333333333,0,0,8.9
00-0028083,J.Rodgers,2017100111,10/1/2017 0:00,25,0,2,3,16,83,0,0,0,14,0,2.166666667,3,19.33333333,84.33333333,0.333333333,0,0,12.8
00-0028083,J.Rodgers,2017112600,11/26/2017 0:00,6,0,1,2,8,31,0,0,0,15,0,2,2.333333333,20.5,90.83333333,0.333333333,0,0,4.7
,,,,,,,,,,,,,11.33333333,0,1.333333333,1.666666667,16.83333333,79.16666667,0.333333333,0,0,0
00-0028087,D.Lewis,2015092706,9/27/2015 0:00,30,0,5,5,8,37,1,0,0,51,0,4,5,15,69,0,0,1,17.7
00-0028087,D.Lewis,2016121810,12/18/2016 0:00,9,0,2,3,18,95,0,0,0,40.5,0,4.5,5,11.5,53,0.5,0,0.5,12.4
00-0028087,D.Lewis,2016122406,12/24/2016 0:00,5,0,1,1,16,52,0,0,0,30,0,3.666666667,4.333333333,13.66666667,67,0.333333333,0,0.333333333,6.7
00-0028087,D.Lewis,2017010104,1/1/2017 0:00,4,0,2,2,11,48,0,0,0,23.75,0,3,3.5,14.25,63.25,0.25,0,0.25,7.2
00-0028087,D.Lewis,2017102212,10/22/2017 0:00,6,0,1,1,13,76,0,0,0,19.8,0,2.8,3.2,13.6,60.2,0.2,0,0.2,9.2
00-0028087,D.Lewis,2017102903,10/29/2017 0:00,10,0,2,2,15,44,0,0,0,17.5,0,2.5,2.833333333,13.5,62.83333333,0.166666667,0,0.166666667,7.4
00-0028087,D.Lewis,2017111909,11/19/2017 0:00,28,1,4,4,10,60,0,0,0,10.66666667,0,2.166666667,2.333333333,13.5,58.66666667,0.166666667,0,0,18.8
00-0028087,D.Lewis,2017112604,11/26/2017 0:00,1,0,1,2,15,112,0,0,0,10.33333333,0.166666667,2,2.166666667,13.83333333,62.5,0,0,0,15.3
00-0028087,D.Lewis,2017121709,12/17/2017 0:00,13,0,1,2,13,67,1,0,0,9,0.166666667,1.833333333,2,13.33333333,65.33333333,0,0,0,15
00-0028087,D.Lewis,2017122404,12/24/2017 0:00,24,1,5,5,24,129,1,0,0,10.33333333,0.166666667,1.833333333,2.166666667,12.83333333,67.83333333,0.166666667,0,0,35.3
00-0028087,D.Lewis,2017123106,12/31/2017 0:00,40,1,6,7,26,93,1,0,0,13.66666667,0.333333333,2.333333333,2.666666667,15,81.33333333,0.333333333,0,0,31.3
00-0028087,D.Lewis,2018090903,9/9/2018 0:00,35,0,5,8,16,75,1,0,0,19.33333333,0.5,3.166666667,3.666666667,17.16666667,84.16666667,0.5,0,0,22
00-0028087,D.Lewis,2018091607,9/16/2018 0:00,1,0,1,1,14,42,0,0,0,23.5,0.5,3.666666667,4.666666667,17.33333333,89.33333333,0.666666667,0,0,5.3
00-0028087,D.Lewis,2018092304,9/23/2018 0:00,14,0,3,3,9,26,0,0,0,19,0.333333333,3.166666667,4.166666667,18,86.33333333,0.666666667,0,0,7
00-0028087,D.Lewis,2018100700,10/7/2018 0:00,14,0,3,4,12,34,0,0,0,21.16666667,0.333333333,3.5,4.333333333,17,72,0.666666667,0,0,7.8
00-0028087,D.Lewis,2018102100,10/21/2018 0:00,64,0,6,6,13,91,0,0,0,21.33333333,0.333333333,3.833333333,4.666666667,16.83333333,66.5,0.5,0,0,21.5
00-0028087,D.Lewis,2018110500,11/5/2018 0:00,60,1,4,4,19,62,0,0,0,28,0.166666667,4,4.833333333,15,60.16666667,0.333333333,0,0,22.2
00-0028087,D.Lewis,2018111108,11/11/2018 0:00,11,0,2,2,20,57,0,0,0,31.33333333,0.166666667,3.666666667,4.333333333,13.83333333,55,0.166666667,0,0,8.8
00-0028087,D.Lewis,2018111804,11/18/2018 0:00,8,0,1,2,10,24,0,0,0,27.33333333,0.166666667,3.166666667,3.333333333,14.5,52,0,0,0,4.2
00-0028087,D.Lewis,2018120600,12/6/2018 0:00,39,0,5,5,10,13,0,0,0,28.5,0.166666667,3.166666667,3.5,13.83333333,49,0,0,0,10.2
00-0028087,D.Lewis,2019120812,12/8/2019 0:00,5,0,1,1,9,26,0,0,0,32.66666667,0.166666667,3.5,3.833333333,14,46.83333333,0,0,0,4.1
00-0028087,D.Lewis,2019122210,12/22/2019 0:00,19,0,1,2,15,68,0,0,0,31.16666667,0.166666667,3.166666667,3.333333333,13.5,45.5,0,0,0,9.7
,,,,,,,,,,,,,23.66666667,0.166666667,2.333333333,2.666666667,13.83333333,41.66666667,0,0,0,0
00-0028115,E.Royster,2012010107,1/1/2012 0:00,52,0,5,7,20,113,0,0,0,15,0,2,4,19,132,0,0,0,24.5
,,,,,,,,,,,,,33.5,0,3.5,5.5,19.5,122.5,0,0,0,0
,,,,,,,,,,,,,4,0,1,1,8,76,1,0,0,0
00-0028121,J.Todman,2013121503,12/15/2013 0:00,44,0,4,8,25,109,0,0,0,5,0,1,1,11,31,0,0,0,22.3
,,,,,,,,,,,,,24.5,0,2.5,4.5,18,70,0,0,0,0
,,,,,,,,,,,,,7,0,1,1,10,41,1,0,0,0
,,,,,,,,,,,,,3,0,1,1,10,22,1,0,0,0
00-0028198,M.Asiata,2013122906,12/29/2013 0:00,-2,0,2,3,14,115,0,0,0,15,0,3,5,30,51,3,0,0,16.3
00-0028198,M.Asiata,2014091404,9/14/2014 0:00,48,1,5,7,13,36,0,0,0,6.5,0,2.5,4,22,83,1.5,0,0,19.4
00-0028198,M.Asiata,2014092106,9/21/2014 0:00,36,0,3,6,12,35,0,0,0,20.33333333,0.333333333,3.333333333,5,19,67.33333333,1,0,0,10.1
00-0028198,M.Asiata,2014092804,9/28/2014 0:00,22,0,3,4,20,78,3,0,0,24.25,0.25,3.25,5.25,17.25,59.25,0.75,0,0,31
00-0028198,M.Asiata,2014100200,10/2/2014 0:00,0,0,0,3,15,72,0,0,0,23.8,0.2,3.2,5,17.8,63,1.2,0,0,7.2
00-0028198,M.Asiata,2014110206,11/2/2014 0:00,31,0,4,5,11,28,3,0,0,19.83333333,0.166666667,2.666666667,4.666666667,17.33333333,64.5,1,0,0,27.9
00-0028198,M.Asiata,2014113005,11/30/2014 0:00,5,0,4,4,14,52,0,0,0,22.5,0.166666667,2.833333333,4.666666667,14.16666667,60.66666667,1,0,0,9.7
00-0028198,M.Asiata,2014120705,12/7/2014 0:00,10,0,3,4,19,54,0,0,0,23.66666667,0.166666667,3.166666667,4.833333333,14.16666667,50.16666667,1,0,0,9.4
00-0028198,M.Asiata,2014121405,12/14/2014 0:00,50,0,7,7,11,36,1,0,0,17.33333333,0,2.833333333,4.333333333,15.16666667,53.16666667,1,0,0,21.6
00-0028198,M.Asiata,2014122103,12/21/2014 0:00,19,0,3,4,17,60,2,0,0,19.66666667,0,3.5,4.5,15,53.33333333,1.166666667,0,0,22.9
00-0028198,M.Asiata,2014122806,12/28/2014 0:00,17,0,2,4,19,91,0,0,0,19.16666667,0,3.5,4.5,14.5,50.33333333,1,0,0,12.8
00-0028198,M.Asiata,2016100905,10/9/2016 0:00,46,0,3,3,14,55,1,0,0,22,0,3.833333333,4.666666667,15.16666667,53.5,1,0,0,19.1
00-0028198,M.Asiata,2016102307,10/23/2016 0:00,12,0,3,5,12,55,0,0,0,24.5,0,3.666666667,4.333333333,15.66666667,58,0.666666667,0,0,9.7
00-0028198,M.Asiata,2016103100,10/31/2016 0:00,36,0,2,5,14,42,0,0,0,25.66666667,0,3.5,4.5,15.33333333,58.5,0.666666667,0,0,9.8
00-0028198,M.Asiata,2016110605,11/6/2016 0:00,14,0,2,2,9,27,0,0,0,30,0,3.333333333,4.666666667,14.5,56.5,0.666666667,0,0,6.1
00-0028198,M.Asiata,2016111308,11/13/2016 0:00,2,0,1,1,9,13,1,0,0,24,0,2.5,3.833333333,14.16666667,55,0.5,0,0,8.5
00-0028198,M.Asiata,2016121105,12/11/2016 0:00,14,0,2,2,11,37,1,0,0,21.16666667,0,2.166666667,3.333333333,12.83333333,47.16666667,0.333333333,0,0,13.1
00-0028198,M.Asiata,2017010105,1/1/2017 0:00,31,0,3,3,8,14,0,0,0,20.66666667,0,2.166666667,3,11.5,38.16666667,0.5,0,0,7.5
,,,,,,,,,,,,,18.16666667,0,2.166666667,3,10.5,31.33333333,0.333333333,0,0,0
00-0028202,S.Draughn,2012101401,10/14/2012 0:00,12,0,3,4,11,11,0,0,0,5,0,1,1,12,40,0,0,0,5.3
00-0028202,S.Draughn,2015110808,11/8/2015 0:00,38,0,4,5,16,58,0,0,0,8.5,0,2,2.5,11.5,25.5,0,0,0,13.6
00-0028202,S.Draughn,2015112210,11/22/2015 0:00,40,0,8,11,12,37,0,0,0,18.33333333,0,2.666666667,3.333333333,13,36.33333333,0,0,0,15.7
00-0028202,S.Draughn,2015112909,11/29/2015 0:00,35,0,5,5,15,51,0,0,0,23.75,0,4,5.25,12.75,36.5,0,0,0,13.6
00-0028202,S.Draughn,2015120605,12/6/2015 0:00,50,0,5,6,13,36,1,0,0,26,0,4.2,5.2,13.2,39.4,0,0,0,19.6
00-0028202,S.Draughn,2015121310,12/13/2015 0:00,8,0,2,3,11,43,0,0,0,30,0,4.333333333,5.333333333,13.16666667,38.83333333,0.166666667,0,0,7.1
00-0028202,S.Draughn,2015122012,12/20/2015 0:00,4,0,1,2,9,38,0,0,0,30.5,0,4.5,5.666666667,13,39.33333333,0.166666667,0,0,5.2
00-0028202,S.Draughn,2016091800,9/18/2016 0:00,0,0,0,1,9,21,0,0,0,29.16666667,0,4.166666667,5.333333333,12.66666667,43.83333333,0.166666667,0,0,2.1
00-0028202,S.Draughn,2016122409,12/24/2016 0:00,48,0,6,7,10,17,0,0,0,22.83333333,0,3.5,4.666666667,11.5,37.66666667,0.166666667,0,0,12.5
00-0028202,S.Draughn,2017010115,1/1/2017 0:00,68,0,4,6,21,41,2,0,0,24.16666667,0,3.166666667,4,11.16666667,34.33333333,0.166666667,0,0,26.9
,,,,,,,,,,,,,29.66666667,0,3,4.166666667,12.16666667,32.66666667,0.5,0,0,0
00-0028409,D.Harris,2015122705,12/27/2015 0:00,11,0,1,2,11,73,0,0,0,17,0,2,2,14,70,0,0,0,9.4
00-0028409,D.Harris,2016010315,1/3/2016 0:00,86,0,8,12,16,67,0,0,0,14,0,1.5,2,12.5,71.5,0,0,0,23.3
00-0028409,D.Harris,2016102310,10/23/2016 0:00,18,0,2,2,11,39,0,0,0,38,0,3.666666667,5.333333333,13.66666667,70,0,0,0,7.7
00-0028409,D.Harris,2016110608,11/6/2016 0:00,83,1,5,6,10,59,0,1,1,33,0,3.25,4.5,13,62.25,0,0,0,24.2
,,,,,,,,,,,,,43,0.2,3.6,4.8,12.4,61.6,0,0.2,0.2,0
,,,,,,,,,,,,,0,0,0,1,10,29,0,0,0,0
,,,,,,,,,,,,,17,0,3,3,8,28,0,0,0,0
,,,,,,,,,,,,,8,0,1,1,13,30,0,0,0,0
00-0028736,W.Powell,2012123014,12/30/2012 0:00,-4,0,1,1,14,52,0,0,0,8,0,1,1,13,70,0,0,0,5.8
,,,,,,,,,,,,,2,0,1,1,13.5,61,0,0,0,0
00-0029004,L.Dunbar,2013112801,11/28/2013 0:00,12,0,1,1,12,82,0,0,0,0,0,0,2,8,26,0,0,0,10.4
,,,,,,,,,,,,,6,0,0.5,1.5,10,54,0,0,0,0
00-0029104,J.Gray,2014121408,12/14/2014 0:00,7,0,1,1,11,62,0,0,0,0,0,0,1,12,33,0,0,0,7.9
00-0029104,J.Gray,2015102502,10/25/2015 0:00,10,0,1,1,12,48,0,0,0,3.5,0,0.5,1,11.5,47.5,0,0,0,6.8
00-0029104,J.Gray,2016010304,1/3/2016 0:00,4,0,1,1,9,23,0,0,0,5.666666667,0,0.666666667,1,11.66666667,47.66666667,0,0,0,3.7
,,,,,,,,,,,,,5.25,0,0.75,1,11,41.5,0,0,0,0
00-0029141,A.Morris,2012093011,9/30/2012 0:00,-4,0,1,2,21,113,1,0,0,0,0,0,1,17,78,1,0,0,20.9
00-0029141,A.Morris,2012100700,10/7/2012 0:00,20,0,1,1,18,115,0,0,0,-2,0,0.5,1.5,19,95.5,1,0,0,17.5
00-0029141,A.Morris,2012101410,10/14/2012 0:00,9,0,1,2,16,47,1,0,0,5.333333333,0,0.666666667,1.333333333,18.66666667,102,0.666666667,0,0,12.6
00-0029141,A.Morris,2012102100,10/21/2012 0:00,10,0,2,2,22,120,0,0,0,6.25,0,0.75,1.5,18,88.25,0.75,0,0,18
00-0029141,A.Morris,2012110400,11/4/2012 0:00,0,0,0,1,13,76,0,0,0,7,0,1,1.6,18.8,94.6,0.6,0,0,7.6
00-0029141,A.Morris,2012111800,11/18/2012 0:00,7,0,1,1,20,76,0,0,0,5.833333333,0,0.833333333,1.5,17.83333333,91.5,0.5,0,0,9.3
00-0029141,A.Morris,2012120900,12/9/2012 0:00,0,0,0,1,23,122,1,0,0,7,0,1,1.5,18.33333333,91.16666667,0.333333333,0,0,21.2
00-0029141,A.Morris,2012121604,12/16/2012 0:00,6,0,2,2,27,87,2,0,0,7.666666667,0,0.833333333,1.333333333,18.66666667,92.66666667,0.333333333,0,0,23.3
00-0029141,A.Morris,2012122307,12/23/2012 0:00,17,0,1,1,22,91,1,0,0,5.333333333,0,1,1.5,20.16666667,88,0.666666667,0,0,17.8
00-0029141,A.Morris,2012123007,12/30/2012 0:00,12,0,2,2,33,200,3,0,0,6.666666667,0,1,1.333333333,21.16666667,95.33333333,0.666666667,0,0,44.2
00-0029141,A.Morris,2013090900,9/9/2013 0:00,9,0,1,1,12,45,1,0,0,7,0,1,1.333333333,23,108.6666667,1.166666667,0,0,12.4
00-0029141,A.Morris,2013091504,9/15/2013 0:00,13,0,2,2,13,107,0,0,0,8.5,0,1.166666667,1.333333333,22.83333333,103.5,1.333333333,0,0,17
00-0029141,A.Morris,2013092209,9/22/2013 0:00,0,0,0,1,15,73,1,0,0,9.5,0,1.333333333,1.5,21.66666667,108.6666667,1.333333333,0,0,13.3
00-0029141,A.Morris,2013101312,10/13/2013 0:00,0,0,0,1,16,81,1,0,0,9.5,0,1.333333333,1.5,20.33333333,100.5,1.333333333,0,0,14.1
00-0029141,A.Morris,2013120111,12/1/2013 0:00,27,0,3,3,11,26,1,0,0,8.5,0,1,1.333333333,18.5,99.5,1.166666667,0,0,14.3
00-0029141,A.Morris,2013121500,12/15/2013 0:00,8,0,1,1,18,98,0,0,0,10.16666667,0,1.333333333,1.666666667,16.66666667,88.66666667,1.166666667,0,0,11.6
00-0029141,A.Morris,2013122209,12/22/2013 0:00,0,0,0,1,24,88,1,0,0,9.5,0,1.166666667,1.5,14.16666667,71.66666667,0.666666667,0,0,14.8
00-0029141,A.Morris,2013122909,12/29/2013 0:00,21,0,2,2,16,62,0,0,0,8,0,1,1.5,16.16666667,78.83333333,0.666666667,0,0,10.3
00-0029141,A.Morris,2014092500,9/25/2014 0:00,27,0,3,3,12,63,1,0,0,9.333333333,0,1,1.5,16.66666667,71.33333333,0.666666667,0,0,18
00-0029141,A.Morris,2014100600,10/6/2014 0:00,-2,0,1,1,13,29,0,0,0,13.83333333,0,1.5,1.833333333,16.16666667,69.66666667,0.666666667,0,0,3.7
00-0029141,A.Morris,2014101210,10/12/2014 0:00,14,0,1,3,13,41,0,0,0,13.5,0,1.666666667,1.833333333,15.66666667,61,0.5,0,0,6.5
00-0029141,A.Morris,2014102700,10/27/2014 0:00,12,0,1,1,18,73,1,0,0,11.33333333,0,1.333333333,1.833333333,16,63.5,0.333333333,0,0,15.5
00-0029141,A.Morris,2014110206,11/2/2014 0:00,17,0,2,3,19,92,2,0,0,12,0,1.333333333,1.833333333,16,59.33333333,0.5,0,0,24.9
00-0029141,A.Morris,2014111608,11/16/2014 0:00,36,0,2,3,20,96,0,0,1,14.83333333,0,1.666666667,2.166666667,15.16666667,60,0.666666667,0,0,14.2
00-0029141,A.Morris,2014112311,11/23/2014 0:00,5,0,1,1,21,125,1,0,0,17.33333333,0,1.666666667,2.333333333,15.83333333,65.66666667,0.666666667,0,0.166666667,23
00-0029141,A.Morris,2014113003,11/30/2014 0:00,16,0,3,5,17,67,0,0,0,13.66666667,0,1.333333333,2,17.33333333,76,0.666666667,0,0.166666667,11.3
00-0029141,A.Morris,2014120708,12/7/2014 0:00,11,0,1,3,8,6,0,0,0,16.66666667,0,1.666666667,2.666666667,18,82.33333333,0.666666667,0,0.166666667,2.7
00-0029141,A.Morris,2014122812,12/28/2014 0:00,19,0,2,3,12,43,0,0,0,16.16666667,0,1.666666667,2.666666667,17.16666667,76.5,0.666666667,0,0.166666667,8.2
00-0029141,A.Morris,2015092005,9/20/2015 0:00,13,0,2,2,18,59,0,0,0,17.33333333,0,1.833333333,3,16.16666667,71.5,0.5,0,0.166666667,9.2
00-0029141,A.Morris,2015100405,10/4/2015 0:00,3,0,2,3,17,62,0,0,0,16.66666667,0,1.833333333,2.833333333,16,66,0.166666667,0,0.166666667,8.5
00-0029141,A.Morris,2015101801,10/18/2015 0:00,11,0,1,1,11,21,0,0,0,11.16666667,0,1.833333333,2.833333333,15.5,60.33333333,0.166666667,0,0,4.2
00-0029141,A.Morris,2015111500,11/15/2015 0:00,14,0,3,3,15,92,0,0,0,12.16666667,0,1.833333333,2.833333333,13.83333333,43,0,0,0,13.6
00-0029141,A.Morris,2015112900,11/29/2015 0:00,12,0,1,1,23,78,0,0,0,11.83333333,0,1.833333333,2.5,13.5,47.16666667,0,0,0,10
00-0029141,A.Morris,2015121306,12/13/2015 0:00,0,0,0,1,11,24,1,0,0,12,0,1.833333333,2.166666667,16,59.16666667,0,0,0,8.4
00-0029141,A.Morris,2015122600,12/26/2015 0:00,0,0,0,1,17,49,0,0,0,8.833333333,0,1.5,1.833333333,15.83333333,56,0.166666667,0,0,4.9
00-0029141,A.Morris,2017010107,1/1/2017 0:00,3,0,1,2,8,12,0,0,0,6.666666667,0,1.166666667,1.666666667,15.66666667,54.33333333,0.166666667,0,0,2.5
00-0029141,A.Morris,2017112301,11/23/2017 0:00,13,0,1,1,9,36,0,0,0,6.666666667,0,1,1.5,14.16666667,46,0.166666667,0,0,5.9
00-0029141,A.Morris,2017113000,11/30/2017 0:00,0,0,0,1,27,127,1,0,0,7,0,1,1.5,13.83333333,48.5,0.166666667,0,0,21.7
00-0029141,A.Morris,2017121012,12/10/2017 0:00,23,0,3,3,19,62,0,0,0,4.666666667,0,0.5,1.166666667,15.83333333,54.33333333,0.333333333,0,0,11.5
00-0029141,A.Morris,2017121711,12/17/2017 0:00,0,0,2,2,16,61,0,0,0,6.5,0,0.833333333,1.5,15.16666667,51.66666667,0.333333333,0,0,8.1
00-0029141,A.Morris,2018091610,9/16/2018 0:00,32,0,2,2,14,48,0,0,0,6.5,0,1.166666667,1.666666667,16,57.83333333,0.166666667,0,0,10
00-0029141,A.Morris,2018100710,10/7/2018 0:00,30,0,3,4,18,61,0,0,0,11.83333333,0,1.5,1.833333333,15.5,57.66666667,0.166666667,0,0,12.1
00-0029141,A.Morris,2018102111,10/21/2018 0:00,0,0,0,1,9,25,0,0,0,16.33333333,0,1.833333333,2.166666667,17.16666667,65.83333333,0.166666667,0,0,2.5
00-0029141,A.Morris,2018111200,11/12/2018 0:00,0,0,0,1,9,19,0,0,0,14.16666667,0,1.666666667,2.166666667,17.16666667,64,0.166666667,0,0,1.9
00-0029141,A.Morris,2018123014,12/30/2018 0:00,4,0,1,1,16,111,1,0,0,14.16666667,0,1.666666667,2.166666667,14.16666667,46,0,0,0,21.5
,,,,,,,,,,,,,11,0,1.333333333,1.833333333,13.66666667,54.16666667,0.166666667,0,0,0
,,,,,,,,,,,,,5,0,1,1,11,17,0,0,0,0
00-0029239,B.Bolden,2012100709,10/7/2012 0:00,0,0,1,1,14,54,0,0,0,11,0,1,1,16,137,1,0,0,6.4
00-0029239,B.Bolden,2013102007,10/20/2013 0:00,7,0,1,3,8,36,1,0,0,5.5,0,1,1,15,95.5,0.5,0,0,11.3
00-0029239,B.Bolden,2013102703,10/27/2013 0:00,7,0,2,2,8,22,1,0,0,6,0,1,1.666666667,12.66666667,75.66666667,0.666666667,0,0,10.9
00-0029239,B.Bolden,2013112411,11/24/2013 0:00,11,0,1,1,13,58,1,0,1,6.25,0,1.25,1.75,11.5,62.25,0.75,0,0,12.9
00-0029239,B.Bolden,2015122005,12/20/2015 0:00,18,0,2,3,10,36,0,0,0,7.2,0,1.2,1.6,11.8,61.4,0.8,0,0.2,7.4
00-0029239,B.Bolden,2015122702,12/27/2015 0:00,30,0,5,7,9,30,0,0,0,9,0,1.333333333,1.833333333,11.5,57.16666667,0.666666667,0,0.166666667,11
00-0029239,B.Bolden,2016010301,1/3/2016 0:00,5,0,2,2,9,31,0,0,0,12.16666667,0,2,2.833333333,10.33333333,39.33333333,0.5,0,0.166666667,5.6
00-0029239,B.Bolden,2017123106,12/31/2017 0:00,7,0,1,4,9,46,0,0,0,13,0,2.166666667,3,9.5,35.5,0.5,0,0.166666667,6.3
,,,,,,,,,,,,,13,0,2.166666667,3.166666667,9.666666667,37.16666667,0.333333333,0,0.166666667,0
00-0029251,D.Wilson,2012123006,12/30/2012 0:00,15,1,1,1,15,75,0,0,0,11,0,1,3,12,55,0,0,0,16
00-0029251,D.Wilson,2013092905,9/29/2013 0:00,8,0,2,3,13,55,0,0,0,13,0.5,1,2,13.5,65,0,0,0,8.3
,,,,,,,,,,,,,11.33333333,0.333333333,1.333333333,2.333333333,13.33333333,61.66666667,0,0,0,0
00-0029260,L.James,2012121613,12/16/2012 0:00,0,0,0,2,8,31,0,0,0,15,0,1,1,8,30,0,0,0,3.1
,,,,,,,,,,,,,7.5,0,0.5,1.5,8,30.5,0,0,0,0
,,,,,,,,,,,,,15,1,1,1,8,19,0,0,0,0
00-0029264,B.Pierce,2012120900,12/9/2012 0:00,11,0,2,2,8,53,0,0,0,5,0,1,1,8,34,0,0,0,8.4
00-0029264,B.Pierce,2012122309,12/23/2012 0:00,0,0,0,1,14,123,0,0,0,8,0,1.5,1.5,8,43.5,0,0,0,15.3
00-0029264,B.Pierce,2012123002,12/30/2012 0:00,4,0,1,4,22,89,0,0,0,5.333333333,0,1,1.333333333,10,70,0,0,0,10.3
00-0029264,B.Pierce,2013090500,9/5/2013 0:00,0,0,0,1,9,22,0,0,0,5,0,1,2,13,74.75,0,0,0,2.2
00-0029264,B.Pierce,2013091501,9/15/2013 0:00,-2,0,1,1,19,57,1,0,0,4,0,0.8,1.8,12.2,64.2,0,0,0,12.5
00-0029264,B.Pierce,2013092200,9/22/2013 0:00,7,0,2,2,24,65,1,0,0,3,0,0.833333333,1.666666667,13.33333333,63,0.166666667,0,0,15.2
00-0029264,B.Pierce,2013111001,11/10/2013 0:00,12,0,2,3,8,31,0,0,0,3.333333333,0,1,1.833333333,16,68.16666667,0.333333333,0,0,6.3
00-0029264,B.Pierce,2013112802,11/28/2013 0:00,4,0,3,3,9,35,0,0,0,3.5,0,1,2,16,64.5,0.333333333,0,0,6.9
00-0029264,B.Pierce,2013122214,12/22/2013 0:00,27,0,3,5,10,31,0,0,0,4.166666667,0,1.5,2.333333333,15.16666667,49.83333333,0.333333333,0,0,8.8
00-0029264,B.Pierce,2014091100,9/11/2014 0:00,7,0,1,2,22,96,0,0,0,8,0,1.833333333,2.5,13.16666667,40.16666667,0.333333333,0,0,11.3
00-0029264,B.Pierce,2014101900,10/19/2014 0:00,0,0,0,1,8,21,1,0,0,9.166666667,0,2,2.666666667,15.33333333,52.5,0.333333333,0,0,8.1
,,,,,,,,,,,,,9.5,0,1.833333333,2.666666667,13.5,46.5,0.333333333,0,0,0
00-0029273,R.Turbin,2012121610,12/16/2012 0:00,-3,0,1,1,10,31,0,0,0,0,0,0,1,20,108,0,0,0,3.8
00-0029273,R.Turbin,2013121506,12/15/2013 0:00,1,0,1,1,9,34,0,0,0,-1.5,0,0.5,1,15,69.5,0,0,0,4.5
00-0029273,R.Turbin,2014122815,12/28/2014 0:00,13,0,1,1,11,53,0,0,0,-0.666666667,0,0.666666667,1,13,57.66666667,0,0,0,7.6
00-0029273,R.Turbin,2015101805,10/18/2015 0:00,0,0,0,1,10,27,0,0,0,2.75,0,0.75,1,12.5,56.5,0,0,0,2.7
,,,,,,,,,,,,,2.2,0,0.6,1,12,50.6,0,0,0,0
00-0029317,E.Baker,2013122206,12/22/2013 0:00,12,0,2,3,17,64,1,0,0,46,0,4,4,8,38,1,0,0,15.6
00-0029317,E.Baker,2013122910,12/29/2013 0:00,-1,0,2,2,18,69,0,0,0,29,0,3,3.5,12.5,51,1,0,0,8.8
,,,,,,,,,,,,,19,0,2.666666667,3,14.33333333,57,0.666666667,0,0,0
00-0029384,B.Rainey,2013111708,11/17/2013 0:00,4,1,2,2,30,163,2,0,0,11,0,1,1,8,45,1,0,0,39.7
00-0029384,B.Rainey,2013112402,11/24/2013 0:00,0,0,0,1,18,35,0,0,0,7.5,0.5,1.5,1.5,19,104,1.5,0,0,3.5
00-0029384,B.Rainey,2013120100,12/1/2013 0:00,8,0,2,3,17,63,0,0,0,5,0.333333333,1,1.333333333,18.66666667,81,1,0,0,9.1
00-0029384,B.Rainey,2013120807,12/8/2013 0:00,-4,0,3,4,22,127,1,0,0,5.75,0.25,1.25,1.75,18.25,76.5,0.75,0,0,24.3
00-0029384,B.Rainey,2013121508,12/15/2013 0:00,3,0,1,1,11,27,0,0,0,3.8,0.2,1.6,2.2,19,86.6,0.8,0,0,4
00-0029384,B.Rainey,2013122208,12/22/2013 0:00,4,0,1,1,20,37,1,0,0,3.666666667,0.166666667,1.5,2,17.66666667,76.66666667,0.666666667,0,0,11.1
00-0029384,B.Rainey,2013122908,12/29/2013 0:00,1,0,1,2,11,35,0,0,0,2.5,0.166666667,1.5,2,19.66666667,75.33333333,0.666666667,0,0,4.6
00-0029384,B.Rainey,2014091409,9/14/2014 0:00,30,0,3,3,22,144,0,0,0,2,0,1.333333333,2,16.5,54,0.333333333,0,0,23.4
00-0029384,B.Rainey,2014091800,9/18/2014 0:00,64,0,7,8,11,41,0,1,1,7,0,1.833333333,2.333333333,17.16666667,72.16666667,0.333333333,0,0,16.5
00-0029384,B.Rainey,2014102607,10/26/2014 0:00,41,0,6,6,8,25,0,0,0,16.33333333,0,2.666666667,3.166666667,16.16666667,68.5,0.333333333,0.166666667,0.166666667,12.6
00-0029384,B.Rainey,2014110201,11/2/2014 0:00,34,0,1,3,19,87,0,0,0,23.83333333,0,3.166666667,3.5,13.83333333,51.5,0.166666667,0.166666667,0.166666667,13.1
,,,,,,,,,,,,,29,0,3.166666667,3.833333333,15.16666667,61.5,0.166666667,0.166666667,0.166666667,0
00-0029429,B.Brown,2012120213,12/2/2012 0:00,14,0,4,5,24,169,2,0,0,11,0,4,5,19,178,2,0,0,37.3
00-0029429,B.Brown,2012120907,12/9/2012 0:00,6,0,2,4,12,6,0,0,0,12.5,0,4,5,21.5,173.5,2,0,0,3.2
00-0029429,B.Brown,2012121300,12/13/2012 0:00,11,0,1,2,16,34,0,0,0,10.33333333,0,3.333333333,4.666666667,18.33333333,117.6666667,1.333333333,0,0,5.5
00-0029429,B.Brown,2012123006,12/30/2012 0:00,6,0,1,1,8,18,0,0,0,10.5,0,2.75,4,17.75,96.75,1,0,0,3.4
00-0029429,B.Brown,2013092909,9/29/2013 0:00,41,0,2,3,8,19,0,0,0,9.6,0,2.4,3.4,15.8,81,0.8,0,0,8
00-0029429,B.Brown,2015122008,12/20/2015 0:00,0,0,0,1,9,43,0,0,0,14.83333333,0,2.333333333,3.333333333,14.5,70.66666667,0.666666667,0,0,4.3
,,,,,,,,,,,,,13,0,1.666666667,2.666666667,12.83333333,48.16666667,0.333333333,0,0,0
00-0029438,C.Polk,2015101807,10/18/2015 0:00,2,0,1,2,8,37,0,0,0,9,0,2,8,14,38,0,0,0,4.9
00-0029438,C.Polk,2015110103,11/1/2015 0:00,4,0,1,2,8,18,0,0,0,5.5,0,1.5,5,11,37.5,0,0,0,3.2
00-0029438,C.Polk,2015120601,12/6/2015 0:00,11,1,1,1,12,61,0,0,0,5,0,1.333333333,4,10,31,0,0,0,14.2
00-0029438,C.Polk,2015121303,12/13/2015 0:00,14,0,2,2,11,34,0,0,0,6.5,0.25,1.25,3.25,10.5,38.5,0,0,0,6.8
,,,,,,,,,,,,,8,0.2,1.4,3,10.6,37.6,0,0,0,0
,,,,,,,,,,,,,2,0,1,1,9,46,0,0,0,0
00-0029510,J.Grimes,2014122803,12/28/2014 0:00,23,0,2,3,11,45,0,0,0,76,0,6,6,16,50,1,1,1,8.8
00-0029510,J.Grimes,2017010110,1/1/2017 0:00,33,0,4,5,8,16,0,0,0,49.5,0,4,4.5,13.5,47.5,0.5,0.5,0.5,8.9
,,,,,,,,,,,,,44,0,4,4.666666667,11.66666667,37,0.333333333,0.333333333,0.333333333,0
00-0029547,V.Ballard,2012102106,10/21/2012 0:00,19,0,1,1,20,84,0,0,0,17,0,2,3,8,25,0,0,0,11.3
00-0029547,V.Ballard,2012102803,10/28/2012 0:00,16,1,1,1,12,55,0,0,0,18,0,1.5,2,14,54.5,0,0,0,14.1
00-0029547,V.Ballard,2012110407,11/4/2012 0:00,38,0,3,6,16,60,0,0,0,17.33333333,0.333333333,1.333333333,1.666666667,13.33333333,54.66666667,0,0,0,12.8
00-0029547,V.Ballard,2012110800,11/8/2012 0:00,11,0,2,2,12,48,0,0,0,22.5,0.25,1.75,2.75,14,56,0,0,0,7.9
00-0029547,V.Ballard,2012111806,11/18/2012 0:00,7,0,1,1,16,72,0,0,0,20.2,0.2,1.8,2.6,13.6,54.4,0,0,0,8.9
00-0029547,V.Ballard,2012112502,11/25/2012 0:00,0,0,0,1,13,41,0,0,0,18,0.166666667,1.666666667,2.333333333,14,57.33333333,0,0,0,4.1
00-0029547,V.Ballard,2012120205,12/2/2012 0:00,21,0,3,4,9,41,1,0,0,15.16666667,0.166666667,1.333333333,2,14.83333333,60,0,0,0,15.2
00-0029547,V.Ballard,2012120903,12/9/2012 0:00,10,0,1,1,19,94,0,0,0,15.5,0.166666667,1.666666667,2.5,13,52.83333333,0.166666667,0,0,11.4
00-0029547,V.Ballard,2012121607,12/16/2012 0:00,0,0,0,2,18,105,0,0,0,14.5,0,1.666666667,2.5,14.16666667,59.33333333,0.166666667,0,0,13.5
00-0029547,V.Ballard,2012123004,12/30/2012 0:00,9,0,2,3,27,78,1,0,0,8.166666667,0,1.166666667,1.833333333,14.5,66.83333333,0.166666667,0,0,16.7
00-0029547,V.Ballard,2013090805,9/8/2013 0:00,-5,0,1,2,13,63,0,0,0,7.833333333,0,1.166666667,2,17,71.83333333,0.333333333,0,0,6.8
,,,,,,,,,,,,,5.833333333,0,1.166666667,2.166666667,16.5,70.33333333,0.333333333,0,0,0
00-0029588,D.Herron,2014112304,11/23/2014 0:00,31,0,5,5,12,65,0,0,0,4,0,1,1,8,10,0,0,0,14.6
00-0029588,D.Herron,2014113003,11/30/2014 0:00,8,0,2,2,8,88,1,1,1,17.5,0,3,3,10,37.5,0,0,0,16.6
00-0029588,D.Herron,2014120701,12/7/2014 0:00,45,0,4,7,8,26,0,0,0,14.33333333,0,2.666666667,2.666666667,9.333333333,54.33333333,0.333333333,0.333333333,0.333333333,11.1
00-0029588,D.Herron,2014121406,12/14/2014 0:00,12,0,2,3,11,60,0,0,0,22,0,3,3.75,9,47.25,0.25,0.25,0.25,9.2
00-0029588,D.Herron,2014122811,12/28/2014 0:00,31,0,3,3,10,35,0,0,0,20,0,2.8,3.6,9.4,49.8,0.2,0.2,0.2,9.6
,,,,,,,,,,,,,21.83333333,0,2.833333333,3.5,9.5,47.33333333,0.166666667,0.166666667,0.166666667,0
00-0029612,D.Richardson,2012100400,10/4/2012 0:00,0,0,0,2,9,35,0,0,0,19,0,2,3,16,85,0,0,0,3.5
00-0029612,D.Richardson,2012101405,10/14/2012 0:00,23,0,2,3,11,76,0,0,0,9.5,0,1,2.5,12.5,60,0,0,0,11.9
00-0029612,D.Richardson,2012102104,10/21/2012 0:00,43,0,3,3,8,36,0,0,0,14,0,1.333333333,2.666666667,12,65.33333333,0,0,0,10.9
00-0029612,D.Richardson,2013090810,9/8/2013 0:00,33,0,5,6,20,63,0,0,0,21.25,0,1.75,2.75,11,58,0,0,0,14.6
00-0029612,D.Richardson,2013091500,9/15/2013 0:00,45,0,5,6,10,35,0,0,0,23.6,0,2.4,3.4,12.8,59,0,0,0,13
00-0029612,D.Richardson,2013092600,9/26/2013 0:00,8,0,1,2,12,16,0,0,0,27.16666667,0,2.833333333,3.833333333,12.33333333,55,0,0,0,3.4
00-0029612,D.Richardson,2013100606,10/6/2013 0:00,0,0,0,1,13,48,0,0,0,25.33333333,0,2.666666667,3.666666667,11.66666667,43.5,0,0,0,4.8
00-0029612,D.Richardson,2013102800,10/28/2013 0:00,8,0,1,1,8,39,0,0,0,25.33333333,0,2.666666667,3.5,12.33333333,45.66666667,0,0,0,5.7
,,,,,,,,,,,,,22.83333333,0,2.5,3.166666667,11.83333333,39.5,0,0,0,0
00-0029613,D.Martin,2012091600,9/16/2012 0:00,0,0,0,3,20,66,1,0,0,23,0,4,4,24,95,0,0,0,12.6
00-0029613,D.Martin,2012092300,9/23/2012 0:00,21,0,2,3,19,53,0,0,0,11.5,0,2,3.5,22,80.5,0.5,0,0,9.4
00-0029613,D.Martin,2012093011,9/30/2012 0:00,9,0,2,5,8,33,0,0,0,14.66666667,0,2,3.333333333,21,71.33333333,0.333333333,0,0,6.2
00-0029613,D.Martin,2012101401,10/14/2012 0:00,55,0,2,4,13,76,0,0,0,13.25,0,2,3.75,17.75,61.75,0.25,0,0,15.1
00-0029613,D.Martin,2012102103,10/21/2012 0:00,37,0,3,3,16,85,1,0,0,21.6,0,2,3.8,16.8,64.6,0.2,0,0,21.2
00-0029613,D.Martin,2012102500,10/25/2012 0:00,79,1,3,6,29,135,1,0,0,24.16666667,0,2.166666667,3.666666667,16.66666667,68,0.333333333,0,0,39.4
00-0029613,D.Martin,2012110409,11/4/2012 0:00,21,0,4,5,25,251,4,0,0,33.5,0.166666667,2,4,17.5,74.66666667,0.5,0,0,58.2
00-0029613,D.Martin,2012111101,11/11/2012 0:00,51,0,3,3,19,68,0,0,0,37,0.166666667,2.666666667,4.333333333,18.33333333,105.5,1,0,0,14.9
00-0029613,D.Martin,2012111803,11/18/2012 0:00,23,0,4,5,24,138,0,0,0,42,0.166666667,2.833333333,4.333333333,18.33333333,108,1,0,0,23.1
00-0029613,D.Martin,2012112506,11/25/2012 0:00,13,0,2,2,21,50,2,0,0,44.33333333,0.166666667,3.166666667,4.333333333,21,125.5,1,0,0,20.3
00-0029613,D.Martin,2012120209,12/2/2012 0:00,42,0,3,4,18,56,0,0,0,37.33333333,0.166666667,3.166666667,4,22.33333333,121.1666667,1.333333333,0,0,12.8
00-0029613,D.Martin,2012120907,12/9/2012 0:00,4,0,3,5,28,128,1,0,0,38.16666667,0.166666667,3.166666667,4.166666667,22.66666667,116.3333333,1.166666667,0,0,25.2
00-0029613,D.Martin,2012121602,12/16/2012 0:00,19,0,3,5,9,16,0,0,0,25.66666667,0,3.166666667,4,22.5,115.1666667,1.166666667,0,0,6.5
00-0029613,D.Martin,2012122308,12/23/2012 0:00,57,0,7,8,18,62,0,0,0,25.33333333,0,3,4,19.83333333,76,0.5,0,0,18.9
00-0029613,D.Martin,2012123010,12/30/2012 0:00,18,0,4,5,28,142,1,0,0,26.33333333,0,3.666666667,4.833333333,19.66666667,75,0.5,0,0,29
00-0029613,D.Martin,2013090807,9/8/2013 0:00,-1,0,2,6,24,65,1,0,0,25.5,0,3.666666667,4.833333333,20.33333333,75.66666667,0.666666667,0,0,14.4
00-0029613,D.Martin,2013091510,9/15/2013 0:00,0,0,0,1,29,144,0,0,0,23.16666667,0,3.666666667,5.5,20.83333333,78.16666667,0.5,0,0,17.4
00-0029613,D.Martin,2013092206,9/22/2013 0:00,20,0,2,6,20,88,0,0,0,16.16666667,0,3.166666667,5,22.66666667,92.83333333,0.5,0,0,12.8
00-0029613,D.Martin,2013092907,9/29/2013 0:00,16,0,3,4,27,45,0,0,0,18.83333333,0,3,5.166666667,21.33333333,86.16666667,0.333333333,0,0,9.1
00-0029613,D.Martin,2013101307,10/13/2013 0:00,24,0,4,4,16,67,0,0,0,18.33333333,0,3,5,24.33333333,91,0.333333333,0,0,13.1
00-0029613,D.Martin,2013102000,10/20/2013 0:00,7,0,1,3,11,47,0,0,0,12.83333333,0,2.5,4.333333333,24,91.83333333,0.333333333,0,0,6.4
00-0029613,D.Martin,2014090711,9/7/2014 0:00,7,0,1,2,9,9,0,0,0,11,0,2,4,21.16666667,76,0.166666667,0,0,2.6
00-0029613,D.Martin,2014092807,9/28/2014 0:00,16,0,2,2,14,40,1,0,0,12.33333333,0,1.833333333,3.333333333,18.66666667,66.66666667,0,0,0,13.6
00-0029613,D.Martin,2014100505,10/5/2014 0:00,29,0,3,5,14,45,0,0,0,15,0,2.166666667,3.5,16.16666667,49.33333333,0.166666667,0,0,10.4
00-0029613,D.Martin,2014101207,10/12/2014 0:00,3,0,1,2,11,45,0,0,0,16.5,0,2.333333333,3.333333333,15.16666667,42.16666667,0.166666667,0,0,5.8
00-0029613,D.Martin,2014102607,10/26/2014 0:00,-1,0,2,2,10,27,0,0,0,14.33333333,0,2,3,12.5,42.16666667,0.166666667,0,0,4.6
00-0029613,D.Martin,2014112302,11/23/2014 0:00,4,0,1,3,11,27,0,0,0,10.16666667,0,1.666666667,2.666666667,11.5,35.5,0.166666667,0,0,4.1
00-0029613,D.Martin,2014113008,11/30/2014 0:00,3,0,1,1,18,58,1,0,0,9.666666667,0,1.666666667,2.666666667,11.5,32.16666667,0.166666667,0,0,13.1
00-0029613,D.Martin,2014121403,12/14/2014 0:00,3,0,1,1,14,96,0,0,0,9,0,1.666666667,2.5,13,40.33333333,0.333333333,0,0,10.9
00-0029613,D.Martin,2014122107,12/21/2014 0:00,0,0,0,1,10,17,0,0,0,6.833333333,0,1.5,2.333333333,13,49.66666667,0.166666667,0,0,1.7
00-0029613,D.Martin,2015091311,9/13/2015 0:00,2,0,1,1,11,52,0,0,0,2,0,1,1.666666667,12.33333333,45,0.166666667,0,0,6.4
00-0029613,D.Martin,2015092008,9/20/2015 0:00,20,0,2,2,21,78,0,0,0,1.833333333,0,1,1.5,12.33333333,46.16666667,0.166666667,0,0,11.8
00-0029613,D.Martin,2015100406,10/4/2015 0:00,37,0,5,5,20,106,1,0,0,5.333333333,0,1,1.5,14.16666667,54.66666667,0.166666667,0,0,28.3
00-0029613,D.Martin,2015101104,10/11/2015 0:00,35,1,3,3,24,123,2,0,0,10.83333333,0,1.666666667,1.833333333,15.66666667,67.83333333,0.333333333,0,0,39.8
00-0029613,D.Martin,2015102505,10/25/2015 0:00,35,0,3,3,19,136,0,0,0,16.16666667,0.166666667,2,2.166666667,16.66666667,78.66666667,0.5,0,0,23.1
00-0029613,D.Martin,2015110105,11/1/2015 0:00,7,0,1,1,23,71,0,0,0,21.5,0.166666667,2.333333333,2.5,17.5,85.33333333,0.5,0,0,8.8
00-0029613,D.Martin,2015110807,11/8/2015 0:00,12,0,2,4,11,31,0,0,0,22.66666667,0.166666667,2.5,2.5,19.66666667,94.33333333,0.5,0,0,6.3
00-0029613,D.Martin,2015111502,11/15/2015 0:00,40,0,4,4,18,63,0,0,0,24.33333333,0.166666667,2.666666667,3,19.66666667,90.83333333,0.5,0,0,14.3
00-0029613,D.Martin,2015112204,11/22/2015 0:00,0,0,0,1,27,235,0,0,0,27.66666667,0.166666667,3,3.333333333,19.16666667,88.33333333,0.5,0,0,26.5
00-0029613,D.Martin,2015112904,11/29/2015 0:00,1,0,1,3,14,97,0,0,0,21.5,0.166666667,2.166666667,2.666666667,20.33333333,109.8333333,0.333333333,0,0,10.8
00-0029613,D.Martin,2015120608,12/6/2015 0:00,5,0,1,2,25,95,1,0,0,15.83333333,0,1.833333333,2.666666667,18.66666667,105.5,0,0,0,17
00-0029613,D.Martin,2015121308,12/13/2015 0:00,5,0,1,3,11,81,1,0,0,10.83333333,0,1.5,2.5,19.66666667,98.66666667,0.166666667,0,0,15.6
00-0029613,D.Martin,2015121700,12/17/2015 0:00,6,0,1,2,18,91,0,0,0,10.5,0,1.5,2.833333333,17.66666667,100.3333333,0.333333333,0,0,10.7
00-0029613,D.Martin,2015122708,12/27/2015 0:00,6,0,1,3,17,49,1,1,1,9.5,0,1.333333333,2.5,18.83333333,110.3333333,0.333333333,0,0,11.5
00-0029613,D.Martin,2016010312,1/3/2016 0:00,60,0,7,7,15,48,0,0,0,3.833333333,0,0.833333333,2.333333333,18.66666667,108,0.5,0.166666667,0.166666667,17.8
00-0029613,D.Martin,2016091100,9/11/2016 0:00,34,0,5,5,18,62,0,0,0,13.83333333,0,2,3.333333333,16.66666667,76.83333333,0.5,0.166666667,0.166666667,14.6
00-0029613,D.Martin,2016111306,11/13/2016 0:00,13,0,1,2,16,33,1,0,0,19.33333333,0,2.666666667,3.666666667,17.33333333,71,0.5,0.166666667,0.166666667,11.6
00-0029613,D.Martin,2016112005,11/20/2016 0:00,42,0,3,4,24,63,0,0,0,20.66666667,0,2.666666667,3.666666667,15.83333333,60.66666667,0.5,0.166666667,0.166666667,13.5
00-0029613,D.Martin,2016112708,11/27/2016 0:00,3,0,2,2,23,87,0,0,0,26.83333333,0,3,3.833333333,18,57.66666667,0.333333333,0.166666667,0.166666667,11
00-0029613,D.Martin,2016120411,12/4/2016 0:00,23,0,1,1,17,45,1,0,0,26.33333333,0,3.166666667,3.833333333,18.83333333,57,0.333333333,0.166666667,0.166666667,13.8
00-0029613,D.Martin,2016121108,12/11/2016 0:00,19,0,2,2,23,66,1,0,0,29.16666667,0,3.166666667,3.5,18.83333333,56.33333333,0.333333333,0,0,16.5
00-0029613,D.Martin,2017100500,10/5/2017 0:00,8,0,1,3,13,74,1,0,0,22.33333333,0,2.333333333,2.666666667,20.16666667,59.33333333,0.5,0,0,15.2
00-0029613,D.Martin,2017101507,10/15/2017 0:00,11,0,1,2,14,53,1,0,0,18,0,1.666666667,2.333333333,19.33333333,61.33333333,0.666666667,0,0,13.4
00-0029613,D.Martin,2017102200,10/22/2017 0:00,31,0,2,3,20,49,0,0,0,17.66666667,0,1.666666667,2.333333333,19,64.66666667,0.666666667,0,0,10
00-0029613,D.Martin,2017102907,10/29/2017 0:00,4,0,1,2,18,71,0,0,0,15.83333333,0,1.5,2.166666667,18.33333333,62.33333333,0.666666667,0,0,8.5
00-0029613,D.Martin,2017111205,11/12/2017 0:00,0,0,0,2,20,51,0,0,0,16,0,1.333333333,2.166666667,17.5,59.66666667,0.666666667,0,0,5.1
00-0029613,D.Martin,2017111911,11/19/2017 0:00,6,0,2,3,19,38,0,0,0,12.16666667,0,1.166666667,2.333333333,18,60.66666667,0.5,0,0,6.4
00-0029613,D.Martin,2017121007,12/10/2017 0:00,24,0,2,3,10,26,1,0,0,10,0,1.166666667,2.5,17.33333333,56,0.333333333,0,0,13
00-0029613,D.Martin,2018102808,10/28/2018 0:00,17,0,2,2,13,72,0,0,0,12.66666667,0,1.333333333,2.5,16.83333333,48,0.333333333,0,0,10.9
00-0029613,D.Martin,2018110100,11/1/2018 0:00,20,0,1,2,11,49,0,0,0,13.66666667,0,1.5,2.5,16.66666667,51.16666667,0.166666667,0,0,7.9
00-0029613,D.Martin,2018111109,11/11/2018 0:00,31,0,3,3,15,61,0,0,0,11.83333333,0,1.333333333,2.333333333,15.16666667,51.16666667,0.166666667,0,0,12.2
00-0029613,D.Martin,2018111807,11/18/2018 0:00,6,0,1,1,10,52,0,0,0,16.33333333,0,1.666666667,2.5,14.66666667,49.5,0.166666667,0,0,6.8
00-0029613,D.Martin,2018112500,11/25/2018 0:00,21,0,3,4,11,51,1,0,0,17.33333333,0,1.833333333,2.333333333,13,49.66666667,0.166666667,0,0,16.2
00-0029613,D.Martin,2018120210,12/2/2018 0:00,6,0,2,2,18,61,1,0,0,19.83333333,0,2,2.5,11.66666667,51.83333333,0.333333333,0,0,14.7
00-0029613,D.Martin,2018121604,12/16/2018 0:00,0,0,0,1,9,39,0,0,0,16.83333333,0,2,2.333333333,13,57.66666667,0.333333333,0,0,3.9
00-0029613,D.Martin,2018122400,12/24/2018 0:00,9,0,1,2,21,107,1,0,0,14,0,1.666666667,2.166666667,12.33333333,52.16666667,0.333333333,0,0,21.6
00-0029613,D.Martin,2018123004,12/30/2018 0:00,1,0,1,2,21,100,0,0,0,12.16666667,0,1.666666667,2.166666667,14,61.83333333,0.5,0,0,11.1
,,,,,,,,,,,,,7.166666667,0,1.333333333,2,15,68.33333333,0.5,0,0,0
00-0029615,L.Miller,2013090803,9/8/2013 0:00,7,0,1,1,10,3,0,0,0,0,0,0,1,10,73,0,0,0,2
00-0029615,L.Miller,2013091506,9/15/2013 0:00,6,0,2,2,14,69,1,0,0,3.5,0,0.5,1,10,38,0,0,0,15.5
00-0029615,L.Miller,2013092203,9/22/2013 0:00,2,0,1,3,8,62,0,0,0,4.333333333,0,1,1.333333333,11.33333333,48.33333333,0.333333333,0,0,7.4
00-0029615,L.Miller,2013093000,9/30/2013 0:00,6,0,1,3,11,62,1,0,0,3.75,0,1,1.75,10.5,51.75,0.25,0,0,13.8
00-0029615,L.Miller,2013102006,10/20/2013 0:00,4,0,1,3,9,43,0,0,0,4.2,0,1,2,10.6,53.8,0.4,0,0,5.7
00-0029615,L.Miller,2013102703,10/27/2013 0:00,23,0,3,3,18,89,0,0,0,4.166666667,0,1,2.166666667,10.33333333,52,0.333333333,0,0,14.2
00-0029615,L.Miller,2013103100,10/31/2013 0:00,24,0,4,4,16,105,0,0,0,8,0,1.5,2.5,11.66666667,54.66666667,0.333333333,0,0,19.9
00-0029615,L.Miller,2013112406,11/24/2013 0:00,39,0,4,4,10,8,0,0,0,10.83333333,0,2,3,12.66666667,71.66666667,0.333333333,0,0,8.7
00-0029615,L.Miller,2013120105,12/1/2013 0:00,13,0,1,1,22,72,0,0,0,16.33333333,0,2.333333333,3.333333333,12,61.5,0.166666667,0,0,9.5
00-0029615,L.Miller,2013121504,12/15/2013 0:00,0,0,1,1,15,61,0,0,0,18.16666667,0,2.333333333,3,14.33333333,63.16666667,0.166666667,0,0,7.1
00-0029615,L.Miller,2013122905,12/29/2013 0:00,4,0,1,1,17,73,0,0,0,17.16666667,0,2.333333333,2.666666667,15,63,0,0,0,8.7
00-0029615,L.Miller,2014090705,9/7/2014 0:00,19,1,4,5,11,59,0,0,0,17.16666667,0,2.333333333,2.333333333,16.33333333,68,0,0,0,17.8
00-0029615,L.Miller,2014091400,9/14/2014 0:00,7,0,2,5,11,46,0,0,0,16.5,0.166666667,2.5,2.666666667,15.16666667,63,0,0,0,7.3
00-0029615,L.Miller,2014092111,9/21/2014 0:00,24,0,4,5,15,108,0,0,0,13.66666667,0.166666667,2.166666667,2.833333333,14.33333333,53.16666667,0,0,0,20.2
00-0029615,L.Miller,2014092806,9/28/2014 0:00,3,0,2,2,12,64,2,0,0,11.16666667,0.166666667,2.166666667,3,15.16666667,69.83333333,0,0,0,20.7
00-0029615,L.Miller,2014101204,10/12/2014 0:00,27,0,3,3,14,53,1,0,0,9.5,0.166666667,2.333333333,3.166666667,13.5,68.5,0.333333333,0,0,17
00-0029615,L.Miller,2014101902,10/19/2014 0:00,22,0,2,3,18,61,1,0,0,14,0.166666667,2.666666667,3.5,13.33333333,67.16666667,0.5,0,0,16.3
00-0029615,L.Miller,2014102603,10/26/2014 0:00,21,0,3,3,14,78,0,0,0,17,0.166666667,2.833333333,3.833333333,13.5,65.16666667,0.666666667,0,0,12.9
00-0029615,L.Miller,2014110205,11/2/2014 0:00,8,0,1,2,11,49,1,0,0,17.33333333,0,2.666666667,3.5,14,68.33333333,0.666666667,0,0,12.7
00-0029615,L.Miller,2014111300,11/13/2014 0:00,12,0,2,2,15,86,0,0,0,17.5,0,2.5,3,14,68.83333333,0.833333333,0,0,11.8
00-0029615,L.Miller,2014112310,11/23/2014 0:00,8,0,1,1,13,61,0,0,0,15.5,0,2.166666667,2.5,14,65.16666667,0.833333333,0,0,7.9
00-0029615,L.Miller,2014120100,12/1/2014 0:00,11,0,2,3,13,56,1,0,0,16.33333333,0,2,2.333333333,14.16666667,64.66666667,0.5,0,0,14.7
00-0029615,L.Miller,2014120704,12/7/2014 0:00,36,0,5,5,12,53,0,0,0,13.66666667,0,1.833333333,2.333333333,14,65.16666667,0.5,0,0,13.9
00-0029615,L.Miller,2014121408,12/14/2014 0:00,10,0,1,2,16,47,0,0,0,16,0,2.333333333,2.666666667,13,63.83333333,0.333333333,0,0,6.7
00-0029615,L.Miller,2014122103,12/21/2014 0:00,58,0,5,7,19,92,1,0,0,14.16666667,0,2,2.5,13.33333333,58.66666667,0.333333333,0,0,26
00-0029615,L.Miller,2014122805,12/28/2014 0:00,0,0,0,2,19,178,1,0,0,22.5,0,2.666666667,3.333333333,14.66666667,65.83333333,0.333333333,0,0,26.8
00-0029615,L.Miller,2015091303,9/13/2015 0:00,22,0,1,1,13,53,0,0,0,20.5,0,2.333333333,3.333333333,15.33333333,81.16666667,0.5,0,0,8.5
00-0029615,L.Miller,2015092011,9/20/2015 0:00,28,0,5,6,10,14,0,0,0,22.83333333,0,2.333333333,3.333333333,15.33333333,79.83333333,0.5,0,0,9.2
00-0029615,L.Miller,2015101806,10/18/2015 0:00,5,0,2,3,19,113,1,0,0,25.66666667,0,2.833333333,3.833333333,14.83333333,72.83333333,0.333333333,0,0,22.8
00-0029615,L.Miller,2015102502,10/25/2015 0:00,61,1,3,3,14,175,1,0,0,20.5,0,2.333333333,3.5,16,82.83333333,0.5,0,0,41.6
00-0029615,L.Miller,2015102900,10/29/2015 0:00,19,0,5,5,9,15,1,0,0,29,0.166666667,2.666666667,3.666666667,15.66666667,104.1666667,0.666666667,0,0,14.4
00-0029615,L.Miller,2015110804,11/8/2015 0:00,97,0,7,7,12,44,2,0,0,22.5,0.166666667,2.666666667,3.333333333,14,91.33333333,0.666666667,0,0,33.1
00-0029615,L.Miller,2015111505,11/15/2015 0:00,50,1,6,8,16,43,0,0,0,38.66666667,0.166666667,3.833333333,4.166666667,12.83333333,69,0.833333333,0,0,21.3
00-0029615,L.Miller,2015120602,12/6/2015 0:00,5,0,1,2,20,113,0,0,0,43.33333333,0.333333333,4.666666667,5.333333333,13.33333333,67.33333333,0.833333333,0,0,15.8
00-0029615,L.Miller,2015122011,12/20/2015 0:00,12,0,2,2,9,12,0,0,0,39.5,0.333333333,4,4.666666667,15,83.83333333,0.833333333,0,0,4.4
00-0029615,L.Miller,2015122701,12/27/2015 0:00,36,0,5,6,15,31,1,0,0,40.66666667,0.333333333,4,4.5,13.33333333,67,0.666666667,0,0,17.7
00-0029615,L.Miller,2016010301,1/3/2016 0:00,3,0,1,2,19,60,0,0,0,36.5,0.166666667,4.333333333,5,13.5,43,0.666666667,0,0,7.3
00-0029615,L.Miller,2016091102,9/11/2016 0:00,11,0,4,4,28,106,0,0,0,33.83333333,0.166666667,3.666666667,4.5,15.16666667,50.5,0.5,0,0,18.7
00-0029615,L.Miller,2016091803,9/18/2016 0:00,14,0,2,2,25,83,0,0,0,19.5,0.166666667,3.166666667,4,17.83333333,60.83333333,0.166666667,0,0,11.7
00-0029615,L.Miller,2016092200,9/22/2016 0:00,27,0,4,5,21,80,0,0,0,13.5,0,2.5,3,19.33333333,67.5,0.166666667,0,0,14.7
00-0029615,L.Miller,2016100204,10/2/2016 0:00,26,0,3,3,19,82,0,0,0,17.16666667,0,3,3.5,19.5,62,0.166666667,0,0,13.8
00-0029615,L.Miller,2016100905,10/9/2016 0:00,4,0,1,3,8,20,0,0,0,19.5,0,3.166666667,3.666666667,21.16666667,73.66666667,0.166666667,0,0,3.4
00-0029615,L.Miller,2016101612,10/16/2016 0:00,29,1,3,4,24,149,1,0,0,14.16666667,0,2.5,3.166666667,20,71.83333333,0,0,0,35.8
00-0029615,L.Miller,2016102400,10/24/2016 0:00,6,0,3,4,11,61,0,0,0,18.5,0.166666667,2.833333333,3.5,20.83333333,86.66666667,0.166666667,0,0,9.7
00-0029615,L.Miller,2016103004,10/30/2016 0:00,7,0,2,3,17,56,1,0,0,17.66666667,0.166666667,2.666666667,3.5,18,79.16666667,0.166666667,0,0,14.3
00-0029615,L.Miller,2016112100,11/21/2016 0:00,9,0,2,3,24,104,1,0,0,16.5,0.166666667,2.666666667,3.666666667,16.66666667,74.66666667,0.333333333,0,0,22.3
00-0029615,L.Miller,2016112705,11/27/2016 0:00,18,0,3,4,19,57,0,0,0,13.5,0.166666667,2.333333333,3.333333333,17.16666667,78.66666667,0.5,0,0,10.5
00-0029615,L.Miller,2016120404,12/4/2016 0:00,7,0,1,1,14,22,0,0,0,12.16666667,0.166666667,2.333333333,3.5,17.16666667,74.5,0.5,0,0,3.9
00-0029615,L.Miller,2016121104,12/11/2016 0:00,15,0,1,1,21,107,1,0,0,12.66666667,0.166666667,2.333333333,3.166666667,18.16666667,74.83333333,0.5,0,0,22.2
00-0029615,L.Miller,2016121804,12/18/2016 0:00,26,0,2,2,22,63,1,0,0,10.33333333,0,2,2.666666667,17.66666667,67.83333333,0.5,0,0,16.9
00-0029615,L.Miller,2017091005,9/10/2017 0:00,31,0,2,2,17,65,0,0,0,13.66666667,0,1.833333333,2.333333333,19.5,68.16666667,0.666666667,0,0,11.6
00-0029615,L.Miller,2017091400,9/14/2017 0:00,26,0,3,3,18,61,0,0,0,17.66666667,0,1.833333333,2.166666667,19.5,69.66666667,0.5,0,0,11.7
00-0029615,L.Miller,2017092407,9/24/2017 0:00,7,0,1,1,14,56,0,0,0,20.5,0,2,2.166666667,18.5,62.5,0.333333333,0,0,7.3
00-0029615,L.Miller,2017100105,10/1/2017 0:00,56,1,4,5,19,75,1,0,0,18.66666667,0,1.666666667,1.666666667,17.66666667,62.33333333,0.333333333,0,0,29.1
00-0029615,L.Miller,2017100811,10/8/2017 0:00,15,0,2,3,15,74,0,0,0,26.83333333,0.166666667,2.166666667,2.333333333,18.5,71.16666667,0.5,0,0,10.9
00-0029615,L.Miller,2017101502,10/15/2017 0:00,40,0,3,4,15,41,0,0,0,26.83333333,0.166666667,2.333333333,2.666666667,17.5,65.66666667,0.333333333,0,0,11.1
00-0029615,L.Miller,2017102908,10/29/2017 0:00,19,1,3,3,21,54,1,0,0,29.16666667,0.166666667,2.5,3,16.33333333,62,0.166666667,0,0,22.3
00-0029615,L.Miller,2017110501,11/5/2017 0:00,34,0,3,4,10,57,0,0,0,27.16666667,0.333333333,2.666666667,3.166666667,17,60.16666667,0.333333333,0,0,12.1
00-0029615,L.Miller,2017111208,11/12/2017 0:00,14,0,1,1,11,60,0,0,0,28.5,0.333333333,2.666666667,3.333333333,15.66666667,59.5,0.333333333,0,0,8.4
00-0029615,L.Miller,2017111903,11/19/2017 0:00,22,1,4,5,22,61,0,0,0,29.66666667,0.333333333,2.666666667,3.333333333,15.16666667,60.16666667,0.333333333,0,0,18.3
00-0029615,L.Miller,2017112700,11/27/2017 0:00,7,0,1,3,17,51,1,0,0,24,0.333333333,2.666666667,3.333333333,15.66666667,57.83333333,0.166666667,0,0,12.8
00-0029615,L.Miller,2017120309,12/3/2017 0:00,38,0,4,4,15,56,0,0,0,22.66666667,0.333333333,2.5,3.333333333,16,54,0.333333333,0,0,13.4
00-0029615,L.Miller,2017121004,12/10/2017 0:00,7,0,2,2,17,53,0,0,0,22.33333333,0.333333333,2.666666667,3.333333333,16,56.5,0.333333333,0,0,8
00-0029615,L.Miller,2017121703,12/17/2017 0:00,1,0,2,4,9,32,0,0,0,20.33333333,0.166666667,2.5,3.166666667,15.33333333,56.33333333,0.166666667,0,0,5.3
00-0029615,L.Miller,2017122500,12/25/2017 0:00,10,0,1,1,10,55,0,0,0,14.83333333,0.166666667,2.333333333,3.166666667,15.16666667,52.16666667,0.166666667,0,0,7.5
00-0029615,L.Miller,2018090905,9/9/2018 0:00,11,0,1,2,20,98,0,0,0,14.16666667,0.166666667,2.333333333,3.166666667,15,51.33333333,0.166666667,0,0,11.9
00-0029615,L.Miller,2018091607,9/16/2018 0:00,2,0,2,2,14,68,0,0,0,12.33333333,0,1.833333333,2.666666667,14.66666667,57.5,0.166666667,0,0,9
00-0029615,L.Miller,2018092303,9/23/2018 0:00,41,1,5,6,10,10,0,1,1,11.5,0,2,2.5,14.16666667,60.33333333,0,0,0,15.1
00-0029615,L.Miller,2018101403,10/14/2018 0:00,25,0,2,3,15,46,0,0,0,12,0.166666667,2.166666667,2.833333333,13.33333333,52.66666667,0,0.166666667,0.166666667,9.1
00-0029615,L.Miller,2018102104,10/21/2018 0:00,-1,0,1,3,22,100,1,0,0,15,0.166666667,2.166666667,3,13,51.5,0,0.166666667,0.166666667,16.9
00-0029615,L.Miller,2018102500,10/25/2018 0:00,0,0,0,2,18,133,1,0,0,14.66666667,0.166666667,2,2.833333333,15.16666667,62.83333333,0.166666667,0.166666667,0.166666667,22.3
00-0029615,L.Miller,2018110407,11/4/2018 0:00,27,0,2,2,12,21,0,0,0,13,0.166666667,1.833333333,3,16.5,75.83333333,0.333333333,0.166666667,0.166666667,6.8
00-0029615,L.Miller,2018111806,11/18/2018 0:00,22,0,3,5,20,86,0,0,0,15.66666667,0.166666667,2,3,15.16666667,63,0.333333333,0.166666667,0.166666667,13.8
00-0029615,L.Miller,2018112600,11/26/2018 0:00,5,0,1,1,12,162,1,0,0,19,0.166666667,2.166666667,3.5,16.16666667,66,0.333333333,0.166666667,0.166666667,26.7
00-0029615,L.Miller,2018120204,12/2/2018 0:00,12,0,1,1,19,103,0,0,0,13,0,1.5,2.666666667,16.5,91.33333333,0.5,0,0,15.5
00-0029615,L.Miller,2018120904,12/9/2018 0:00,19,0,5,6,14,33,1,0,0,10.83333333,0,1.333333333,2.333333333,17.16666667,100.8333333,0.5,0,0,16.2
00-0029615,L.Miller,2018123003,12/30/2018 0:00,0,0,2,2,17,56,1,0,0,14.16666667,0,2,2.833333333,15.83333333,89.66666667,0.5,0,0,13.6
,,,,,,,,,,,,,14.16666667,0,2.333333333,2.833333333,15.66666667,76.83333333,0.5,0,0,0
00-0029675,T.Richardson,2012091606,9/16/2012 0:00,36,1,4,5,19,109,1,0,0,5,0,1,3,19,39,0,0,0,33.5
00-0029675,T.Richardson,2012092307,9/23/2012 0:00,24,0,6,7,12,27,1,0,0,20.5,0.5,2.5,4,19,74,0.5,0,0,17.1
00-0029675,T.Richardson,2012092700,9/27/2012 0:00,57,0,4,6,14,47,1,0,0,21.66666667,0.333333333,3.666666667,5,16.66666667,58.33333333,0.666666667,0,0,20.4
00-0029675,T.Richardson,2012100703,10/7/2012 0:00,47,0,5,7,17,81,1,0,0,30.5,0.25,3.75,5.25,16,55.5,0.75,0,0,23.8
00-0029675,T.Richardson,2012101403,10/14/2012 0:00,17,0,2,3,14,37,0,0,0,33.8,0.2,4,5.6,16.2,60.6,0.8,0,0,7.4
00-0029675,T.Richardson,2012102106,10/21/2012 0:00,11,0,2,2,8,8,0,0,0,31,0.166666667,3.666666667,5.166666667,15.83333333,56.66666667,0.666666667,0,0,3.9
00-0029675,T.Richardson,2012102802,10/28/2012 0:00,12,0,1,1,24,122,1,0,0,32,0.166666667,3.833333333,5,14,51.5,0.666666667,0,0,23.4
00-0029675,T.Richardson,2012110405,11/4/2012 0:00,31,0,6,9,25,105,0,0,0,28,0,3.333333333,4.333333333,14.83333333,53.66666667,0.666666667,0,0,22.6
00-0029675,T.Richardson,2012111804,11/18/2012 0:00,49,0,6,8,28,95,0,0,0,29.16666667,0,3.333333333,4.666666667,17,66.66666667,0.5,0,0,20.4
00-0029675,T.Richardson,2012112501,11/25/2012 0:00,27,0,4,4,29,85,1,0,0,27.83333333,0,3.666666667,5,19.33333333,74.66666667,0.333333333,0,0,21.2
00-0029675,T.Richardson,2012120211,12/2/2012 0:00,23,0,3,5,20,72,1,0,0,24.5,0,3.5,4.5,21.33333333,75.33333333,0.333333333,0,0,18.5
00-0029675,T.Richardson,2012120901,12/9/2012 0:00,9,0,1,2,18,42,2,0,0,25.5,0,3.666666667,4.833333333,22.33333333,81.16666667,0.5,0,0,18.1
00-0029675,T.Richardson,2012121604,12/16/2012 0:00,4,0,3,4,11,28,2,0,0,25.16666667,0,3.5,4.833333333,24,86.83333333,0.833333333,0,0,18.2
00-0029675,T.Richardson,2012122311,12/23/2012 0:00,15,0,3,4,9,53,0,0,0,23.83333333,0,3.833333333,5.333333333,21.83333333,71.16666667,1,0,0,9.8
00-0029675,T.Richardson,2013090803,9/8/2013 0:00,30,0,2,6,13,47,0,0,0,21.16666667,0,3.333333333,4.5,19.16666667,62.5,1,0,0,9.7
00-0029675,T.Richardson,2013091501,9/15/2013 0:00,21,0,5,5,18,58,0,0,0,18,0,2.666666667,4.166666667,16.66666667,54.5,1,0,0,12.9
00-0029675,T.Richardson,2013092211,9/22/2013 0:00,0,0,0,3,13,35,1,0,0,17,0,2.833333333,4.333333333,14.83333333,50,0.833333333,0,0,9.5
00-0029675,T.Richardson,2013092904,9/29/2013 0:00,6,0,1,1,20,60,1,0,0,13.16666667,0,2.333333333,4,13.66666667,43.83333333,0.833333333,0,0,13.6
00-0029675,T.Richardson,2013100603,10/6/2013 0:00,0,0,0,1,18,56,0,0,0,12.66666667,0,2.333333333,3.833333333,14,46.83333333,0.666666667,0,0,5.6
00-0029675,T.Richardson,2013101400,10/14/2013 0:00,13,0,1,2,10,40,0,0,0,12,0,1.833333333,3.333333333,15.16666667,51.5,0.333333333,0,0,6.3
00-0029675,T.Richardson,2013110310,11/3/2013 0:00,33,0,2,3,8,20,0,0,0,11.66666667,0,1.5,3,15.33333333,49.33333333,0.333333333,0,0,7.3
00-0029675,T.Richardson,2013111400,11/14/2013 0:00,31,0,5,5,8,22,0,0,0,12.16666667,0,1.5,2.5,14.5,44.83333333,0.333333333,0,0,10.3
00-0029675,T.Richardson,2013121502,12/15/2013 0:00,38,1,4,6,19,64,0,0,0,13.83333333,0,1.5,2.5,12.83333333,38.83333333,0.333333333,0,0,20.2
00-0029675,T.Richardson,2013122205,12/22/2013 0:00,15,0,3,5,16,43,0,0,0,20.16666667,0.166666667,2.166666667,3,13.83333333,43.66666667,0.166666667,0,0,8.8
00-0029675,T.Richardson,2013122904,12/29/2013 0:00,17,0,2,2,8,25,1,0,0,21.66666667,0.166666667,2.5,3.666666667,13.16666667,40.83333333,0,0,0,12.2
00-0029675,T.Richardson,2014091500,9/15/2014 0:00,16,0,1,1,21,79,0,0,0,24.5,0.166666667,2.833333333,3.833333333,11.5,35.66666667,0.166666667,0,0,10.5
00-0029675,T.Richardson,2014092104,9/21/2014 0:00,23,0,3,4,14,57,0,0,0,25,0.166666667,2.833333333,3.666666667,13.33333333,42.16666667,0.166666667,0,0,11
00-0029675,T.Richardson,2014092803,9/28/2014 0:00,52,0,4,5,20,47,1,0,0,23.33333333,0.166666667,3,3.833333333,14.33333333,48.33333333,0.166666667,0,0,19.9
00-0029675,T.Richardson,2014100503,10/5/2014 0:00,10,0,4,5,9,37,0,0,0,26.83333333,0.166666667,2.833333333,3.833333333,16.33333333,52.5,0.333333333,0,0,8.7
00-0029675,T.Richardson,2014101905,10/19/2014 0:00,41,0,4,5,14,77,0,0,0,22.16666667,0,2.833333333,3.666666667,14.66666667,48,0.333333333,0,0,15.8
00-0029675,T.Richardson,2014112304,11/23/2014 0:00,0,0,0,1,13,42,1,0,0,26.5,0,3,3.666666667,14.33333333,53.66666667,0.333333333,0,0,10.2
00-0029675,T.Richardson,2014121406,12/14/2014 0:00,9,0,2,3,9,32,0,0,0,23.66666667,0,2.666666667,3.5,15.16666667,56.5,0.333333333,0,0,6.1
,,,,,,,,,,,,,22.5,0,2.833333333,3.833333333,13.16666667,48.66666667,0.333333333,0,0,0
00-0029683,R.Hillman,2012102811,10/28/2012 0:00,-4,0,1,1,14,86,0,0,0,32,0,2,2,10,31,0,0,0,9.2
00-0029683,R.Hillman,2012111810,11/18/2012 0:00,16,0,2,2,11,22,0,0,0,14,0,1.5,1.5,12,58.5,0,0,0,5.8
00-0029683,R.Hillman,2013092300,9/23/2013 0:00,12,0,1,1,9,66,1,0,0,14.66666667,0,1.666666667,1.666666667,11.66666667,46.33333333,0,0,0,14.8
00-0029683,R.Hillman,2013092909,9/29/2013 0:00,21,0,2,3,11,36,0,0,0,14,0,1.5,1.5,11,51.25,0.25,0,0,7.7
00-0029683,R.Hillman,2013122913,12/29/2013 0:00,0,0,0,1,12,30,0,0,0,15.4,0,1.6,1.8,11,48.2,0.2,0,0,3
00-0029683,R.Hillman,2014100509,10/5/2014 0:00,0,0,0,1,15,64,0,0,0,12.83333333,0,1.333333333,1.666666667,11.16666667,45.16666667,0.166666667,0,0,6.4
00-0029683,R.Hillman,2014101206,10/12/2014 0:00,16,0,3,5,24,100,0,0,0,7.5,0,1,1.5,12,50.66666667,0.166666667,0,0,14.6
00-0029683,R.Hillman,2014101912,10/19/2014 0:00,29,0,4,4,14,74,2,0,0,10.83333333,0,1.333333333,2.166666667,13.66666667,53,0.166666667,0,0,26.3
00-0029683,R.Hillman,2014102300,10/23/2014 0:00,29,0,3,4,20,109,0,0,0,13,0,1.666666667,2.5,14.16666667,61.66666667,0.5,0,0,19.8
00-0029683,R.Hillman,2014110208,11/2/2014 0:00,47,1,7,10,10,16,1,0,0,15.83333333,0,2,3,16,68.83333333,0.333333333,0,0,25.3
00-0029683,R.Hillman,2014122813,12/28/2014 0:00,2,0,1,2,15,56,0,0,0,20.16666667,0.166666667,2.833333333,4.166666667,15.83333333,65.5,0.5,0,0,6.8
00-0029683,R.Hillman,2015091700,9/17/2015 0:00,0,0,0,1,9,34,0,0,0,20.5,0.166666667,3,4.333333333,16.33333333,69.83333333,0.5,0,0,3.4
00-0029683,R.Hillman,2015100411,10/4/2015 0:00,5,0,1,1,11,103,1,0,0,20.5,0.166666667,3,4.333333333,15.33333333,64.83333333,0.5,0,0,20.8
00-0029683,R.Hillman,2015101805,10/18/2015 0:00,4,0,3,5,20,111,0,0,0,18.66666667,0.166666667,2.666666667,3.666666667,13.16666667,65.33333333,0.666666667,0,0,17.5
00-0029683,R.Hillman,2015110111,11/1/2015 0:00,-5,0,1,2,19,60,2,0,0,14.5,0.166666667,2.5,3.833333333,14.16666667,71.5,0.333333333,0,0,18.5
00-0029683,R.Hillman,2015111510,11/15/2015 0:00,9,0,2,4,11,42,1,0,0,8.833333333,0.166666667,2.166666667,3.5,14,63.33333333,0.666666667,0,0,13.1
00-0029683,R.Hillman,2015112200,11/22/2015 0:00,2,0,1,1,21,102,0,0,0,2.5,0,1.333333333,2.5,14.16666667,67.66666667,0.666666667,0,0,14.4
00-0029683,R.Hillman,2015112911,11/29/2015 0:00,0,0,1,1,14,59,1,0,0,2.5,0,1.333333333,2.333333333,15.16666667,75.33333333,0.666666667,0,0,12.9
00-0029683,R.Hillman,2015120611,12/6/2015 0:00,0,0,0,1,19,56,0,0,0,2.5,0,1.5,2.333333333,16,79.5,0.833333333,0,0,5.6
00-0029683,R.Hillman,2015121311,12/13/2015 0:00,41,0,7,9,12,20,0,0,1,1.666666667,0,1.333333333,2.333333333,17.33333333,71.66666667,0.666666667,0,0,12.1
00-0029683,R.Hillman,2015122800,12/28/2015 0:00,37,0,4,4,9,35,0,0,0,7.833333333,0,2,3,16,56.5,0.666666667,0,0.166666667,11.2
00-0029683,R.Hillman,2016010313,1/3/2016 0:00,10,0,2,3,15,117,1,0,0,14.83333333,0,2.5,3.333333333,14.33333333,52.33333333,0.333333333,0,0.166666667,23.7
00-0029683,R.Hillman,2016122403,12/24/2016 0:00,0,0,0,2,9,6,0,0,0,15,0,2.5,3.166666667,15,64.83333333,0.333333333,0,0.166666667,0.6
,,,,,,,,,,,,,14.66666667,0,2.333333333,3.333333333,13,48.83333333,0.333333333,0,0.166666667,0
00-0029731,F.Whittaker,2015121307,12/13/2015 0:00,-6,0,1,1,8,34,1,0,0,27,0,2,2,9,25,1,0,0,9.8
00-0029731,F.Whittaker,2016091800,9/18/2016 0:00,31,0,3,4,16,100,0,0,0,10.5,0,1.5,1.5,8.5,29.5,1,0,0,16.1
,,,,,,,,,,,,,17.33333333,0,2,2.333333333,11,53,0.666666667,0,0,0
00-0029795,B.Cunningham,2015091301,9/13/2015 0:00,77,0,4,7,16,45,0,0,0,5,0,1,2,9,29,0,0,0,16.2
,,,,,,,,,,,,,41,0,2.5,4.5,12.5,37,0,0,0,0
00-0029854,C.Anderson,2014111607,11/16/2014 0:00,86,0,8,10,9,29,0,0,0,73,1,4,7,13,90,0,0,0,19.5
00-0029854,C.Anderson,2014112310,11/23/2014 0:00,28,0,4,4,27,167,1,0,0,79.5,0.5,6,8.5,11,59.5,0,0,0,32.5
00-0029854,C.Anderson,2014113011,11/30/2014 0:00,17,1,2,3,32,168,0,0,0,62.33333333,0.333333333,5.333333333,7,16.33333333,95.33333333,0.333333333,0,0,29.5
00-0029854,C.Anderson,2014121410,12/14/2014 0:00,11,0,2,2,29,85,0,0,0,51,0.5,4.5,6,20.25,113.5,0.25,0,0,11.6
00-0029854,C.Anderson,2014122200,12/22/2014 0:00,55,0,8,10,18,83,1,0,0,43,0.4,4,5.2,22,107.8,0.2,0,0,27.8
00-0029854,C.Anderson,2014122813,12/28/2014 0:00,20,0,2,3,13,87,3,0,1,45,0.333333333,4.666666667,6,21.33333333,103.6666667,0.333333333,0,0,29.7
00-0029854,C.Anderson,2015091309,9/13/2015 0:00,19,0,4,8,12,29,0,0,0,36.16666667,0.166666667,4.333333333,5.333333333,21.33333333,103.1666667,0.833333333,0,0.166666667,8.8
00-0029854,C.Anderson,2015091700,9/17/2015 0:00,2,0,1,1,12,27,0,0,0,25,0.166666667,3.666666667,5,21.83333333,103.1666667,0.833333333,0,0.166666667,3.9
00-0029854,C.Anderson,2015092713,9/27/2015 0:00,9,0,1,1,8,18,0,0,0,20.66666667,0.166666667,3.166666667,4.5,19.33333333,79.83333333,0.666666667,0,0.166666667,3.7
00-0029854,C.Anderson,2015100411,10/4/2015 0:00,27,0,1,1,11,43,0,0,0,19.33333333,0,3,4.166666667,15.33333333,54.83333333,0.666666667,0,0.166666667,8
00-0029854,C.Anderson,2015101110,10/11/2015 0:00,18,0,2,2,11,22,0,0,0,22,0,2.833333333,4,12.33333333,47.83333333,0.666666667,0,0.166666667,6
00-0029854,C.Anderson,2015101805,10/18/2015 0:00,25,0,4,4,13,41,0,0,0,15.83333333,0,1.833333333,2.666666667,11.16666667,37.66666667,0.5,0,0.166666667,10.6
00-0029854,C.Anderson,2015110111,11/1/2015 0:00,5,0,1,1,14,101,1,0,0,16.66666667,0,2.166666667,2.833333333,11.16666667,30,0,0,0,20.6
00-0029854,C.Anderson,2015112200,11/22/2015 0:00,13,0,2,2,12,59,0,0,0,14.33333333,0,1.666666667,1.666666667,11.5,42,0.166666667,0,0,9.2
00-0029854,C.Anderson,2015112911,11/29/2015 0:00,40,0,4,4,15,113,2,0,0,16.16666667,0,1.833333333,1.833333333,11.5,47.33333333,0.166666667,0,0,34.3
00-0029854,C.Anderson,2015122800,12/28/2015 0:00,8,0,1,2,9,73,1,0,0,21.33333333,0,2.333333333,2.333333333,12.66666667,63.16666667,0.5,0,0,15.1
00-0029854,C.Anderson,2016010313,1/3/2016 0:00,-5,0,1,3,15,95,1,0,0,18.16666667,0,2.333333333,2.5,12.33333333,68.16666667,0.666666667,0,0,16
00-0029854,C.Anderson,2016090800,9/8/2016 0:00,47,1,4,5,20,92,1,0,0,14.33333333,0,2.166666667,2.666666667,13,80.33333333,0.833333333,0,0,29.9
00-0029854,C.Anderson,2016091810,9/18/2016 0:00,19,0,3,5,20,74,1,0,0,18,0.166666667,2.166666667,2.833333333,14.16666667,88.83333333,1,0,0,18.3
00-0029854,C.Anderson,2016092502,9/25/2016 0:00,4,0,1,4,14,37,0,0,0,20.33333333,0.166666667,2.5,3.5,15.16666667,84.33333333,1,0,0,5.1
00-0029854,C.Anderson,2016100208,10/2/2016 0:00,3,0,1,1,19,49,1,0,0,18.83333333,0.166666667,2.333333333,3.833333333,15.5,80.66666667,1,0,0,12.2
00-0029854,C.Anderson,2016100907,10/9/2016 0:00,21,0,3,4,11,41,0,0,0,12.66666667,0.166666667,1.833333333,3.333333333,16.16666667,70,0.833333333,0,0,9.2
00-0029854,C.Anderson,2016101300,10/13/2016 0:00,34,0,4,5,10,37,0,0,0,14.83333333,0.166666667,2.166666667,3.666666667,16.5,64.66666667,0.666666667,0,0,11.1
00-0029854,C.Anderson,2017091101,9/11/2017 0:00,7,0,1,3,20,81,0,0,0,21.33333333,0.166666667,2.666666667,4,15.66666667,55,0.5,0,0,9.8
00-0029854,C.Anderson,2017091710,9/17/2017 0:00,36,1,3,3,25,118,1,0,0,14.66666667,0,2.166666667,3.666666667,15.66666667,53.16666667,0.333333333,0,0,33.4
00-0029854,C.Anderson,2017092401,9/24/2017 0:00,7,0,2,2,8,36,0,0,0,17.5,0.166666667,2.166666667,3.333333333,16.5,60.5,0.333333333,0,0,6.3
00-0029854,C.Anderson,2017100112,10/1/2017 0:00,17,0,4,4,20,95,0,0,0,18,0.166666667,2.333333333,3,15.5,60.33333333,0.333333333,0,0,15.2
00-0029854,C.Anderson,2017102210,10/22/2017 0:00,17,0,1,2,10,44,0,0,0,20.33333333,0.166666667,2.833333333,3.5,15.66666667,68,0.166666667,0,0,7.1
00-0029854,C.Anderson,2017103000,10/30/2017 0:00,7,0,1,1,15,78,0,0,0,19.66666667,0.166666667,2.5,3.166666667,15.5,68.5,0.166666667,0,0,9.5
00-0029854,C.Anderson,2017110505,11/5/2017 0:00,0,0,0,1,9,13,0,0,0,15.16666667,0.166666667,2,2.5,16.33333333,75.33333333,0.166666667,0,0,1.3
00-0029854,C.Anderson,2017111211,11/12/2017 0:00,1,0,1,1,10,54,0,0,0,14,0.166666667,1.833333333,2.166666667,14.5,64,0.166666667,0,0,6.5
00-0029854,C.Anderson,2017111908,11/19/2017 0:00,19,0,2,3,13,37,1,0,0,8.166666667,0,1.5,1.833333333,12,53.33333333,0,0,0,13.6
00-0029854,C.Anderson,2017120306,12/3/2017 0:00,43,0,4,7,15,67,0,0,0,10.16666667,0,1.5,2,12.83333333,53.5,0.166666667,0,0,15
00-0029854,C.Anderson,2017121009,12/10/2017 0:00,25,0,2,2,22,48,0,0,0,14.5,0,1.5,2.5,12,48.83333333,0.166666667,0,0,9.3
00-0029854,C.Anderson,2017121400,12/14/2017 0:00,0,0,0,1,30,158,0,0,0,15.83333333,0,1.666666667,2.5,14,49.5,0.166666667,0,0,18.8
00-0029854,C.Anderson,2017122408,12/24/2017 0:00,45,0,7,9,16,88,1,0,0,14.66666667,0,1.5,2.5,16.5,62.83333333,0.166666667,0,0,26.3
00-0029854,C.Anderson,2017123112,12/31/2017 0:00,0,0,0,1,18,61,0,0,0,22.16666667,0,2.666666667,3.833333333,17.66666667,75.33333333,0.333333333,0,0,6.1
00-0029854,C.Anderson,2018122311,12/23/2018 0:00,-5,0,1,3,20,167,1,0,0,22,0,2.5,3.833333333,19,76.5,0.333333333,0,0,26.2
00-0029854,C.Anderson,2018123014,12/30/2018 0:00,22,0,3,3,23,132,1,0,0,18,0,2.333333333,3.833333333,20.16666667,98.16666667,0.333333333,0,0,27.4
,,,,,,,,,,,,,14.5,0,2.166666667,3.166666667,21.5,109,0.5,0,0,0
,,,,,,,,,,,,,23,0,3,3,13,103,1,0,0,0
00-0030107,T.Riddick,2016092503,9/25/2016 0:00,39,0,7,9,10,9,0,0,0,28,0,4,5,11,37,0,0,0,11.8
00-0030107,T.Riddick,2016100203,10/2/2016 0:00,27,0,4,7,11,31,0,0,0,33.5,0,5.5,7,10.5,23,0,0,0,9.8
00-0030107,T.Riddick,2016100902,10/9/2016 0:00,33,2,6,6,11,49,0,0,0,31.33333333,0,5,7,10.66666667,25.66666667,0,0,0,26.2
00-0030107,T.Riddick,2016103004,10/30/2016 0:00,77,1,8,11,11,56,0,0,0,31.75,0.5,5.25,6.75,10.75,31.5,0,0,0,27.3
00-0030107,T.Riddick,2016110605,11/6/2016 0:00,6,0,1,3,14,70,0,0,0,40.8,0.6,5.8,7.6,10.8,36.4,0,0,0,8.6
00-0030107,T.Riddick,2016112400,11/24/2016 0:00,13,0,5,5,9,45,0,0,0,35,0.5,5,6.833333333,11.33333333,42,0,0,0,10.8
00-0030107,T.Riddick,2017091800,9/18/2017 0:00,17,0,3,3,9,20,0,0,0,32.5,0.5,5.166666667,6.833333333,11,43.33333333,0,0,0,6.7
00-0030107,T.Riddick,2017111900,11/19/2017 0:00,4,0,1,2,9,35,0,0,0,28.83333333,0.5,4.5,5.833333333,10.83333333,45.16666667,0,0,0,4.9
00-0030107,T.Riddick,2017120301,12/3/2017 0:00,41,0,5,5,9,21,1,0,0,25,0.5,4,5,10.5,45.83333333,0,0,0,17.2
00-0030107,T.Riddick,2017121007,12/10/2017 0:00,64,0,6,10,10,29,2,0,0,26.33333333,0.166666667,3.833333333,4.833333333,10.16666667,41.16666667,0.166666667,0,0,27.3
00-0030107,T.Riddick,2017121600,12/16/2017 0:00,12,0,3,3,8,49,0,0,0,24.16666667,0,3.5,4.666666667,10,36.66666667,0.5,0,0,9.1
00-0030107,T.Riddick,2017122402,12/24/2017 0:00,23,0,3,4,8,16,0,0,0,25.16666667,0,3.833333333,4.666666667,9,33.16666667,0.5,0,0,6.9
00-0030107,T.Riddick,2018120202,12/2/2018 0:00,26,0,3,4,8,32,0,0,0,26.83333333,0,3.5,4.5,8.833333333,28.33333333,0.5,0,0,8.8
00-0030107,T.Riddick,2018121602,12/16/2018 0:00,9,0,2,3,8,47,0,0,0,28.33333333,0,3.5,4.666666667,8.666666667,30.33333333,0.5,0,0,7.6
,,,,,,,,,,,,,29.16666667,0,3.666666667,4.833333333,8.5,32.33333333,0.5,0,0,0
00-0030117,K.Williams,2014122814,12/28/2014 0:00,0,0,0,1,17,67,0,0,0,11,0,2,5,15,75,0,0,0,6.7
00-0030117,K.Williams,2015122710,12/27/2015 0:00,4,0,1,1,8,44,0,0,0,5.5,0,1,3,16,71,0,0,0,5.8
00-0030117,K.Williams,2017010113,1/1/2017 0:00,0,0,0,1,12,60,1,0,0,5,0,1,2.333333333,13.33333333,62,0,0,0,12
00-0030117,K.Williams,2017121008,12/10/2017 0:00,15,0,1,1,20,73,0,0,0,3.75,0,0.75,2,13,61.5,0.25,0,0,9.8
00-0030117,K.Williams,2017121707,12/17/2017 0:00,0,0,0,1,17,61,0,0,0,6,0,0.8,1.8,14.4,63.8,0.2,0,0,6.1
00-0030117,K.Williams,2017122410,12/24/2017 0:00,14,0,2,3,16,51,0,0,0,5,0,0.666666667,1.666666667,14.83333333,63.33333333,0.166666667,0,0,8.5
00-0030117,K.Williams,2017123115,12/31/2017 0:00,6,0,1,1,23,75,0,0,0,5.5,0,0.666666667,1.333333333,15,59.33333333,0.166666667,0,0,9.1
,,,,,,,,,,,,,6.5,0,0.833333333,1.333333333,16,60.66666667,0.166666667,0,0,0
00-0030128,M.Cox,2013102705,10/27/2013 0:00,11,0,1,1,9,19,0,0,0,1,0,2,2,11,23,0,0,0,4
,,,,,,,,,,,,,6,0,1.5,1.5,10,21,0,0,0,0
00-0030236,D.Johnson,2013122203,12/22/2013 0:00,1,0,2,4,12,29,0,0,0,13,0,2,2,13,74,0,0,0,5
,,,,,,,,,,,,,7,0,2,3,12.5,51.5,0,0,0,0
,,,,,,,,,,,,,0,0,0,2,11,48,0,0,0,0
00-0030280,K.Davis,2013121511,12/15/2013 0:00,8,0,2,2,9,34,1,0,0,17,0,1,2,11,30,1,0,0,12.2
00-0030280,K.Davis,2013122914,12/29/2013 0:00,5,0,2,4,27,81,2,0,0,12.5,0,1.5,2,10,32,1,0,0,22.6
00-0030280,K.Davis,2014091410,9/14/2014 0:00,26,0,6,9,22,79,2,0,1,10,0,1.666666667,2.666666667,15.66666667,48.33333333,1.333333333,0,0,27.5
00-0030280,K.Davis,2014092111,9/21/2014 0:00,0,0,0,1,32,132,1,0,0,14,0,2.75,4.25,17.25,56,1.5,0,0.25,22.2
00-0030280,K.Davis,2014092900,9/29/2014 0:00,12,0,1,2,16,107,0,0,0,11.2,0,2.2,3.6,20.2,71.2,1.4,0,0.2,15.9
00-0030280,K.Davis,2014101909,10/19/2014 0:00,11,0,1,1,10,25,0,0,0,11.33333333,0,2,3.333333333,19.5,77.16666667,1.166666667,0,0.166666667,4.6
00-0030280,K.Davis,2014102604,10/26/2014 0:00,0,0,0,1,16,49,1,0,0,10.33333333,0,2,3.166666667,19.33333333,76.33333333,1,0,0.166666667,10.9
00-0030280,K.Davis,2014121407,12/14/2014 0:00,70,1,1,2,9,11,1,0,0,9,0,1.666666667,3,20.5,78.83333333,1,0,0.166666667,21.1
,,,,,,,,,,,,,19.83333333,0.166666667,1.5,2.666666667,17.5,67.16666667,0.833333333,0,0.166666667,0
00-0030282,S.Taylor,2014122111,12/21/2014 0:00,25,0,2,3,11,19,0,0,0,19,1,2,2,12,40,1,0,0,6.4
,,,,,,,,,,,,,22,0.5,2,2.5,11.5,29.5,0.5,0,0,0
00-0030287,A.Ellington,2013111009,11/10/2013 0:00,18,0,2,4,11,55,0,0,0,8,0,2,2,15,154,1,0,0,9.3
00-0030287,A.Ellington,2013111704,11/17/2013 0:00,10,0,2,2,8,3,0,0,0,13,0,2,3,13,104.5,0.5,0,0,3.3
00-0030287,A.Ellington,2013112408,11/24/2013 0:00,21,0,2,2,10,50,0,0,0,12,0,2,2.666666667,11.33333333,70.66666667,0.333333333,0,0,9.1
00-0030287,A.Ellington,2013120810,12/8/2013 0:00,17,0,2,2,11,46,1,0,0,14.25,0,2,2.5,11,65.5,0.25,0,0,14.3
00-0030287,A.Ellington,2013121509,12/15/2013 0:00,87,0,4,5,10,71,0,0,0,14.8,0,2,2.4,11,61.6,0.4,0,0,19.8
00-0030287,A.Ellington,2013122211,12/22/2013 0:00,8,0,2,3,15,64,0,0,0,26.83333333,0,2.333333333,2.833333333,10.83333333,63.16666667,0.333333333,0,0,9.2
00-0030287,A.Ellington,2013122912,12/29/2013 0:00,12,0,3,6,9,30,0,0,0,26.83333333,0,2.333333333,3,10.83333333,48.16666667,0.166666667,0,0,7.2
00-0030287,A.Ellington,2014090801,9/8/2014 0:00,27,0,5,5,13,53,0,0,0,25.83333333,0,2.5,3.333333333,10.5,44,0.166666667,0,0,13
00-0030287,A.Ellington,2014091405,9/14/2014 0:00,10,0,1,3,15,91,0,0,0,28.66666667,0,3,3.833333333,11.33333333,52.33333333,0.166666667,0,0,11.1
00-0030287,A.Ellington,2014092110,9/21/2014 0:00,13,0,3,4,18,62,0,0,0,26.83333333,0,2.833333333,4,12.16666667,59.16666667,0.166666667,0,0,10.5
00-0030287,A.Ellington,2014100509,10/5/2014 0:00,112,1,4,7,16,32,1,0,0,26.16666667,0,3,4.333333333,13.33333333,61.83333333,0,0,0,33.4
00-0030287,A.Ellington,2014101210,10/12/2014 0:00,26,0,6,9,19,67,0,0,0,30.33333333,0.166666667,3,4.666666667,14.33333333,55.33333333,0.166666667,0,0,15.3
00-0030287,A.Ellington,2014101911,10/19/2014 0:00,72,0,6,9,24,88,0,0,0,33.33333333,0.166666667,3.666666667,5.666666667,15,55.83333333,0.166666667,0,0,22
00-0030287,A.Ellington,2014102609,10/26/2014 0:00,14,0,3,6,23,71,1,0,0,43.33333333,0.166666667,4.166666667,6.166666667,17.5,65.5,0.166666667,0,0,17.5
00-0030287,A.Ellington,2014110202,11/2/2014 0:00,39,1,4,4,21,95,0,0,0,41.16666667,0.166666667,3.833333333,6.333333333,19.16666667,68.5,0.333333333,0,0,23.4
00-0030287,A.Ellington,2014110908,11/9/2014 0:00,19,0,5,5,18,23,1,0,0,46,0.333333333,4.333333333,6.5,20.16666667,69.16666667,0.333333333,0,0,15.2
00-0030287,A.Ellington,2014111610,11/16/2014 0:00,24,0,4,4,19,42,0,0,0,47,0.333333333,4.666666667,6.666666667,20.16666667,62.66666667,0.5,0,0,10.6
00-0030287,A.Ellington,2014112309,11/23/2014 0:00,39,0,5,8,10,24,0,0,0,32.33333333,0.166666667,4.666666667,6.166666667,20.66666667,64.33333333,0.333333333,0,0,11.3
00-0030287,A.Ellington,2015091307,9/13/2015 0:00,7,0,1,3,12,69,1,0,0,34.5,0.166666667,4.5,6,19.16666667,57.16666667,0.333333333,0,0,14.6
,,,,,,,,,,,,,23.66666667,0.166666667,3.666666667,5,17.16666667,54,0.5,0,0,0
00-0030288,R.Burkhead,2016121102,12/11/2016 0:00,6,0,1,2,9,45,0,0,0,28,0,4,5,8,38,0,1,1,6.1
00-0030288,R.Burkhead,2016122411,12/24/2016 0:00,25,0,4,4,12,42,0,0,0,17,0,2.5,3.5,8.5,41.5,0,0.5,0.5,10.7
00-0030288,R.Burkhead,2017010101,1/1/2017 0:00,25,0,2,2,27,119,2,0,0,19.66666667,0,3,3.666666667,9.666666667,41.66666667,0,0.333333333,0.333333333,31.4
00-0030288,R.Burkhead,2017111211,11/12/2017 0:00,27,1,3,3,10,36,0,0,0,21,0,2.75,3.25,14,61,0.5,0.25,0.25,15.3
00-0030288,R.Burkhead,2017112604,11/26/2017 0:00,3,1,2,2,13,50,1,0,0,22.2,0.2,2.8,3.2,13.2,56,0.4,0.2,0.2,19.3
00-0030288,R.Burkhead,2017120302,12/3/2017 0:00,25,0,3,4,12,78,2,0,0,19,0.333333333,2.666666667,3,13.16666667,55,0.5,0.166666667,0.166666667,25.3
00-0030288,R.Burkhead,2018090905,9/9/2018 0:00,5,0,1,3,18,64,0,0,0,18.5,0.333333333,2.5,2.833333333,13.83333333,61.66666667,0.833333333,0,0,7.9
00-0030288,R.Burkhead,2018122308,12/23/2018 0:00,40,0,4,5,13,39,0,1,1,18.33333333,0.333333333,2.5,3,15.33333333,64.83333333,0.833333333,0,0,10.9
00-0030288,R.Burkhead,2019090812,9/8/2019 0:00,41,0,5,8,8,44,0,0,0,20.83333333,0.333333333,2.5,3.166666667,15.5,64.33333333,0.833333333,0.166666667,0.166666667,13.5
00-0030288,R.Burkhead,2019092206,9/22/2019 0:00,22,0,6,7,11,47,1,0,0,23.5,0.333333333,3,4.166666667,12.33333333,51.83333333,0.5,0.166666667,0.166666667,18.9
,,,,,,,,,,,,,22.66666667,0.166666667,3.5,4.833333333,12.5,53.66666667,0.666666667,0.166666667,0.166666667,0
00-0030348,K.Robinson,2014100505,10/5/2014 0:00,8,0,1,2,21,89,1,0,0,18,0,2,3,8,87,0,0,0,16.7
00-0030348,K.Robinson,2015091307,9/13/2015 0:00,51,0,5,6,8,19,0,0,0,13,0,1.5,2.5,14.5,88,0.5,0,0,12
00-0030348,K.Robinson,2015102507,10/25/2015 0:00,3,0,1,1,14,28,2,0,0,25.66666667,0,2.666666667,3.666666667,12.33333333,65,0.333333333,0,0,16.1
,,,,,,,,,,,,,20,0,2.25,3,12.75,55.75,0.75,0,0,0
00-0030388,J.Randle,2013102008,10/20/2013 0:00,28,0,3,4,19,65,0,0,0,15,0,2,2,11,17,1,0,0,12.3
00-0030388,J.Randle,2013102700,10/27/2013 0:00,18,0,3,4,14,26,0,0,0,21.5,0,2.5,3,15,41,0.5,0,0,7.4
00-0030388,J.Randle,2014122109,12/21/2014 0:00,7,0,1,1,13,37,0,0,0,20.33333333,0,2.666666667,3.333333333,14.66666667,36,0.333333333,0,0,5.4
00-0030388,J.Randle,2015091312,9/13/2015 0:00,42,0,3,3,16,65,0,0,0,17,0,2.25,2.75,14.25,36.25,0.25,0,0,13.7
00-0030388,J.Randle,2015092012,9/20/2015 0:00,14,0,1,1,18,51,0,0,0,22,0,2.4,2.8,14.6,42,0.2,0,0,7.5
00-0030388,J.Randle,2015092700,9/27/2015 0:00,18,0,2,2,14,87,3,0,0,20.66666667,0,2.166666667,2.5,15.16666667,43.5,0.166666667,0,0,30.5
00-0030388,J.Randle,2015101109,10/11/2015 0:00,13,0,4,4,15,60,0,0,0,21.16666667,0,2.166666667,2.5,15.66666667,55.16666667,0.5,0,0,11.3
,,,,,,,,,,,,,18.66666667,0,2.333333333,2.5,15,54.33333333,0.5,0,0,0
00-0030391,M.James,2013102400,10/24/2013 0:00,25,0,4,5,10,39,0,0,0,8,0,3,3,14,45,0,0,0,10.4
00-0030391,M.James,2013110307,11/3/2013 0:00,8,0,2,2,28,158,0,0,0,16.5,0,3.5,4,12,42,0,0,0,21.6
,,,,,,,,,,,,,13.66666667,0,3,3.333333333,17.33333333,80.66666667,0,0,0,0
00-0030404,C.Thompson,2016102302,10/23/2016 0:00,42,0,7,7,12,73,0,0,0,29,0,3,3,9,37,0,0,0,18.5
00-0030404,C.Thompson,2017092413,9/24/2017 0:00,150,1,6,7,8,38,0,0,0,35.5,0,5,5,10.5,55,0,0,0,33.8
00-0030404,C.Thompson,2017101506,10/15/2017 0:00,105,0,4,5,16,33,0,0,0,73.66666667,0.333333333,5.333333333,5.666666667,9.666666667,49.33333333,0,0,0,20.8
00-0030404,C.Thompson,2017111207,11/12/2017 0:00,41,0,3,7,9,26,0,0,0,81.5,0.25,5,5.5,11.25,45.25,0,0,0,9.7
00-0030404,C.Thompson,2018100800,10/8/2018 0:00,45,0,6,8,8,17,0,0,0,73.4,0.2,4.6,5.8,10.8,41.4,0,0,0,12.2
00-0030404,C.Thompson,2019122211,12/22/2019 0:00,18,0,4,4,8,34,0,0,0,68.66666667,0.166666667,4.833333333,6.166666667,10.33333333,37.33333333,0,0,0,9.2
,,,,,,,,,,,,,66.83333333,0.166666667,5,6.333333333,10.16666667,36.83333333,0,0,0,0
00-0030414,S.Ware,2015112908,11/29/2015 0:00,1,0,3,3,19,114,1,0,0,5,0,1,1,11,96,2,0,0,23.5
00-0030414,S.Ware,2016091104,9/11/2016 0:00,129,0,7,8,11,70,1,0,0,3,0,2,2,15,105,1.5,0,0,35.9
00-0030414,S.Ware,2016091803,9/18/2016 0:00,48,0,2,3,10,57,0,0,0,45,0,3.666666667,4,13.66666667,93.33333333,1.333333333,0,0,12.5
00-0030414,S.Ware,2016092512,9/25/2016 0:00,8,0,1,1,20,75,0,0,0,45.75,0,3.25,3.75,12.75,84.25,1,0,0,9.3
00-0030414,S.Ware,2016100212,10/2/2016 0:00,14,0,1,5,13,82,0,0,0,38.2,0,2.8,3.2,14.2,82.4,0.8,0,0,10.6
00-0030414,S.Ware,2016101609,10/16/2016 0:00,32,0,2,2,24,131,1,0,0,34.16666667,0,2.5,3.5,14,82.33333333,0.666666667,0,0,27.3
00-0030414,S.Ware,2016102304,10/23/2016 0:00,54,1,2,2,17,77,0,0,0,38.66666667,0,2.666666667,3.666666667,16.16666667,88.16666667,0.5,0,0,21.1
00-0030414,S.Ware,2016111301,11/13/2016 0:00,11,0,3,3,13,61,0,0,0,47.5,0.166666667,2.5,3.5,15.83333333,82,0.333333333,0,0,10.2
00-0030414,S.Ware,2016112005,11/20/2016 0:00,16,0,2,2,17,69,0,0,0,27.83333333,0.166666667,1.833333333,2.666666667,16.16666667,80.5,0.166666667,0,0,10.5
00-0030414,S.Ware,2016112709,11/27/2016 0:00,32,0,2,2,17,64,0,0,0,22.5,0.166666667,1.833333333,2.5,17.33333333,82.5,0.166666667,0,0,11.6
00-0030414,S.Ware,2016120400,12/4/2016 0:00,23,1,3,4,14,29,1,0,0,26.5,0.166666667,2,2.666666667,16.83333333,80.66666667,0.166666667,0,0,20.2
00-0030414,S.Ware,2016120800,12/8/2016 0:00,7,0,1,2,20,56,0,0,0,28,0.333333333,2.333333333,2.5,17,71.83333333,0.333333333,0,0,7.3
00-0030414,S.Ware,2016121805,12/18/2016 0:00,25,0,3,3,18,70,0,0,0,23.83333333,0.333333333,2.166666667,2.5,16.33333333,59.33333333,0.166666667,0,0,12.5
00-0030414,S.Ware,2016122501,12/25/2016 0:00,20,0,2,3,13,62,0,0,1,19,0.166666667,2.333333333,2.666666667,16.5,58.16666667,0.166666667,0,0,9.2
00-0030414,S.Ware,2018102105,10/21/2018 0:00,30,0,3,3,8,59,0,0,0,20.5,0.166666667,2.166666667,2.666666667,16.5,58.33333333,0.166666667,0,0.166666667,11.9
00-0030414,S.Ware,2018120210,12/2/2018 0:00,5,0,1,1,14,47,1,0,0,22.83333333,0.166666667,2.333333333,2.833333333,15,56.66666667,0.166666667,0,0.166666667,12.2
00-0030414,S.Ware,2018120905,12/9/2018 0:00,54,0,5,5,15,75,0,0,0,18.33333333,0.166666667,2.166666667,2.666666667,14.5,53.83333333,0.333333333,0,0.166666667,17.9
,,,,,,,,,,,,,23.5,0,2.5,2.833333333,14.66666667,61.5,0.166666667,0,0.166666667,0
00-0030432,C.Michael,2016091109,9/11/2016 0:00,5,0,2,4,15,66,0,0,0,0,0,0,1,17,102,0,0,0,9.1
00-0030432,C.Michael,2016091809,9/18/2016 0:00,26,0,3,4,10,60,0,1,1,2.5,0,1,2.5,16,84,0,0,0,10.6
00-0030432,C.Michael,2016092508,9/25/2016 0:00,5,0,2,3,20,106,2,0,0,10.33333333,0,1.666666667,3,14,76,0,0.333333333,0.333333333,28.1
00-0030432,C.Michael,2016100206,10/2/2016 0:00,32,1,5,6,18,58,0,0,0,9,0,1.75,3,15.5,83.5,0.5,0.25,0.25,20
00-0030432,C.Michael,2016101611,10/16/2016 0:00,19,0,3,3,18,64,2,0,0,13.6,0.2,2.4,3.6,16,78.4,0.4,0.2,0.2,23.3
00-0030432,C.Michael,2016102312,10/23/2016 0:00,3,0,3,3,16,52,0,0,0,14.5,0.166666667,2.5,3.5,16.33333333,76,0.666666667,0.166666667,0.166666667,8.5
00-0030432,C.Michael,2016103006,10/30/2016 0:00,2,0,1,2,10,40,1,0,0,15,0.166666667,3,3.833333333,16.16666667,67.66666667,0.666666667,0.166666667,0.166666667,11.2
,,,,,,,,,,,,,14.5,0.166666667,2.833333333,3.5,15.33333333,63.33333333,0.833333333,0.166666667,0.166666667,0
00-0030433,M.Gillislee,2016010300,1/3/2016 0:00,0,0,0,1,24,28,0,0,0,16,0,2,2,9,93,1,0,0,2.8
00-0030433,M.Gillislee,2016103002,10/30/2016 0:00,9,0,3,3,12,85,1,0,0,8,0,1,1.5,16.5,60.5,0.5,0,0,18.4
00-0030433,M.Gillislee,2016110700,11/7/2016 0:00,4,0,2,2,8,32,1,0,0,8.333333333,0,1.666666667,2,15,68.66666667,0.666666667,0,0,11.6
00-0030433,M.Gillislee,2016112000,11/20/2016 0:00,0,0,0,1,14,72,0,0,0,7.25,0,1.75,2,13.25,59.5,0.75,0,0,7.2
00-0030433,M.Gillislee,2017010106,1/1/2017 0:00,10,0,1,1,15,40,1,0,0,5.8,0,1.4,1.8,13.4,62,0.6,0,0,12
,,,,,,,,,,,,,6.5,0,1.333333333,1.666666667,13.66666667,58.33333333,0.666666667,0,0,0
00-0030456,G.Bernard,2013092201,9/22/2013 0:00,49,0,4,4,10,50,1,0,0,27,1,1,2,8,38,1,0,0,19.9
00-0030456,G.Bernard,2013092901,9/29/2013 0:00,38,0,6,7,10,37,0,0,0,38,0.5,2.5,3,9,44,1,0,0,13.5
00-0030456,G.Bernard,2013100601,10/6/2013 0:00,7,0,2,3,13,62,0,0,0,38,0.333333333,3.666666667,4.333333333,9.333333333,41.66666667,0.666666667,0,0,8.9
00-0030456,G.Bernard,2013101301,10/13/2013 0:00,72,1,6,7,15,28,0,0,0,30.25,0.25,3.25,4,10.25,46.75,0.5,0,0,22
00-0030456,G.Bernard,2013103100,10/31/2013 0:00,25,0,4,4,9,79,2,0,0,38.6,0.4,3.8,4.6,11.2,43,0.4,0,0,26.4
00-0030456,G.Bernard,2013111001,11/10/2013 0:00,37,1,8,8,14,58,0,0,0,36.33333333,0.333333333,3.833333333,4.5,10.83333333,49,0.666666667,0,0,23.5
00-0030456,G.Bernard,2013111702,11/17/2013 0:00,41,0,4,5,10,45,0,0,0,38,0.333333333,5,5.5,11.83333333,52.33333333,0.5,0,0,12.6
00-0030456,G.Bernard,2013120110,12/1/2013 0:00,9,0,1,2,14,57,0,0,0,36.66666667,0.333333333,5,5.666666667,11.83333333,51.5,0.333333333,0,0,7.6
00-0030456,G.Bernard,2013120801,12/8/2013 0:00,49,0,4,4,12,99,0,0,0,31.83333333,0.333333333,4.166666667,4.833333333,12.5,54.83333333,0.333333333,0,0,18.8
00-0030456,G.Bernard,2013121513,12/15/2013 0:00,13,0,2,4,13,33,1,0,0,38.83333333,0.333333333,4.5,5,12.33333333,61,0.333333333,0,0,12.6
00-0030456,G.Bernard,2013122202,12/22/2013 0:00,47,0,2,4,13,20,0,0,0,29,0.166666667,3.833333333,4.5,12,61.83333333,0.5,0,0,8.7
00-0030456,G.Bernard,2013122902,12/29/2013 0:00,51,0,5,7,13,22,0,0,0,32.66666667,0.166666667,3.5,4.5,12.66666667,52,0.166666667,0,0,12.3
00-0030456,G.Bernard,2014090701,9/7/2014 0:00,62,0,6,10,14,48,0,0,0,35,0,3,4.333333333,12.5,46,0.166666667,0,0,17
00-0030456,G.Bernard,2014091402,9/14/2014 0:00,79,0,5,6,27,90,1,0,0,38.5,0,3.333333333,5.166666667,13.16666667,46.5,0.166666667,0,0,27.9
00-0030456,G.Bernard,2014092101,9/21/2014 0:00,7,0,1,3,14,47,2,0,0,50.16666667,0,4,5.833333333,15.33333333,52,0.333333333,0,0,18.4
00-0030456,G.Bernard,2014100512,10/5/2014 0:00,10,0,2,3,13,62,0,0,0,43.16666667,0,3.5,5.666666667,15.66666667,43.33333333,0.666666667,0,0,9.2
00-0030456,G.Bernard,2014101202,10/12/2014 0:00,20,0,4,5,18,137,1,0,0,42.66666667,0,3.5,5.5,15.66666667,48.16666667,0.5,0,0,28.7
00-0030456,G.Bernard,2014102602,10/26/2014 0:00,2,0,2,2,16,45,1,0,0,38.16666667,0,3.833333333,5.666666667,16.5,67.66666667,0.666666667,0,0,12.7
00-0030456,G.Bernard,2014112303,11/23/2014 0:00,22,0,2,3,17,45,0,0,0,30,0,3.333333333,4.833333333,17,71.5,0.833333333,0,0,8.7
00-0030456,G.Bernard,2014113008,11/30/2014 0:00,4,0,1,1,10,49,0,0,0,23.33333333,0,2.666666667,3.666666667,17.5,71,0.833333333,0,0,6.3
00-0030456,G.Bernard,2014121404,12/14/2014 0:00,24,0,3,3,15,79,0,0,0,10.83333333,0,2,2.833333333,14.66666667,64.16666667,0.666666667,0,0,13.3
00-0030456,G.Bernard,2014122200,12/22/2014 0:00,45,1,5,5,8,36,0,0,0,13.66666667,0,2.333333333,2.833333333,14.83333333,69.5,0.333333333,0,0,19.1
00-0030456,G.Bernard,2015091310,9/13/2015 0:00,25,0,6,6,8,63,0,0,0,19.5,0.166666667,2.833333333,3.166666667,14,65.16666667,0.333333333,0,0,14.8
00-0030456,G.Bernard,2015092002,9/20/2015 0:00,16,0,3,3,20,123,0,0,0,20.33333333,0.166666667,3.166666667,3.333333333,12.33333333,52.83333333,0.166666667,0,0,19.9
00-0030456,G.Bernard,2015092707,9/27/2015 0:00,34,0,3,4,13,49,0,0,0,22.66666667,0.166666667,3.333333333,3.5,13,65.83333333,0,0,0,11.3
00-0030456,G.Bernard,2015101102,10/11/2015 0:00,21,0,5,8,15,80,0,0,0,24.66666667,0.166666667,3.5,3.666666667,12.33333333,66.5,0,0,0,15.1
00-0030456,G.Bernard,2015101804,10/18/2015 0:00,23,0,1,2,8,50,1,0,0,27.5,0.166666667,4.166666667,4.833333333,13.16666667,71.66666667,0,0,0,14.3
00-0030456,G.Bernard,2015110500,11/5/2015 0:00,14,0,1,1,13,72,0,0,0,27.33333333,0.166666667,3.833333333,4.666666667,12,66.83333333,0.166666667,0,0,9.6
00-0030456,G.Bernard,2015111600,11/16/2015 0:00,43,0,5,8,8,36,0,0,0,22.16666667,0,3.166666667,4,12.83333333,72.83333333,0.166666667,0,0,12.9
00-0030456,G.Bernard,2015112902,11/29/2015 0:00,51,0,2,3,10,16,0,0,1,25.16666667,0,3,4.333333333,12.83333333,68.33333333,0.166666667,0,0,7.7
00-0030456,G.Bernard,2015122012,12/20/2015 0:00,18,0,4,4,14,33,0,0,0,31,0,2.833333333,4.333333333,11.16666667,50.5,0.166666667,0,0.166666667,9.1
00-0030456,G.Bernard,2015122800,12/28/2015 0:00,29,0,4,5,8,14,0,0,0,28.33333333,0,3,4.333333333,11.33333333,47.83333333,0.166666667,0,0.166666667,8.3
00-0030456,G.Bernard,2016092900,9/29/2016 0:00,24,0,3,4,10,18,0,0,0,29.66666667,0,2.833333333,3.833333333,10.16666667,36.83333333,0.166666667,0,0.166666667,7.2
00-0030456,G.Bernard,2016100908,10/9/2016 0:00,46,0,6,6,9,50,0,0,0,29.83333333,0,3.166666667,4.166666667,10.5,31.5,0,0,0.166666667,15.6
00-0030456,G.Bernard,2016101604,10/16/2016 0:00,45,0,4,5,15,49,0,0,0,35.16666667,0,4,5,9.833333333,27.83333333,0,0,0.166666667,13.4
00-0030456,G.Bernard,2016102301,10/23/2016 0:00,7,0,1,2,17,80,1,0,0,35.5,0,3.833333333,4.5,11,30,0,0,0.166666667,15.7
00-0030456,G.Bernard,2016103000,10/30/2016 0:00,14,0,1,1,11,52,1,0,0,28.16666667,0,3.666666667,4.333333333,12.16666667,40.66666667,0.166666667,0,0,13.6
00-0030456,G.Bernard,2017120400,12/4/2017 0:00,19,0,2,3,13,77,0,0,0,27.5,0,3.166666667,3.833333333,11.66666667,43.83333333,0.333333333,0,0,11.6
00-0030456,G.Bernard,2017121002,12/10/2017 0:00,68,0,6,8,11,62,0,0,0,25.83333333,0,2.833333333,3.5,12.5,54.33333333,0.333333333,0,0,19
00-0030456,G.Bernard,2017121704,12/17/2017 0:00,13,0,3,5,14,30,1,0,0,33.16666667,0,3.333333333,4.166666667,12.66666667,61.66666667,0.333333333,0,0,13.3
00-0030456,G.Bernard,2017122402,12/24/2017 0:00,52,0,7,7,23,116,1,0,0,27.66666667,0,2.833333333,4,13.5,58.33333333,0.5,0,0,32.8
00-0030456,G.Bernard,2017123101,12/31/2017 0:00,18,0,6,9,10,52,0,0,0,28.83333333,0,3.333333333,4.333333333,14.83333333,69.5,0.666666667,0,0,13
00-0030456,G.Bernard,2018092302,9/23/2018 0:00,25,0,5,9,12,61,1,0,0,30.66666667,0,4.166666667,5.5,13.66666667,64.83333333,0.5,0,0,19.6
00-0030456,G.Bernard,2018093000,9/30/2018 0:00,27,0,4,4,15,69,2,0,0,32.5,0,4.833333333,6.833333333,13.83333333,66.33333333,0.5,0,0,25.6
,,,,,,,,,,,,,33.83333333,0,5.166666667,7,14.16666667,65,0.833333333,0,0,0
,,,,,,,,,,,,,7,0,2,2,9,39,0,0,0,0
00-0030485,E.Lacy,2013100602,10/6/2013 0:00,-2,0,1,1,23,99,0,0,0,31,0,1,2,14,41,1,0,0,10.7
00-0030485,E.Lacy,2013101300,10/13/2013 0:00,5,0,1,1,23,120,0,0,0,14.5,0,1,1.5,18.5,70,0.5,0,0,16.5
00-0030485,E.Lacy,2013102003,10/20/2013 0:00,26,0,5,7,22,82,1,0,0,11.33333333,0,1,1.333333333,20,86.66666667,0.333333333,0,0,21.8
00-0030485,E.Lacy,2013102710,10/27/2013 0:00,18,0,4,4,29,94,1,0,0,15,0,2,2.75,20.5,85.5,0.5,0,0,21.2
00-0030485,E.Lacy,2013111003,11/10/2013 0:00,11,0,2,2,24,73,0,0,0,15.6,0,2.4,3,22.2,87.2,0.6,0,0,10.4
00-0030485,E.Lacy,2013111712,11/17/2013 0:00,21,0,2,2,14,27,1,0,0,14.83333333,0,2.333333333,2.833333333,22.5,84.83333333,0.5,0,0,12.8
00-0030485,E.Lacy,2013112403,11/24/2013 0:00,48,0,6,6,25,110,1,0,0,13.16666667,0,2.5,2.833333333,22.5,82.5,0.5,0,0,30.8
00-0030485,E.Lacy,2013112800,11/28/2013 0:00,23,0,2,4,10,16,0,0,0,21.5,0,3.333333333,3.666666667,22.83333333,84.33333333,0.666666667,0,0,5.9
00-0030485,E.Lacy,2013120813,12/8/2013 0:00,25,0,3,5,20,65,1,0,0,24.5,0,3.5,4.166666667,20.66666667,67,0.666666667,0,0,18
00-0030485,E.Lacy,2013121512,12/15/2013 0:00,30,0,4,5,21,141,1,0,0,24.33333333,0,3.166666667,3.833333333,20.33333333,64.16666667,0.666666667,0,0,30.1
00-0030485,E.Lacy,2013122212,12/22/2013 0:00,6,0,2,3,15,84,2,0,0,26.33333333,0,3.166666667,4,19,72,0.666666667,0,0,23
00-0030485,E.Lacy,2013122901,12/29/2013 0:00,15,0,2,2,21,66,1,0,0,25.5,0,3.166666667,4.166666667,17.5,73.83333333,1,0,0,16.1
00-0030485,E.Lacy,2014090400,9/4/2014 0:00,11,0,3,3,12,34,0,0,0,24.5,0,3.166666667,4.166666667,18.66666667,80.33333333,1,0,0,7.5
00-0030485,E.Lacy,2014091411,9/14/2014 0:00,18,0,2,3,13,43,0,0,0,18.33333333,0,2.666666667,3.666666667,16.5,67.66666667,0.833333333,0,0,8.1
00-0030485,E.Lacy,2014092103,9/21/2014 0:00,9,0,1,1,11,36,0,0,0,17.5,0,2.666666667,3.5,17,72.16666667,0.833333333,0,0,5.5
00-0030485,E.Lacy,2014092801,9/28/2014 0:00,11,0,1,2,17,48,1,0,0,14.83333333,0,2.333333333,2.833333333,15.5,67.33333333,0.666666667,0,0,12.9
00-0030485,E.Lacy,2014100200,10/2/2014 0:00,27,0,3,3,13,105,2,0,0,11.66666667,0,1.833333333,2.333333333,14.83333333,51.83333333,0.666666667,0,0,31.2
00-0030485,E.Lacy,2014101904,10/19/2014 0:00,10,0,3,3,12,63,1,0,0,15.16666667,0,2,2.333333333,14.5,55.33333333,0.666666667,0,0,16.3
00-0030485,E.Lacy,2014102612,10/26/2014 0:00,123,0,8,9,13,59,0,0,0,14.33333333,0,2.166666667,2.5,13,54.83333333,0.666666667,0,0,29.2
00-0030485,E.Lacy,2014110910,11/9/2014 0:00,68,1,3,6,14,50,0,0,0,33,0,3,3.5,13.16666667,59,0.666666667,0,0,20.8
00-0030485,E.Lacy,2014111603,11/16/2014 0:00,45,1,3,4,10,69,1,0,0,41.33333333,0.166666667,3.166666667,4,13.33333333,60.16666667,0.666666667,0,0,26.4
00-0030485,E.Lacy,2014112305,11/23/2014 0:00,13,1,2,2,25,125,1,0,0,47.33333333,0.333333333,3.5,4.5,13.16666667,65.66666667,0.833333333,0,0,30.8
00-0030485,E.Lacy,2014113010,11/30/2014 0:00,17,0,2,3,21,98,0,0,0,47.66666667,0.5,3.666666667,4.5,14.5,78.5,0.833333333,0,0,13.5
00-0030485,E.Lacy,2014120800,12/8/2014 0:00,33,1,5,9,13,73,1,0,0,46,0.5,3.5,4.5,15.83333333,77.33333333,0.5,0,0,27.6
00-0030485,E.Lacy,2014121402,12/14/2014 0:00,11,0,2,2,15,97,1,0,0,49.83333333,0.666666667,3.833333333,5.5,16,79,0.5,0,0,18.8
00-0030485,E.Lacy,2014122107,12/21/2014 0:00,5,0,1,1,17,99,1,0,0,31.16666667,0.666666667,2.833333333,4.333333333,16.33333333,85.33333333,0.666666667,0,0,17.4
00-0030485,E.Lacy,2014122802,12/28/2014 0:00,26,0,3,4,26,100,0,0,0,20.66666667,0.5,2.5,3.5,16.83333333,93.5,0.833333333,0,0,15.6
00-0030485,E.Lacy,2015091300,9/13/2015 0:00,14,0,2,3,19,85,1,0,0,17.5,0.333333333,2.5,3.5,19.5,98.66666667,0.666666667,0,0,17.9
00-0030485,E.Lacy,2015092800,9/28/2015 0:00,41,0,3,3,10,46,0,0,0,17.66666667,0.166666667,2.5,3.666666667,18.5,92,0.666666667,0,0,11.7
00-0030485,E.Lacy,2015100409,10/4/2015 0:00,3,0,1,3,18,90,0,0,0,21.66666667,0.166666667,2.666666667,3.666666667,16.66666667,83.33333333,0.666666667,0,0,10.3
00-0030485,E.Lacy,2015101107,10/11/2015 0:00,8,0,1,1,13,27,0,0,0,16.66666667,0,2,2.666666667,17.5,86.16666667,0.5,0,0,4.5
00-0030485,E.Lacy,2015110111,11/1/2015 0:00,9,0,1,2,11,38,1,0,1,16.16666667,0,1.833333333,2.5,17.16666667,74.5,0.333333333,0,0,10.7
00-0030485,E.Lacy,2015112205,11/22/2015 0:00,6,0,1,2,22,100,0,0,0,16.83333333,0,1.833333333,2.666666667,16.16666667,64.33333333,0.333333333,0,0.166666667,11.6
00-0030485,E.Lacy,2015112602,11/26/2015 0:00,34,1,4,5,17,105,0,0,0,13.5,0,1.5,2.333333333,15.5,64.33333333,0.333333333,0,0.166666667,26.9
00-0030485,E.Lacy,2015121312,12/13/2015 0:00,24,0,1,1,24,124,1,0,0,16.83333333,0.166666667,1.833333333,2.666666667,15.16666667,67.66666667,0.166666667,0,0.166666667,24.8
00-0030485,E.Lacy,2015122710,12/27/2015 0:00,28,1,1,2,12,60,0,0,0,14,0.166666667,1.5,2.333333333,17.5,80.66666667,0.333333333,0,0.166666667,15.8
00-0030485,E.Lacy,2016010310,1/3/2016 0:00,7,0,2,2,13,34,0,0,0,18.16666667,0.333333333,1.5,2.166666667,16.5,75.66666667,0.333333333,0,0.166666667,6.1
00-0030485,E.Lacy,2016091103,9/11/2016 0:00,17,0,1,2,14,61,0,0,0,18,0.333333333,1.666666667,2.333333333,16.5,76.83333333,0.333333333,0,0.166666667,8.8
00-0030485,E.Lacy,2016091813,9/18/2016 0:00,0,0,0,1,12,50,0,0,0,19.33333333,0.333333333,1.666666667,2.333333333,17,80.66666667,0.166666667,0,0,5
00-0030485,E.Lacy,2016092503,9/25/2016 0:00,2,0,1,2,17,103,0,0,0,18.33333333,0.333333333,1.5,2.166666667,15.33333333,72.33333333,0.166666667,0,0,14.5
00-0030485,E.Lacy,2016100911,10/9/2016 0:00,3,0,1,1,11,81,0,0,0,13,0.166666667,1,1.666666667,15.33333333,72,0.166666667,0,0,9.4
00-0030485,E.Lacy,2016101610,10/16/2016 0:00,6,0,1,1,17,65,0,0,0,9.5,0.166666667,1,1.666666667,13.16666667,64.83333333,0,0,0,8.1
00-0030485,E.Lacy,2017100808,10/8/2017 0:00,9,0,1,1,9,19,0,0,0,5.833333333,0,1,1.5,14,65.66666667,0,0,0,3.8
00-0030485,E.Lacy,2017102211,10/22/2017 0:00,9,0,1,1,11,34,0,0,0,6.166666667,0,0.833333333,1.333333333,13.33333333,63.16666667,0,0,0,5.3
00-0030485,E.Lacy,2017112608,11/26/2017 0:00,15,0,3,3,17,46,0,0,0,4.833333333,0,0.833333333,1.166666667,12.83333333,58.66666667,0,0,0,9.1
,,,,,,,,,,,,,7.333333333,0,1.333333333,1.5,13.66666667,58,0,0,0,0
00-0030496,L.Bell,2013101306,10/13/2013 0:00,22,0,3,3,16,34,0,0,0,27,0,4,5,16,57,2,0,0,8.6
00-0030496,L.Bell,2013102011,10/20/2013 0:00,6,0,1,1,19,93,0,0,0,24.5,0,3.5,4,16,45.5,1,0,0,10.9
00-0030496,L.Bell,2013102706,10/27/2013 0:00,27,0,5,7,13,24,1,0,0,18.33333333,0,2.666666667,3,17,61.33333333,0.666666667,0,0,16.1
00-0030496,L.Bell,2013110309,11/3/2013 0:00,65,0,4,10,16,74,0,0,0,20.5,0,3.25,4,16,52,0.75,0,0,17.9
00-0030496,L.Bell,2013111006,11/10/2013 0:00,39,0,3,3,22,57,1,0,0,29.4,0,3.4,5.2,16,56.4,0.6,0,0,18.6
00-0030496,L.Bell,2013111707,11/17/2013 0:00,52,0,4,5,18,36,0,0,0,31,0,3.333333333,4.833333333,17,56.5,0.666666667,0,0,12.8
00-0030496,L.Bell,2013112401,11/24/2013 0:00,0,0,2,5,23,0,0,0,0,35.16666667,0,3.333333333,4.833333333,17.33333333,53,0.333333333,0,0,2
00-0030496,L.Bell,2013112802,11/28/2013 0:00,63,0,7,9,16,73,1,0,0,31.5,0,3.166666667,5.166666667,18.5,47.33333333,0.333333333,0,0,26.6
00-0030496,L.Bell,2013120806,12/8/2013 0:00,24,0,3,3,13,58,0,0,0,41,0,4.166666667,6.5,18,44,0.5,0,0,11.2
00-0030496,L.Bell,2013121513,12/15/2013 0:00,50,0,5,5,24,57,1,0,0,40.5,0,3.833333333,5.833333333,18,49.66666667,0.333333333,0,0,21.7
00-0030496,L.Bell,2013122212,12/22/2013 0:00,5,0,1,3,26,124,1,0,0,38,0,4,5,19.33333333,46.83333333,0.5,0,0,22.9
00-0030496,L.Bell,2013122910,12/29/2013 0:00,6,0,1,1,20,90,1,0,0,32.33333333,0,3.666666667,5,20,58,0.5,0,0,16.6
00-0030496,L.Bell,2014090708,9/7/2014 0:00,88,0,6,7,21,109,1,0,0,24.66666667,0,3.166666667,4.333333333,20.33333333,67,0.666666667,0,0,34.7
00-0030496,L.Bell,2014091100,9/11/2014 0:00,48,0,5,5,11,59,0,0,0,39.33333333,0,3.833333333,4.666666667,20,85.16666667,0.833333333,0,0,15.7
00-0030496,L.Bell,2014092113,9/21/2014 0:00,10,0,2,4,21,147,0,0,0,36.83333333,0,3.5,4,19.16666667,82.83333333,0.666666667,0,0,20.7
00-0030496,L.Bell,2014092807,9/28/2014 0:00,46,0,6,7,19,63,0,0,0,34.5,0,3.333333333,4.166666667,20.5,97.66666667,0.666666667,0,0,16.9
00-0030496,L.Bell,2014100504,10/5/2014 0:00,36,0,5,6,15,82,0,0,0,33.83333333,0,3.5,4.5,19.66666667,98.66666667,0.5,0,0,16.8
00-0030496,L.Bell,2014101203,10/12/2014 0:00,23,0,4,6,18,82,0,0,0,39,0,4.166666667,5,17.83333333,91.66666667,0.333333333,0,0,14.5
00-0030496,L.Bell,2014102000,10/20/2014 0:00,88,1,8,8,12,57,0,0,0,41.83333333,0,4.666666667,5.833333333,17.5,90.33333333,0.166666667,0,0,28.5
00-0030496,L.Bell,2014102611,10/26/2014 0:00,56,0,6,7,24,92,0,0,0,41.83333333,0.166666667,5,6,16,81.66666667,0,0,0,20.8
00-0030496,L.Bell,2014110210,11/2/2014 0:00,38,1,5,6,10,20,0,0,0,43.16666667,0.166666667,5.166666667,6.333333333,18.16666667,87.16666667,0,0,0,16.8
00-0030496,L.Bell,2014110905,11/9/2014 0:00,33,0,8,10,11,36,0,0,0,47.83333333,0.333333333,5.666666667,6.666666667,16.33333333,66,0,0,0,14.9
00-0030496,L.Bell,2014111700,11/17/2014 0:00,18,0,2,4,33,204,1,0,0,45.66666667,0.333333333,6,7.166666667,15,61.5,0,0,0,33.2
00-0030496,L.Bell,2014113006,11/30/2014 0:00,159,0,8,11,21,95,1,0,0,42.66666667,0.333333333,5.5,6.833333333,18,81.83333333,0.166666667,0,0,42.4
00-0030496,L.Bell,2014120700,12/7/2014 0:00,50,1,6,9,26,185,2,0,0,65.33333333,0.333333333,6.166666667,7.666666667,18.5,84,0.333333333,0,0,50.5
00-0030496,L.Bell,2014121400,12/14/2014 0:00,72,0,5,7,20,47,2,0,0,59,0.333333333,5.833333333,7.833333333,20.83333333,105.3333333,0.666666667,0,0,28.9
00-0030496,L.Bell,2014122106,12/21/2014 0:00,9,0,1,2,20,63,1,0,0,61.66666667,0.333333333,5.666666667,7.833333333,20.16666667,97.83333333,1,0,0,14.2
00-0030496,L.Bell,2014122809,12/28/2014 0:00,80,0,6,6,8,20,0,0,0,56.83333333,0.166666667,5,7.166666667,21.83333333,105,1.166666667,0,0,16
00-0030496,L.Bell,2015092705,9/27/2015 0:00,70,0,7,8,19,62,1,0,0,64.66666667,0.166666667,4.666666667,6.5,21.33333333,102.3333333,1.166666667,0,0,26.2
00-0030496,L.Bell,2015100100,10/1/2015 0:00,21,0,7,7,22,129,1,0,0,73.33333333,0.166666667,5.5,7.166666667,19,78.66666667,1.166666667,0,0,31
00-0030496,L.Bell,2015101200,10/12/2015 0:00,16,0,4,5,21,111,1,0,0,50.33333333,0.166666667,5.333333333,6.5,19.16666667,84.33333333,1.166666667,0,0,25.7
00-0030496,L.Bell,2015102504,10/25/2015 0:00,16,0,4,4,17,121,0,0,0,44.66666667,0,5,5.833333333,18.33333333,72,1,0,0,20.7
00-0030496,L.Bell,2015110102,11/1/2015 0:00,13,0,2,2,10,45,0,0,0,35.33333333,0,4.833333333,5.333333333,17.83333333,84.33333333,0.666666667,0,0,7.8
00-0030496,L.Bell,2016100212,10/2/2016 0:00,34,0,5,6,18,144,0,0,0,36,0,5,5.333333333,16.16666667,81.33333333,0.5,0,0,25.8
00-0030496,L.Bell,2016100906,10/9/2016 0:00,88,0,9,11,20,66,0,0,0,28.33333333,0,4.833333333,5.333333333,17.83333333,102,0.5,0,0,24.4
00-0030496,L.Bell,2016101603,10/16/2016 0:00,55,0,6,7,10,53,0,0,0,31.33333333,0,5.166666667,5.833333333,18,102.6666667,0.333333333,0,0,16.8
00-0030496,L.Bell,2016102311,10/23/2016 0:00,68,0,10,13,21,81,0,0,0,37,0,5,5.833333333,16,90,0.166666667,0,0,24.9
00-0030496,L.Bell,2016110601,11/6/2016 0:00,38,0,6,9,14,32,0,0,0,45.66666667,0,6,7.166666667,16,85,0,0,0,13
00-0030496,L.Bell,2016111311,11/13/2016 0:00,77,1,9,10,17,57,1,0,0,49.33333333,0,6.333333333,8,15.5,70.16666667,0,0,0,34.4
00-0030496,L.Bell,2016112001,11/20/2016 0:00,55,0,8,9,28,146,1,0,1,60,0.166666667,7.5,9.333333333,16.66666667,72.16666667,0.166666667,0,0,36.1
00-0030496,L.Bell,2016112402,11/24/2016 0:00,22,0,4,5,23,120,1,0,0,63.5,0.166666667,8,9.833333333,18.33333333,72.5,0.333333333,0,0.166666667,27.2
00-0030496,L.Bell,2016120410,12/4/2016 0:00,64,0,6,7,29,118,0,0,0,52.5,0.166666667,7.166666667,8.833333333,18.83333333,81.5,0.5,0,0.166666667,27.2
00-0030496,L.Bell,2016121100,12/11/2016 0:00,62,0,4,5,38,236,3,0,0,54,0.166666667,7.166666667,8.833333333,22,92.33333333,0.5,0,0.166666667,54.8
00-0030496,L.Bell,2016121812,12/18/2016 0:00,38,0,5,8,23,93,0,0,0,53,0.166666667,6.166666667,7.5,24.83333333,118.1666667,1,0,0.166666667,18.1
00-0030496,L.Bell,2016122500,12/25/2016 0:00,15,1,3,4,20,122,1,0,0,53,0.166666667,6,7.333333333,26.33333333,128.3333333,1,0,0.166666667,31.7
00-0030496,L.Bell,2017091003,9/10/2017 0:00,15,0,3,6,10,32,0,0,0,42.66666667,0.166666667,5,6.333333333,26.83333333,139.1666667,1,0,0.166666667,7.7
00-0030496,L.Bell,2017091706,9/17/2017 0:00,4,0,4,4,27,87,0,0,0,36,0.166666667,4.166666667,5.833333333,23.83333333,120.1666667,0.833333333,0,0,13.1
00-0030496,L.Bell,2017092403,9/24/2017 0:00,37,0,6,7,15,61,1,0,0,33,0.166666667,4.166666667,5.666666667,24.5,114.6666667,0.666666667,0,0,21.8
00-0030496,L.Bell,2017100102,10/1/2017 0:00,42,0,4,6,35,144,2,0,1,28.5,0.166666667,4.166666667,5.666666667,22.16666667,105.1666667,0.833333333,0,0,36.6
00-0030496,L.Bell,2017100807,10/8/2017 0:00,46,0,10,10,15,47,0,0,0,25.16666667,0.166666667,4.166666667,5.833333333,21.66666667,89.83333333,0.666666667,0,0.166666667,19.3
00-0030496,L.Bell,2017101509,10/15/2017 0:00,12,0,3,6,32,179,1,0,0,26.5,0.166666667,5,6.166666667,20.33333333,82.16666667,0.666666667,0,0.166666667,31.1
00-0030496,L.Bell,2017102208,10/22/2017 0:00,58,0,3,3,35,134,0,0,0,26,0,5,6.5,22.33333333,91.66666667,0.666666667,0,0.166666667,25.2
00-0030496,L.Bell,2017102910,10/29/2017 0:00,5,0,2,3,25,76,1,0,0,33.16666667,0,5,6,26.5,108.6666667,0.666666667,0,0.166666667,16.1
00-0030496,L.Bell,2017111203,11/12/2017 0:00,32,0,5,6,26,80,0,0,0,33.33333333,0,4.666666667,5.833333333,26.16666667,106.8333333,0.833333333,0,0.166666667,16.2
00-0030496,L.Bell,2017111600,11/16/2017 0:00,65,0,10,12,12,46,0,0,0,32.5,0,4.5,5.666666667,28,110,0.666666667,0,0.166666667,21.1
00-0030496,L.Bell,2017112611,11/26/2017 0:00,88,0,12,14,20,95,0,0,0,36.33333333,0,5.5,6.666666667,24.16666667,93.66666667,0.333333333,0,0,30.3
00-0030496,L.Bell,2017120400,12/4/2017 0:00,106,1,5,6,18,76,0,0,0,43.33333333,0,5.833333333,7.333333333,25,101.6666667,0.333333333,0,0,32.2
00-0030496,L.Bell,2017121013,12/10/2017 0:00,77,1,9,10,14,48,2,0,0,59,0.166666667,6.166666667,7.333333333,22.66666667,84.5,0.166666667,0,0,39.5
00-0030496,L.Bell,2017121709,12/17/2017 0:00,48,0,5,6,24,117,1,0,0,62.16666667,0.333333333,7.166666667,8.5,19.16666667,70.16666667,0.5,0,0,30.5
00-0030496,L.Bell,2017122500,12/25/2017 0:00,28,0,5,8,14,69,1,0,0,69.33333333,0.333333333,7.666666667,9,19,77,0.5,0,0,20.7
00-0030496,L.Bell,2019090805,9/8/2019 0:00,32,1,6,9,17,60,0,0,0,68.66666667,0.333333333,7.666666667,9.333333333,17,75.16666667,0.666666667,0,0,21.2
00-0030496,L.Bell,2019091600,9/16/2019 0:00,61,0,10,10,21,68,0,1,1,63.16666667,0.5,7,8.833333333,17.83333333,77.5,0.666666667,0,0,21.9
00-0030496,L.Bell,2019092206,9/22/2019 0:00,28,0,4,4,18,35,0,0,0,58.66666667,0.5,6.666666667,8.166666667,18,73,0.666666667,0.166666667,0.166666667,10.3
00-0030496,L.Bell,2019100606,10/6/2019 0:00,45,0,7,9,15,43,0,0,0,45.66666667,0.333333333,6.5,7.833333333,18,66.16666667,0.666666667,0.166666667,0.166666667,15.8
00-0030496,L.Bell,2019101310,10/13/2019 0:00,3,0,1,1,14,50,1,0,0,40.33333333,0.166666667,6.166666667,7.666666667,18.16666667,65.33333333,0.333333333,0.166666667,0.166666667,12.3
00-0030496,L.Bell,2019102100,10/21/2019 0:00,6,0,1,4,15,70,0,0,0,32.83333333,0.166666667,5.5,6.833333333,16.5,54.16666667,0.333333333,0.166666667,0.166666667,8.6
00-0030496,L.Bell,2019102705,10/27/2019 0:00,12,0,3,5,8,23,0,0,0,29.16666667,0.166666667,4.833333333,6.166666667,16.66666667,54.33333333,0.166666667,0.166666667,0.166666667,6.5
00-0030496,L.Bell,2019110304,11/3/2019 0:00,55,0,8,9,17,66,0,0,0,25.83333333,0,4.333333333,5.5,15.16666667,48.16666667,0.166666667,0.166666667,0.166666667,20.1
00-0030496,L.Bell,2019111005,11/10/2019 0:00,34,0,4,4,18,34,1,0,0,24.83333333,0,4,5.333333333,14.5,47.83333333,0.166666667,0,0,16.8
00-0030496,L.Bell,2019111707,11/17/2019 0:00,33,0,2,2,18,59,1,0,0,25.83333333,0,4,5.333333333,14.5,47.66666667,0.333333333,0,0,17.2
00-0030496,L.Bell,2019112406,11/24/2019 0:00,59,0,5,5,12,49,0,0,0,23.83333333,0,3.166666667,4.166666667,15,50.33333333,0.5,0,0,15.8
00-0030496,L.Bell,2019120102,12/1/2019 0:00,35,0,4,5,10,32,0,0,0,33.16666667,0,3.833333333,4.833333333,14.66666667,50.16666667,0.333333333,0,0,10.7
00-0030496,L.Bell,2019121200,12/12/2019 0:00,1,0,2,2,21,87,0,0,0,38,0,4.333333333,5,13.83333333,43.83333333,0.333333333,0,0,10.8
00-0030496,L.Bell,2019122209,12/22/2019 0:00,21,0,4,4,25,72,0,0,0,36.16666667,0,4.166666667,4.5,16,54.5,0.333333333,0,0,13.3
00-0030496,L.Bell,2019122901,12/29/2019 0:00,36,0,5,5,16,41,0,0,0,30.5,0,3.5,3.666666667,17.33333333,55.5,0.333333333,0,0,12.7
,,,,,,,,,,,,,30.83333333,0,3.666666667,3.833333333,17,56.66666667,0.166666667,0,0,0
00-0030513,L.Murray,2014121407,12/14/2014 0:00,17,0,2,6,12,59,0,0,0,9,0,2,2,23,76,0,0,0,9.6
00-0030513,L.Murray,2014122110,12/21/2014 0:00,22,0,3,4,23,86,0,0,0,13,0,2,4,17.5,67.5,0,0,0,13.8
00-0030513,L.Murray,2014122813,12/28/2014 0:00,60,0,4,4,10,37,0,0,0,16,0,2.333333333,4,19.33333333,73.66666667,0,0,0,13.7
00-0030513,L.Murray,2015091310,9/13/2015 0:00,36,0,7,7,11,44,0,0,0,27,0,2.75,4,17,64.5,0,0,0,15
00-0030513,L.Murray,2015092010,9/20/2015 0:00,22,0,3,3,15,65,1,0,0,28.8,0,3.6,4.6,15.8,60.4,0,0,0,17.7
00-0030513,L.Murray,2015092708,9/27/2015 0:00,10,0,1,1,26,139,1,0,0,27.66666667,0,3.5,4.333333333,15.66666667,61.16666667,0.166666667,0,0,24.9
00-0030513,L.Murray,2015100401,10/4/2015 0:00,12,0,3,5,16,49,0,0,0,27.83333333,0,3.333333333,4.166666667,16.16666667,71.66666667,0.333333333,0,0,9.1
00-0030513,L.Murray,2015101110,10/11/2015 0:00,18,0,3,4,13,39,0,0,0,27,0,3.5,4,16.83333333,70,0.333333333,0,0,8.7
00-0030513,L.Murray,2015102509,10/25/2015 0:00,1,0,1,1,15,85,1,0,0,26.33333333,0,3.5,4,15.16666667,62.16666667,0.333333333,0,0,15.6
00-0030513,L.Murray,2015110109,11/1/2015 0:00,6,0,1,2,20,113,0,0,0,16.5,0,3,3.5,16,70.16666667,0.5,0,0,15.9
00-0030513,L.Murray,2015110806,11/8/2015 0:00,-1,0,2,2,17,96,0,0,1,11.5,0,2,2.666666667,17.5,81.66666667,0.5,0,0,10.5
00-0030513,L.Murray,2015111508,11/15/2015 0:00,29,0,5,5,12,48,0,0,0,7.666666667,0,1.833333333,2.5,17.83333333,86.83333333,0.333333333,0,0.166666667,12.7
00-0030513,L.Murray,2015112907,11/29/2015 0:00,23,0,1,3,22,59,0,0,0,10.83333333,0,2.5,3.166666667,15.5,71.66666667,0.166666667,0,0.166666667,9.2
00-0030513,L.Murray,2015120610,12/6/2015 0:00,11,0,4,6,20,86,1,0,0,12.66666667,0,2.166666667,2.833333333,16.5,73.33333333,0.166666667,0,0.166666667,19.7
00-0030513,L.Murray,2015121311,12/13/2015 0:00,0,0,0,1,16,27,0,0,0,11.5,0,2.333333333,3.166666667,17.66666667,81.16666667,0.333333333,0,0.166666667,2.7
00-0030513,L.Murray,2015122009,12/20/2015 0:00,2,0,1,2,21,78,0,0,0,11.33333333,0,2.166666667,3.166666667,17.83333333,71.5,0.166666667,0,0.166666667,9
00-0030513,L.Murray,2015122400,12/24/2015 0:00,38,0,5,5,19,79,1,0,0,10.66666667,0,2.166666667,3.166666667,18,65.66666667,0.166666667,0,0.166666667,22.7
00-0030513,L.Murray,2016010306,1/3/2016 0:00,25,0,4,6,11,31,0,0,0,17.16666667,0,2.666666667,3.666666667,18.33333333,62.83333333,0.333333333,0,0,9.6
00-0030513,L.Murray,2016091105,9/11/2016 0:00,13,0,1,2,14,59,1,0,0,16.5,0,2.5,3.833333333,18.16666667,60,0.333333333,0,0,14.2
00-0030513,L.Murray,2016091811,9/18/2016 0:00,44,0,6,6,8,57,1,0,0,14.83333333,0,2.5,3.666666667,16.83333333,60,0.5,0,0,22.1
00-0030513,L.Murray,2016092507,9/25/2016 0:00,1,0,1,1,10,37,1,0,0,20.33333333,0,2.833333333,3.666666667,14.83333333,55.16666667,0.5,0,0,10.8
00-0030513,L.Murray,2016100202,10/2/2016 0:00,5,0,2,2,8,19,0,0,0,20.5,0,3,3.666666667,13.83333333,56.83333333,0.666666667,0,0,4.4
00-0030513,L.Murray,2016102303,10/23/2016 0:00,4,0,2,5,18,59,2,0,0,21,0,3.166666667,3.666666667,11.66666667,47,0.666666667,0,0,20.3
00-0030513,L.Murray,2016103007,10/30/2016 0:00,23,0,5,7,11,48,0,0,0,15.33333333,0,2.666666667,3.666666667,11.5,43.66666667,0.833333333,0,0,12.1
00-0030513,L.Murray,2016110600,11/6/2016 0:00,13,0,1,1,20,114,3,0,0,15,0,2.833333333,3.833333333,11.5,46.5,0.833333333,0,0,34.7
00-0030513,L.Murray,2016112100,11/21/2016 0:00,59,0,5,5,12,33,0,0,0,15,0,2.833333333,3.666666667,12.5,55.66666667,1.166666667,0,0,14.2
00-0030513,L.Murray,2016112710,11/27/2016 0:00,43,0,3,4,19,45,1,0,0,17.5,0,2.666666667,3.5,13.16666667,51.66666667,1,0,0,17.8
00-0030513,L.Murray,2016120408,12/4/2016 0:00,23,0,3,5,20,82,2,0,0,24.5,0,3,4,14.66666667,53,1,0,0,25.5
00-0030513,L.Murray,2016120800,12/8/2016 0:00,0,0,0,1,22,103,1,0,0,27.5,0,3.166666667,4.5,16.66666667,63.5,1.333333333,0,0,19.3
00-0030513,L.Murray,2016121811,12/18/2016 0:00,11,0,1,1,13,81,0,0,0,26.83333333,0,2.833333333,3.833333333,17.33333333,70.83333333,1.166666667,0,0,10.2
00-0030513,L.Murray,2016122408,12/24/2016 0:00,11,0,2,2,15,40,0,0,0,24.83333333,0,2.166666667,2.833333333,17.66666667,76.33333333,1.166666667,0,0,7.1
00-0030513,L.Murray,2017100900,10/9/2017 0:00,12,0,2,2,12,31,0,0,0,24.5,0,2.333333333,3,16.83333333,64,0.666666667,0,0,6.3
00-0030513,L.Murray,2017101503,10/15/2017 0:00,9,0,1,1,15,28,0,0,0,16.66666667,0,1.833333333,2.5,16.83333333,63.66666667,0.666666667,0,0,4.7
00-0030513,L.Murray,2017102900,10/29/2017 0:00,8,0,1,1,19,39,0,0,0,11,0,1.5,2,16.16666667,60.83333333,0.5,0,0,5.7
00-0030513,L.Murray,2017111904,11/19/2017 0:00,1,0,1,2,15,95,2,0,0,8.5,0,1.166666667,1.333333333,16,53.66666667,0.166666667,0,0,22.6
00-0030513,L.Murray,2017112300,11/23/2017 0:00,0,0,0,1,20,84,1,0,0,8.666666667,0,1.333333333,1.5,14.83333333,52.33333333,0.333333333,0,0,14.4
00-0030513,L.Murray,2017120300,12/3/2017 0:00,21,0,3,3,16,76,0,0,0,6.833333333,0,1.166666667,1.5,16,52.83333333,0.5,0,0,12.7
00-0030513,L.Murray,2017121001,12/10/2017 0:00,6,0,2,2,9,14,0,0,0,8.5,0,1.333333333,1.666666667,16.16666667,58.83333333,0.5,0,0,4
00-0030513,L.Murray,2017121704,12/17/2017 0:00,28,0,1,1,20,76,1,0,0,7.5,0,1.333333333,1.666666667,15.66666667,56,0.5,0,0,17.4
00-0030513,L.Murray,2017122301,12/23/2017 0:00,6,0,1,1,21,69,0,0,0,10.66666667,0,1.333333333,1.666666667,16.5,64,0.666666667,0,0,8.5
00-0030513,L.Murray,2017123105,12/31/2017 0:00,3,0,1,1,20,111,2,0,0,10.33333333,0,1.333333333,1.666666667,16.83333333,69,0.666666667,0,0,27.4
00-0030513,L.Murray,2018100709,10/7/2018 0:00,14,0,2,2,11,42,0,0,0,10.66666667,0,1.333333333,1.5,17.66666667,71.66666667,0.666666667,0,0,7.6
00-0030513,L.Murray,2018101405,10/14/2018 0:00,3,0,1,2,24,155,1,0,0,13,0,1.666666667,1.666666667,16.16666667,64.66666667,0.5,0,0,25.8
00-0030513,L.Murray,2018102107,10/21/2018 0:00,14,0,2,2,15,69,2,0,0,10,0,1.333333333,1.5,17.5,77.83333333,0.666666667,0,0,22.3
00-0030513,L.Murray,2018102811,10/28/2018 0:00,39,0,5,6,13,56,1,0,0,11.33333333,0,1.333333333,1.5,18.5,87,1,0,0,20.5
00-0030513,L.Murray,2018110405,11/4/2018 0:00,16,0,1,1,10,31,1,0,0,13.16666667,0,2,2.333333333,17.33333333,83.66666667,1,0,0,11.7
00-0030513,L.Murray,2018122307,12/23/2018 0:00,6,0,2,2,9,22,0,0,0,14.83333333,0,2,2.333333333,15.5,77.33333333,1.166666667,0,0,4.8
00-0030513,L.Murray,2019101303,10/13/2019 0:00,35,0,3,3,8,44,0,0,0,15.33333333,0,2.166666667,2.5,13.66666667,62.5,0.833333333,0,0,10.9
00-0030513,L.Murray,2019102009,10/20/2019 0:00,31,0,5,6,27,119,2,0,0,18.83333333,0,2.333333333,2.666666667,13.16666667,62.83333333,0.833333333,0,0,35
00-0030513,L.Murray,2019102707,10/27/2019 0:00,55,1,9,12,21,102,1,0,0,23.5,0,3,3.333333333,13.66666667,56.83333333,1,0,0,39.7
00-0030513,L.Murray,2019111706,11/17/2019 0:00,5,0,2,3,10,27,0,0,0,30.33333333,0.166666667,4.166666667,5,14.66666667,62.33333333,0.833333333,0,0,5.2
00-0030513,L.Murray,2019121600,12/16/2019 0:00,20,0,2,3,9,29,0,0,0,24.66666667,0.166666667,3.666666667,4.5,14.16666667,57.5,0.666666667,0,0,6.9
00-0030513,L.Murray,2019122902,12/29/2019 0:00,14,0,1,1,17,61,0,0,0,25.33333333,0.166666667,3.833333333,4.833333333,14,57.16666667,0.5,0,0,8.5
,,,,,,,,,,,,,26.66666667,0.166666667,3.666666667,4.666666667,15.33333333,63.66666667,0.5,0,0,0
00-0030522,M.Ball,2013102709,10/27/2013 0:00,0,0,0,1,11,37,1,0,0,27,0,2,2,12,16,0,0,0,9.7
00-0030522,M.Ball,2013111709,11/17/2013 0:00,16,0,3,4,8,25,2,0,0,13.5,0,1,1.5,11.5,26.5,0.5,0,0,19.1
00-0030522,M.Ball,2013120103,12/1/2013 0:00,4,0,1,2,13,117,0,0,0,14.33333333,0,1.666666667,2.333333333,10.33333333,26,1,0,0,16.1
00-0030522,M.Ball,2013120809,12/8/2013 0:00,10,0,3,4,15,77,1,0,0,11.75,0,1.5,2.25,11,48.75,0.75,0,0,17.7
00-0030522,M.Ball,2013122913,12/29/2013 0:00,22,0,3,3,10,72,0,0,0,11.4,0,1.8,2.6,11.8,54.4,0.8,0,0,12.4
00-0030522,M.Ball,2014090712,9/7/2014 0:00,16,0,2,2,23,67,1,0,0,13.16666667,0,2,2.666666667,11.5,57.33333333,0.666666667,0,0,16.3
00-0030522,M.Ball,2014091410,9/14/2014 0:00,13,0,2,2,12,60,0,0,0,11.33333333,0,2,2.666666667,13.33333333,65.83333333,0.833333333,0,0,9.3
00-0030522,M.Ball,2014092112,9/21/2014 0:00,6,0,2,3,14,38,0,0,0,13.5,0,2.333333333,2.833333333,13.5,69.66666667,0.666666667,0,0,6.4
,,,,,,,,,,,,,11.83333333,0,2.166666667,2.666666667,14.5,71.83333333,0.333333333,0,0,0
,,,,,,,,,,,,,15,0,4,7,8,66,0,0,0,0
00-0030536,Z.Stacy,2013101303,10/13/2013 0:00,11,0,2,2,18,79,0,0,0,0,0,0,1,14,78,0,0,0,11
00-0030536,Z.Stacy,2013102001,10/20/2013 0:00,34,1,4,4,17,53,0,0,0,5.5,0,1,1.5,16,78.5,0,0,0,18.7
00-0030536,Z.Stacy,2013102800,10/28/2013 0:00,-5,0,1,3,26,134,0,0,0,15,0.333333333,2,2.333333333,16.33333333,70,0,0,0,16.9
00-0030536,Z.Stacy,2013110304,11/3/2013 0:00,51,0,6,7,27,127,2,0,0,10,0.25,1.75,2.5,18.75,86,0,0,0,38.8
00-0030536,Z.Stacy,2013111004,11/10/2013 0:00,6,0,2,3,26,62,1,0,0,18.2,0.2,2.6,3.4,20.4,94.2,0.4,0,0,14.8
00-0030536,Z.Stacy,2013112407,11/24/2013 0:00,10,0,1,2,12,87,1,0,0,16.16666667,0.166666667,2.5,3.333333333,21.33333333,88.83333333,0.5,0,0,16.7
00-0030536,Z.Stacy,2013120108,12/1/2013 0:00,-1,0,1,2,19,72,0,0,0,17.83333333,0.166666667,2.666666667,3.5,21,90.33333333,0.666666667,0,0,8.1
00-0030536,Z.Stacy,2013120810,12/8/2013 0:00,-3,0,3,4,14,25,1,0,0,15.83333333,0.166666667,2.5,3.5,21.16666667,89.16666667,0.666666667,0,0,11.2
00-0030536,Z.Stacy,2013121507,12/15/2013 0:00,10,0,1,2,28,133,1,0,0,9.666666667,0,2.333333333,3.5,20.66666667,84.5,0.833333333,0,0,24.3
00-0030536,Z.Stacy,2013122208,12/22/2013 0:00,5,0,1,1,33,104,1,0,0,12.16666667,0,2.333333333,3.333333333,21,84.33333333,1,0,0,20.9
00-0030536,Z.Stacy,2013122915,12/29/2013 0:00,23,0,4,4,15,15,0,0,0,4.5,0,1.5,2.333333333,22,80.5,0.833333333,0,0,7.8
00-0030536,Z.Stacy,2014090709,9/7/2014 0:00,8,0,1,2,11,43,0,0,0,7.333333333,0,1.833333333,2.5,20.16666667,72.66666667,0.666666667,0,0,6.1
00-0030536,Z.Stacy,2014092109,9/21/2014 0:00,54,0,5,6,12,67,0,0,0,7,0,1.833333333,2.5,20,65.33333333,0.5,0,0,17.1
00-0030536,Z.Stacy,2014100507,10/5/2014 0:00,36,0,4,5,11,42,0,0,0,16.16666667,0,2.5,3.166666667,18.83333333,64.5,0.5,0,0,11.8
00-0030536,Z.Stacy,2014101300,10/13/2014 0:00,17,0,2,3,8,17,0,0,0,22.66666667,0,2.666666667,3.333333333,18.33333333,67.33333333,0.333333333,0,0,5.4
00-0030536,Z.Stacy,2015101801,10/18/2015 0:00,15,0,2,2,13,46,0,0,0,23.83333333,0,2.833333333,3.5,15,48,0.166666667,0,0,8.1
,,,,,,,,,,,,,25.5,0,3,3.666666667,11.66666667,38.33333333,0,0,0,0
00-0030547,D.Robinson,2014092808,9/28/2014 0:00,7,0,3,3,9,25,0,0,0,0,0,0,1,8,33,0,0,0,6.2
00-0030547,D.Robinson,2014101906,10/19/2014 0:00,0,0,0,1,22,127,1,0,0,3.5,0,1.5,2,8.5,29,0,0,0,21.7
00-0030547,D.Robinson,2014102603,10/26/2014 0:00,10,0,1,2,18,108,0,0,0,2.333333333,0,1,1.666666667,13,61.66666667,0.333333333,0,0,15.8
00-0030547,D.Robinson,2014110200,11/2/2014 0:00,10,0,2,2,17,94,1,0,0,4.25,0,1,1.75,14.25,73.25,0.25,0,0,18.4
00-0030547,D.Robinson,2014110903,11/9/2014 0:00,10,0,2,3,15,60,2,0,0,5.4,0,1.2,1.8,14.8,77.4,0.4,0,0,21
00-0030547,D.Robinson,2014112304,11/23/2014 0:00,47,0,4,5,14,25,0,0,0,6.166666667,0,1.333333333,2,14.83333333,74.5,0.666666667,0,0,11.2
00-0030547,D.Robinson,2014113004,11/30/2014 0:00,10,0,3,4,11,44,0,0,0,14,0,2,2.666666667,15.83333333,73.16666667,0.666666667,0,0,8.4
00-0030547,D.Robinson,2014120703,12/7/2014 0:00,0,0,0,2,10,30,0,0,0,14.5,0,2,2.833333333,16.16666667,76.33333333,0.666666667,0,0,3
00-0030547,D.Robinson,2015121304,12/13/2015 0:00,12,0,1,2,14,75,1,0,0,14.5,0,2,3,14.16666667,60.16666667,0.5,0,0,15.7
00-0030547,D.Robinson,2015122003,12/20/2015 0:00,46,0,8,10,14,28,0,0,0,14.83333333,0,2,3,13.5,54.66666667,0.666666667,0,0,15.4
00-0030547,D.Robinson,2016120405,12/4/2016 0:00,11,0,1,1,17,53,0,0,0,20.83333333,0,3,4.333333333,13,43.66666667,0.5,0,0,7.4
,,,,,,,,,,,,,21,0,2.833333333,4,13.33333333,42.5,0.166666667,0,0,0
,,,,,,,,,,,,,7,0,1,1,11,61,1,0,0,0
00-0030656,I.Crowell,2014111602,11/16/2014 0:00,30,0,2,4,14,61,0,0,0,3,0,1,1,11,54,0,0,0,11.1
00-0030656,I.Crowell,2014113001,11/30/2014 0:00,15,0,1,2,17,29,0,0,0,16.5,0,1.5,2.5,12.5,57.5,0,0,0,5.4
00-0030656,I.Crowell,2015091305,9/13/2015 0:00,13,0,2,2,12,20,0,0,0,16,0,1.333333333,2.333333333,14,48,0,0,0,5.3
00-0030656,I.Crowell,2015100408,10/4/2015 0:00,62,0,3,3,12,63,0,0,0,15.25,0,1.5,2.25,13.5,41,0,0,0,15.5
00-0030656,I.Crowell,2015101105,10/11/2015 0:00,38,1,2,2,13,49,0,0,0,24.6,0,1.8,2.4,13.2,45.4,0,0,0,16.7
00-0030656,I.Crowell,2015101805,10/18/2015 0:00,9,0,2,2,11,32,0,0,0,26.83333333,0.166666667,1.833333333,2.333333333,13.16666667,46,0,0,0,6.1
00-0030656,I.Crowell,2015110108,11/1/2015 0:00,12,0,1,2,10,14,0,0,0,27.83333333,0.166666667,2,2.5,13.16666667,42.33333333,0,0,0,3.6
00-0030656,I.Crowell,2015110500,11/5/2015 0:00,26,0,3,4,10,38,0,0,0,24.83333333,0.166666667,1.833333333,2.166666667,12.5,34.5,0,0,0,9.4
00-0030656,I.Crowell,2015120603,12/6/2015 0:00,2,0,1,1,11,62,0,0,0,26.66666667,0.166666667,2.166666667,2.5,11.33333333,36,0,0,0,7.4
00-0030656,I.Crowell,2015121310,12/13/2015 0:00,9,0,1,1,20,145,2,0,0,24.83333333,0.166666667,2,2.333333333,11.16666667,43,0,0,0,31.4
00-0030656,I.Crowell,2015122008,12/20/2015 0:00,7,0,3,3,9,23,0,0,0,16,0.166666667,1.666666667,2,12.5,56.66666667,0.333333333,0,0,6
00-0030656,I.Crowell,2016091107,9/11/2016 0:00,16,0,2,2,12,62,1,0,0,10.83333333,0,1.833333333,2.166666667,11.83333333,52.33333333,0.333333333,0,0,15.8
00-0030656,I.Crowell,2016091801,9/18/2016 0:00,15,0,1,1,18,133,1,0,0,12,0,1.833333333,2.166666667,12,57.33333333,0.5,0,0,24.8
00-0030656,I.Crowell,2016092505,9/25/2016 0:00,0,0,0,1,15,79,0,0,0,12.5,0,1.833333333,2,13.33333333,77.16666667,0.666666667,0,0,7.9
00-0030656,I.Crowell,2016100207,10/2/2016 0:00,22,0,3,4,15,112,1,0,0,8.166666667,0,1.333333333,1.5,14.16666667,84,0.666666667,0,0,25.4
00-0030656,I.Crowell,2016100901,10/9/2016 0:00,18,0,1,3,13,22,0,0,0,11.5,0,1.666666667,2,14.83333333,92.33333333,0.833333333,0,0,5
00-0030656,I.Crowell,2016101607,10/16/2016 0:00,20,0,2,2,9,16,0,0,0,13,0,1.666666667,2.333333333,13.66666667,71.83333333,0.5,0,0,5.6
00-0030656,I.Crowell,2016102301,10/23/2016 0:00,16,0,3,4,12,63,1,0,0,15.16666667,0,1.5,2.166666667,13.66666667,70.66666667,0.5,0,0,16.9
00-0030656,I.Crowell,2016103003,10/30/2016 0:00,34,0,2,2,11,29,1,0,0,15.16666667,0,1.666666667,2.5,13.66666667,70.83333333,0.5,0,0,14.3
00-0030656,I.Crowell,2016111000,11/10/2016 0:00,30,0,3,5,9,23,0,0,0,18.33333333,0,1.833333333,2.666666667,12.5,53.5,0.5,0,0,8.3
00-0030656,I.Crowell,2016112001,11/20/2016 0:00,13,0,5,5,8,10,0,0,0,23.33333333,0,2.333333333,3.333333333,11.5,44.16666667,0.5,0,0,7.3
00-0030656,I.Crowell,2016112704,11/27/2016 0:00,47,0,6,7,16,44,0,0,0,21.83333333,0,2.666666667,3.5,10.33333333,27.16666667,0.333333333,0,0,15.1
00-0030656,I.Crowell,2016121102,12/11/2016 0:00,5,0,1,2,10,113,0,0,0,26.66666667,0,3.5,4.166666667,10.83333333,30.83333333,0.333333333,0,0,15.8
00-0030656,I.Crowell,2016121801,12/18/2016 0:00,0,0,0,2,8,28,0,0,0,24.16666667,0,3.333333333,4.166666667,11,47,0.333333333,0,0,2.8
00-0030656,I.Crowell,2016122403,12/24/2016 0:00,4,0,4,5,16,54,2,0,0,21.5,0,2.833333333,3.833333333,10.33333333,41.16666667,0.166666667,0,0,21.8
00-0030656,I.Crowell,2017010108,1/1/2017 0:00,16,0,3,4,19,152,0,0,0,16.5,0,3.166666667,4.333333333,11.16666667,45.33333333,0.333333333,0,0,22.8
00-0030656,I.Crowell,2017091003,9/10/2017 0:00,33,0,2,2,18,35,0,0,0,14.16666667,0,3.166666667,4.166666667,12.83333333,66.83333333,0.333333333,0,0,8.8
00-0030656,I.Crowell,2017091700,9/17/2017 0:00,0,0,0,1,10,37,0,0,0,17.5,0,2.666666667,3.666666667,14.5,71,0.333333333,0,0,3.7
00-0030656,I.Crowell,2017092405,9/24/2017 0:00,10,0,2,3,12,44,0,0,0,9.666666667,0,1.666666667,2.666666667,13.5,69.83333333,0.333333333,0,0,7.4
00-0030656,I.Crowell,2017100801,10/8/2017 0:00,7,0,2,3,16,60,0,0,0,10.5,0,1.833333333,2.833333333,13.83333333,58.33333333,0.333333333,0,0,8.7
00-0030656,I.Crowell,2017101502,10/15/2017 0:00,15,0,2,2,12,58,0,0,0,11.66666667,0,2.166666667,3,15.16666667,63.66666667,0.333333333,0,0,9.3
00-0030656,I.Crowell,2017102202,10/22/2017 0:00,36,0,4,6,17,35,0,0,0,13.5,0,1.833333333,2.5,14.5,64.33333333,0,0,0,11.1
00-0030656,I.Crowell,2017102900,10/29/2017 0:00,54,0,4,6,11,64,1,0,0,16.83333333,0,2,2.833333333,14.16666667,44.83333333,0,0,0,21.8
00-0030656,I.Crowell,2017111202,11/12/2017 0:00,5,0,1,2,16,90,1,0,0,20.33333333,0,2.333333333,3.5,13,49.66666667,0.166666667,0,0,16.5
00-0030656,I.Crowell,2017112601,11/26/2017 0:00,10,0,1,2,16,95,0,0,0,21.16666667,0,2.5,3.666666667,14,58.5,0.333333333,0,0,11.5
00-0030656,I.Crowell,2017120310,12/3/2017 0:00,3,0,1,1,10,41,0,0,0,21.16666667,0,2.333333333,3.5,14.66666667,67,0.333333333,0,0,5.4
00-0030656,I.Crowell,2017121003,12/10/2017 0:00,10,0,3,3,19,121,0,0,0,20.5,0,2.166666667,3.166666667,13.66666667,63.83333333,0.333333333,0,0,19.1
00-0030656,I.Crowell,2017122401,12/24/2017 0:00,-1,0,1,4,12,44,0,0,0,19.66666667,0,2.333333333,3.333333333,14.83333333,74.33333333,0.333333333,0,0,5.3
00-0030656,I.Crowell,2018091604,9/16/2018 0:00,4,0,2,3,12,35,0,0,0,13.5,0,1.833333333,3,14,75.83333333,0.333333333,0,0,5.9
00-0030656,I.Crowell,2018092000,9/20/2018 0:00,17,0,2,3,16,34,2,0,0,5.166666667,0,1.5,2.5,14.16666667,71,0.166666667,0,0,19.1
00-0030656,I.Crowell,2018100706,10/7/2018 0:00,12,0,1,1,15,219,1,0,0,7.166666667,0,1.666666667,2.666666667,14.16666667,61.66666667,0.333333333,0,0,33.1
00-0030656,I.Crowell,2018101406,10/14/2018 0:00,12,0,2,2,13,40,0,0,0,7.5,0,1.666666667,2.5,14,82.33333333,0.5,0,0,7.2
00-0030656,I.Crowell,2018102107,10/21/2018 0:00,21,0,1,3,11,29,0,0,0,9,0,1.833333333,2.666666667,14.5,82.16666667,0.5,0,0,6
00-0030656,I.Crowell,2018102802,10/28/2018 0:00,13,0,1,1,13,25,0,0,0,10.83333333,0,1.5,2.666666667,13.16666667,66.83333333,0.5,0,0,4.8
00-0030656,I.Crowell,2018110404,11/4/2018 0:00,11,0,1,2,13,49,0,0,0,13.16666667,0,1.5,2.166666667,13.33333333,63.66666667,0.5,0,0,7
00-0030656,I.Crowell,2018120211,12/2/2018 0:00,9,0,4,5,21,98,0,0,0,14.33333333,0,1.333333333,2,13.5,66,0.5,0,0,14.7
,,,,,,,,,,,,,13,0,1.666666667,2.333333333,14.33333333,76.66666667,0.166666667,0,0,0
00-0030668,C.West,2015102504,10/25/2015 0:00,19,0,2,5,22,110,1,0,0,6,0,1,2,9,33,0,0,0,23.9
00-0030668,C.West,2015110100,11/1/2015 0:00,25,0,4,6,20,97,1,0,0,12.5,0,1.5,3.5,15.5,71.5,0.5,0,0,22.2
00-0030668,C.West,2015111510,11/15/2015 0:00,92,1,3,5,24,69,1,0,0,16.66666667,0,2.333333333,4.333333333,17,80,0.666666667,0,0,31.1
00-0030668,C.West,2015112211,11/22/2015 0:00,48,0,2,2,11,16,0,0,0,35.5,0.25,2.5,4.5,18.75,77.25,0.75,0,0,8.4
00-0030668,C.West,2015120610,12/6/2015 0:00,9,0,2,3,9,35,0,0,0,38,0.2,2.4,4,17.2,65,0.6,0,0,6.4
00-0030668,C.West,2015121305,12/13/2015 0:00,0,0,0,1,10,54,0,0,0,33.16666667,0.166666667,2.333333333,3.833333333,15.83333333,60,0.5,0,0,5.4
00-0030668,C.West,2015122006,12/20/2015 0:00,9,0,2,2,16,76,1,0,0,32.16666667,0.166666667,2.166666667,3.666666667,16,63.5,0.5,0,0,16.5
00-0030668,C.West,2015122704,12/27/2015 0:00,-1,0,1,1,14,62,0,0,0,30.5,0.166666667,2.166666667,3.166666667,15,57.83333333,0.5,0,0,7.1
00-0030668,C.West,2016010306,1/3/2016 0:00,-2,0,1,1,13,34,0,0,0,26.16666667,0.166666667,1.666666667,2.333333333,14,52,0.333333333,0,0,4.2
00-0030668,C.West,2016103005,10/30/2016 0:00,8,0,2,3,14,52,0,0,0,10.5,0,1.333333333,1.666666667,12.16666667,46.16666667,0.166666667,0,0,8
00-0030668,C.West,2016110603,11/6/2016 0:00,35,0,3,4,13,39,0,0,0,3.833333333,0,1.333333333,1.833333333,12.66666667,52.16666667,0.166666667,0,0,10.4
00-0030668,C.West,2016122501,12/25/2016 0:00,3,0,1,1,14,35,0,0,0,8.166666667,0,1.5,2,13.33333333,52.83333333,0.166666667,0,0,4.8
00-0030668,C.West,2017010114,1/1/2017 0:00,58,2,5,5,16,58,0,0,0,8.666666667,0,1.666666667,2,14,49.66666667,0.166666667,0,0,28.6
,,,,,,,,,,,,,16.83333333,0.333333333,2.166666667,2.5,14,46.66666667,0,0,0,0
00-0030705,J.Thompson,2015120611,12/6/2015 0:00,14,0,1,1,8,27,0,0,0,0,0,1,1,8,38,0,0,0,5.1
,,,,,,,,,,,,,7,0,1,1,8,32.5,0,0,0,0
00-0030789,A.Andrews,2015101806,10/18/2015 0:00,2,0,1,1,9,23,0,0,0,12,0,1,2,12,49,1,0,0,3.5
00-0030789,A.Andrews,2015110103,11/1/2015 0:00,18,0,3,3,16,64,0,0,0,7,0,1,1.5,10.5,36,0.5,0,0,11.2
00-0030789,A.Andrews,2015110803,11/8/2015 0:00,23,0,1,2,19,88,0,0,0,10.66666667,0,1.666666667,2,12.33333333,45.33333333,0.333333333,0,0,12.1
00-0030789,A.Andrews,2015111900,11/19/2015 0:00,16,0,2,2,15,78,0,0,0,13.75,0,1.5,2,14,56,0.25,0,0,11.4
00-0030789,A.Andrews,2015112907,11/29/2015 0:00,14,0,1,2,11,32,0,0,0,14.2,0,1.6,2,14.2,60.4,0.2,0,0,5.6
00-0030789,A.Andrews,2015120604,12/6/2015 0:00,10,0,1,1,13,58,1,0,0,14.16666667,0,1.5,2,13.66666667,55.66666667,0.166666667,0,0,13.8
00-0030789,A.Andrews,2015122005,12/20/2015 0:00,25,0,5,6,14,45,0,0,0,13.83333333,0,1.5,1.833333333,13.83333333,57.16666667,0.166666667,0,0,12
,,,,,,,,,,,,,17.66666667,0,2.166666667,2.666666667,14.66666667,60.83333333,0.166666667,0,0,0
,,,,,,,,,,,,,45,0,2,2,9,21,0,0,0,0
00-0030860,O.Darkwa,2015120600,12/6/2015 0:00,10,0,1,2,8,23,0,0,0,0,0,0,1,8,48,1,0,0,4.3
00-0030860,O.Darkwa,2016092506,9/25/2016 0:00,9,0,1,1,10,53,1,0,0,5,0,0.5,1.5,8,35.5,0.5,0,0,13.2
00-0030860,O.Darkwa,2016100300,10/3/2016 0:00,0,0,0,2,12,48,1,0,0,6.333333333,0,0.666666667,1.333333333,8.666666667,41.33333333,0.666666667,0,0,10.8
00-0030860,O.Darkwa,2017100805,10/8/2017 0:00,3,0,1,4,8,69,1,0,0,4.75,0,0.5,1.5,9.5,43,0.75,0,0,14.2
00-0030860,O.Darkwa,2017101511,10/15/2017 0:00,13,0,1,1,21,117,0,0,0,4.4,0,0.6,2,9.2,48.2,0.8,0,0,17
00-0030860,O.Darkwa,2017102211,10/22/2017 0:00,13,0,3,3,9,35,0,0,0,5.833333333,0,0.666666667,1.833333333,11.16666667,59.66666667,0.666666667,0,0,7.8
00-0030860,O.Darkwa,2017110504,11/5/2017 0:00,8,0,2,2,16,71,0,0,0,8,0,1.166666667,2.166666667,11.33333333,57.5,0.5,0,0,9.9
00-0030860,O.Darkwa,2017111210,11/12/2017 0:00,18,0,2,2,15,72,0,0,0,7.666666667,0,1.333333333,2.166666667,12.66666667,65.5,0.5,0,0,11
00-0030860,O.Darkwa,2017111906,11/19/2017 0:00,16,0,2,4,20,74,1,0,0,9.166666667,0,1.5,2.333333333,13.5,68.66666667,0.333333333,0,0,17
00-0030860,O.Darkwa,2017112302,11/23/2017 0:00,9,0,1,1,11,30,0,0,0,11.83333333,0,1.833333333,2.666666667,14.83333333,73,0.333333333,0,0,4.9
00-0030860,O.Darkwa,2017120312,12/3/2017 0:00,-1,0,1,1,14,32,1,0,0,12.83333333,0,1.833333333,2.166666667,15.33333333,66.5,0.166666667,0,0,10.1
00-0030860,O.Darkwa,2017121012,12/10/2017 0:00,15,0,2,3,10,29,0,0,0,10.5,0,1.833333333,2.166666667,14.16666667,52.33333333,0.333333333,0,0,6.4
00-0030860,O.Darkwa,2017121706,12/17/2017 0:00,9,0,1,3,9,7,1,0,0,10.83333333,0,1.666666667,2.166666667,14.33333333,51.33333333,0.333333333,0,0,8.6
00-0030860,O.Darkwa,2017123107,12/31/2017 0:00,0,0,0,1,20,154,1,0,0,11,0,1.5,2.333333333,13.16666667,40.66666667,0.5,0,0,24.4
,,,,,,,,,,,,,8,0,1.166666667,2.166666667,14,54.33333333,0.666666667,0,0,0
00-0030874,D.Williams,2017111300,11/13/2017 0:00,20,0,2,3,9,19,0,0,0,23,0,2,2,11,28,0,0,0,5.9
00-0030874,D.Williams,2017111911,11/19/2017 0:00,24,0,1,1,10,78,0,0,0,21.5,0,2,2.5,10,23.5,0,0,0,11.2
00-0030874,D.Williams,2017112604,11/26/2017 0:00,14,0,3,5,8,38,0,0,0,22.33333333,0,1.666666667,2,10,41.66666667,0,0,0,8.2
00-0030874,Dam. Williams,2018120905,12/9/2018 0:00,16,1,4,5,8,14,1,0,0,20.25,0,2,2.75,9.5,40.75,0,0,0,19
00-0030874,Dam. Williams,2018121300,12/13/2018 0:00,74,0,6,6,10,49,2,0,0,19.4,0.2,2.4,3.2,9.2,35.4,0.2,0,0,30.3
00-0030874,Dam. Williams,2018122314,12/23/2018 0:00,37,1,7,7,13,103,0,0,0,28.5,0.166666667,3,3.666666667,9.333333333,37.66666667,0.5,0,0,30
00-0030874,Dam. Williams,2018123004,12/30/2018 0:00,8,0,1,1,11,51,1,0,0,30.83333333,0.333333333,3.833333333,4.5,9.666666667,50.16666667,0.5,0,0,12.9
00-0030874,Dam.Williams,2019090802,9/8/2019 0:00,39,0,6,6,13,26,1,0,0,28.83333333,0.333333333,3.666666667,4.166666667,10,55.5,0.666666667,0,0,18.5
00-0030874,Dam.Williams,2019091510,9/15/2019 0:00,48,0,3,5,9,8,0,0,0,31.33333333,0.333333333,4.5,5,10.5,46.83333333,0.833333333,0,0,8.6
00-0030874,Dam.Williams,2019100612,10/6/2019 0:00,15,0,3,4,9,23,0,0,0,37,0.333333333,4.5,5,10.66666667,41.83333333,0.833333333,0,0,6.8
00-0030874,Dam.Williams,2019101700,10/17/2019 0:00,-1,0,2,3,9,7,0,0,0,36.83333333,0.166666667,4.333333333,4.833333333,10.83333333,43.33333333,0.666666667,0,0,2.6
00-0030874,Dam.Williams,2019110303,11/3/2019 0:00,3,0,2,2,12,125,1,0,0,24.33333333,0.166666667,3.666666667,4.333333333,10.66666667,36.33333333,0.333333333,0,0,23.8
00-0030874,Dam.Williams,2019111007,11/10/2019 0:00,32,0,5,5,19,77,0,0,0,18.66666667,0,2.833333333,3.5,10.5,40,0.5,0,0,15.9
00-0030874,Dam.Williams,2019122214,12/22/2019 0:00,27,1,3,3,16,65,0,0,0,22.66666667,0,3.5,4.166666667,11.83333333,44.33333333,0.333333333,0,0,18.2
00-0030874,Dam.Williams,2019122908,12/29/2019 0:00,30,0,4,7,12,124,2,0,0,20.66666667,0.166666667,3,3.666666667,12.33333333,50.83333333,0.166666667,0,0,34.4
,,,,,,,,,,,,,17.66666667,0.166666667,3.166666667,4,12.83333333,70.16666667,0.5,0,0,0
00-0031045,C.Hyde,2014100511,10/5/2014 0:00,0,0,0,1,10,43,0,0,0,0,0,0,1,10,26,0,0,0,4.3
00-0031045,C.Hyde,2014101300,10/13/2014 0:00,1,0,1,1,11,14,0,0,0,0,0,0,1,10,34.5,0,0,0,2.5
00-0031045,C.Hyde,2014111606,11/16/2014 0:00,5,0,1,1,9,25,0,0,0,0.333333333,0,0.333333333,1,10.33333333,27.66666667,0,0,0,4
00-0031045,C.Hyde,2015091401,9/14/2015 0:00,14,0,2,2,26,168,2,0,0,1.5,0,0.5,1,10,27,0,0,0,35.2
00-0031045,C.Hyde,2015092009,9/20/2015 0:00,18,0,4,4,14,43,0,0,0,4,0,0.8,1.2,13.2,55.2,0.4,0,0,10.1
00-0031045,C.Hyde,2015092710,9/27/2015 0:00,10,0,1,1,15,51,0,0,0,6.333333333,0,1.333333333,1.666666667,13.33333333,53.16666667,0.333333333,0,0,7.1
00-0031045,C.Hyde,2015100409,10/4/2015 0:00,2,0,1,1,8,20,0,0,0,8,0,1.5,1.666666667,14.16666667,57.33333333,0.333333333,0,0,3.2
00-0031045,C.Hyde,2015101111,10/11/2015 0:00,4,0,1,5,21,93,1,0,0,8.333333333,0,1.666666667,1.666666667,13.83333333,53.5,0.333333333,0,0,16.7
00-0031045,C.Hyde,2015101810,10/18/2015 0:00,5,0,2,2,21,55,0,0,0,8.833333333,0,1.666666667,2.333333333,15.5,66.66666667,0.5,0,0,8
00-0031045,C.Hyde,2016091201,9/12/2016 0:00,5,0,2,3,23,88,2,0,0,8.833333333,0,1.833333333,2.5,17.5,71.66666667,0.5,0,0,23.3
00-0031045,C.Hyde,2016091800,9/18/2016 0:00,18,0,3,3,14,34,0,0,0,7.333333333,0,1.833333333,2.666666667,17,58.33333333,0.5,0,0,8.2
00-0031045,C.Hyde,2016092508,9/25/2016 0:00,2,0,1,1,22,105,2,0,0,7.333333333,0,1.666666667,2.5,17,56.83333333,0.5,0,0,26.7
00-0031045,C.Hyde,2016100211,10/2/2016 0:00,5,0,1,1,15,74,1,0,0,6,0,1.666666667,2.5,18.16666667,65.83333333,0.833333333,0,0,14.9
00-0031045,C.Hyde,2016100600,10/6/2016 0:00,36,0,6,6,22,78,1,0,0,6.5,0,1.666666667,2.5,19.33333333,74.83333333,1,0,0,23.4
00-0031045,C.Hyde,2016111310,11/13/2016 0:00,0,0,0,1,13,14,0,0,0,11.83333333,0,2.5,2.666666667,19.5,72.33333333,1,0,0,1.4
00-0031045,C.Hyde,2016112009,11/20/2016 0:00,24,0,3,3,19,86,0,0,0,11,0,2.166666667,2.5,18.16666667,65.5,1,0,0,14
00-0031045,C.Hyde,2016112706,11/27/2016 0:00,30,1,5,6,13,65,0,0,0,14.16666667,0,2.333333333,2.5,17.5,65.16666667,0.666666667,0,0,20.5
00-0031045,C.Hyde,2016120402,12/4/2016 0:00,6,0,1,2,20,92,0,0,0,16.16666667,0.166666667,2.666666667,3,17.33333333,70.33333333,0.666666667,0,0,10.8
00-0031045,C.Hyde,2016121110,12/11/2016 0:00,7,1,1,1,17,193,0,0,0,16.83333333,0.166666667,2.666666667,3.166666667,17,68.16666667,0.333333333,0,0,30
00-0031045,C.Hyde,2016121809,12/18/2016 0:00,6,0,1,3,13,71,0,0,0,17.16666667,0.333333333,2.666666667,3.166666667,17.33333333,88,0.166666667,0,0,8.7
00-0031045,C.Hyde,2016122409,12/24/2016 0:00,24,1,3,3,13,38,0,1,1,12.16666667,0.333333333,1.833333333,2.666666667,15.83333333,86.83333333,0,0,0,14.2
00-0031045,C.Hyde,2017091011,9/10/2017 0:00,32,0,6,6,9,45,0,0,0,16.16666667,0.5,2.333333333,3,15.83333333,90.83333333,0,0.166666667,0.166666667,13.7
00-0031045,C.Hyde,2017091712,9/17/2017 0:00,19,0,3,6,15,124,0,0,1,17.5,0.5,2.833333333,3.5,14.16666667,84,0,0.166666667,0.166666667,19.3
00-0031045,C.Hyde,2017092100,9/21/2017 0:00,10,0,3,4,25,84,2,0,0,15.66666667,0.333333333,2.5,3.5,14.5,93.83333333,0,0.166666667,0.333333333,24.4
00-0031045,C.Hyde,2017100109,10/1/2017 0:00,27,0,5,6,16,68,0,0,0,16.33333333,0.333333333,2.833333333,3.833333333,15.33333333,92.5,0.333333333,0.166666667,0.333333333,14.5
00-0031045,C.Hyde,2017100803,10/8/2017 0:00,7,0,1,1,8,11,0,0,0,19.66666667,0.166666667,3.5,4.666666667,15.16666667,71.66666667,0.333333333,0.166666667,0.333333333,2.8
00-0031045,C.Hyde,2017101506,10/15/2017 0:00,47,0,5,6,13,28,2,0,0,19.83333333,0.166666667,3.5,4.333333333,14.33333333,61.66666667,0.333333333,0.166666667,0.333333333,24.5
00-0031045,C.Hyde,2017102209,10/22/2017 0:00,20,0,4,8,14,68,0,0,0,23.66666667,0,3.833333333,4.833333333,14.33333333,60,0.666666667,0,0.166666667,12.8
00-0031045,C.Hyde,2017102906,10/29/2017 0:00,22,0,4,9,12,25,0,0,0,21.66666667,0,3.5,5.166666667,15.16666667,63.83333333,0.666666667,0,0.166666667,8.7
00-0031045,C.Hyde,2017110507,11/5/2017 0:00,84,0,9,11,12,41,0,0,0,22.16666667,0,3.666666667,5.666666667,14.66666667,47.33333333,0.666666667,0,0,21.5
00-0031045,C.Hyde,2017111210,11/12/2017 0:00,6,0,2,3,17,98,0,0,0,34.5,0,4.666666667,6.833333333,12.5,40.16666667,0.333333333,0,0,12.4
00-0031045,C.Hyde,2017112608,11/26/2017 0:00,21,0,7,13,16,47,0,0,0,31,0,4.166666667,6.333333333,12.66666667,45.16666667,0.333333333,0,0,13.8
00-0031045,C.Hyde,2017120303,12/3/2017 0:00,12,0,3,5,17,54,0,0,0,33.33333333,0,5.166666667,8.333333333,14,51.16666667,0.333333333,0,0,9.6
00-0031045,C.Hyde,2017121004,12/10/2017 0:00,0,0,0,1,14,78,1,0,0,27.5,0,4.833333333,8.166666667,14.66666667,55.5,0,0,0,13.8
00-0031045,C.Hyde,2017121710,12/17/2017 0:00,14,0,2,2,16,25,0,0,0,24.16666667,0,4.166666667,7,14.66666667,57.16666667,0.166666667,0,0,5.9
00-0031045,C.Hyde,2017122409,12/24/2017 0:00,19,0,3,3,21,54,1,0,0,22.83333333,0,3.833333333,5.833333333,15.33333333,57.16666667,0.166666667,0,0,16.3
00-0031045,C.Hyde,2017123114,12/31/2017 0:00,10,0,2,4,15,90,2,0,0,12,0,2.833333333,4.5,16.83333333,59.33333333,0.333333333,0,0,24
00-0031045,C.Hyde,2018090901,9/9/2018 0:00,3,0,1,2,22,62,1,0,0,12.66666667,0,2.833333333,4.666666667,16.5,58,0.666666667,0,0,13.5
00-0031045,C.Hyde,2018091603,9/16/2018 0:00,7,0,1,1,16,43,1,0,0,9.666666667,0,1.833333333,2.833333333,17.5,60.5,0.833333333,0,0,12
00-0031045,C.Hyde,2018092000,9/20/2018 0:00,5,0,2,2,23,98,2,0,0,8.833333333,0,1.5,2.166666667,17.33333333,58.66666667,1,0,0,24.3
00-0031045,C.Hyde,2018093009,9/30/2018 0:00,0,0,0,1,22,82,1,0,0,9.666666667,0,1.833333333,2.333333333,18.83333333,62,1.166666667,0,0,14.2
00-0031045,C.Hyde,2018100703,10/7/2018 0:00,14,0,2,3,17,63,0,0,0,7.333333333,0,1.5,2.166666667,19.83333333,71.5,1.333333333,0,0,9.7
00-0031045,C.Hyde,2018120205,12/2/2018 0:00,1,0,1,1,13,36,0,0,0,6.5,0,1.333333333,2.166666667,19.16666667,73,1.166666667,0,0,4.7
00-0031045,C.Hyde,2018123003,12/30/2018 0:00,6,0,2,3,10,13,0,0,0,5,0,1.166666667,1.666666667,18.83333333,64,0.833333333,0,0,3.9
00-0031045,C.Hyde,2019090900,9/9/2019 0:00,2,0,1,1,10,83,0,0,0,5.5,0,1.333333333,1.833333333,16.83333333,55.83333333,0.666666667,0,0,9.5
00-0031045,C.Hyde,2019092904,9/29/2019 0:00,6,0,4,5,12,58,0,0,0,4.666666667,0,1.333333333,1.833333333,15.83333333,62.5,0.5,0,0,10.4
00-0031045,C.Hyde,2019100602,10/6/2019 0:00,0,0,0,1,21,60,1,0,0,4.833333333,0,1.666666667,2.333333333,14,55.83333333,0.166666667,0,0,12
00-0031045,C.Hyde,2019101304,10/13/2019 0:00,14,0,1,1,26,116,1,0,0,4.833333333,0,1.666666667,2.333333333,13.83333333,52.16666667,0.166666667,0,0,23
00-0031045,C.Hyde,2019102005,10/20/2019 0:00,0,0,0,1,12,35,0,0,0,4.833333333,0,1.5,2,15.33333333,61,0.333333333,0,0,3.5
00-0031045,C.Hyde,2019102704,10/27/2019 0:00,0,0,0,1,19,83,0,0,0,4.666666667,0,1.333333333,2,15.16666667,60.83333333,0.333333333,0,0,8.3
00-0031045,C.Hyde,2019111700,11/17/2019 0:00,0,0,0,1,9,65,1,0,0,3.666666667,0,1,1.666666667,16.66666667,72.5,0.333333333,0,0,12.5
00-0031045,C.Hyde,2019120111,12/1/2019 0:00,5,0,1,1,10,17,0,0,0,3.333333333,0,0.833333333,1.666666667,16.5,69.5,0.5,0,0,3.2
00-0031045,C.Hyde,2019120804,12/8/2019 0:00,5,0,2,3,14,73,0,0,0,3.166666667,0,0.333333333,1,16.16666667,62.66666667,0.5,0,0,9.8
00-0031045,C.Hyde,2019122100,12/21/2019 0:00,10,0,1,1,17,27,1,0,0,4,0,0.666666667,1.333333333,15,64.83333333,0.333333333,0,0,10.7
,,,,,,,,,,,,,3.333333333,0,0.666666667,1.333333333,13.5,50,0.333333333,0,0,0
00-0031055,A.Williams,2014092500,9/25/2014 0:00,0,0,0,1,15,66,1,0,0,7,0,2,4,8,12,0,0,0,12.6
00-0031055,A.Williams,2014100506,10/5/2014 0:00,18,0,2,2,20,65,1,0,0,3.5,0,1,2.5,11.5,39,0.5,0,0,16.3
00-0031055,A.Williams,2014101910,10/19/2014 0:00,0,0,0,3,18,51,0,0,0,8.333333333,0,1.333333333,2.333333333,14.33333333,47.66666667,0.666666667,0,0,5.1
00-0031055,A.Williams,2014110300,11/3/2014 0:00,24,0,1,1,12,22,1,0,0,6.25,0,1,2.5,15.25,48.5,0.5,0,0,11.6
00-0031055,A.Williams,2014110909,11/9/2014 0:00,5,0,2,5,13,33,1,0,0,9.8,0,1,2.2,14.6,43.2,0.6,0,0,11.8
00-0031055,A.Williams,2014112312,11/23/2014 0:00,12,0,1,2,10,35,1,0,0,9,0,1.166666667,2.666666667,14.33333333,41.5,0.666666667,0,0,11.7
00-0031055,A.Williams,2014113004,11/30/2014 0:00,16,0,2,3,8,21,0,0,0,9.833333333,0,1,2.333333333,14.66666667,45.33333333,0.833333333,0,0,5.7
00-0031055,A.Williams,2014120707,12/7/2014 0:00,16,0,3,5,24,131,1,0,0,12.5,0,1.333333333,2.666666667,13.5,37.83333333,0.666666667,0,0,26.7
00-0031055,A.Williams,2014121409,12/14/2014 0:00,9,0,1,4,18,44,0,0,0,12.16666667,0,1.5,3.166666667,14.16666667,48.83333333,0.666666667,0,0,6.3
00-0031055,A.Williams,2014122108,12/21/2014 0:00,0,0,0,1,26,110,0,0,0,13.66666667,0,1.666666667,3.333333333,14.16666667,47.66666667,0.666666667,0,0,14
00-0031055,A.Williams,2014122808,12/28/2014 0:00,19,0,3,3,15,43,1,0,0,9.666666667,0,1.5,3.333333333,16.5,62.33333333,0.5,0,0,15.2
00-0031055,A.Williams,2015100407,10/4/2015 0:00,0,0,0,1,12,37,0,0,0,12,0,1.666666667,3,16.83333333,64,0.5,0,0,3.7
00-0031055,A.Williams,2017010114,1/1/2017 0:00,0,0,0,2,18,87,0,0,0,10,0,1.5,2.833333333,17.16666667,64.33333333,0.333333333,0,0,8.7
,,,,,,,,,,,,,7.333333333,0,1.166666667,2.666666667,18.83333333,75.33333333,0.333333333,0,0,0
00-0031057,K.Carey,2016102000,10/20/2016 0:00,9,0,1,1,10,48,0,0,0,0,0,0,1,9,50,0,0,0,6.7
,,,,,,,,,,,,,4.5,0,0.5,1,9.5,49,0,0,0,0
00-0031062,J.White,2018093006,9/30/2018 0:00,68,1,8,10,8,44,1,0,0,30,0,3,5,10,38,0,0,0,31.2
00-0031062,J.White,2018102102,10/21/2018 0:00,57,2,8,10,11,40,0,0,0,49,0.5,5.5,7.5,9,41,0.5,0,0,29.7
00-0031062,J.White,2018102900,10/29/2018 0:00,79,0,10,13,8,15,1,0,0,51.66666667,1,6.333333333,8.333333333,9.666666667,40.66666667,0.333333333,0,0,25.4
00-0031062,J.White,2018110410,11/4/2018 0:00,72,0,6,7,12,31,2,0,0,58.5,0.75,7.25,9.5,9.25,34.25,0.5,0,0,28.3
00-0031062,J.White,2018112505,11/25/2018 0:00,5,0,1,5,9,73,0,0,0,61.2,0.6,7,9,9.8,33.6,0.8,0,0,8.8
00-0031062,J.White,2018122308,12/23/2018 0:00,13,0,2,4,8,41,1,0,0,51.83333333,0.5,6,8.333333333,9.666666667,40.16666667,0.666666667,0,0,13.4
00-0031062,J.White,2019110311,11/3/2019 0:00,46,0,2,3,9,38,1,0,0,49,0.5,5.833333333,8.166666667,9.333333333,40.66666667,0.833333333,0,0,16.4
00-0031062,J.White,2019120111,12/1/2019 0:00,98,2,8,11,14,79,0,0,0,45.33333333,0.333333333,4.833333333,7,9.5,39.66666667,0.833333333,0,0,37.7
,,,,,,,,,,,,,52.16666667,0.333333333,4.833333333,7.166666667,10,46.16666667,0.833333333,0,0,0
,,,,,,,,,,,,,34,0,3,3,8,21,0,0,0,0
00-0031075,A.Blue,2014092802,9/28/2014 0:00,16,0,2,3,9,9,0,0,0,10,0,1,1,13,78,0,0,0,4.5
00-0031075,A.Blue,2014102608,10/26/2014 0:00,22,0,1,1,14,42,0,0,0,13,0,1.5,2,11,43.5,0,0,0,7.4
00-0031075,A.Blue,2014112303,11/23/2014 0:00,20,0,3,4,16,46,0,0,0,16,0,1.333333333,1.666666667,12,43,0,0,0,9.6
00-0031075,A.Blue,2014122803,12/28/2014 0:00,37,0,6,6,17,39,1,0,0,17,0,1.75,2.25,13,43.75,0,0,0,19.6
00-0031075,A.Blue,2015091306,9/13/2015 0:00,7,0,1,2,9,42,0,0,0,21,0,2.6,3,13.8,42.8,0.2,0,0,5.9
00-0031075,A.Blue,2015110103,11/1/2015 0:00,33,0,5,5,14,39,0,0,0,18.66666667,0,2.333333333,2.833333333,13,42.66666667,0.166666667,0,0,12.2
00-0031075,A.Blue,2015111600,11/16/2015 0:00,9,0,1,1,12,22,0,0,0,22.5,0,3,3.5,13.16666667,36.16666667,0.166666667,0,0,4.1
00-0031075,A.Blue,2015112203,11/22/2015 0:00,34,1,3,3,21,58,0,0,0,21.33333333,0,2.833333333,3.166666667,13.66666667,38.33333333,0.166666667,0,0,18.2
00-0031075,A.Blue,2015112903,11/29/2015 0:00,4,0,1,1,16,77,1,0,0,23.33333333,0.166666667,3.166666667,3.5,14.83333333,41,0.166666667,0,0,15.1
00-0031075,A.Blue,2015122703,12/27/2015 0:00,5,0,1,1,15,45,0,0,0,20.66666667,0.166666667,2.833333333,3,14.83333333,46.16666667,0.333333333,0,0,6
00-0031075,A.Blue,2016010304,1/3/2016 0:00,2,0,1,1,21,102,0,0,0,15.33333333,0.166666667,2,2.166666667,14.5,47.16666667,0.166666667,0,0,14.4
00-0031075,A.Blue,2016102400,10/24/2016 0:00,0,0,0,3,11,63,0,0,0,14.5,0.166666667,2,2,16.5,57.16666667,0.166666667,0,0,6.3
00-0031075,A.Blue,2016121104,12/11/2016 0:00,0,0,1,1,16,55,0,0,0,9,0.166666667,1.166666667,1.666666667,16,61.16666667,0.166666667,0,0,6.5
00-0031075,A.Blue,2016122411,12/24/2016 0:00,17,0,4,4,21,73,1,0,0,7.5,0.166666667,1.166666667,1.666666667,16.66666667,66.66666667,0.166666667,0,0,19
00-0031075,A.Blue,2017010110,1/1/2017 0:00,12,0,3,4,11,28,0,0,0,4.666666667,0,1.333333333,1.833333333,16.66666667,69.16666667,0.333333333,0,0,7
00-0031075,A.Blue,2017112700,11/27/2017 0:00,11,0,2,2,8,15,0,0,0,6,0,1.666666667,2.333333333,15.83333333,61,0.166666667,0,0,4.6
00-0031075,A.Blue,2017121703,12/17/2017 0:00,0,0,0,1,12,55,0,0,0,7,0,1.833333333,2.5,14.66666667,56,0.166666667,0,0,5.5
00-0031075,A.Blue,2017123103,12/31/2017 0:00,36,0,4,5,18,39,1,0,0,6.666666667,0,1.666666667,2.5,13.16666667,48.16666667,0.166666667,0,0,17.5
00-0031075,A.Blue,2018093004,9/30/2018 0:00,0,0,0,3,13,31,0,0,0,12.66666667,0,2.333333333,2.833333333,14.33333333,44.16666667,0.333333333,0,0,3.1
00-0031075,A.Blue,2018100712,10/7/2018 0:00,73,0,8,8,20,46,0,0,0,12.66666667,0,2.166666667,3.166666667,13.83333333,40.16666667,0.333333333,0,0,19.9
00-0031075,A.Blue,2018112600,11/26/2018 0:00,13,0,1,1,13,49,0,0,0,22,0,2.833333333,3.833333333,13.66666667,35.66666667,0.166666667,0,0,7.2
00-0031075,A.Blue,2018121500,12/15/2018 0:00,9,0,2,2,9,6,0,0,0,22.16666667,0,2.5,3.333333333,14,39.16666667,0.166666667,0,0,3.5
,,,,,,,,,,,,,21.83333333,0,2.5,3.333333333,14.16666667,37.66666667,0.166666667,0,0,0
,,,,,,,,,,,,,53,0,8,9,12,47,0,0,0,0
00-0031123,D.Reaves,2014100500,10/5/2014 0:00,16,0,1,1,11,35,0,0,0,11,0,3,5,12,26,0,0,0,6.1
00-0031123,D.Reaves,2014101202,10/12/2014 0:00,4,0,1,1,8,15,0,0,0,13.5,0,2,3,11.5,30.5,0,0,0,2.9
,,,,,,,,,,,,,10.33333333,0,1.666666667,2.333333333,10.33333333,25.33333333,0,0,0,0
,,,,,,,,,,,,,-4,0,1,1,10,21,1,0,0,0
00-0031277,B.Oliver,2014100510,10/5/2014 0:00,68,1,4,4,19,114,1,0,0,33,0,4,4,9,23,0,0,0,37.2
00-0031277,B.Oliver,2014101209,10/12/2014 0:00,23,0,4,5,26,101,1,0,0,50.5,0.5,4,4,14,68.5,0.5,0,0,25.4
00-0031277,B.Oliver,2014101909,10/19/2014 0:00,11,0,2,2,15,67,0,0,0,41.33333333,0.333333333,4,4.333333333,18,79.33333333,0.666666667,0,0,9.8
00-0031277,B.Oliver,2014102300,10/23/2014 0:00,27,0,7,8,13,36,0,0,0,33.75,0.25,3.5,3.75,17.25,76.25,0.5,0,0,13.3
00-0031277,B.Oliver,2014110205,11/2/2014 0:00,7,0,1,2,13,19,0,0,0,32.4,0.2,4.2,4.6,16.4,68.2,0.4,0,0,3.6
00-0031277,B.Oliver,2014111609,11/16/2014 0:00,3,0,1,3,13,36,0,0,0,28.16666667,0.166666667,3.666666667,4.166666667,15.83333333,60,0.333333333,0,0,4.9
00-0031277,B.Oliver,2014121410,12/14/2014 0:00,44,0,4,4,12,26,0,0,0,23.16666667,0.166666667,3.166666667,4,16.5,62.16666667,0.333333333,0,0,11
00-0031277,B.Oliver,2014122001,12/20/2014 0:00,28,0,3,5,13,53,0,0,0,19.16666667,0,3.166666667,4,15.33333333,47.5,0.166666667,0,0,11.1
00-0031277,B.Oliver,2014122804,12/28/2014 0:00,4,0,2,2,14,71,1,0,0,20,0,3,4,13.16666667,39.5,0,0,0,15.5
00-0031277,B.Oliver,2015092704,9/27/2015 0:00,0,0,0,1,8,26,0,0,0,18.83333333,0,3,4,13,40.16666667,0.166666667,0,0,2.6
00-0031277,B.Oliver,2015102509,10/25/2015 0:00,39,0,6,7,9,35,0,0,0,14.33333333,0,1.833333333,2.833333333,12.16666667,38.5,0.166666667,0,0,13.4
00-0031277,B.Oliver,2017092412,9/24/2017 0:00,18,0,4,6,8,16,0,0,0,19.66666667,0,2.666666667,3.666666667,11.5,41.16666667,0.166666667,0,0,7.4
00-0031277,B.Oliver,2017122406,12/24/2017 0:00,0,0,0,1,8,9,0,0,0,22.16666667,0,3.166666667,4.166666667,10.66666667,37.83333333,0.166666667,0,0,0.9
,,,,,,,,,,,,,14.83333333,0,2.5,3.666666667,10,35,0.166666667,0,0,0
00-0031285,D.Freeman,2014113009,11/30/2014 0:00,4,0,1,1,8,26,0,0,0,7,0,1,1,11,12,0,0,0,4
00-0031285,D.Freeman,2015091400,9/14/2015 0:00,29,0,3,4,10,18,0,0,0,5.5,0,1,1,9.5,19,0,0,0,7.7
00-0031285,D.Freeman,2015092004,9/20/2015 0:00,34,0,4,8,12,25,1,0,0,13.33333333,0,1.666666667,2,9.666666667,18.66666667,0,0,0,15.9
00-0031285,D.Freeman,2015092700,9/27/2015 0:00,52,0,5,5,30,141,3,0,0,18.5,0,2.25,3.5,10.25,20.25,0.25,0,0,45.3
00-0031285,D.Freeman,2015100402,10/4/2015 0:00,81,0,5,6,14,68,3,0,0,25.2,0,2.8,3.8,14.2,44.4,0.8,0,0,37.9
00-0031285,D.Freeman,2015101103,10/11/2015 0:00,44,0,7,8,27,153,1,0,0,34.5,0,3.166666667,4.166666667,14.16666667,48.33333333,1.166666667,0,0,35.7
00-0031285,D.Freeman,2015101500,10/15/2015 0:00,56,1,8,10,13,100,1,0,0,40.66666667,0,4.166666667,5.333333333,16.83333333,71.83333333,1.333333333,0,0,35.6
00-0031285,D.Freeman,2015102508,10/25/2015 0:00,14,0,2,3,25,116,0,0,0,49.33333333,0.166666667,5.333333333,6.833333333,17.66666667,84.16666667,1.5,0,0,18
00-0031285,D.Freeman,2015110105,11/1/2015 0:00,43,0,6,8,21,88,0,0,0,46.83333333,0.166666667,5.166666667,6.666666667,20.16666667,100.5,1.5,0,0,19.1
00-0031285,D.Freeman,2015110808,11/8/2015 0:00,67,1,8,10,12,12,0,0,0,48.33333333,0.166666667,5.5,6.666666667,21.66666667,111,1.333333333,0,0,21.9
00-0031285,D.Freeman,2015120608,12/6/2015 0:00,56,0,10,11,14,47,0,0,0,50.83333333,0.333333333,6,7.5,18.66666667,89.5,0.833333333,0,0,20.3
00-0031285,D.Freeman,2015121307,12/13/2015 0:00,22,0,3,5,12,40,0,1,1,46.66666667,0.333333333,6.833333333,8.333333333,18.66666667,86,0.333333333,0,0,8.2
00-0031285,D.Freeman,2015122003,12/20/2015 0:00,45,0,7,10,25,56,1,0,0,43,0.333333333,6.166666667,7.833333333,16.16666667,67.16666667,0.166666667,0.166666667,0.166666667,23.1
00-0031285,D.Freeman,2015122707,12/27/2015 0:00,17,0,3,5,22,73,1,0,0,41.16666667,0.166666667,6,7.833333333,18.16666667,59.83333333,0.166666667,0.166666667,0.166666667,18
00-0031285,D.Freeman,2016010311,1/3/2016 0:00,18,1,2,4,24,81,0,0,0,41.66666667,0.166666667,6.166666667,8.166666667,17.66666667,52.66666667,0.333333333,0.166666667,0.166666667,17.9
00-0031285,D.Freeman,2016091100,9/11/2016 0:00,20,0,4,4,11,20,0,0,0,37.5,0.333333333,5.5,7.5,18.16666667,51.5,0.333333333,0.166666667,0.166666667,8
00-0031285,D.Freeman,2016092600,9/26/2016 0:00,55,1,5,5,14,152,0,0,0,29.66666667,0.166666667,4.833333333,6.5,18,52.83333333,0.333333333,0.166666667,0.166666667,34.7
00-0031285,D.Freeman,2016100201,10/2/2016 0:00,7,0,2,3,13,57,1,0,0,29.5,0.333333333,4,5.5,18,70.33333333,0.333333333,0.166666667,0.166666667,14.4
00-0031285,D.Freeman,2016100907,10/9/2016 0:00,35,0,3,5,23,88,1,0,0,27,0.333333333,3.833333333,5.166666667,18.16666667,73.16666667,0.5,0,0,21.3
00-0031285,D.Freeman,2016101611,10/16/2016 0:00,10,0,3,5,12,40,0,0,0,25.33333333,0.333333333,3.166666667,4.333333333,17.83333333,78.5,0.5,0,0,8
00-0031285,D.Freeman,2016102309,10/23/2016 0:00,42,0,5,6,15,58,0,0,0,24.16666667,0.333333333,3.166666667,4.333333333,16.16666667,73,0.333333333,0,0,15
00-0031285,D.Freeman,2016103001,10/30/2016 0:00,23,1,4,6,11,35,1,0,0,28.16666667,0.166666667,3.666666667,4.666666667,14.66666667,69.16666667,0.333333333,0,0,21.8
00-0031285,D.Freeman,2016110300,11/3/2016 0:00,28,0,2,2,17,77,0,0,0,28.66666667,0.333333333,3.666666667,5,14.66666667,71.66666667,0.5,0,0,12.5
00-0031285,D.Freeman,2016111305,11/13/2016 0:00,32,0,3,3,12,49,0,0,0,24.16666667,0.166666667,3.166666667,4.5,15.16666667,59.16666667,0.5,0,0,11.1
00-0031285,D.Freeman,2016112700,11/27/2016 0:00,17,0,2,3,16,60,2,0,0,28.33333333,0.166666667,3.333333333,4.5,15,57.83333333,0.333333333,0,0,21.7
00-0031285,D.Freeman,2016120400,12/4/2016 0:00,49,0,4,5,15,56,2,0,0,25.33333333,0.166666667,3.166666667,4.166666667,13.83333333,53.16666667,0.5,0,0,26.5
00-0031285,D.Freeman,2016121809,12/18/2016 0:00,16,0,2,2,20,139,3,0,0,31.83333333,0.166666667,3.333333333,4.166666667,14.33333333,55.83333333,0.833333333,0,0,38.5
00-0031285,D.Freeman,2016122401,12/24/2016 0:00,35,0,8,8,13,53,0,0,0,27.5,0.166666667,2.833333333,3.5,15.16666667,69.33333333,1.333333333,0,0,16.8
00-0031285,D.Freeman,2017010100,1/1/2017 0:00,81,0,5,5,12,96,1,0,0,29.5,0,3.5,3.833333333,15.5,72.33333333,1.166666667,0,0,28.7
00-0031285,D.Freeman,2017091001,9/10/2017 0:00,2,0,2,2,12,37,1,0,0,38.33333333,0,4,4.333333333,14.66666667,75.5,1.333333333,0,0,11.9
00-0031285,D.Freeman,2017091713,9/17/2017 0:00,16,0,2,2,19,84,2,0,0,33.33333333,0,3.833333333,4.166666667,14.66666667,73.5,1.5,0,0,24
00-0031285,D.Freeman,2017092404,9/24/2017 0:00,32,0,3,3,21,106,1,0,0,33.16666667,0,3.833333333,4,15.16666667,77.5,1.5,0,0,25.8
00-0031285,D.Freeman,2017100101,10/1/2017 0:00,20,0,2,2,18,58,1,0,0,30.33333333,0,3.666666667,3.666666667,16.16666667,85.83333333,1.333333333,0,0,15.8
00-0031285,D.Freeman,2017101500,10/15/2017 0:00,11,0,2,4,9,68,0,0,0,31,0,3.666666667,3.666666667,15.83333333,72.33333333,1,0,0,9.9
00-0031285,D.Freeman,2017102212,10/22/2017 0:00,18,0,3,3,12,72,0,0,0,27,0,2.666666667,3,15.16666667,74.83333333,1,0,0,12
00-0031285,D.Freeman,2017102905,10/29/2017 0:00,20,0,1,3,12,41,0,0,0,16.5,0,2.333333333,2.666666667,15.16666667,70.83333333,0.833333333,0,0,7.1
00-0031285,D.Freeman,2017110500,11/5/2017 0:00,18,0,4,5,11,46,0,0,0,19.5,0,2.166666667,2.833333333,15.16666667,71.5,0.666666667,0,0,10.4
00-0031285,D.Freeman,2017120300,12/3/2017 0:00,7,0,1,2,12,74,0,0,0,19.83333333,0,2.5,3.333333333,13.83333333,65.16666667,0.333333333,0,0,9.1
00-0031285,D.Freeman,2017121800,12/18/2017 0:00,68,0,5,7,22,126,1,0,0,15.66666667,0,2.166666667,3.166666667,12.33333333,59.83333333,0.166666667,0,0,33.4
00-0031285,D.Freeman,2017122405,12/24/2017 0:00,20,0,2,3,11,36,0,0,0,23.66666667,0,2.666666667,4,13,71.16666667,0.166666667,0,0,7.6
00-0031285,D.Freeman,2017123100,12/31/2017 0:00,85,1,9,11,11,23,0,0,0,25.16666667,0,2.666666667,3.833333333,13.33333333,65.83333333,0.166666667,0,0,25.8
00-0031285,D.Freeman,2018100707,10/7/2018 0:00,9,0,2,2,8,32,0,0,0,36.33333333,0.166666667,3.666666667,5.166666667,13.16666667,57.66666667,0.166666667,0,0,6.1
00-0031285,D.Freeman,2019090804,9/8/2019 0:00,12,0,3,4,8,19,0,0,0,34.5,0.166666667,3.833333333,5,12.5,56.16666667,0.166666667,0,0,6.1
00-0031285,D.Freeman,2019091513,9/15/2019 0:00,42,0,3,4,11,22,0,0,0,33.5,0.166666667,3.666666667,4.833333333,12,51.66666667,0.166666667,0,0,9.4
00-0031285,D.Freeman,2019092203,9/22/2019 0:00,7,0,3,4,16,88,0,0,0,39.33333333,0.166666667,4,5.166666667,11.83333333,43,0.166666667,0,0,12.5
00-0031285,D.Freeman,2019092900,9/29/2019 0:00,72,0,8,9,12,28,0,0,0,29.16666667,0.166666667,3.666666667,4.666666667,10.83333333,36.66666667,0,0,0,18
00-0031285,D.Freeman,2019100602,10/6/2019 0:00,40,1,5,5,11,30,0,0,0,37.83333333,0.166666667,4.666666667,5.666666667,11,35.33333333,0,0,0,18
00-0031285,D.Freeman,2019101307,10/13/2019 0:00,30,2,3,3,19,88,0,0,0,30.33333333,0.166666667,4,4.666666667,11,36.5,0,0,0,26.8
00-0031285,D.Freeman,2019102700,10/27/2019 0:00,63,0,8,8,13,39,0,1,1,33.83333333,0.5,4.166666667,4.833333333,12.83333333,45.83333333,0,0,0,17.2
00-0031285,D.Freeman,2019111004,11/10/2019 0:00,10,0,3,4,10,38,0,0,0,42.33333333,0.5,5,5.5,13.66666667,49.16666667,0,0.166666667,0.166666667,7.8
00-0031285,D.Freeman,2019112802,11/28/2019 0:00,13,0,4,5,17,51,0,0,0,37,0.5,5,5.5,13.5,51.83333333,0,0.166666667,0.166666667,10.4
00-0031285,D.Freeman,2019120800,12/8/2019 0:00,10,0,4,4,17,84,1,0,0,38,0.5,5.166666667,5.666666667,13.66666667,45.66666667,0,0.166666667,0.166666667,19.4
00-0031285,D.Freeman,2019121512,12/15/2019 0:00,16,0,2,3,12,39,0,0,0,27.66666667,0.5,4.5,4.833333333,14.5,55,0.166666667,0.166666667,0.166666667,7.5
00-0031285,D.Freeman,2019122205,12/22/2019 0:00,74,1,9,10,13,53,1,0,0,23.66666667,0.333333333,4,4.5,14.66666667,56.5,0.166666667,0.166666667,0.166666667,33.7
00-0031285,D.Freeman,2019122912,12/29/2019 0:00,15,0,2,4,18,58,0,0,0,31,0.166666667,5,5.666666667,13.66666667,50.66666667,0.333333333,0.166666667,0.166666667,9.3
,,,,,,,,,,,,,23,0.166666667,4,5,14.5,53.83333333,0.333333333,0,0,0
00-0031301,J.Hill,2014101202,10/12/2014 0:00,13,0,4,4,8,22,1,0,0,22,0,2,2,15,74,1,0,0,13.5
00-0031301,J.Hill,2014102602,10/26/2014 0:00,28,0,4,4,10,25,0,0,0,17.5,0,3,3,11.5,48,1,0,0,9.3
00-0031301,J.Hill,2014110200,11/2/2014 0:00,9,0,1,1,24,154,2,0,0,21,0,3.333333333,3.333333333,11,40.33333333,0.666666667,0,0,32.3
00-0031301,J.Hill,2014110600,11/6/2014 0:00,6,0,1,2,12,55,0,0,0,18,0,2.75,2.75,14.25,68.75,1,0,0,7.1
00-0031301,J.Hill,2014111605,11/16/2014 0:00,13,0,1,1,27,152,0,0,0,15.6,0,2.4,2.6,13.8,66,0.8,0,0,20.5
00-0031301,J.Hill,2014112303,11/23/2014 0:00,9,0,1,1,18,87,1,0,0,15.16666667,0,2.166666667,2.333333333,16,80.33333333,0.666666667,0,0,16.6
00-0031301,J.Hill,2014113008,11/30/2014 0:00,12,0,4,4,13,40,0,0,0,13,0,2,2.166666667,16.5,82.5,0.666666667,0,0,9.2
00-0031301,J.Hill,2014120700,12/7/2014 0:00,21,0,3,4,8,46,0,0,0,12.83333333,0,2,2.166666667,17.33333333,85.5,0.5,0,0,9.7
00-0031301,J.Hill,2014121404,12/14/2014 0:00,4,0,1,1,25,148,2,0,1,11.66666667,0,1.833333333,2.166666667,17,89,0.5,0,0,30.2
00-0031301,J.Hill,2014122809,12/28/2014 0:00,10,0,2,3,23,100,0,0,0,10.83333333,0,1.833333333,2.166666667,17.16666667,88,0.5,0,0.166666667,13
00-0031301,J.Hill,2015092002,9/20/2015 0:00,2,0,1,1,10,39,0,0,0,11.5,0,2,2.333333333,19,95.5,0.5,0,0.166666667,5.1
00-0031301,J.Hill,2015101102,10/11/2015 0:00,12,0,1,2,8,13,0,0,0,9.666666667,0,2,2.333333333,16.16666667,76.66666667,0.5,0,0.166666667,3.5
00-0031301,J.Hill,2015101804,10/18/2015 0:00,13,1,1,1,16,56,0,0,0,10.16666667,0,2,2.5,14.5,64.33333333,0.333333333,0,0.166666667,13.9
00-0031301,J.Hill,2015110102,11/1/2015 0:00,8,0,1,1,15,60,0,0,0,10.33333333,0.166666667,1.5,2,15,67,0.333333333,0,0.166666667,7.8
00-0031301,J.Hill,2015110500,11/5/2015 0:00,0,0,1,1,15,52,0,0,0,8.166666667,0.166666667,1.166666667,1.5,16.16666667,69.33333333,0.333333333,0,0.166666667,6.2
00-0031301,J.Hill,2015112902,11/29/2015 0:00,14,0,1,1,16,86,0,0,0,7.5,0.166666667,1.166666667,1.5,14.5,53.33333333,0,0,0,11
00-0031301,J.Hill,2015120603,12/6/2015 0:00,0,0,0,1,22,98,1,0,0,8.166666667,0.166666667,1,1.166666667,13.33333333,51,0,0,0,15.8
00-0031301,J.Hill,2015122012,12/20/2015 0:00,0,0,0,1,19,31,2,0,0,7.833333333,0.166666667,0.833333333,1.166666667,15.33333333,60.83333333,0.166666667,0,0,15.1
00-0031301,J.Hill,2015122800,12/28/2015 0:00,-2,0,2,2,19,63,0,0,0,5.833333333,0.166666667,0.666666667,1,17.16666667,63.83333333,0.5,0,0,8.1
00-0031301,J.Hill,2016010302,1/3/2016 0:00,19,0,2,3,16,96,1,0,0,3.333333333,0,0.833333333,1.166666667,17.66666667,65,0.5,0,0,19.5
00-0031301,J.Hill,2016091806,9/18/2016 0:00,37,0,3,5,11,22,0,0,0,5.166666667,0,1,1.5,17.83333333,71,0.666666667,0,0,8.9
00-0031301,J.Hill,2016092900,9/29/2016 0:00,0,0,0,1,21,71,0,0,0,11.33333333,0,1.333333333,2.166666667,17.16666667,66,0.666666667,0,0,7.1
00-0031301,J.Hill,2016101604,10/16/2016 0:00,3,0,1,1,13,38,0,0,0,9,0,1.166666667,2.166666667,18,63.5,0.666666667,0,0,5.1
00-0031301,J.Hill,2016102301,10/23/2016 0:00,24,0,2,2,9,168,1,0,0,9.5,0,1.333333333,2.166666667,16.5,53.5,0.5,0,0,30.2
00-0031301,J.Hill,2016103000,10/30/2016 0:00,-3,0,1,1,20,76,1,0,0,13.5,0,1.666666667,2.333333333,14.83333333,76.33333333,0.333333333,0,0,14.3
00-0031301,J.Hill,2016112000,11/20/2016 0:00,1,0,2,2,16,62,0,0,0,13.33333333,0,1.5,2.166666667,15,78.5,0.5,0,0,8.3
00-0031301,J.Hill,2016112701,11/27/2016 0:00,61,0,6,6,12,21,0,0,0,10.33333333,0,1.5,2,15,72.83333333,0.333333333,0,0,14.2
00-0031301,J.Hill,2016120403,12/4/2016 0:00,12,0,2,3,23,33,1,0,0,14.33333333,0,2,2.166666667,15.16666667,72.66666667,0.333333333,0,0,12.5
00-0031301,J.Hill,2016121102,12/11/2016 0:00,31,0,3,4,25,111,1,0,0,16.33333333,0,2.333333333,2.5,15.5,66.33333333,0.5,0,0,26.2
00-0031301,J.Hill,2016121812,12/18/2016 0:00,8,0,1,1,20,43,1,0,0,21,0,2.666666667,3,17.5,78.5,0.666666667,0,0,12.1
,,,,,,,,,,,,,18.33333333,0,2.5,2.833333333,19.33333333,57.66666667,0.666666667,0,0,0
00-0031375,T.West,2014092102,9/21/2014 0:00,5,0,2,2,12,36,1,0,0,22,0,2,2,19,68,1,0,0,12.1
00-0031375,T.West,2014110201,11/2/2014 0:00,2,1,1,1,15,48,0,0,0,13.5,0,2,2,15.5,52,1,0,0,12
00-0031375,T.West,2014112300,11/23/2014 0:00,9,0,1,1,14,62,0,0,0,9.666666667,0.333333333,1.666666667,1.666666667,15.33333333,50.66666667,0.666666667,0,0,8.1
00-0031375,T.West,2014122801,12/28/2014 0:00,12,0,2,3,18,94,1,0,0,9.5,0.25,1.5,1.5,15,53.5,0.5,0,0,18.6
00-0031375,T.West,2015120602,12/6/2015 0:00,5,0,1,1,8,31,0,0,0,10,0.2,1.6,1.8,15.6,61.6,0.6,0,0,4.6
00-0031375,T.West,2016091101,9/11/2016 0:00,6,0,2,2,12,32,0,0,0,9.166666667,0.166666667,1.5,1.666666667,14.33333333,56.5,0.5,0,0,5.8
00-0031375,T.West,2016091801,9/18/2016 0:00,15,0,1,3,11,42,0,0,0,6.5,0.166666667,1.5,1.666666667,13.16666667,50.5,0.333333333,0,0,6.7
00-0031375,T.West,2016092504,9/25/2016 0:00,8,0,1,1,10,45,0,0,0,8.166666667,0.166666667,1.333333333,1.833333333,13,51.5,0.166666667,0,0,6.3
00-0031375,T.West,2016100900,10/9/2016 0:00,-6,0,2,3,11,95,0,0,0,9.166666667,0,1.333333333,1.833333333,12.16666667,51,0.166666667,0,0,10.9
00-0031375,T.West,2016101606,10/16/2016 0:00,36,0,4,6,23,87,2,0,0,6.666666667,0,1.5,2.166666667,11.66666667,56.5,0.166666667,0,0,28.3
00-0031375,T.West,2016110601,11/6/2016 0:00,6,0,1,3,15,21,0,0,0,10.66666667,0,1.833333333,2.666666667,12.5,55.33333333,0.333333333,0,0,3.7
00-0031375,T.West,2016111000,11/10/2016 0:00,12,0,1,2,21,65,0,0,0,10.83333333,0,1.833333333,3,13.66666667,53.66666667,0.333333333,0,0,8.7
00-0031375,T.West,2016112002,11/20/2016 0:00,11,0,1,2,8,42,1,0,0,11.83333333,0,1.666666667,3,15.16666667,59.16666667,0.333333333,0,0,12.3
00-0031375,T.West,2016112701,11/27/2016 0:00,16,0,3,4,13,48,0,0,0,11.16666667,0,1.666666667,2.833333333,14.66666667,59.16666667,0.5,0,0,9.4
00-0031375,T.West,2016120401,12/4/2016 0:00,18,1,3,3,10,50,1,0,0,12.5,0,2,3.333333333,15.16666667,59.66666667,0.5,0,0,21.8
00-0031375,T.West,2016121800,12/18/2016 0:00,45,0,4,4,13,77,0,0,0,16.5,0.166666667,2.166666667,3.333333333,15,52.16666667,0.666666667,0,0,16.2
00-0031375,T.West,2016122500,12/25/2016 0:00,28,0,3,3,10,27,0,0,0,18,0.166666667,2.166666667,3,13.33333333,50.5,0.333333333,0,0,8.5
00-0031375,T.West,2017091002,9/10/2017 0:00,0,0,0,1,19,80,1,0,0,21.66666667,0.166666667,2.5,3,12.5,51.5,0.333333333,0,0,14
00-0031375,T.West,2017091700,9/17/2017 0:00,23,0,2,2,8,22,1,0,0,19.66666667,0.166666667,2.333333333,2.833333333,12.16666667,54,0.5,0,0,12.5
,,,,,,,,,,,,,21.66666667,0.166666667,2.5,2.833333333,12.16666667,50.66666667,0.5,0,0,0
00-0031376,J.McKinnon,2014101205,10/12/2014 0:00,42,0,6,6,11,40,0,0,0,17,0,1,3,18,135,0,0,0,14.2
00-0031376,J.McKinnon,2014101901,10/19/2014 0:00,-2,0,2,4,19,103,0,0,0,29.5,0,3.5,4.5,14.5,87.5,0,0,0,15.1
00-0031376,J.McKinnon,2014102607,10/26/2014 0:00,-1,0,1,1,16,83,0,0,0,19,0,3,4.333333333,16,92.66666667,0,0,0,9.2
00-0031376,J.McKinnon,2014110206,11/2/2014 0:00,14,0,3,4,14,54,0,0,0,14,0,2.5,3.5,16,90.25,0,0,0,9.8
00-0031376,J.McKinnon,2014111601,11/16/2014 0:00,6,0,3,6,8,38,0,0,0,14,0,2.6,3.6,15.6,83,0,0,0,7.4
00-0031376,J.McKinnon,2014112305,11/23/2014 0:00,9,0,3,3,15,54,0,0,0,12.66666667,0,2.666666667,4,14.33333333,75.5,0,0,0,9.3
00-0031376,J.McKinnon,2015102506,10/25/2015 0:00,1,0,1,1,9,36,0,0,0,11.33333333,0,3,4,13.83333333,62,0,0,0,4.7
00-0031376,J.McKinnon,2016092501,9/25/2016 0:00,2,0,1,2,17,47,0,0,0,4.5,0,2.166666667,3.166666667,13.5,61.33333333,0,0,0,5.9
00-0031376,J.McKinnon,2016100300,10/3/2016 0:00,10,0,3,5,18,85,1,0,0,5.166666667,0,2,2.833333333,13.16666667,52,0,0,0,18.5
00-0031376,J.McKinnon,2016100905,10/9/2016 0:00,10,0,1,3,20,36,0,0,0,7,0,2.333333333,3.5,13.5,52.33333333,0.166666667,0,0,5.6
00-0031376,J.McKinnon,2016102307,10/23/2016 0:00,5,0,1,1,11,43,0,0,0,6.333333333,0,2,3.333333333,14.5,49.33333333,0.166666667,0,0,5.8
00-0031376,J.McKinnon,2016112006,11/20/2016 0:00,-3,0,1,1,16,44,0,0,0,6.166666667,0,1.666666667,2.5,15,50.16666667,0.166666667,0,0,5.1
00-0031376,J.McKinnon,2016112400,11/24/2016 0:00,45,0,3,3,9,31,0,0,0,4.166666667,0,1.333333333,2.166666667,15.16666667,48.5,0.166666667,0,0,10.6
00-0031376,J.McKinnon,2016120100,12/1/2016 0:00,14,1,5,6,9,41,0,0,0,11.5,0,1.666666667,2.5,15.16666667,47.66666667,0.166666667,0,0,16.5
00-0031376,J.McKinnon,2016121105,12/11/2016 0:00,38,0,6,6,14,31,0,0,1,13.5,0.166666667,2.333333333,3.166666667,13.83333333,46.66666667,0.166666667,0,0,11.9
00-0031376,J.McKinnon,2016122404,12/24/2016 0:00,35,0,5,6,12,50,0,0,0,18.16666667,0.166666667,2.833333333,3.333333333,13.16666667,37.66666667,0,0,0.166666667,13.5
00-0031376,J.McKinnon,2017010105,1/1/2017 0:00,21,1,3,4,16,89,1,0,0,22.33333333,0.166666667,3.5,3.833333333,11.83333333,40,0,0,0.166666667,26
00-0031376,J.McKinnon,2017100900,10/9/2017 0:00,51,0,6,6,16,95,1,0,0,25,0.333333333,3.833333333,4.333333333,12.66666667,47.66666667,0.166666667,0,0.166666667,26.6
00-0031376,J.McKinnon,2017101503,10/15/2017 0:00,30,1,5,6,16,69,1,0,0,34,0.333333333,4.666666667,5.166666667,12.66666667,56.16666667,0.333333333,0,0.166666667,26.9
00-0031376,J.McKinnon,2017102207,10/22/2017 0:00,10,0,3,3,14,47,0,0,0,31.5,0.5,5,5.666666667,13.83333333,62.5,0.5,0,0.166666667,8.7
00-0031376,J.McKinnon,2017102900,10/29/2017 0:00,72,0,6,10,15,52,1,0,0,30.83333333,0.333333333,4.666666667,5.166666667,14.66666667,63.5,0.5,0,0.166666667,24.4
00-0031376,J.McKinnon,2017111207,11/12/2017 0:00,15,0,2,2,10,32,0,0,0,36.5,0.333333333,4.666666667,5.833333333,14.83333333,67,0.666666667,0,0,6.7
00-0031376,J.McKinnon,2017111904,11/19/2017 0:00,12,0,5,7,14,48,0,0,0,33.16666667,0.333333333,4.166666667,5.166666667,14.5,64,0.666666667,0,0,11
00-0031376,J.McKinnon,2017112300,11/23/2017 0:00,31,0,1,3,13,23,0,0,0,31.66666667,0.166666667,4.5,5.666666667,14.16666667,57.16666667,0.5,0,0,6.4
00-0031376,J.McKinnon,2017120300,12/3/2017 0:00,28,1,5,5,9,24,0,0,0,28.33333333,0.166666667,3.666666667,5.166666667,13.66666667,45.16666667,0.333333333,0,0,16.2
00-0031376,J.McKinnon,2017121704,12/17/2017 0:00,114,0,7,8,9,24,0,0,0,28,0.166666667,3.666666667,5,12.5,37.66666667,0.166666667,0,0,23.8
00-0031376,J.McKinnon,2017123105,12/31/2017 0:00,0,0,0,1,12,44,0,0,0,45.33333333,0.166666667,4.333333333,5.833333333,11.66666667,33.83333333,0.166666667,0,0,4.4
,,,,,,,,,,,,,33.33333333,0.166666667,3.333333333,4.333333333,11.16666667,32.5,0,0,0,0
00-0031390,C.Sims,2014111608,11/16/2014 0:00,8,0,3,4,13,36,0,0,0,17,0,2,2,8,23,0,0,0,7.4
00-0031390,C.Sims,2014122810,12/28/2014 0:00,6,0,1,2,18,69,1,0,0,12.5,0,2.5,3,10.5,29.5,0,0,0,14.5
00-0031390,C.Sims,2015092008,9/20/2015 0:00,14,0,3,3,8,38,0,0,0,10.33333333,0,2,2.666666667,13,42.66666667,0.333333333,0,0,8.2
00-0031390,C.Sims,2015101104,10/11/2015 0:00,85,0,4,4,12,51,0,0,0,11.25,0,2.25,2.75,11.75,41.5,0.25,0,0,17.6
00-0031390,C.Sims,2015102505,10/25/2015 0:00,17,0,2,3,10,49,0,1,1,26,0,2.6,3,11.8,43.4,0.2,0,0,7.6
00-0031390,C.Sims,2015110807,11/8/2015 0:00,1,0,1,2,8,78,0,1,1,24.5,0,2.5,3,11.5,44.33333333,0.166666667,0.166666667,0.166666667,7.9
00-0031390,C.Sims,2015112204,11/22/2015 0:00,26,1,3,4,10,43,0,0,0,21.83333333,0,2.333333333,3,11.5,53.5,0.166666667,0.333333333,0.333333333,15.9
00-0031390,C.Sims,2016091808,9/18/2016 0:00,4,0,3,5,9,24,0,0,0,24.83333333,0.166666667,2.333333333,3,11,54.66666667,0.166666667,0.333333333,0.333333333,5.8
00-0031390,C.Sims,2016092509,9/25/2016 0:00,69,0,6,8,13,55,1,0,0,24.5,0.166666667,2.666666667,3.5,9.5,47.16666667,0,0.333333333,0.333333333,24.4
00-0031390,C.Sims,2016100208,10/2/2016 0:00,7,0,2,3,15,28,0,0,0,33.66666667,0.166666667,3.166666667,4.333333333,10.33333333,50,0.166666667,0.333333333,0.333333333,5.5
,,,,,,,,,,,,,20.66666667,0.166666667,2.833333333,4.166666667,10.83333333,46.16666667,0.166666667,0.333333333,0.333333333,0
00-0031391,T.Mason,2014110908,11/9/2014 0:00,33,0,4,6,14,48,0,0,0,-8,0,1,2,19,65,0,0,0,12.1
00-0031391,T.Mason,2014111607,11/16/2014 0:00,1,0,1,2,29,113,0,0,0,12.5,0,2.5,4,16.5,56.5,0,0,0,15.4
00-0031391,T.Mason,2014112308,11/23/2014 0:00,26,0,1,2,16,62,0,0,0,8.666666667,0,2,3.333333333,20.66666667,75.33333333,0,0,0,9.8
00-0031391,T.Mason,2014113007,11/30/2014 0:00,47,1,3,4,14,117,2,0,0,13,0,1.75,3,19.5,72,0,0,0,40.4
00-0031391,T.Mason,2014120708,12/7/2014 0:00,0,0,0,2,20,66,0,0,0,19.8,0.2,2,3.2,18.4,81,0.4,0,0,6.6
00-0031391,T.Mason,2014121100,12/11/2014 0:00,0,0,0,1,13,33,0,0,0,16.5,0.166666667,1.666666667,3,18.66666667,78.5,0.333333333,0,0,3.3
00-0031391,T.Mason,2014122108,12/21/2014 0:00,7,0,1,1,13,76,1,0,0,17.83333333,0.166666667,1.5,2.833333333,17.66666667,73.16666667,0.333333333,0,0,15.3
00-0031391,T.Mason,2014122815,12/28/2014 0:00,29,0,3,4,11,28,0,0,0,13.5,0.166666667,1,2,17.5,77.83333333,0.5,0,0,8.7
00-0031391,T.Mason,2015092705,9/27/2015 0:00,15,0,1,1,9,16,0,0,0,18.16666667,0.166666667,1.333333333,2.333333333,14.5,63.66666667,0.5,0,0,4.1
00-0031391,T.Mason,2015110107,11/1/2015 0:00,6,0,1,1,15,46,0,0,0,16.33333333,0.166666667,1.333333333,2.166666667,13.33333333,56,0.5,0,0,6.2
,,,,,,,,,,,,,9.5,0,1,1.666666667,13.5,44.16666667,0.166666667,0,0,0
00-0031413,B.Sankey,2014100508,10/5/2014 0:00,0,0,0,1,8,27,0,0,0,9,0,1,1,10,61,0,0,0,2.7
00-0031413,B.Sankey,2014101208,10/12/2014 0:00,7,0,1,1,18,61,0,0,0,4.5,0,0.5,1,9,44,0,0,0,7.8
00-0031413,B.Sankey,2014101908,10/19/2014 0:00,0,0,0,1,16,56,0,0,0,5.333333333,0,0.666666667,1,12,49.66666667,0,0,0,5.6
00-0031413,B.Sankey,2014102608,10/26/2014 0:00,25,0,4,4,9,35,0,0,0,4,0,0.5,1,13,51.25,0,0,0,10
00-0031413,B.Sankey,2014110900,11/9/2014 0:00,19,0,3,3,17,58,0,0,0,8.2,0,1.2,1.6,12.2,48,0,0,0,10.7
00-0031413,B.Sankey,2014111700,11/17/2014 0:00,7,0,1,1,11,38,1,0,0,10,0,1.5,1.833333333,13,49.66666667,0,0,0,11.5
00-0031413,B.Sankey,2014112307,11/23/2014 0:00,14,0,2,3,10,37,0,0,0,9.666666667,0,1.5,1.833333333,13.16666667,45.83333333,0.166666667,0,0,7.1
00-0031413,B.Sankey,2014120707,12/7/2014 0:00,2,0,2,3,9,25,0,0,0,12,0,1.833333333,2.166666667,13.5,47.5,0.166666667,0,0,4.7
00-0031413,B.Sankey,2014121800,12/18/2014 0:00,9,0,1,2,14,44,0,0,0,11.16666667,0,2,2.5,12,41.5,0.166666667,0,0,6.3
00-0031413,B.Sankey,2015091311,9/13/2015 0:00,12,1,2,4,12,74,1,0,0,12.66666667,0,2.166666667,2.666666667,11.66666667,39.5,0.166666667,0,0,22.6
00-0031413,B.Sankey,2015092003,9/20/2015 0:00,0,0,0,2,12,42,0,0,0,10.5,0.166666667,1.833333333,2.666666667,12.16666667,46,0.333333333,0,0,4.2
,,,,,,,,,,,,,7.333333333,0.166666667,1.333333333,2.5,11.33333333,43.33333333,0.333333333,0,0,0
,,,,,,,,,,,,,20,0,5,6,9,27,0,0,0,0
00-0031569,J.Langford,2015110900,11/9/2015 0:00,70,0,3,4,19,74,1,0,0,0,0,0,1,12,46,0,0,0,23.4
00-0031569,J.Langford,2015111504,11/15/2015 0:00,109,1,7,9,20,73,1,0,0,35,0,1.5,2.5,15.5,60,0.5,0,0,40.2
00-0031569,J.Langford,2015112200,11/22/2015 0:00,17,0,3,6,14,25,1,0,0,59.66666667,0.333333333,3.333333333,4.666666667,17,64.33333333,0.666666667,0,0,13.2
00-0031569,J.Langford,2015112602,11/26/2015 0:00,5,0,1,3,12,48,1,0,0,49,0.25,3.25,5,16.25,54.5,0.75,0,0,12.3
00-0031569,J.Langford,2015120605,12/6/2015 0:00,9,0,2,3,12,59,0,0,0,40.2,0.2,2.8,4.6,15.4,53.2,0.8,0,0,8.8
00-0031569,J.Langford,2015121306,12/13/2015 0:00,27,0,3,7,11,37,0,0,0,35,0.166666667,2.666666667,4.333333333,14.83333333,54.16666667,0.666666667,0,0,9.4
00-0031569,J.Langford,2015122002,12/20/2015 0:00,11,0,1,3,11,46,0,0,0,39.5,0.166666667,3.166666667,5.333333333,14.66666667,52.66666667,0.666666667,0,0,6.7
00-0031569,J.Langford,2015122708,12/27/2015 0:00,0,0,0,2,19,83,0,0,0,29.66666667,0.166666667,2.833333333,5.166666667,13.33333333,48,0.5,0,0,8.3
00-0031569,J.Langford,2016091102,9/11/2016 0:00,6,0,2,4,17,57,1,0,0,11.5,0,1.666666667,4,13.16666667,49.66666667,0.333333333,0,0,14.3
00-0031569,J.Langford,2016091900,9/19/2016 0:00,6,0,1,2,11,28,1,0,0,9.666666667,0,1.5,3.666666667,13.66666667,55,0.333333333,0,0,10.4
00-0031569,J.Langford,2017010105,1/1/2017 0:00,41,0,3,3,10,26,0,0,0,9.833333333,0,1.5,3.5,13.5,51.66666667,0.333333333,0,0,9.7
,,,,,,,,,,,,,15.16666667,0,1.666666667,3.5,13.16666667,46.16666667,0.333333333,0,0,0
00-0031577,J.Allen,2015101105,10/11/2015 0:00,0,0,0,1,8,58,0,0,0,4,0,1,1,9,30,0,0,0,5.8
00-0031577,J.Allen,2015112208,11/22/2015 0:00,48,0,5,6,22,67,0,0,0,2,0,0.5,1,8.5,44,0,0,0,16.5
00-0031577,J.Allen,2015113000,11/30/2015 0:00,29,1,4,5,12,55,0,0,0,17.33333333,0,2,2.666666667,13,51.66666667,0,0,0,18.4
00-0031577,J.Allen,2015120602,12/6/2015 0:00,97,1,12,13,17,63,0,0,0,20.25,0.25,2.5,3.25,12.75,52.5,0,0,0,34
00-0031577,J.Allen,2015121313,12/13/2015 0:00,44,0,5,9,8,14,0,0,0,35.6,0.4,4.4,5.2,13.6,54.6,0,0,0,10.8
00-0031577,J.Allen,2015122712,12/27/2015 0:00,35,0,5,5,18,79,1,0,0,37,0.333333333,4.5,5.833333333,12.66666667,47.83333333,0,0,0,22.4
00-0031577,J.Allen,2016010302,1/3/2016 0:00,32,0,6,10,15,38,0,0,0,42.16666667,0.333333333,5.166666667,6.5,14.16666667,56,0.166666667,0,0,13
00-0031577,J.Allen,2017091002,9/10/2017 0:00,0,0,0,1,21,71,0,0,0,47.5,0.333333333,6.166666667,8,15.33333333,52.66666667,0.166666667,0,0,7.1
00-0031577,J.Allen,2017091700,9/17/2017 0:00,35,1,5,6,14,66,0,0,0,39.5,0.333333333,5.333333333,7.166666667,15.16666667,53.33333333,0.166666667,0,0,21.1
00-0031577,J.Allen,2017092400,9/24/2017 0:00,13,0,5,6,8,15,0,0,0,40.5,0.333333333,5.5,7.333333333,15.5,55.16666667,0.166666667,0,0,7.8
00-0031577,J.Allen,2017100809,10/8/2017 0:00,12,0,4,5,21,73,1,0,0,26.5,0.166666667,4.333333333,6.166666667,14,47.16666667,0.166666667,0,0,18.5
00-0031577,J.Allen,2017101501,10/15/2017 0:00,17,0,3,4,10,49,0,0,0,21.16666667,0.166666667,4.166666667,5.5,16.16666667,57,0.333333333,0,0,9.6
00-0031577,J.Allen,2017102600,10/26/2017 0:00,2,0,1,3,17,55,0,0,0,18.16666667,0.166666667,3.833333333,5.333333333,14.83333333,52,0.166666667,0,0,6.7
00-0031577,J.Allen,2017121702,12/17/2017 0:00,4,0,1,3,13,70,0,0,0,13.16666667,0.166666667,3,4.166666667,15.16666667,54.83333333,0.166666667,0,0,8.4
00-0031577,J.Allen,2017122300,12/23/2017 0:00,10,0,1,1,8,37,0,0,0,13.83333333,0.166666667,3.166666667,4.5,13.83333333,54.66666667,0.166666667,0,0,5.7
00-0031577,J.Allen,2018093012,9/30/2018 0:00,17,0,2,2,10,30,0,0,0,9.666666667,0,2.5,3.666666667,12.83333333,49.83333333,0.166666667,0,0,6.7
00-0031577,J.Allen,2018100703,10/7/2018 0:00,44,0,6,8,8,34,0,1,1,10.33333333,0,2,3,13.16666667,52.33333333,0.166666667,0,0,12.8
,,,,,,,,,,,,,15.66666667,0,2.333333333,3.5,11,45.83333333,0,0.166666667,0.166666667,0
00-0031590,J.Ajayi,2016101603,10/16/2016 0:00,3,0,1,2,25,204,2,0,0,0,0,0,1,13,42,1,0,0,36.7
00-0031590,J.Ajayi,2016102305,10/23/2016 0:00,2,0,1,1,29,214,1,0,0,1.5,0,0.5,1.5,19,123,1.5,0,0,31.6
00-0031590,J.Ajayi,2016110604,11/6/2016 0:00,19,0,3,4,24,111,1,0,0,1.666666667,0,0.666666667,1.333333333,22.33333333,153.3333333,1.333333333,0,0,25
00-0031590,J.Ajayi,2016111309,11/13/2016 0:00,1,0,1,1,19,79,0,0,0,6,0,1.25,2,22.75,142.75,1.25,0,0,9
00-0031590,J.Ajayi,2016112008,11/20/2016 0:00,7,0,3,4,16,77,0,0,0,5,0,1.2,1.8,22,130,1,0,0,11.4
00-0031590,J.Ajayi,2016112706,11/27/2016 0:00,11,0,1,2,18,45,1,0,0,5.333333333,0,1.5,2.166666667,21,121.1666667,0.833333333,0,0,12.6
00-0031590,J.Ajayi,2016120401,12/4/2016 0:00,26,0,6,7,12,61,0,0,0,7.166666667,0,1.666666667,2.333333333,21.83333333,121.6666667,0.833333333,0,0,14.7
00-0031590,J.Ajayi,2016121106,12/11/2016 0:00,15,0,1,3,20,48,0,0,0,11,0,2.5,3.166666667,19.66666667,97.83333333,0.5,0,0,7.3
00-0031590,J.Ajayi,2016122400,12/24/2016 0:00,3,0,1,1,32,206,1,0,0,13.16666667,0,2.5,3.5,18.16666667,70.16666667,0.333333333,0,0,30.9
00-0031590,J.Ajayi,2017010104,1/1/2017 0:00,20,0,3,3,16,59,0,0,0,10.5,0,2.166666667,3,19.5,86,0.333333333,0,0,10.9
00-0031590,J.Ajayi,2017091708,9/17/2017 0:00,4,0,2,2,28,122,0,0,0,13.66666667,0,2.5,3.333333333,19,82.66666667,0.333333333,0,0,17.6
00-0031590,J.Ajayi,2017092408,9/24/2017 0:00,9,0,2,3,11,16,0,0,0,13.16666667,0,2.333333333,3,21,90.16666667,0.333333333,0,0,4.5
00-0031590,J.Ajayi,2017100100,10/1/2017 0:00,8,0,1,1,12,46,0,0,0,12.83333333,0,2.5,3.166666667,19.83333333,85.33333333,0.166666667,0,0,6.4
00-0031590,J.Ajayi,2017100804,10/8/2017 0:00,2,0,2,3,25,77,0,0,0,9.833333333,0,1.666666667,2.166666667,19.83333333,82.83333333,0.166666667,0,0,9.9
00-0031590,J.Ajayi,2017101500,10/15/2017 0:00,0,0,0,3,26,130,0,0,0,7.666666667,0,1.833333333,2.166666667,20.66666667,87.66666667,0.166666667,0,0,16
00-0031590,J.Ajayi,2017102206,10/22/2017 0:00,26,0,3,4,23,51,0,0,0,7.166666667,0,1.666666667,2.5,19.66666667,75,0,0,0,10.7
00-0031590,J.Ajayi,2017102600,10/26/2017 0:00,18,0,4,4,13,23,0,0,0,8.166666667,0,1.666666667,2.666666667,20.83333333,73.66666667,0,0,0,8.1
00-0031590,J.Ajayi,2017120313,12/3/2017 0:00,11,0,3,4,9,35,0,0,0,10.5,0,2,3,18.33333333,57.16666667,0,0,0,7.6
00-0031590,J.Ajayi,2017121011,12/10/2017 0:00,2,0,1,2,15,78,0,0,0,10.83333333,0,2.166666667,3.166666667,18,60.33333333,0,0,0,9
00-0031590,J.Ajayi,2017121706,12/17/2017 0:00,40,0,2,2,12,49,0,0,0,9.833333333,0,2.166666667,3.333333333,18.5,65.66666667,0,0,0,10.9
00-0031590,J.Ajayi,2017122501,12/25/2017 0:00,21,1,2,3,14,52,0,0,0,16.16666667,0,2.166666667,3.166666667,16.33333333,61,0,0,0,15.3
00-0031590,J.Ajayi,2018093007,9/30/2018 0:00,11,0,3,4,15,70,0,0,0,19.66666667,0.166666667,2.5,3.166666667,14.33333333,48,0,0,0,11.1
00-0031590,J.Ajayi,2018100709,10/7/2018 0:00,5,0,1,1,8,29,0,0,0,17.16666667,0.166666667,2.5,3.166666667,13,51.16666667,0,0,0,4.4
,,,,,,,,,,,,,15,0.166666667,2,2.666666667,12.16666667,52.16666667,0,0,0,0
00-0031599,C.Artis-Payne,2016010312,1/3/2016 0:00,17,0,2,2,14,44,1,0,0,34,0,2,2,14,59,0,0,0,14.1
00-0031599,C.Artis-Payne,2016092501,9/25/2016 0:00,11,0,1,1,12,47,0,0,0,25.5,0,2,2,14,51.5,0.5,0,0,6.8
00-0031599,C.Artis-Payne,2018123007,12/30/2018 0:00,2,0,2,2,16,56,1,0,0,20.66666667,0,1.666666667,1.666666667,13.33333333,50,0.333333333,0,0,13.8
,,,,,,,,,,,,,16,0,1.75,1.75,14,51.5,0.5,0,0,0
,,,,,,,,,,,,,15,1,2,2,9,61,0,0,0,0
00-0031665,Z.Zenner,2016101602,10/16/2016 0:00,19,0,2,2,14,58,0,0,0,7,0,1,2,10,30,0,0,0,9.7
00-0031665,Z.Zenner,2016102302,10/23/2016 0:00,0,0,0,2,9,29,1,0,0,13,0,1.5,2,12,44,0,0,0,8.9
00-0031665,Z.Zenner,2016122600,12/26/2016 0:00,25,0,2,3,12,67,2,0,0,8.666666667,0,1,2,11,39,0.333333333,0,0,23.2
00-0031665,Z.Zenner,2017010102,1/1/2017 0:00,41,0,4,5,20,69,1,0,0,12.75,0,1.25,2.25,11.25,46,0.75,0,0,21
00-0031665,Z.Zenner,2018121602,12/16/2018 0:00,0,0,3,4,10,45,1,0,0,18.4,0,1.8,2.8,13,50.6,0.8,0,0,13.5
00-0031665,Z.Zenner,2018122307,12/23/2018 0:00,22,0,2,3,8,45,0,0,0,15.33333333,0,2,3,12.5,49.66666667,0.833333333,0,0,8.7
00-0031665,Z.Zenner,2018123002,12/30/2018 0:00,30,0,1,2,21,93,1,0,0,17.83333333,0,2.166666667,3.166666667,12.16666667,52.16666667,0.833333333,0,0,19.3
,,,,,,,,,,,,,19.66666667,0,2,3.166666667,13.33333333,58,1,0,0,0
00-0031682,T.Ward,2017121800,12/18/2017 0:00,6,0,1,1,8,40,0,0,0,18,0,1,1,19,72,1,0,0,5.6
,,,,,,,,,,,,,12,0,1,1,13.5,56,0.5,0,0,0
00-0031687,R.Mostert,2019091501,9/15/2019 0:00,68,1,3,4,13,83,0,0,0,0,0,1,1,9,40,0,0,0,24.1
00-0031687,R.Mostert,2019092212,9/22/2019 0:00,0,0,0,1,12,79,0,0,0,34,0.5,2,2.5,11,61.5,0,0,0,7.9
00-0031687,R.Mostert,2019120100,12/1/2019 0:00,8,0,2,2,19,146,1,0,0,22.66666667,0.333333333,1.333333333,2,11.33333333,67.33333333,0,0,0,26.4
00-0031687,R.Mostert,2019120806,12/8/2019 0:00,40,1,2,2,10,69,1,0,0,19,0.25,1.5,2,13.25,87,0.25,0,0,24.9
00-0031687,R.Mostert,2019121512,12/15/2019 0:00,5,0,1,2,14,54,1,0,0,23.2,0.4,1.6,2,12.6,83.4,0.4,0,0,12.9
00-0031687,R.Mostert,2019122102,12/21/2019 0:00,0,0,0,1,11,53,1,0,0,20.16666667,0.333333333,1.5,2,12.83333333,78.5,0.5,0,0,11.3
00-0031687,R.Mostert,2019122915,12/29/2019 0:00,16,0,1,2,10,57,2,0,0,20.16666667,0.333333333,1.333333333,2,13.16666667,80.66666667,0.666666667,0,0,20.3
,,,,,,,,,,,,,11.5,0.166666667,1,1.666666667,12.66666667,76.33333333,1,0,0,0
00-0031731,C.Grant,2017010103,1/1/2017 0:00,15,0,2,2,18,122,1,0,0,5,0,1,3,9,27,0,0,0,24.7
,,,,,,,,,,,,,10,0,1.5,2.5,13.5,74.5,0.5,0,0,0
,,,,,,,,,,,,,1,0,1,2,8,52,0,0,0,0
,,,,,,,,,,,,,5,0,1,1,9,28,1,0,0,0
00-0031806,M.Brown,2017121708,12/17/2017 0:00,0,0,0,1,10,45,0,0,0,7,0,1,1,11,48,0,0,0,4.5
00-0031806,M.Brown,2017123114,12/31/2017 0:00,7,0,4,5,14,54,0,0,0,3.5,0,0.5,1,10.5,46.5,0,0,0,10.1
00-0031806,M.Brown,2018091609,9/16/2018 0:00,0,0,0,1,12,46,0,0,0,4.666666667,0,1.666666667,2.333333333,11.66666667,49,0,0,0,4.6
00-0031806,M.Brown,2018102111,10/21/2018 0:00,6,0,1,1,13,65,0,0,0,3.5,0,1.25,2,11.75,48.25,0,0,0,8.1
00-0031806,M.Brown,2019122914,12/29/2019 0:00,6,0,1,1,9,26,1,0,0,4,0,1.2,1.8,12,51.6,0,0,0,10.2
,,,,,,,,,,,,,4.333333333,0,1.166666667,1.666666667,11.5,47.33333333,0.166666667,0,0,0
00-0031897,T.Rawls,2015100500,10/5/2015 0:00,-1,0,1,1,17,48,0,0,0,0,0,0,1,16,104,0,0,0,5.7
00-0031897,T.Rawls,2015112210,11/22/2015 0:00,46,1,3,3,30,209,1,0,0,-0.5,0,0.5,1,16.5,76,0,0,0,43.5
00-0031897,T.Rawls,2015112910,11/29/2015 0:00,0,0,0,1,22,81,1,0,0,15,0.333333333,1.333333333,1.666666667,21,120.3333333,0.333333333,0,0,14.1
00-0031897,T.Rawls,2015120606,12/6/2015 0:00,22,0,3,3,19,101,1,0,0,11.25,0.25,1,1.5,21.25,110.5,0.5,0,0,24.3
00-0031897,T.Rawls,2016091109,9/11/2016 0:00,26,0,3,3,12,32,0,0,0,13.4,0.2,1.4,1.8,20.8,108.6,0.6,0,0,8.8
00-0031897,T.Rawls,2016112010,11/20/2016 0:00,31,0,3,4,14,57,0,0,0,15.5,0.166666667,1.666666667,2,19.33333333,95.83333333,0.5,0,0,11.8
00-0031897,T.Rawls,2016112708,11/27/2016 0:00,0,0,0,1,12,38,0,0,0,20.66666667,0.166666667,2.166666667,2.5,19,88,0.5,0,0,3.8
00-0031897,T.Rawls,2016120412,12/4/2016 0:00,12,0,1,1,15,106,2,0,0,20.83333333,0.166666667,2,2.5,18.16666667,86.33333333,0.5,0,0,27.8
00-0031897,T.Rawls,2016121111,12/11/2016 0:00,7,0,1,2,12,67,0,0,0,15.16666667,0,1.666666667,2.166666667,15.66666667,69.16666667,0.666666667,0,0,8.4
00-0031897,T.Rawls,2016121500,12/15/2016 0:00,5,0,2,2,21,34,0,0,0,16.33333333,0,1.833333333,2.333333333,14,66.83333333,0.5,0,0,5.9
00-0031897,T.Rawls,2016122410,12/24/2016 0:00,0,0,0,1,8,8,0,0,0,13.5,0,1.666666667,2.166666667,14.33333333,55.66666667,0.333333333,0,0,0.8
00-0031897,T.Rawls,2017100808,10/8/2017 0:00,15,0,2,3,8,20,0,0,0,9.166666667,0,1.166666667,1.833333333,13.66666667,51.66666667,0.333333333,0,0,5.5
00-0031897,T.Rawls,2017102211,10/22/2017 0:00,16,0,1,2,11,36,0,0,0,6.5,0,1,1.666666667,12.66666667,45.5,0.333333333,0,0,6.2
00-0031897,T.Rawls,2017110508,11/5/2017 0:00,31,0,2,2,9,39,0,0,0,9.166666667,0,1.166666667,1.833333333,12.5,45.16666667,0.333333333,0,0,9
00-0031897,T.Rawls,2017110900,11/9/2017 0:00,12,0,2,2,10,27,0,0,0,12.33333333,0,1.333333333,2,11.5,34,0,0,0,5.9
,,,,,,,,,,,,,13.16666667,0,1.5,2,11.16666667,27.33333333,0,0,0,0
00-0031900,R.Smith,2017112301,11/23/2017 0:00,7,0,2,2,9,41,1,0,0,5,0,1,2,8,61,0,0,0,12.8
00-0031900,R.Smith,2017113000,11/30/2017 0:00,0,0,0,1,10,27,1,0,0,6,0,1.5,2,8.5,51,0.5,0,0,8.7
00-0031900,R.Smith,2018123008,12/30/2018 0:00,14,0,2,3,12,35,1,0,0,4,0,1,1.666666667,9,43,0.666666667,0,0,12.9
,,,,,,,,,,,,,6.5,0,1.25,2,9.75,41,0.75,0,0,0
00-0031939,M.Jones,2015101103,10/11/2015 0:00,17,0,1,2,11,20,1,0,0,23,0,3,3,19,123,2,0,0,10.7
00-0031939,M.Jones,2015102505,10/25/2015 0:00,22,0,3,4,9,29,0,0,0,20,0,2,2.5,15,71.5,1.5,0,0,8.1
00-0031939,M.Jones,2015110802,11/8/2015 0:00,17,0,2,3,11,27,0,0,0,20.66666667,0,2.333333333,3,13,57.33333333,1,0,0,6.4
00-0031939,M.Jones,2015111500,11/15/2015 0:00,29,0,1,1,11,56,0,0,0,19.75,0,2.25,3,12.5,49.75,0.75,0,0,9.5
00-0031939,M.Jones,2015112900,11/29/2015 0:00,45,0,1,1,8,19,0,0,0,21.6,0,2,2.6,12.2,51,0.6,0,0,7.4
00-0031939,M.Jones,2015120700,12/7/2015 0:00,5,0,1,1,18,49,0,0,0,25.5,0,1.833333333,2.333333333,11.5,45.66666667,0.5,0,0,6.4
00-0031939,M.Jones,2015121306,12/13/2015 0:00,24,0,2,3,18,62,0,0,1,22.5,0,1.5,2,11.33333333,33.33333333,0.166666667,0,0,9.6
00-0031939,M.Jones,2015122007,12/20/2015 0:00,8,0,1,3,10,28,0,0,0,23.66666667,0,1.666666667,2.166666667,12.5,40.33333333,0,0,0.166666667,4.6
00-0031939,M.Jones,2016091807,9/18/2016 0:00,4,0,1,1,13,61,1,0,0,21.33333333,0,1.333333333,2,12.66666667,40.16666667,0,0,0.166666667,13.5
00-0031939,M.Jones,2016092506,9/25/2016 0:00,14,0,2,2,17,65,0,0,0,19.16666667,0,1.166666667,1.666666667,13,45.83333333,0.166666667,0,0.166666667,9.9
00-0031939,M.Jones,2016100207,10/2/2016 0:00,21,0,2,2,22,117,1,0,0,16.66666667,0,1.333333333,1.833333333,14,47.33333333,0.166666667,0,0.166666667,24.8
00-0031939,M.Jones,2016100900,10/9/2016 0:00,25,0,2,2,14,31,0,0,0,12.66666667,0,1.5,2,16.33333333,63.66666667,0.333333333,0,0.166666667,7.6
,,,,,,,,,,,,,16,0,1.666666667,2.166666667,15.66666667,60.66666667,0.333333333,0,0.166666667,0
00-0031959,M.Murphy,2018092307,9/23/2018 0:00,1,0,1,1,8,33,0,0,0,7,0,2,2,8,41,0,0,0,4.4
,,,,,,,,,,,,,4,0,1.5,1.5,8,37,0,0,0,0
,,,,,,,,,,,,,-2,0,1,1,8,82,1,0,0,0
00-0032058,T.Coleman,2015092004,9/20/2015 0:00,0,0,0,1,9,32,1,0,0,0,0,0,2,20,80,0,0,0,9.2
00-0032058,T.Coleman,2015112202,11/22/2015 0:00,0,0,0,2,17,48,0,0,0,0,0,0,1.5,14.5,56,0.5,0,0,4.8
00-0032058,T.Coleman,2015112901,11/29/2015 0:00,0,0,0,2,18,110,0,0,0,0,0,0,1.666666667,15.33333333,53.33333333,0.333333333,0,0,14
00-0032058,T.Coleman,2016091100,9/11/2016 0:00,95,0,5,6,8,22,0,0,0,0,0,0,1.75,16,67.5,0.25,0,0,16.7
00-0032058,T.Coleman,2016091811,9/18/2016 0:00,25,0,2,2,12,46,1,0,0,19,0,1,2.6,14.4,58.4,0.2,0,0,15.1
00-0032058,T.Coleman,2016092600,9/26/2016 0:00,47,0,3,3,12,42,3,0,0,20,0,1.166666667,2.5,14,56.33333333,0.333333333,0,0,29.9
00-0032058,T.Coleman,2016100201,10/2/2016 0:00,14,0,3,4,8,19,0,0,0,27.83333333,0,1.666666667,2.666666667,12.66666667,50,0.833333333,0,0,6.3
00-0032058,T.Coleman,2016102309,10/23/2016 0:00,10,0,1,1,8,64,1,0,0,30.16666667,0,2.166666667,3.166666667,12.5,47.83333333,0.666666667,0,0,14.4
00-0032058,T.Coleman,2016112700,11/27/2016 0:00,4,0,2,2,8,9,1,0,0,31.83333333,0,2.333333333,3,11,50.5,0.833333333,0,0,9.3
00-0032058,T.Coleman,2016120400,12/4/2016 0:00,0,0,0,2,12,49,0,0,0,32.5,0,2.666666667,3,9.333333333,33.66666667,1,0,0,4.9
00-0032058,T.Coleman,2016121112,12/11/2016 0:00,19,1,2,3,8,36,1,0,0,16.66666667,0,1.833333333,2.333333333,10,38.16666667,1,0,0,19.5
00-0032058,T.Coleman,2016121809,12/18/2016 0:00,8,0,2,2,14,58,0,0,0,15.66666667,0.166666667,1.833333333,2.5,9.333333333,36.5,1,0,0,8.6
00-0032058,T.Coleman,2016122401,12/24/2016 0:00,45,0,3,3,9,90,1,0,0,9.166666667,0.166666667,1.666666667,2.333333333,9.666666667,39.16666667,0.5,0,0,22.5
00-0032058,T.Coleman,2017010100,1/1/2017 0:00,15,1,3,4,8,44,0,0,0,14.33333333,0.166666667,1.666666667,2.166666667,9.833333333,51,0.666666667,0,0,14.9
00-0032058,T.Coleman,2017091001,9/10/2017 0:00,42,0,4,6,8,16,0,0,0,15.16666667,0.333333333,2,2.666666667,9.833333333,47.66666667,0.5,0,0,9.8
00-0032058,T.Coleman,2017100101,10/1/2017 0:00,65,0,4,6,9,79,0,0,0,21.5,0.333333333,2.333333333,3.333333333,9.833333333,48.83333333,0.333333333,0,0,18.4
00-0032058,T.Coleman,2017101500,10/15/2017 0:00,4,0,1,1,9,32,1,0,0,32.33333333,0.333333333,3,4,9.333333333,53.83333333,0.333333333,0,0,10.6
00-0032058,T.Coleman,2017102905,10/29/2017 0:00,22,0,1,1,14,82,0,0,0,29.83333333,0.166666667,2.833333333,3.666666667,9.5,53.16666667,0.333333333,0,0,11.4
00-0032058,T.Coleman,2017111209,11/12/2017 0:00,5,0,1,1,20,83,1,0,0,32.16666667,0.166666667,2.666666667,3.5,9.5,57.16666667,0.333333333,0,0,15.8
00-0032058,T.Coleman,2017112000,11/20/2017 0:00,15,0,1,2,20,43,1,0,0,25.5,0.166666667,2.333333333,3.166666667,11.33333333,56,0.333333333,0,0,12.8
00-0032058,T.Coleman,2017120300,12/3/2017 0:00,27,0,3,6,8,22,0,0,0,25.5,0,2,2.833333333,13.33333333,55.83333333,0.5,0,0,7.9
00-0032058,T.Coleman,2017123100,12/31/2017 0:00,14,0,2,2,11,23,0,0,0,23,0,1.833333333,2.833333333,13.33333333,56.83333333,0.5,0,0,5.7
00-0032058,T.Coleman,2018090600,9/6/2018 0:00,26,0,1,2,9,19,1,0,0,14.5,0,1.5,2.166666667,13.66666667,47.5,0.5,0,0,11.5
00-0032058,T.Coleman,2018091600,9/16/2018 0:00,18,0,4,4,16,107,0,0,0,18.16666667,0,1.5,2.333333333,13.66666667,45.33333333,0.5,0,0,19.5
00-0032058,T.Coleman,2018092300,9/23/2018 0:00,14,1,2,3,15,33,0,0,0,17.5,0,2,2.833333333,14,49.5,0.5,0,0,12.7
00-0032058,T.Coleman,2018093000,9/30/2018 0:00,26,0,3,3,14,51,0,0,0,19,0.166666667,2.166666667,3.166666667,13.16666667,41.16666667,0.333333333,0,0,10.7
00-0032058,T.Coleman,2018101400,10/14/2018 0:00,6,1,1,2,10,35,0,0,0,20.83333333,0.166666667,2.5,3.333333333,12.16666667,42.5,0.166666667,0,0,11.1
00-0032058,T.Coleman,2018102200,10/22/2018 0:00,32,0,2,2,11,50,1,0,0,17.33333333,0.333333333,2.166666667,2.666666667,12.5,44.66666667,0.166666667,0,0,16.2
00-0032058,T.Coleman,2018110406,11/4/2018 0:00,68,2,5,7,13,88,0,0,0,20.33333333,0.333333333,2.166666667,2.666666667,12.5,49.16666667,0.333333333,0,0,32.6
00-0032058,T.Coleman,2018111102,11/11/2018 0:00,19,0,3,5,11,44,0,0,0,27.33333333,0.666666667,2.833333333,3.5,13.16666667,60.66666667,0.166666667,0,0,9.3
00-0032058,T.Coleman,2018111800,11/18/2018 0:00,27,0,3,3,8,58,0,0,0,27.5,0.666666667,2.666666667,3.666666667,12.33333333,50.16666667,0.166666667,0,0,11.5
00-0032058,T.Coleman,2018112202,11/22/2018 0:00,17,1,3,4,8,6,0,0,0,29.66666667,0.5,2.833333333,3.666666667,11.16666667,54.33333333,0.166666667,0,0,11.3
00-0032058,T.Coleman,2018120903,12/9/2018 0:00,-4,0,1,1,10,45,0,0,0,28.16666667,0.666666667,2.833333333,3.833333333,10.16666667,46.83333333,0.166666667,0,0,5.1
00-0032058,T.Coleman,2018121600,12/16/2018 0:00,0,0,0,1,11,145,1,0,0,26.5,0.5,2.833333333,3.666666667,10.16666667,48.5,0.166666667,0,0,23.5
00-0032058,T.Coleman,2018122304,12/23/2018 0:00,0,0,0,1,10,51,0,0,0,21.16666667,0.5,2.5,3.5,10.16666667,64.33333333,0.166666667,0,0,5.1
00-0032058,T.Coleman,2018123010,12/30/2018 0:00,9,0,1,1,8,45,1,0,0,9.833333333,0.166666667,1.666666667,2.5,9.666666667,58.16666667,0.166666667,0,0,12.4
00-0032058,T.Coleman,2019101308,10/13/2019 0:00,16,0,2,3,18,45,1,0,0,8.166666667,0.166666667,1.333333333,1.833333333,9.166666667,58.33333333,0.333333333,0,0,14.1
00-0032058,T.Coleman,2019102007,10/20/2019 0:00,-1,0,2,2,20,62,0,0,0,6.333333333,0.166666667,1.166666667,1.833333333,10.83333333,56.16666667,0.5,0,0,8.1
00-0032058,T.Coleman,2019102709,10/27/2019 0:00,13,1,2,2,11,105,3,0,0,3.333333333,0,1,1.5,12.83333333,65.5,0.5,0,0,40.8
00-0032058,T.Coleman,2019103100,10/31/2019 0:00,13,0,2,4,12,23,0,0,0,6.166666667,0.166666667,1.166666667,1.666666667,13,75.5,1,0,0,5.6
00-0032058,T.Coleman,2019111100,11/11/2019 0:00,32,0,4,4,9,40,0,0,0,8.333333333,0.166666667,1.5,2.166666667,13.16666667,55.16666667,0.833333333,0,0,11.2
00-0032058,T.Coleman,2019111708,11/17/2019 0:00,48,0,3,4,12,14,0,0,0,13.66666667,0.166666667,2.166666667,2.666666667,13,53.33333333,0.833333333,0,0,9.2
00-0032058,T.Coleman,2019112410,11/24/2019 0:00,10,0,2,4,11,39,1,0,0,20.16666667,0.166666667,2.5,3.166666667,13.66666667,48.16666667,0.666666667,0,0,12.9
,,,,,,,,,,,,,19.16666667,0.166666667,2.5,3.333333333,12.5,47.16666667,0.666666667,0,0,0
00-0032063,M.Davis,2016010315,1/3/2016 0:00,15,0,2,3,10,34,0,0,0,14,0,2,3,10,4,0,0,0,6.9
00-0032063,M.Davis,2017120313,12/3/2017 0:00,37,0,4,4,16,47,0,0,0,14.5,0,2,3,10,19,0,0,0,12.4
00-0032063,M.Davis,2017121005,12/10/2017 0:00,-1,0,1,2,15,66,0,0,0,22,0,2.666666667,3.333333333,12,28.33333333,0,0,0,7.5
00-0032063,M.Davis,2017122411,12/24/2017 0:00,18,0,4,5,15,25,0,0,0,16.25,0,2.25,3,12.75,37.75,0,0,0,8.3
00-0032063,M.Davis,2017123115,12/31/2017 0:00,16,0,2,3,10,48,0,0,0,16.6,0,2.6,3.4,13.2,35.2,0,0,0,8.4
00-0032063,M.Davis,2018093008,9/30/2018 0:00,23,0,4,4,21,101,2,0,0,16.5,0,2.5,3.333333333,12.66666667,37.33333333,0,0,0,31.4
00-0032063,M.Davis,2018100711,10/7/2018 0:00,7,0,2,2,12,68,1,0,0,18,0,2.833333333,3.5,14.5,53.5,0.333333333,0,0,15.5
00-0032063,M.Davis,2018102804,10/28/2018 0:00,2,0,1,1,10,33,0,0,0,16.66666667,0,2.833333333,3.333333333,14.83333333,59.16666667,0.5,0,0,4.5
00-0032063,M.Davis,2018110408,11/4/2018 0:00,45,0,7,8,15,62,0,0,0,10.83333333,0,2.333333333,2.833333333,13.83333333,56.83333333,0.5,0,0,17.7
00-0032063,M.Davis,2018111110,11/11/2018 0:00,22,1,4,6,11,58,0,0,0,18.5,0,3.333333333,3.833333333,13.83333333,56.16666667,0.5,0,0,18
,,,,,,,,,,,,,19.16666667,0.166666667,3.333333333,4,13.16666667,61.66666667,0.5,0,0,0
00-0032104,A.Abdullah,2015100500,10/5/2015 0:00,11,0,2,5,13,33,0,0,0,19,1,2,5,8,23,0,0,0,6.4
00-0032104,A.Abdullah,2015101800,10/18/2015 0:00,21,0,3,4,14,48,0,0,0,15,0.5,2,5,10.5,28,0,0,0,9.9
00-0032104,A.Abdullah,2015112201,11/22/2015 0:00,2,0,1,2,12,44,0,0,0,17,0.333333333,2.333333333,4.666666667,11.66666667,34.66666667,0,0,0,5.6
00-0032104,A.Abdullah,2015112600,11/26/2015 0:00,12,0,1,2,16,63,0,0,0,13.25,0.25,2,4,11.75,37,0,0,0,8.5
00-0032104,A.Abdullah,2015120300,12/3/2015 0:00,0,0,0,1,13,67,0,0,0,13,0.2,1.8,3.6,12.6,42.2,0,0,0,6.7
00-0032104,A.Abdullah,2015122100,12/21/2015 0:00,12,0,2,2,9,77,1,0,0,10.83333333,0.166666667,1.5,3.166666667,12.66666667,46.33333333,0,0,0,16.9
00-0032104,A.Abdullah,2015122705,12/27/2015 0:00,9,0,4,4,8,39,0,0,0,9.666666667,0,1.5,2.666666667,12.83333333,55.33333333,0.166666667,0,0,8.8
00-0032104,A.Abdullah,2016010309,1/3/2016 0:00,7,0,1,1,10,44,0,0,0,9.333333333,0,1.833333333,2.5,12,56.33333333,0.166666667,0,0,6.1
00-0032104,A.Abdullah,2016091111,9/11/2016 0:00,57,1,5,5,12,63,0,0,0,7,0,1.5,2,11.33333333,55.66666667,0.166666667,0,0,23
00-0032104,A.Abdullah,2017091004,9/10/2017 0:00,11,0,3,4,15,30,0,0,0,16.16666667,0.166666667,2.166666667,2.5,11.33333333,58.83333333,0.166666667,0,0,7.1
00-0032104,A.Abdullah,2017092404,9/24/2017 0:00,39,0,3,3,14,47,0,0,0,16,0.166666667,2.5,2.833333333,11.16666667,53.33333333,0.166666667,0,0,11.6
00-0032104,A.Abdullah,2017100106,10/1/2017 0:00,15,0,3,4,20,94,1,0,0,22.5,0.166666667,3,3.166666667,11.33333333,50,0.166666667,0,0,19.9
00-0032104,A.Abdullah,2017100802,10/8/2017 0:00,3,0,1,1,10,31,0,0,0,23,0.166666667,3.166666667,3.5,13.16666667,52.83333333,0.166666667,0,0,4.4
00-0032104,A.Abdullah,2017101504,10/15/2017 0:00,0,0,0,2,14,54,0,0,0,22,0.166666667,2.666666667,3,13.5,51.5,0.166666667,0,0,5.4
00-0032104,A.Abdullah,2017102910,10/29/2017 0:00,11,0,3,3,11,27,0,0,0,20.83333333,0.166666667,2.5,3.166666667,14.16666667,53.16666667,0.166666667,0,0,6.8
00-0032104,A.Abdullah,2017110600,11/6/2017 0:00,9,0,1,1,21,48,1,0,0,13.16666667,0,2.166666667,2.833333333,14,47.16666667,0.166666667,0,0,12.7
00-0032104,A.Abdullah,2017111202,11/12/2017 0:00,3,0,1,2,11,52,1,0,0,12.83333333,0,1.833333333,2.333333333,15,50.16666667,0.333333333,0,0,12.5
00-0032104,A.Abdullah,2017111900,11/19/2017 0:00,13,1,2,2,11,22,0,0,0,6.833333333,0,1.5,2.166666667,14.5,51,0.5,0,0,11.5
00-0032104,A.Abdullah,2017123102,12/31/2017 0:00,11,0,1,2,8,18,1,0,0,6.5,0.166666667,1.333333333,1.833333333,13,39,0.333333333,0,0,9.9
,,,,,,,,,,,,,7.833333333,0.166666667,1.333333333,2,12.66666667,36.83333333,0.5,0,0,0
00-0032144,M.Gordon,2015092002,9/20/2015 0:00,10,0,1,1,16,88,0,0,0,16,0,3,3,14,51,0,0,0,10.8
00-0032144,M.Gordon,2015092704,9/27/2015 0:00,0,0,0,1,14,51,0,0,0,13,0,2,2,15,69.5,0,0,0,5.1
00-0032144,M.Gordon,2015100408,10/4/2015 0:00,8,0,2,2,12,38,0,0,0,8.666666667,0,1.333333333,1.666666667,14.66666667,63.33333333,0,0,0,6.6
00-0032144,M.Gordon,2015101200,10/12/2015 0:00,52,0,7,9,15,42,0,0,0,8.5,0,1.5,1.75,14,57,0,0,0,16.4
00-0032144,M.Gordon,2015110101,11/1/2015 0:00,7,0,5,6,18,54,0,0,0,17.2,0,2.6,3.2,14.2,54,0,0,0,11.1
00-0032144,M.Gordon,2015110900,11/9/2015 0:00,25,0,3,3,11,31,0,0,0,15.5,0,3,3.666666667,14.83333333,54,0,0,0,8.6
00-0032144,M.Gordon,2015112211,11/22/2015 0:00,12,0,1,1,15,37,0,0,0,17,0,3,3.666666667,14.33333333,50.66666667,0,0,0,5.9
00-0032144,M.Gordon,2015112906,11/29/2015 0:00,20,0,5,5,14,60,0,0,0,17.33333333,0,3,3.666666667,14.16666667,42.16666667,0,0,0,13
00-0032144,M.Gordon,2015120611,12/6/2015 0:00,8,0,1,1,12,55,0,0,1,20.66666667,0,3.833333333,4.333333333,14.16666667,43.66666667,0,0,0,6.3
00-0032144,M.Gordon,2015121305,12/13/2015 0:00,28,0,4,4,14,35,0,0,0,20.66666667,0,3.666666667,4.166666667,14.16666667,46.5,0,0,0.166666667,10.3
00-0032144,M.Gordon,2015122011,12/20/2015 0:00,6,0,1,1,15,41,0,0,0,16.66666667,0,3.166666667,3.333333333,14,45.33333333,0,0,0.166666667,5.7
00-0032144,M.Gordon,2016091812,9/18/2016 0:00,18,0,3,3,24,102,1,0,0,16.5,0,2.5,2.5,13.5,43.16666667,0,0,0.166666667,24
00-0032144,M.Gordon,2016092511,9/25/2016 0:00,43,0,4,7,16,35,1,0,0,15.33333333,0,2.5,2.5,15.66666667,55,0.166666667,0,0.166666667,17.8
00-0032144,M.Gordon,2016100210,10/2/2016 0:00,43,0,6,7,19,36,2,0,0,20.5,0,3,3.5,15.83333333,54.66666667,0.333333333,0,0.166666667,25.9
00-0032144,M.Gordon,2016100910,10/9/2016 0:00,18,1,1,1,16,69,0,0,0,24.33333333,0,3.166666667,3.833333333,16.66666667,50.66666667,0.666666667,0,0.166666667,15.7
00-0032144,M.Gordon,2016101300,10/13/2016 0:00,0,0,0,2,27,94,0,0,0,26,0.166666667,3.166666667,3.833333333,17.33333333,53,0.666666667,0,0,9.4
00-0032144,M.Gordon,2016102309,10/23/2016 0:00,53,1,6,7,22,68,2,0,0,21.33333333,0.166666667,2.5,3.5,19.5,62.83333333,0.666666667,0,0,36.1
00-0032144,M.Gordon,2016103008,10/30/2016 0:00,44,0,4,7,23,111,0,0,0,29.16666667,0.333333333,3.333333333,4.5,20.66666667,67.33333333,1,0,0,22.5
00-0032144,M.Gordon,2016110610,11/6/2016 0:00,65,0,4,4,32,196,1,0,0,33.5,0.333333333,3.5,5.166666667,20.5,68.83333333,0.833333333,0,0,39.1
00-0032144,M.Gordon,2016111309,11/13/2016 0:00,62,0,5,8,24,70,0,0,0,37.16666667,0.333333333,3.5,4.666666667,23.16666667,95.66666667,0.833333333,0,0,18.2
00-0032144,M.Gordon,2016112705,11/27/2016 0:00,19,0,4,4,17,70,0,0,0,40.33333333,0.333333333,3.333333333,4.833333333,24,101.3333333,0.5,0,0,12.9
00-0032144,M.Gordon,2016120411,12/4/2016 0:00,54,0,4,6,17,84,1,0,0,40.5,0.166666667,3.833333333,5.333333333,24.16666667,101.5,0.5,0,0,23.8
00-0032144,M.Gordon,2017091101,9/11/2017 0:00,25,1,5,6,18,54,0,0,0,49.5,0.166666667,4.5,6,22.5,99.83333333,0.666666667,0,0,18.9
00-0032144,M.Gordon,2017091708,9/17/2017 0:00,65,0,7,8,9,13,1,0,0,44.83333333,0.166666667,4.333333333,5.833333333,21.83333333,97.5,0.333333333,0,0,20.8
00-0032144,M.Gordon,2017092412,9/24/2017 0:00,0,0,0,2,17,79,1,0,0,48.33333333,0.166666667,4.833333333,6,19.5,81.16666667,0.5,0,0,13.9
00-0032144,M.Gordon,2017100110,10/1/2017 0:00,7,0,1,3,10,22,0,0,0,37.5,0.166666667,4.166666667,5.666666667,17,61.66666667,0.5,0,0,3.9
00-0032144,M.Gordon,2017100805,10/8/2017 0:00,58,2,6,8,20,105,0,0,0,28.33333333,0.166666667,3.5,4.833333333,14.66666667,53.66666667,0.5,0,0,37.3
00-0032144,M.Gordon,2017101510,10/15/2017 0:00,67,1,9,12,25,83,1,0,0,34.83333333,0.5,3.833333333,5.5,15.16666667,59.5,0.5,0,0,36
00-0032144,M.Gordon,2017102210,10/22/2017 0:00,6,0,1,4,18,38,0,0,0,37,0.666666667,4.666666667,6.5,16.5,59.33333333,0.5,0,0,5.4
00-0032144,M.Gordon,2017102903,10/29/2017 0:00,7,0,1,2,14,132,1,0,0,33.83333333,0.5,4,6.166666667,16.5,56.66666667,0.5,0,0,23.9
00-0032144,M.Gordon,2017111204,11/12/2017 0:00,15,0,5,8,16,27,0,0,0,24.16666667,0.5,3,5.166666667,17.33333333,76.5,0.5,0,0,9.2
00-0032144,M.Gordon,2017111907,11/19/2017 0:00,0,0,0,2,20,80,1,0,0,26.66666667,0.5,3.833333333,6.166666667,17.16666667,67.83333333,0.333333333,0,0,14
00-0032144,M.Gordon,2017112301,11/23/2017 0:00,23,0,3,3,21,65,0,0,0,25.5,0.5,3.666666667,6,18.83333333,77.5,0.5,0,0,11.8
00-0032144,M.Gordon,2017120310,12/3/2017 0:00,29,0,4,4,19,77,0,0,0,19.66666667,0.166666667,3.166666667,5.166666667,19,70.83333333,0.5,0,0,14.6
00-0032144,M.Gordon,2017121010,12/10/2017 0:00,5,0,1,3,22,78,1,0,0,13.33333333,0,2.333333333,3.833333333,18,69.83333333,0.333333333,0,0,15.3
00-0032144,M.Gordon,2017121601,12/16/2017 0:00,91,0,6,8,19,78,1,0,0,13.16666667,0,2.333333333,3.666666667,18.66666667,76.5,0.5,0,0,28.9
00-0032144,M.Gordon,2017122406,12/24/2017 0:00,47,0,3,3,19,81,1,0,0,27.16666667,0,3.166666667,4.666666667,19.5,67.5,0.5,0,0,21.8
00-0032144,M.Gordon,2017123113,12/31/2017 0:00,31,0,6,7,17,93,0,0,0,32.5,0,2.833333333,3.833333333,20,76.5,0.666666667,0,0,18.4
00-0032144,M.Gordon,2018090908,9/9/2018 0:00,102,0,9,13,16,66,0,0,0,37.66666667,0,3.833333333,4.666666667,19.5,78.66666667,0.5,0,0,28.8
00-0032144,M.Gordon,2018091601,9/16/2018 0:00,38,2,6,7,9,28,1,0,0,50.83333333,0,4.833333333,6.333333333,18.66666667,78.83333333,0.5,0,0,30.6
00-0032144,M.Gordon,2018092310,9/23/2018 0:00,4,0,2,4,15,80,1,0,0,52.33333333,0.333333333,5.166666667,6.833333333,17,70.66666667,0.666666667,0,0,16.4
00-0032144,M.Gordon,2018093010,9/30/2018 0:00,55,1,7,10,15,104,0,0,1,52.16666667,0.333333333,5.333333333,7,15.83333333,71,0.666666667,0,0,30.9
00-0032144,M.Gordon,2018100708,10/7/2018 0:00,62,0,4,4,19,58,1,0,0,46.16666667,0.5,5.5,7.333333333,15.16666667,75.33333333,0.5,0,0.166666667,22
00-0032144,M.Gordon,2018101402,10/14/2018 0:00,18,0,2,4,18,132,3,0,0,48.66666667,0.5,5.666666667,7.5,15.16666667,71.5,0.5,0,0.166666667,38
00-0032144,M.Gordon,2018110408,11/4/2018 0:00,10,0,1,4,16,113,1,0,0,46.5,0.5,5,7,15.33333333,78,1,0,0.166666667,22.3
00-0032144,M.Gordon,2018111109,11/11/2018 0:00,72,1,5,6,18,93,0,0,0,31.16666667,0.5,3.666666667,5.5,15.33333333,85.83333333,1.166666667,0,0.166666667,27.5
00-0032144,M.Gordon,2018111808,11/18/2018 0:00,87,0,6,6,18,69,0,0,0,36.83333333,0.333333333,3.5,5.333333333,16.83333333,96.66666667,1,0,0.166666667,21.6
00-0032144,M.Gordon,2018112508,11/25/2018 0:00,5,0,2,2,10,61,2,0,0,50.66666667,0.333333333,4.166666667,5.666666667,17.33333333,94.83333333,0.833333333,0,0.166666667,20.6
00-0032144,M.Gordon,2018122201,12/22/2018 0:00,13,0,3,3,12,41,1,0,0,42.33333333,0.166666667,3.333333333,4.333333333,16.5,87.66666667,1.166666667,0,0,14.4
00-0032144,M.Gordon,2018123013,12/30/2018 0:00,24,0,3,3,10,42,0,0,0,34.16666667,0.166666667,3.166666667,4.166666667,15.33333333,84.83333333,1.166666667,0,0,9.6
00-0032144,M.Gordon,2019100610,10/6/2019 0:00,7,0,4,6,12,31,0,0,0,35.16666667,0.166666667,3.333333333,4,14,69.83333333,0.666666667,0,0,7.8
00-0032144,M.Gordon,2019101311,10/13/2019 0:00,30,0,3,4,8,18,0,0,0,34.66666667,0.166666667,3.833333333,4.333333333,13.33333333,56.16666667,0.5,0,0,7.8
00-0032144,M.Gordon,2019102008,10/20/2019 0:00,-3,1,2,3,16,32,0,0,0,27.66666667,0,3.5,4,11.66666667,43.66666667,0.5,0,0,10.9
00-0032144,M.Gordon,2019102702,10/27/2019 0:00,3,0,2,3,8,31,1,0,0,12.66666667,0.166666667,2.833333333,3.5,11.33333333,37.5,0.5,0,0,11.4
00-0032144,M.Gordon,2019110310,11/3/2019 0:00,29,0,3,4,20,80,2,0,0,12.33333333,0.166666667,2.833333333,3.666666667,11,32.5,0.333333333,0,0,25.9
00-0032144,M.Gordon,2019110700,11/7/2019 0:00,25,0,1,1,22,108,1,0,0,15,0.166666667,2.833333333,3.833333333,12.33333333,39,0.5,0,0,23.3
00-0032144,M.Gordon,2019111800,11/18/2019 0:00,21,0,3,5,14,69,0,0,0,15.16666667,0.166666667,2.5,3.5,14.33333333,50,0.666666667,0,0,12
00-0032144,M.Gordon,2019120109,12/1/2019 0:00,11,0,2,3,20,99,0,0,0,17.5,0.166666667,2.333333333,3.333333333,14.66666667,56.33333333,0.666666667,0,0,13
00-0032144,M.Gordon,2019120809,12/8/2019 0:00,29,0,5,5,12,55,1,0,0,14.33333333,0.166666667,2.166666667,3.166666667,16.66666667,69.83333333,0.666666667,0,0,19.4
00-0032144,M.Gordon,2019122201,12/22/2019 0:00,32,0,6,7,9,15,2,0,0,19.66666667,0,2.666666667,3.5,16,73.66666667,0.833333333,0,0,22.7
00-0032144,M.Gordon,2019122908,12/29/2019 0:00,76,0,6,7,14,46,1,0,0,24.5,0,3.333333333,4.166666667,16.16666667,71,1,0,0,24.2
,,,,,,,,,,,,,32.33333333,0,3.833333333,4.666666667,15.16666667,65.33333333,0.833333333,0,0,0
00-0032152,K.Williams,2015122709,12/27/2015 0:00,21,0,2,2,17,76,1,1,1,30,1,3,4,18,40,0,0,0,16.7
,,,,,,,,,,,,,25.5,0.5,2.5,3,17.5,58,0.5,0.5,0.5,0
00-0032187,D.Johnson,2015120609,12/6/2015 0:00,21,1,2,3,22,99,0,0,0,8,0,2,4,8,21,1,0,0,20
00-0032187,D.Johnson,2015121000,12/10/2015 0:00,31,0,5,7,19,92,0,0,0,14.5,0.5,2,3.5,15,60,0.5,0,0,17.3
00-0032187,D.Johnson,2015122001,12/20/2015 0:00,42,0,4,4,29,187,3,0,0,20,0.333333333,3,4.666666667,16.33333333,70.66666667,0.333333333,0,0,47.9
00-0032187,D.Johnson,2015122710,12/27/2015 0:00,88,0,3,6,9,39,1,0,0,25.5,0.25,3.25,4.5,19.5,99.75,1,0,0,21.7
00-0032187,D.Johnson,2016010314,1/3/2016 0:00,34,0,3,8,11,25,0,0,0,38,0.2,3.2,4.8,17.4,87.6,1,0,0,8.9
00-0032187,D.Johnson,2016091112,9/11/2016 0:00,43,0,4,6,16,89,1,0,0,37.33333333,0.166666667,3.166666667,5.333333333,16.33333333,77.16666667,0.833333333,0,0,23.2
00-0032187,D.Johnson,2016091808,9/18/2016 0:00,98,0,3,5,12,45,0,0,0,43.16666667,0.166666667,3.5,5.666666667,17.66666667,88.5,0.833333333,0,0,17.3
00-0032187,D.Johnson,2016092500,9/25/2016 0:00,28,0,3,6,19,83,2,0,0,56,0,3.666666667,6,16,79.5,0.833333333,0,0,26.1
00-0032187,D.Johnson,2016100209,10/2/2016 0:00,41,0,4,4,17,83,0,0,0,55.5,0,3.333333333,5.833333333,16,78,1.166666667,0,0,16.4
00-0032187,D.Johnson,2016100600,10/6/2016 0:00,28,0,3,6,27,157,2,0,0,55.33333333,0,3.333333333,5.833333333,14,60.66666667,0.666666667,0,0,36.5
00-0032187,D.Johnson,2016101700,10/17/2016 0:00,27,0,3,6,22,111,3,0,0,45.33333333,0,3.333333333,5.833333333,17,80.33333333,0.833333333,0,0,37.8
00-0032187,D.Johnson,2016102312,10/23/2016 0:00,58,0,8,12,33,113,0,0,0,44.16666667,0,3.333333333,5.5,18.83333333,94.66666667,1.333333333,0,0,28.1
00-0032187,D.Johnson,2016103009,10/30/2016 0:00,84,0,7,8,10,24,0,0,0,46.66666667,0,4,6.5,21.66666667,98.66666667,1.166666667,0,0,17.8
00-0032187,D.Johnson,2016111310,11/13/2016 0:00,46,1,5,7,19,55,1,0,0,44.33333333,0,4.666666667,7,21.33333333,95.16666667,1.166666667,0,0,27.1
00-0032187,D.Johnson,2016112006,11/20/2016 0:00,57,1,7,11,22,103,1,0,0,47.33333333,0.166666667,5,7.166666667,21.33333333,90.5,1,0,0,38
00-0032187,D.Johnson,2016112700,11/27/2016 0:00,103,1,8,11,13,58,0,0,0,50,0.333333333,5.5,8.333333333,22.16666667,93.83333333,1.166666667,0,0,33.1
00-0032187,D.Johnson,2016120409,12/4/2016 0:00,91,1,9,12,18,84,1,0,0,62.5,0.5,6.333333333,9.166666667,19.83333333,77.33333333,0.833333333,0,0,38.5
00-0032187,D.Johnson,2016121106,12/11/2016 0:00,41,0,5,8,20,80,0,0,0,73.16666667,0.666666667,7.333333333,10.16666667,19.16666667,72.83333333,0.5,0,0,17.1
00-0032187,D.Johnson,2016121808,12/18/2016 0:00,55,0,4,5,12,53,2,0,0,70.33333333,0.666666667,6.833333333,9.5,17,67.33333333,0.5,0,0,26.8
00-0032187,D.Johnson,2016122410,12/24/2016 0:00,41,0,4,7,28,95,3,0,0,65.5,0.666666667,6.333333333,9,17.33333333,72.16666667,0.833333333,0,0,35.6
00-0032187,Da.Johnson,2017091004,9/10/2017 0:00,68,0,6,9,11,23,0,0,1,64.66666667,0.5,6.166666667,9,18.83333333,78.83333333,1.166666667,0,0,14.1
00-0032187,D.Johnson,2018090909,9/9/2018 0:00,30,0,5,9,9,37,1,0,0,66.5,0.333333333,6,8.666666667,17,65.5,1,0,0.166666667,17.7
00-0032187,D.Johnson,2018091609,9/16/2018 0:00,3,0,1,2,13,48,0,0,0,54.33333333,0.166666667,5.5,8.333333333,16.33333333,62,1.166666667,0,0.166666667,6.1
00-0032187,D.Johnson,2018092311,9/23/2018 0:00,30,1,4,4,12,31,0,0,0,39.66666667,0,4.166666667,6.666666667,15.5,56,1,0,0.166666667,16.1
00-0032187,D.Johnson,2018093008,9/30/2018 0:00,41,0,3,4,22,71,1,0,0,37.83333333,0.166666667,4,6,14.16666667,47.83333333,1,0,0.166666667,20.2
00-0032187,D.Johnson,2018100710,10/7/2018 0:00,16,0,2,3,18,55,2,0,0,35.5,0.166666667,3.833333333,5.833333333,15.83333333,50.83333333,0.833333333,0,0.166666667,21.1
00-0032187,D.Johnson,2018101405,10/14/2018 0:00,15,0,2,5,18,54,1,0,0,31.33333333,0.166666667,3.5,5.166666667,14.16666667,44.16666667,0.666666667,0,0.166666667,14.9
00-0032187,D.Johnson,2018101800,10/18/2018 0:00,31,0,3,3,14,39,0,0,0,22.5,0.166666667,2.833333333,4.5,15.33333333,49.33333333,0.833333333,0,0,10
00-0032187,D.Johnson,2018102809,10/28/2018 0:00,41,0,4,4,16,59,0,0,0,22.66666667,0.166666667,2.5,3.5,16.16666667,49.66666667,0.666666667,0,0,14
00-0032187,D.Johnson,2018111105,11/11/2018 0:00,85,1,7,9,21,98,1,0,0,29,0.166666667,3,3.833333333,16.66666667,51.5,0.666666667,0,0,37.3
00-0032187,D.Johnson,2018111807,11/18/2018 0:00,17,0,1,3,25,137,0,0,0,38.16666667,0.166666667,3.5,4.666666667,18.16666667,62.66666667,0.833333333,0,0,19.4
00-0032187,D.Johnson,2018112508,11/25/2018 0:00,16,0,2,3,17,63,0,0,0,34.16666667,0.166666667,3.166666667,4.5,18.66666667,73.66666667,0.666666667,0,0,9.9
00-0032187,D.Johnson,2018120203,12/2/2018 0:00,3,0,1,2,20,69,0,0,0,34.16666667,0.166666667,3.166666667,4.5,18.5,75,0.333333333,0,0,8.2
00-0032187,D.Johnson,2018120911,12/9/2018 0:00,12,0,8,10,15,49,0,0,1,32.16666667,0.166666667,3,4,18.83333333,77.5,0.166666667,0,0,13.1
00-0032187,D.Johnson,2018121600,12/16/2018 0:00,68,0,3,6,11,33,1,0,0,29,0.166666667,3.833333333,5.166666667,19,79.16666667,0.166666667,0,0.166666667,19.1
00-0032187,D.Johnson,2018122311,12/23/2018 0:00,32,1,1,5,10,35,0,0,0,33.5,0.166666667,3.666666667,5.5,18.16666667,74.83333333,0.333333333,0,0.166666667,13.7
00-0032187,D.Johnson,2018123015,12/30/2018 0:00,6,0,3,4,18,64,0,0,0,24.66666667,0.166666667,2.666666667,4.833333333,16.33333333,64.33333333,0.166666667,0,0.166666667,10
00-0032187,D.Johnson,2019090809,9/8/2019 0:00,55,1,6,7,18,82,0,0,0,22.83333333,0.166666667,3,5,15.16666667,52.16666667,0.166666667,0,0.166666667,25.7
00-0032187,D.Johnson,2019092208,9/22/2019 0:00,28,1,6,9,11,37,0,0,0,29.33333333,0.333333333,3.666666667,5.666666667,15.33333333,55.33333333,0.166666667,0,0.166666667,18.5
00-0032187,D.Johnson,2019092908,9/29/2019 0:00,99,0,8,11,11,40,0,0,0,33.5,0.5,4.5,6.833333333,13.83333333,50,0.166666667,0,0.166666667,21.9
00-0032187,D.Johnson,2019100601,10/6/2019 0:00,65,0,3,5,17,91,0,0,0,48,0.5,4.5,7,13.16666667,48.5,0.166666667,0,0,18.6
00-0032187,D.Johnson,2019101307,10/13/2019 0:00,68,1,6,8,12,34,1,0,0,47.5,0.5,4.5,6.833333333,14.16666667,58.16666667,0,0,0,28.2
,,,,,,,,,,,,,53.5,0.5,5.333333333,7.333333333,14.5,58,0.166666667,0,0,0
00-0032200,T.Montgomery,2016121111,12/11/2016 0:00,45,0,3,4,9,41,1,0,0,66,0,10,13,9,60,0,0,0,17.6
00-0032200,T.Montgomery,2016121802,12/18/2016 0:00,1,0,2,3,16,162,2,0,0,55.5,0,6.5,8.5,9,50.5,0.5,0,0,33.3
00-0032200,T.Montgomery,2016122404,12/24/2016 0:00,17,0,4,5,9,23,0,0,0,37.33333333,0,5,6.666666667,11.33333333,87.66666667,1,0,0,8
00-0032200,T.Montgomery,2017010102,1/1/2017 0:00,17,0,3,5,8,44,0,0,0,32.25,0,4.75,6.25,10.75,71.5,0.75,0,0,9.1
00-0032200,T.Montgomery,2017091010,9/10/2017 0:00,39,0,4,4,19,54,1,0,0,29.2,0,4.4,6,10.2,66,0.6,0,0,19.3
00-0032200,T.Montgomery,2017091713,9/17/2017 0:00,75,1,6,7,10,35,1,0,0,30.83333333,0,4.333333333,5.666666667,11.66666667,64,0.666666667,0,0,29
00-0032200,T.Montgomery,2017092411,9/24/2017 0:00,15,0,8,12,12,35,0,0,0,32.33333333,0.166666667,3.666666667,4.666666667,11.83333333,59.83333333,0.833333333,0,0,13
00-0032200,T.Montgomery,2017101503,10/15/2017 0:00,3,0,1,3,10,28,0,0,0,27.33333333,0.166666667,4.5,6,12.33333333,58.83333333,0.666666667,0,0,4.1
00-0032200,T.Montgomery,2018112500,11/25/2018 0:00,13,0,3,3,8,51,0,0,0,27.66666667,0.166666667,4.333333333,6,11.33333333,36.5,0.333333333,0,0,9.4
00-0032200,T.Montgomery,2019120807,12/8/2019 0:00,30,0,3,3,9,31,0,0,0,27,0.166666667,4.166666667,5.666666667,11.16666667,41.16666667,0.333333333,0,0,9.1
,,,,,,,,,,,,,29.16666667,0.166666667,4.166666667,5.333333333,11.33333333,39,0.333333333,0,0,0
00-0032209,T.Yeldon,2015092011,9/20/2015 0:00,13,0,3,4,25,70,0,0,0,16,0,3,4,12,51,0,0,0,11.3
00-0032209,T.Yeldon,2015092706,9/27/2015 0:00,9,0,2,3,11,33,0,0,0,14.5,0,3,4,18.5,60.5,0,0,0,6.2
00-0032209,T.Yeldon,2015100404,10/4/2015 0:00,4,0,2,3,22,105,0,0,0,12.66666667,0,2.666666667,3.666666667,16,51.33333333,0,0,0,15.9
00-0032209,T.Yeldon,2015101104,10/11/2015 0:00,31,1,5,6,11,32,0,0,0,10.5,0,2.5,3.5,17.5,64.75,0,0,0,17.3
00-0032209,T.Yeldon,2015102500,10/25/2015 0:00,9,0,1,3,20,115,1,0,0,14.6,0.2,3,4,16.2,58.2,0,0,0,22.4
00-0032209,T.Yeldon,2015110805,11/8/2015 0:00,37,0,3,3,14,64,0,0,0,13.66666667,0.166666667,2.666666667,3.833333333,16.83333333,67.66666667,0.166666667,0,0,13.1
00-0032209,T.Yeldon,2015111506,11/15/2015 0:00,6,0,5,6,18,61,0,0,0,17.16666667,0.166666667,2.666666667,3.666666667,17.16666667,69.83333333,0.166666667,0,0,11.7
00-0032209,T.Yeldon,2015111900,11/19/2015 0:00,28,0,3,4,14,54,0,0,0,16,0.166666667,3,4,16,68.33333333,0.166666667,0,0,11.2
00-0032209,T.Yeldon,2015112906,11/29/2015 0:00,46,0,4,5,9,36,0,0,0,19.16666667,0.166666667,3.166666667,4.166666667,16.5,71.83333333,0.166666667,0,0,12.2
00-0032209,T.Yeldon,2015120604,12/6/2015 0:00,79,0,4,4,15,57,1,0,0,26.16666667,0.166666667,3.5,4.5,14.33333333,60.33333333,0.166666667,0,0,23.6
00-0032209,T.Yeldon,2015121304,12/13/2015 0:00,1,0,1,1,11,62,0,0,0,34.16666667,0,3.333333333,4.166666667,15,64.5,0.333333333,0,0,7.3
00-0032209,T.Yeldon,2016091103,9/11/2016 0:00,30,0,4,6,21,39,1,0,0,32.83333333,0,3.333333333,3.833333333,13.5,55.66666667,0.166666667,0,0,16.9
00-0032209,T.Yeldon,2016100200,10/2/2016 0:00,46,0,4,5,14,71,0,0,0,31.66666667,0,3.5,4.333333333,14.66666667,51.5,0.333333333,0,0,15.7
00-0032209,T.Yeldon,2016111302,11/13/2016 0:00,27,0,3,3,9,32,0,0,0,38.33333333,0,3.333333333,4.166666667,14,53.16666667,0.333333333,0,0,8.9
00-0032209,T.Yeldon,2016120405,12/4/2016 0:00,27,0,3,7,14,55,0,0,0,38.16666667,0,3.333333333,4,13.16666667,49.5,0.333333333,0,0,11.2
00-0032209,T.Yeldon,2016121105,12/11/2016 0:00,31,0,7,9,17,59,0,0,0,35,0,3.166666667,4.333333333,14,52.66666667,0.333333333,0,0,16
00-0032209,T.Yeldon,2016121804,12/18/2016 0:00,34,0,5,7,8,28,0,0,0,27,0,3.666666667,5.166666667,14.33333333,53,0.166666667,0,0,11.2
00-0032209,T.Yeldon,2017102204,10/22/2017 0:00,15,0,2,2,9,122,1,0,0,32.5,0,4.333333333,6.166666667,13.83333333,47.33333333,0.166666667,0,0,24.7
00-0032209,T.Yeldon,2017110502,11/5/2017 0:00,11,0,2,4,11,41,0,0,0,30,0,4,5.5,11.83333333,61.16666667,0.166666667,0,0,7.2
00-0032209,T.Yeldon,2018090907,9/9/2018 0:00,18,1,3,7,14,51,0,0,0,24.16666667,0,3.666666667,5.333333333,11.33333333,56.16666667,0.166666667,0,0,15.9
00-0032209,T.Yeldon,2018091612,9/16/2018 0:00,13,0,2,5,10,58,0,0,0,22.66666667,0.166666667,3.666666667,6,12.16666667,59.33333333,0.166666667,0,0,9.1
00-0032209,T.Yeldon,2018093005,9/30/2018 0:00,48,1,3,3,18,52,1,0,0,20.33333333,0.166666667,3.5,5.666666667,11.5,59.83333333,0.166666667,0,0,25
00-0032209,T.Yeldon,2018100705,10/7/2018 0:00,69,1,8,11,10,53,0,0,0,23.16666667,0.333333333,2.833333333,4.666666667,11.66666667,58.66666667,0.333333333,0,0,26.2
00-0032209,T.Yeldon,2018101410,10/14/2018 0:00,29,0,3,5,8,41,0,0,0,29,0.5,3.333333333,5.333333333,12,62.83333333,0.333333333,0,0,10
00-0032209,T.Yeldon,2018102104,10/21/2018 0:00,40,1,5,7,12,28,0,0,0,31.33333333,0.5,3.5,5.833333333,11.83333333,49.33333333,0.166666667,0,0,17.8
00-0032209,T.Yeldon,2018120205,12/2/2018 0:00,49,0,7,8,8,16,0,0,0,36.16666667,0.666666667,4,6.333333333,12,47.16666667,0.166666667,0,0,13.5
00-0032209,T.Yeldon,2019092200,9/22/2019 0:00,19,0,2,3,8,30,0,0,0,41.33333333,0.5,4.666666667,6.5,11,41.33333333,0.166666667,0,0,6.9
,,,,,,,,,,,,,42.33333333,0.5,4.666666667,6.166666667,10.66666667,36.66666667,0.166666667,0,0,0
00-0032241,T.Gurley,2015102501,10/25/2015 0:00,35,0,4,5,19,128,2,0,0,15,0,2,2,19,146,0,0,0,35.3
00-0032241,T.Gurley,2015110107,11/1/2015 0:00,13,0,3,3,20,133,1,0,0,25,0,3,3.5,19,137,1,0,0,26.6
00-0032241,T.Gurley,2015110800,11/8/2015 0:00,20,0,3,5,25,89,1,0,0,21,0,3,3.333333333,19.33333333,135.6666667,1,0,0,19.9
00-0032241,T.Gurley,2015111504,11/15/2015 0:00,44,0,3,3,12,45,1,0,0,20.75,0,3,3.75,20.75,124,1,0,0,17.9
00-0032241,T.Gurley,2015112902,11/29/2015 0:00,11,0,1,2,9,19,0,0,0,25.4,0,3,3.6,19,108.2,1,0,0,4
00-0032241,T.Gurley,2015121309,12/13/2015 0:00,7,0,1,2,16,140,2,0,0,23,0,2.666666667,3.333333333,17.33333333,93.33333333,0.833333333,0,0,30.7
00-0032241,T.Gurley,2015121700,12/17/2015 0:00,31,0,2,2,21,48,1,0,0,21.66666667,0,2.5,3.333333333,16.83333333,92.33333333,1.166666667,0,0,15.9
00-0032241,T.Gurley,2015122711,12/27/2015 0:00,7,0,1,1,19,85,1,0,0,21,0,2.166666667,2.833333333,17.16666667,79,1,0,0,16.2
00-0032241,T.Gurley,2016091201,9/12/2016 0:00,-5,0,1,3,17,47,0,0,0,20,0,1.833333333,2.5,17,71,1,0,0,5.2
00-0032241,T.Gurley,2016091809,9/18/2016 0:00,19,0,1,1,19,51,0,0,0,15.83333333,0,1.5,2.166666667,15.66666667,64,0.833333333,0,0,8
00-0032241,T.Gurley,2016092509,9/25/2016 0:00,-5,0,1,2,27,85,2,0,0,11.66666667,0,1.166666667,1.833333333,16.83333333,65,0.666666667,0,0,21
00-0032241,T.Gurley,2016100209,10/2/2016 0:00,49,0,5,5,19,33,0,0,0,9,0,1.166666667,1.833333333,19.83333333,76,1,0,0,13.2
00-0032241,T.Gurley,2016100909,10/9/2016 0:00,36,0,3,5,23,72,1,0,0,16,0,1.833333333,2.333333333,20.33333333,58.16666667,0.666666667,0,0,19.8
00-0032241,T.Gurley,2016101602,10/16/2016 0:00,39,0,4,4,14,58,0,0,0,16.83333333,0,2,2.833333333,20.66666667,62.16666667,0.666666667,0,0,13.7
00-0032241,T.Gurley,2016102300,10/23/2016 0:00,35,0,6,7,15,57,0,0,0,22.16666667,0,2.5,3.333333333,19.83333333,57.66666667,0.5,0,0,15.2
00-0032241,T.Gurley,2016110607,11/6/2016 0:00,26,0,4,5,12,48,0,0,0,28.83333333,0,3.333333333,4,19.5,59.33333333,0.5,0,0,11.4
00-0032241,T.Gurley,2016111304,11/13/2016 0:00,8,0,1,1,21,64,0,0,0,30,0,3.833333333,4.666666667,18.33333333,58.83333333,0.5,0,0,8.2
00-0032241,T.Gurley,2016112008,11/20/2016 0:00,0,0,0,2,20,76,1,0,0,32.16666667,0,3.833333333,4.5,17.33333333,55.33333333,0.166666667,0,0,13.6
00-0032241,T.Gurley,2016112707,11/27/2016 0:00,39,0,4,4,13,50,0,0,0,24,0,3,4,17.5,62.5,0.333333333,0,0,12.9
00-0032241,T.Gurley,2016120406,12/4/2016 0:00,9,0,2,3,11,38,0,0,0,24.5,0,3.166666667,3.833333333,15.83333333,58.83333333,0.166666667,0,0,6.7
00-0032241,T.Gurley,2016121112,12/11/2016 0:00,22,0,3,4,16,61,1,0,0,19.5,0,2.833333333,3.666666667,15.33333333,55.5,0.166666667,0,0,17.3
00-0032241,T.Gurley,2016121500,12/15/2016 0:00,-2,0,1,4,14,38,0,0,0,17.33333333,0,2.333333333,3.166666667,15.5,56.16666667,0.333333333,0,0,4.6
00-0032241,T.Gurley,2016122409,12/24/2016 0:00,20,0,3,3,23,67,1,0,0,12.66666667,0,1.833333333,3,15.83333333,54.5,0.333333333,0,0,17.7
00-0032241,T.Gurley,2017010113,1/1/2017 0:00,37,0,4,5,14,40,0,0,0,14.66666667,0,2.166666667,3.333333333,16.16666667,55,0.5,0,0,11.7
00-0032241,T.Gurley,2017091009,9/10/2017 0:00,56,0,5,6,18,39,1,0,0,20.83333333,0,2.833333333,3.833333333,15.16666667,49,0.333333333,0,0,20.5
00-0032241,T.Gurley,2017091711,9/17/2017 0:00,48,1,3,4,16,88,1,0,0,23.66666667,0,3,4.166666667,16,47.16666667,0.5,0,0,28.6
00-0032241,T.Gurley,2017092100,9/21/2017 0:00,36,1,5,7,28,113,2,0,0,30.16666667,0.166666667,3.166666667,4.333333333,16.83333333,55.5,0.666666667,0,0,40.9
00-0032241,T.Gurley,2017100104,10/1/2017 0:00,94,1,7,8,23,121,0,0,0,32.5,0.333333333,3.5,4.833333333,18.83333333,64.16666667,0.833333333,0,0,37.5
00-0032241,T.Gurley,2017100808,10/8/2017 0:00,7,0,2,4,14,43,0,0,0,48.5,0.5,4.5,5.5,20.33333333,78,0.833333333,0,0,7
00-0032241,T.Gurley,2017101508,10/15/2017 0:00,4,0,1,1,23,116,0,0,0,46.33333333,0.5,4.333333333,5.666666667,18.83333333,74,0.666666667,0,0,16
00-0032241,T.Gurley,2017102205,10/22/2017 0:00,48,0,4,8,22,106,1,0,0,40.83333333,0.5,3.833333333,5,20.33333333,86.66666667,0.666666667,0,0,28.4
00-0032241,T.Gurley,2017110504,11/5/2017 0:00,45,0,2,3,16,59,2,0,0,39.5,0.5,3.666666667,5.333333333,21,97.83333333,0.666666667,0,0,24.4
00-0032241,T.Gurley,2017111208,11/12/2017 0:00,68,0,6,7,11,68,0,0,0,39,0.333333333,3.5,5.166666667,21,93,0.833333333,0,0,19.6
00-0032241,T.Gurley,2017111904,11/19/2017 0:00,19,0,3,4,15,37,1,0,0,44.33333333,0.166666667,3.666666667,5.166666667,18.16666667,85.5,0.5,0,0,14.6
00-0032241,T.Gurley,2017112607,11/26/2017 0:00,54,0,4,7,17,74,0,0,0,31.83333333,0,3,4.5,16.83333333,71.5,0.666666667,0,0,16.8
00-0032241,T.Gurley,2017120311,12/3/2017 0:00,84,0,6,7,19,74,0,0,0,39.66666667,0,3.333333333,5,17.33333333,76.66666667,0.666666667,0,0,21.8
00-0032241,T.Gurley,2017121011,12/10/2017 0:00,39,0,3,5,13,96,2,0,0,53,0,4.166666667,6,16.66666667,69.66666667,0.666666667,0,0,28.5
00-0032241,T.Gurley,2017121708,12/17/2017 0:00,28,1,3,3,21,152,3,0,0,51.5,0,4,5.5,15.16666667,68,0.833333333,0,0,48
00-0032241,T.Gurley,2017122407,12/24/2017 0:00,158,2,10,13,22,118,0,0,0,48.66666667,0.166666667,4.166666667,5.5,16,83.5,1,0,0,55.6
00-0032241,T.Gurley,2018091001,9/10/2018 0:00,39,1,3,5,20,108,0,0,0,63.66666667,0.5,4.833333333,6.5,17.83333333,91.83333333,1,0,0,26.7
00-0032241,T.Gurley,2018091609,9/16/2018 0:00,31,0,3,3,21,46,3,0,0,67,0.666666667,4.833333333,6.666666667,18.66666667,103.6666667,0.833333333,0,0,28.7
00-0032241,T.Gurley,2018092310,9/23/2018 0:00,51,0,5,6,23,105,1,1,1,63.16666667,0.666666667,4.666666667,6,19.33333333,99,1.333333333,0,0,28.6
00-0032241,T.Gurley,2018092700,9/27/2018 0:00,73,1,4,6,17,83,0,0,0,57.66666667,0.666666667,4.5,5.833333333,20,104.1666667,1.5,0.166666667,0.166666667,25.6
00-0032241,T.Gurley,2018100711,10/7/2018 0:00,36,0,4,5,22,77,3,0,0,63.33333333,0.833333333,4.666666667,6,20.66666667,102,1.166666667,0.166666667,0.166666667,33.3
00-0032241,T.Gurley,2018101409,10/14/2018 0:00,17,0,2,5,28,208,2,0,0,64.66666667,0.666666667,4.833333333,6.333333333,20.83333333,89.5,1.166666667,0.166666667,0.166666667,39.5
00-0032241,T.Gurley,2018102111,10/21/2018 0:00,23,1,4,5,15,63,2,0,0,41.16666667,0.333333333,3.5,5,21.83333333,104.5,1.5,0.166666667,0.166666667,30.6
00-0032241,T.Gurley,2018102810,10/28/2018 0:00,81,1,6,7,26,114,0,0,0,38.5,0.333333333,3.666666667,5,21,97,1.833333333,0.166666667,0.166666667,34.5
00-0032241,T.Gurley,2018110409,11/4/2018 0:00,11,0,6,7,13,68,1,0,0,46.83333333,0.5,4.166666667,5.666666667,21.83333333,108.3333333,1.333333333,0.166666667,0.166666667,19.9
00-0032241,T.Gurley,2018111110,11/11/2018 0:00,40,0,3,4,17,120,1,0,0,40.16666667,0.5,4.333333333,5.833333333,20.16666667,102.1666667,1.333333333,0,0,28
00-0032241,T.Gurley,2018111900,11/19/2018 0:00,39,0,3,3,12,55,0,0,0,34.66666667,0.333333333,4.166666667,5.5,20.16666667,108.3333333,1.5,0,0,12.4
00-0032241,T.Gurley,2018120202,12/2/2018 0:00,33,0,3,5,23,132,2,0,0,35.16666667,0.333333333,4,5.166666667,18.5,104.6666667,1,0,0,34.5
00-0032241,T.Gurley,2018120901,12/9/2018 0:00,30,0,3,7,11,28,0,0,0,37.83333333,0.333333333,4.166666667,5.166666667,17.66666667,92,1,0,0,8.8
00-0032241,T.Gurley,2018121611,12/16/2018 0:00,76,0,10,13,12,48,2,0,0,39,0.166666667,4,5.5,17,86.16666667,0.666666667,0,0,34.4
00-0032241,T.Gurley,2019090800,9/8/2019 0:00,4,0,1,1,14,97,0,0,0,38.16666667,0,4.666666667,6.5,14.66666667,75.16666667,1,0,0,11.1
00-0032241,T.Gurley,2019091512,9/15/2019 0:00,4,0,3,4,16,63,1,0,0,37,0,3.833333333,5.5,14.83333333,80,0.833333333,0,0,15.7
00-0032241,T.Gurley,2019092213,9/22/2019 0:00,0,0,0,1,14,43,0,0,0,31,0,3.833333333,5.5,14.66666667,70.5,0.833333333,0,0,4.3
00-0032241,T.Gurley,2019100300,10/3/2019 0:00,6,0,3,5,15,51,2,0,0,24.5,0,3.333333333,5.166666667,15,68.5,0.833333333,0,0,20.7
00-0032241,T.Gurley,2019102000,10/20/2019 0:00,13,1,1,1,18,41,0,0,0,20,0,3.333333333,5.166666667,13.66666667,55,0.833333333,0,0,12.4
00-0032241,T.Gurley,2019102706,10/27/2019 0:00,0,0,0,1,10,44,1,0,0,17.16666667,0.166666667,3,4.166666667,14.83333333,57.16666667,0.833333333,0,0,10.4
00-0032241,T.Gurley,2019111009,11/10/2019 0:00,0,0,0,4,12,73,0,0,0,4.5,0.166666667,1.333333333,2.166666667,14.5,56.5,0.666666667,0,0,7.3
00-0032241,T.Gurley,2019111711,11/17/2019 0:00,36,0,3,3,25,97,1,0,0,3.833333333,0.166666667,1.166666667,2.666666667,14.16666667,52.5,0.666666667,0,0,22.3
00-0032241,T.Gurley,2019120108,12/1/2019 0:00,20,0,1,1,19,95,1,0,0,9.166666667,0.166666667,1.166666667,2.5,15.66666667,58.16666667,0.666666667,0,0,18.5
00-0032241,T.Gurley,2019120813,12/8/2019 0:00,34,0,4,4,23,79,1,0,0,12.5,0.166666667,1.333333333,2.5,16.5,66.83333333,0.833333333,0,0,21.3
00-0032241,T.Gurley,2019121511,12/15/2019 0:00,18,1,3,6,12,22,1,0,0,17.16666667,0.166666667,1.5,2.333333333,17.83333333,71.5,0.666666667,0,0,19
00-0032241,T.Gurley,2019122102,12/21/2019 0:00,0,0,0,2,15,48,2,0,0,18,0.166666667,1.833333333,3.166666667,16.83333333,68.33333333,0.833333333,0,0,16.8
00-0032241,T.Gurley,2019122914,12/29/2019 0:00,21,0,2,2,20,68,0,0,0,18,0.166666667,1.833333333,3.333333333,17.66666667,69,1,0,0,10.9
,,,,,,,,,,,,,21.5,0.166666667,2.166666667,3,19,68.16666667,1,0,0,0
00-0032257,D.Johnson,2015101105,10/11/2015 0:00,55,0,6,8,9,22,0,0,0,85,1,9,10,8,31,0,0,0,13.7
00-0032257,D.Johnson,2015101805,10/18/2015 0:00,18,0,3,4,9,38,0,0,0,70,0.5,7.5,9,8.5,26.5,0,0,0,8.6
00-0032257,D.Johnson Jr,2015121310,12/13/2015 0:00,6,0,1,3,13,78,0,0,0,52.66666667,0.333333333,6,7.333333333,8.666666667,30.33333333,0,0,0,9.4
00-0032257,D.Johnson Jr,2015122704,12/27/2015 0:00,15,0,3,4,8,26,0,0,0,41,0.25,4.75,6.25,9.75,42.25,0,0,0,7.1
00-0032257,D.Johnson,2016092505,9/25/2016 0:00,12,0,5,7,10,69,0,0,0,35.8,0.2,4.4,5.8,9.4,39,0,0,0,13.1
00-0032257,D.Johnson,2016100207,10/2/2016 0:00,31,0,6,8,9,53,0,0,0,31.83333333,0.166666667,4.5,6,9.5,44,0,0,0,14.4
00-0032257,D.Johnson,2017111202,11/12/2017 0:00,34,0,6,6,10,54,0,0,0,22.83333333,0,4,5.666666667,9.666666667,47.66666667,0,0,0,14.8
00-0032257,D.Johnson,2019090900,9/9/2019 0:00,33,0,4,5,9,57,0,0,0,19.33333333,0,4,5.333333333,9.833333333,53,0,0,0,13
00-0032257,D.Johnson,2019100602,10/6/2019 0:00,8,0,1,1,9,59,0,0,0,21.83333333,0,4.166666667,5.5,9.833333333,56.16666667,0,0,0,7.7
00-0032257,D.Johnson,2019120111,12/1/2019 0:00,54,1,5,6,9,36,0,0,0,22.16666667,0,4.166666667,5.166666667,9.166666667,53,0,0,0,20
,,,,,,,,,,,,,28.66666667,0.166666667,4.5,5.5,9.333333333,54.66666667,0,0,0,0
,,,,,,,,,,,,,0,0,0,1,8,38,0,0,0,0
00-0032371,R.Kelley,2016111308,11/13/2016 0:00,-2,0,1,1,22,97,0,0,0,0,0,0,2,21,87,1,0,0,10.5
00-0032371,R.Kelley,2016112011,11/20/2016 0:00,0,0,0,2,24,137,3,0,0,-1,0,0.5,1.5,21.5,92,0.5,0,0,34.7
00-0032371,R.Kelley,2016112401,11/24/2016 0:00,5,0,2,2,14,37,0,0,0,-0.666666667,0,0.333333333,1.666666667,22.33333333,107,1.333333333,0,0,6.2
00-0032371,R.Kelley,2016120409,12/4/2016 0:00,0,0,0,1,14,63,0,0,0,0.75,0,0.75,1.75,20.25,89.5,1,0,0,6.3
00-0032371,R.Kelley,2016121107,12/11/2016 0:00,25,0,2,2,16,63,1,0,0,0.6,0,0.6,1.6,19,84.2,0.8,0,0,16.8
00-0032371,R.Kelley,2016121900,12/19/2016 0:00,47,0,4,4,9,8,1,0,0,4.666666667,0,0.833333333,1.666666667,18.5,80.66666667,0.833333333,0,0,15.5
00-0032371,R.Kelley,2016122402,12/24/2016 0:00,6,0,2,3,19,76,0,0,0,12.5,0,1.5,2,16.5,67.5,0.833333333,0,0,10.2
00-0032371,R.Kelley,2017091008,9/10/2017 0:00,0,0,0,1,10,30,0,0,0,13.83333333,0,1.666666667,2.333333333,16,64,0.833333333,0,0,3
00-0032371,R.Kelley,2017102909,10/29/2017 0:00,0,0,0,1,8,19,1,0,0,13.83333333,0,1.666666667,2.166666667,13.66666667,46.16666667,0.333333333,0,0,7.9
,,,,,,,,,,,,,13,0,1.333333333,2,12.66666667,43.16666667,0.5,0,0,0
,,,,,,,,,,,,,87,0,7,7,17,66,0,0,0,0
00-0032411,K.Dixon,2016112701,11/27/2016 0:00,31,0,4,4,13,49,0,0,0,0,0,2,2,9,13,0,0,0,12
00-0032411,K.Dixon,2016121200,12/12/2016 0:00,42,1,8,11,11,39,0,0,0,15.5,0,3,3,11,31,0,0,0,22.1
00-0032411,K.Dixon,2016121800,12/18/2016 0:00,0,0,0,1,9,36,1,0,0,24.33333333,0.333333333,4.666666667,5.666666667,11,33.66666667,0,0,0,9.6
00-0032411,K.Dixon,2016122500,12/25/2016 0:00,1,0,1,3,12,57,0,0,0,18.25,0.25,3.5,4.5,10.5,34.25,0.25,0,0,6.8
00-0032411,K.Dixon,2017010101,1/1/2017 0:00,19,0,3,4,10,44,1,0,0,14.8,0.2,3,4.2,10.8,38.8,0.2,0,0,15.3
00-0032411,K.Dixon,2018120200,12/2/2018 0:00,6,0,1,1,8,37,0,0,0,15.5,0.166666667,3,4.166666667,10.66666667,39.66666667,0.333333333,0,0,5.3
00-0032411,K.Dixon,2018120905,12/9/2018 0:00,21,0,1,1,8,59,1,0,0,16.5,0.166666667,2.833333333,4,10.5,43.66666667,0.333333333,0,0,15
00-0032411,K.Dixon,2018121601,12/16/2018 0:00,2,0,1,1,11,48,0,0,0,14.83333333,0.166666667,2.333333333,3.5,9.666666667,45.33333333,0.5,0,0,6
00-0032411,K.Dixon,2018122201,12/22/2018 0:00,20,0,2,3,8,28,0,0,0,8.166666667,0,1.166666667,1.833333333,9.666666667,46.83333333,0.5,0,0,6.8
00-0032411,K.Dixon,2018123000,12/30/2018 0:00,2,0,1,1,12,117,0,0,0,11.5,0,1.5,2.166666667,9.5,45.5,0.333333333,0,0,15.9
,,,,,,,,,,,,,11.66666667,0,1.5,1.833333333,9.5,55.5,0.333333333,0,0,0
00-0032417,P.Perkins,2016111400,11/14/2016 0:00,0,0,0,3,9,31,0,0,0,15,0,3,3,11,32,0,0,0,3.1
00-0032417,P.Perkins,2016112704,11/27/2016 0:00,14,0,2,2,9,29,0,0,0,7.5,0,1.5,3,10,31.5,0,0,0,6.3
00-0032417,P.Perkins,2016121113,12/11/2016 0:00,0,0,1,1,15,45,0,0,0,9.666666667,0,1.666666667,2.666666667,9.666666667,30.66666667,0,0,0,5.5
00-0032417,P.Perkins,2016121807,12/18/2016 0:00,0,0,0,1,11,56,0,0,0,7.25,0,1.5,2.25,11,34.25,0,0,0,5.6
00-0032417,P.Perkins,2016122200,12/22/2016 0:00,9,0,1,2,15,68,0,0,0,5.8,0,1.2,2,11,38.6,0,0,0,8.7
00-0032417,P.Perkins,2017010111,1/1/2017 0:00,0,0,0,2,21,102,0,0,0,6.333333333,0,1.166666667,2,11.66666667,43.5,0,0,0,13.2
00-0032417,P.Perkins,2017092409,9/24/2017 0:00,8,0,2,2,9,22,0,0,0,3.833333333,0,0.666666667,1.833333333,13.33333333,55.16666667,0,0,0,5
00-0032417,P.Perkins,2017100111,10/1/2017 0:00,6,0,1,2,9,13,0,0,0,5.166666667,0,1,1.666666667,13.33333333,53.66666667,0,0,0,2.9
,,,,,,,,,,,,,3.833333333,0,0.833333333,1.666666667,13.33333333,51,0,0,0,0
00-0032426,A.Collins,2017102600,10/26/2017 0:00,30,0,2,2,18,113,0,0,0,0,0,0,2,9,82,0,0,0,19.3
00-0032426,A.Collins,2017110506,11/5/2017 0:00,3,0,1,1,13,43,0,0,0,15,0,1,2,13.5,97.5,0,0,0,5.6
00-0032426,A.Collins,2017111902,11/19/2017 0:00,22,0,4,7,20,49,1,0,0,11,0,1,1.666666667,13.33333333,79.33333333,0,0,0,17.1
00-0032426,A.Collins,2017112700,11/27/2017 0:00,-3,0,2,2,16,60,1,0,0,13.75,0,1.75,3,15,71.75,0.25,0,0,13.7
00-0032426,A.Collins,2017120301,12/3/2017 0:00,23,0,2,2,15,75,2,0,0,10.4,0,1.8,2.8,15.2,69.4,0.4,0,0,23.8
00-0032426,A.Collins,2017121013,12/10/2017 0:00,46,0,2,2,18,120,1,0,1,12.5,0,1.833333333,2.666666667,15.16666667,70.33333333,0.666666667,0,0,26.6
00-0032426,A.Collins,2017121702,12/17/2017 0:00,33,0,5,8,12,19,0,0,0,20.16666667,0,2.166666667,2.666666667,16.66666667,76.66666667,0.833333333,0,0.166666667,10.2
00-0032426,A.Collins,2017122300,12/23/2017 0:00,15,0,3,4,18,51,0,0,1,20.66666667,0,2.666666667,3.666666667,15.66666667,61,0.833333333,0,0.166666667,8.6
00-0032426,A.Collins,2017123101,12/31/2017 0:00,18,0,2,6,20,78,1,0,0,22.66666667,0,3,4.166666667,16.5,62.33333333,0.833333333,0,0.333333333,17.6
00-0032426,A.Collins,2018091300,9/13/2018 0:00,55,0,3,4,9,35,0,0,0,22,0,2.666666667,4,16.5,67.16666667,0.833333333,0,0.333333333,12
00-0032426,A.Collins,2018092301,9/23/2018 0:00,6,0,3,4,18,68,1,0,0,31.66666667,0,2.833333333,4.333333333,15.33333333,63,0.666666667,0,0.333333333,16.4
00-0032426,A.Collins,2018093012,9/30/2018 0:00,3,1,1,1,11,42,0,0,0,28.83333333,0,3,4.666666667,15.83333333,61.83333333,0.5,0,0.333333333,11.5
00-0032426,A.Collins,2018100703,10/7/2018 0:00,7,0,1,4,12,59,0,0,0,21.66666667,0.166666667,2.833333333,4.5,14.66666667,48.83333333,0.333333333,0,0.166666667,7.6
00-0032426,A.Collins,2018102101,10/21/2018 0:00,10,0,3,4,11,38,0,0,0,17.33333333,0.166666667,2.166666667,3.833333333,14.66666667,55.5,0.333333333,0,0.166666667,7.8
00-0032426,A.Collins,2018102801,10/28/2018 0:00,14,0,2,2,11,49,1,0,0,16.5,0.166666667,2.166666667,3.833333333,13.5,53.33333333,0.333333333,0,0,14.3
00-0032426,A.Collins,2018110400,11/4/2018 0:00,4,0,1,1,9,35,1,0,0,15.83333333,0.166666667,2.166666667,3.166666667,12,48.5,0.333333333,0,0,10.9
,,,,,,,,,,,,,7.333333333,0.166666667,1.833333333,2.666666667,12,48.5,0.5,0,0,0
00-0032450,D.Washington,2016110605,11/6/2016 0:00,0,0,0,1,10,26,0,0,0,-3,0,1,1,10,38,0,0,0,2.6
00-0032450,D.Washington,2016112003,11/20/2016 0:00,15,0,2,2,13,6,0,0,0,-1.5,0,0.5,1,10,32,0,0,0,4.1
00-0032450,D.Washington,2016121103,12/11/2016 0:00,10,0,1,2,16,64,0,0,0,4,0,1,1.333333333,11,23.33333333,0,0,0,8.4
00-0032450,D.Washington,2016121807,12/18/2016 0:00,9,0,2,4,14,31,0,0,0,5.5,0,1,1.5,12.25,33.5,0,0,0,6
,,,,,,,,,,,,,6.2,0,1.2,2,12.6,33,0,0,0,0
,,,,,,,,,,,,,19,0,6,7,10,36,0,0,0,0
00-0032741,P.Barber,2017110503,11/5/2017 0:00,20,0,2,3,11,34,0,0,0,24,0,4,5,11,31,0,0,0,7.4
00-0032741,P.Barber,2017120304,12/3/2017 0:00,41,0,4,4,23,102,0,0,0,22,0,3,4,11,32.5,0,0,0,21.3
00-0032741,P.Barber,2017121007,12/10/2017 0:00,5,0,1,1,12,58,0,0,0,28.33333333,0,3.333333333,4,15,55.66666667,0,0,0,7.3
00-0032741,P.Barber,2017121800,12/18/2017 0:00,15,0,3,3,13,53,0,0,0,22.5,0,2.75,3.25,14.25,56.25,0,0,0,9.8
00-0032741,P.Barber,2017122400,12/24/2017 0:00,4,0,2,2,13,51,0,0,0,21,0,2.8,3.2,14,55.6,0,0,0,7.5
00-0032741,P.Barber,2017123110,12/31/2017 0:00,18,0,2,4,17,71,1,0,0,18.16666667,0,2.666666667,3,13.83333333,54.83333333,0,0,0,16.9
00-0032741,P.Barber,2018091606,9/16/2018 0:00,7,0,1,2,16,22,0,0,0,17.16666667,0,2.333333333,2.833333333,14.83333333,61.5,0.166666667,0,0,3.9
00-0032741,P.Barber,2018092400,9/24/2018 0:00,0,0,0,2,8,33,0,0,0,15,0,2.166666667,2.666666667,15.66666667,59.5,0.166666667,0,0,3.3
00-0032741,P.Barber,2018101400,10/14/2018 0:00,24,1,4,4,13,82,0,0,0,8.166666667,0,1.5,2.333333333,13.16666667,48,0.166666667,0,0,20.6
00-0032741,P.Barber,2018102109,10/21/2018 0:00,0,0,0,2,11,30,0,0,0,11.33333333,0.166666667,2,2.833333333,13.33333333,52,0.166666667,0,0,3
00-0032741,P.Barber,2018110402,11/4/2018 0:00,9,0,2,3,11,31,0,0,0,8.833333333,0.166666667,1.5,2.666666667,13,48.16666667,0.166666667,0,0,6
00-0032741,P.Barber,2018111107,11/11/2018 0:00,5,0,1,1,13,61,0,0,0,9.666666667,0.166666667,1.5,2.833333333,12.66666667,44.83333333,0.166666667,0,0,7.6
00-0032741,P.Barber,2018111805,11/18/2018 0:00,4,0,2,2,18,106,1,0,0,7.5,0.166666667,1.333333333,2.333333333,12,43.16666667,0,0,0,22
00-0032741,P.Barber,2018112507,11/25/2018 0:00,16,0,2,2,18,47,1,0,0,7,0.166666667,1.5,2.333333333,12.33333333,57.16666667,0.166666667,0,0,14.3
00-0032741,P.Barber,2018120209,12/2/2018 0:00,0,0,0,1,16,45,1,0,0,9.666666667,0.166666667,1.833333333,2.333333333,14,59.5,0.333333333,0,0,10.5
00-0032741,P.Barber,2018120907,12/9/2018 0:00,2,0,1,2,14,42,0,0,0,5.666666667,0,1.166666667,1.833333333,14.5,53.33333333,0.5,0,0,5.4
00-0032741,P.Barber,2018121601,12/16/2018 0:00,4,0,2,2,19,85,1,0,0,6,0,1.333333333,1.833333333,15,55.33333333,0.5,0,0,16.9
00-0032741,P.Barber,2018122306,12/23/2018 0:00,13,0,3,3,17,43,0,0,0,5.166666667,0,1.333333333,1.666666667,16.33333333,64.33333333,0.666666667,0,0,8.6
00-0032741,P.Barber,2018123010,12/30/2018 0:00,2,0,1,1,15,66,0,0,0,6.5,0,1.666666667,2,17,61.33333333,0.666666667,0,0,7.8
00-0032741,P.Barber,2019090811,9/8/2019 0:00,12,0,2,4,8,33,0,0,0,6.166666667,0,1.5,1.833333333,16.5,54.66666667,0.5,0,0,6.5
00-0032741,P.Barber,2019091200,9/12/2019 0:00,7,0,1,1,23,82,1,0,0,5.5,0,1.5,2.166666667,14.83333333,52.33333333,0.333333333,0,0,15.9
00-0032741,P.Barber,2019092209,9/22/2019 0:00,7,0,2,2,13,48,0,0,0,6.666666667,0,1.666666667,2.166666667,16,58.5,0.333333333,0,0,7.5
00-0032741,P.Barber,2019092909,9/29/2019 0:00,0,0,0,1,9,19,1,0,0,7.5,0,1.833333333,2.166666667,15.83333333,59.5,0.333333333,0,0,7.9
00-0032741,P.Barber,2019100603,10/6/2019 0:00,-1,0,1,1,8,32,1,0,0,6.833333333,0,1.5,2,14.16666667,48.5,0.333333333,0,0,10.1
00-0032741,P.Barber,2019102708,10/27/2019 0:00,8,0,1,3,10,20,0,0,0,4.5,0,1.166666667,1.666666667,12.66666667,46.66666667,0.5,0,0,3.8
00-0032741,P.Barber,2019111006,11/10/2019 0:00,4,0,1,1,11,43,1,0,0,5.5,0,1.166666667,2,11.83333333,39,0.5,0,0,11.7
00-0032741,P.Barber,2019112400,11/24/2019 0:00,0,0,0,1,11,32,0,0,0,4.166666667,0,1,1.5,12.33333333,40.66666667,0.666666667,0,0,3.2
00-0032741,P.Barber,2019120808,12/8/2019 0:00,19,0,2,2,11,34,0,0,0,3,0,0.833333333,1.5,10.33333333,32.33333333,0.5,0,0,7.3
00-0032741,P.Barber,2019121502,12/15/2019 0:00,23,0,2,2,10,17,0,0,0,5,0,0.833333333,1.5,10,30,0.5,0,0,6
,,,,,,,,,,,,,8.833333333,0,1.166666667,1.666666667,10.16666667,29.66666667,0.333333333,0,0,0
00-0032764,D.Henry,2016102700,10/27/2016 0:00,37,0,4,5,16,60,1,0,0,9,0,1,1,9,40,0,0,0,19.7
00-0032764,D.Henry,2016121109,12/11/2016 0:00,5,0,1,1,12,42,0,0,0,23,0,2.5,3,12.5,50,0.5,0,0,5.7
00-0032764,D.Henry,2017010110,1/1/2017 0:00,3,0,1,1,15,65,1,0,0,17,0,2,2.333333333,12.33333333,47.33333333,0.333333333,0,0,13.8
00-0032764,D.Henry,2017092410,9/24/2017 0:00,10,0,1,1,13,54,0,0,0,13.5,0,1.75,2,13,51.75,0.5,0,0,7.4
00-0032764,D.Henry,2017101600,10/16/2017 0:00,14,0,1,1,19,131,1,0,0,12.8,0,1.6,1.8,13,52.2,0.4,0,0,24.5
00-0032764,D.Henry,2017102202,10/22/2017 0:00,11,0,2,3,13,13,0,0,0,13,0,1.5,1.666666667,14,65.33333333,0.5,0,0,4.4
00-0032764,D.Henry,2017110506,11/5/2017 0:00,10,0,2,2,8,26,1,0,0,13.33333333,0,1.666666667,2,14.66666667,60.83333333,0.5,0,0,11.6
00-0032764,D.Henry,2017111206,11/12/2017 0:00,0,0,0,3,11,52,0,0,0,8.833333333,0,1.333333333,1.5,13.33333333,55.16666667,0.5,0,0,5.2
00-0032764,D.Henry,2017112602,11/26/2017 0:00,10,0,1,2,13,79,0,0,0,8,0,1.166666667,1.833333333,13.16666667,56.83333333,0.5,0,0,9.9
00-0032764,D.Henry,2017122407,12/24/2017 0:00,6,0,1,1,8,25,0,0,0,9.166666667,0,1.166666667,2,12.83333333,59.16666667,0.333333333,0,0,4.1
00-0032764,D.Henry,2017123111,12/31/2017 0:00,66,1,1,2,28,51,0,0,0,8.5,0,1.166666667,2,12,54.33333333,0.333333333,0,0,18.7
00-0032764,D.Henry,2018090903,9/9/2018 0:00,5,0,1,1,10,26,0,0,0,17.16666667,0.166666667,1.166666667,2.166666667,13.5,41,0.166666667,0,0,4.1
00-0032764,D.Henry,2018092304,9/23/2018 0:00,0,0,0,1,18,57,0,0,0,16.16666667,0.166666667,1,1.833333333,13,43.16666667,0.166666667,0,0,5.7
00-0032764,D.Henry,2018093007,9/30/2018 0:00,7,0,2,2,8,24,0,0,0,14.5,0.166666667,0.666666667,1.666666667,14.66666667,48.33333333,0,0,0,5.1
00-0032764,D.Henry,2018100700,10/7/2018 0:00,0,0,0,1,11,56,0,0,0,15.66666667,0.166666667,1,1.5,14.16666667,43.66666667,0,0,0,5.6
00-0032764,D.Henry,2018102100,10/21/2018 0:00,32,0,2,2,12,33,1,0,0,14,0.166666667,0.833333333,1.333333333,13.83333333,39.83333333,0,0,0,14.5
00-0032764,D.Henry,2018112600,11/26/2018 0:00,19,0,2,3,8,30,0,1,1,18.33333333,0.166666667,1,1.5,14.5,41.16666667,0.166666667,0,0,5.9
00-0032764,D.Henry,2018120211,12/2/2018 0:00,5,0,2,2,10,40,1,0,0,10.5,0,1.166666667,1.666666667,11.16666667,37.66666667,0.166666667,0.166666667,0.166666667,12.5
00-0032764,D.Henry,2018121608,12/16/2018 0:00,0,0,1,1,33,170,2,0,0,10.5,0,1.333333333,1.833333333,11.16666667,40,0.333333333,0.166666667,0.166666667,33
00-0032764,D.Henry,2018122200,12/22/2018 0:00,8,0,1,1,21,84,1,0,0,10.5,0,1.5,1.833333333,13.66666667,58.83333333,0.666666667,0.166666667,0.166666667,16.2
00-0032764,D.Henry,2018123011,12/30/2018 0:00,13,0,1,1,16,93,0,0,0,10.66666667,0,1.333333333,1.666666667,15.83333333,68.83333333,0.833333333,0.166666667,0.166666667,11.6
00-0032764,D.Henry,2019090801,9/8/2019 0:00,75,1,1,2,19,84,1,0,0,12.83333333,0,1.5,1.666666667,16.66666667,75,0.833333333,0.166666667,0.166666667,28.9
00-0032764,D.Henry,2019091508,9/15/2019 0:00,12,0,2,3,15,82,1,0,0,20,0.166666667,1.333333333,1.666666667,17.83333333,83.5,0.833333333,0.166666667,0.166666667,17.4
00-0032764,D.Henry,2019091900,9/19/2019 0:00,2,0,1,2,17,44,1,0,0,18.83333333,0.166666667,1.333333333,1.666666667,19,92.16666667,1,0,0,11.6
00-0032764,D.Henry,2019092900,9/29/2019 0:00,8,0,1,1,27,100,0,0,0,18.33333333,0.166666667,1.166666667,1.666666667,20.16666667,92.83333333,1,0,0,11.8
00-0032764,D.Henry,2019101309,10/13/2019 0:00,5,0,1,3,15,28,0,0,0,19.66666667,0.166666667,1.166666667,1.666666667,19.16666667,81.16666667,0.666666667,0,0,4.3
00-0032764,D.Henry,2019102008,10/20/2019 0:00,18,0,1,1,22,90,1,0,0,19.16666667,0.166666667,1.166666667,2,18.16666667,71.83333333,0.5,0,0,17.8
00-0032764,D.Henry,2019102708,10/27/2019 0:00,8,0,1,1,16,75,0,0,0,20,0.166666667,1.166666667,2,19.16666667,71.33333333,0.666666667,0,0,9.3
00-0032764,D.Henry,2019110302,11/3/2019 0:00,36,1,3,3,13,63,1,0,0,8.833333333,0,1.166666667,1.833333333,18.66666667,69.83333333,0.5,0,0,24.9
00-0032764,D.Henry,2019111007,11/10/2019 0:00,3,0,2,2,23,188,2,0,0,12.83333333,0.166666667,1.333333333,1.833333333,18.33333333,66.66666667,0.5,0,0,36.1
00-0032764,D.Henry,2019112408,11/24/2019 0:00,16,0,1,1,19,159,2,0,0,13,0.166666667,1.5,1.833333333,19.33333333,90.66666667,0.666666667,0,0,33.5
00-0032764,D.Henry,2019120103,12/1/2019 0:00,17,0,3,3,26,149,1,0,0,14.33333333,0.166666667,1.5,1.833333333,18,100.5,1,0,0,28.6
00-0032764,D.Henry,2019120812,12/8/2019 0:00,6,0,1,1,18,103,2,0,0,16.33333333,0.166666667,1.833333333,1.833333333,19.83333333,120.6666667,1.166666667,0,0,26.9
00-0032764,D.Henry,2019121507,12/15/2019 0:00,0,0,0,1,21,86,0,0,0,14.33333333,0.166666667,1.833333333,1.833333333,19.16666667,122.8333333,1.333333333,0,0,8.6
,,,,,,,,,,,,,13,0.166666667,1.666666667,1.833333333,20,124.6666667,1.333333333,0,0,0
00-0032780,J.Howard,2016100203,10/2/2016 0:00,21,0,3,4,23,111,0,0,0,47,0,4,6,9,45,0,0,1,19.2
00-0032780,J.Howard,2016100903,10/9/2016 0:00,45,1,3,3,16,118,0,0,0,34,0,3.5,5,16,78,0,0,0.5,28.3
00-0032780,J.Howard,2016101601,10/16/2016 0:00,6,0,2,4,15,34,1,0,0,37.66666667,0.333333333,3.333333333,4.333333333,16,91.33333333,0,0,0.333333333,12
00-0032780,J.Howard,2016103100,10/31/2016 0:00,49,0,4,4,26,153,1,0,0,29.75,0.25,3,4.25,15.75,77,0.25,0,0.25,33.2
00-0032780,J.Howard,2016112007,11/20/2016 0:00,22,0,1,8,17,77,0,0,0,33.6,0.2,3.2,4.2,17.8,92.2,0.4,0,0.2,10.9
00-0032780,J.Howard,2016112703,11/27/2016 0:00,43,0,3,5,18,84,0,0,0,31.66666667,0.166666667,2.833333333,4.833333333,17.66666667,89.66666667,0.333333333,0,0.166666667,15.7
00-0032780,J.Howard,2016120402,12/4/2016 0:00,0,0,0,1,32,117,3,0,0,31,0.166666667,2.666666667,4.666666667,19.16666667,96.16666667,0.333333333,0,0,32.7
00-0032780,J.Howard,2016121103,12/11/2016 0:00,24,0,2,5,13,86,0,0,0,27.5,0.166666667,2.166666667,4.166666667,20.66666667,97.16666667,0.833333333,0,0,13
00-0032780,J.Howard,2016121802,12/18/2016 0:00,23,0,4,4,17,90,1,0,0,24,0,2,4.5,20.16666667,91.83333333,0.833333333,0,0,21.3
00-0032780,J.Howard,2016122402,12/24/2016 0:00,9,0,1,3,18,119,0,0,0,26.83333333,0,2.333333333,4.5,20.5,101.1666667,0.833333333,0,0,16.8
00-0032780,Jo.Howard,2017091001,9/10/2017 0:00,14,0,3,5,13,52,1,0,0,20.16666667,0,1.833333333,4.333333333,19.16666667,95.5,0.666666667,0,0,15.6
00-0032780,Jo.Howard,2017091707,9/17/2017 0:00,0,0,0,1,9,7,0,0,0,18.83333333,0,2.166666667,3.833333333,18.5,91.33333333,0.833333333,0,0,0.7
00-0032780,Jo.Howard,2017092403,9/24/2017 0:00,26,0,5,5,23,138,2,0,0,11.66666667,0,1.666666667,3.166666667,17,78.5,0.833333333,0,0,36.4
00-0032780,Jo.Howard,2017092800,9/28/2017 0:00,10,0,2,4,18,53,1,0,0,16,0,2.5,3.833333333,15.5,82,0.666666667,0,0,14.3
00-0032780,Jo.Howard,2017101501,10/15/2017 0:00,9,0,1,1,36,167,0,0,0,13.66666667,0,2.5,3.666666667,16.33333333,76.5,0.833333333,0,0,21.6
00-0032780,Jo.Howard,2017102904,10/29/2017 0:00,19,0,3,5,23,102,0,0,0,11.33333333,0,2,3.166666667,19.5,89.33333333,0.666666667,0,0,18.1
00-0032780,Jo.Howard,2017120303,12/3/2017 0:00,-5,0,1,2,13,38,0,0,0,13,0,2.333333333,3.5,20.33333333,86.5,0.666666667,0,0,4.3
00-0032780,Jo.Howard,2017121002,12/10/2017 0:00,8,0,1,2,23,147,2,0,0,9.833333333,0,2,3,20.33333333,84.16666667,0.5,0,0,31.5
00-0032780,Jo.Howard,2017121600,12/16/2017 0:00,26,0,4,4,10,37,0,0,0,11.16666667,0,2.166666667,3.166666667,22.66666667,107.5,0.833333333,0,0,10.3
00-0032780,Jo.Howard,2017123105,12/31/2017 0:00,5,0,1,1,9,9,0,0,0,11.16666667,0,2,3,20.5,90.66666667,0.5,0,0,2.4
00-0032780,J.Howard,2018090912,9/9/2018 0:00,25,0,5,5,15,82,0,0,0,10.33333333,0,1.833333333,2.5,19,83.33333333,0.333333333,0,0,15.7
00-0032780,J.Howard,2018091700,9/17/2018 0:00,33,0,3,4,14,35,0,0,0,13,0,2.5,3.166666667,15.5,69.16666667,0.333333333,0,0,9.8
00-0032780,J.Howard,2018092311,9/23/2018 0:00,20,0,2,2,24,61,1,0,0,15.33333333,0,2.5,3,14,58,0.333333333,0,0,16.1
00-0032780,J.Howard,2018093001,9/30/2018 0:00,0,0,0,1,11,25,0,0,0,19.5,0,2.666666667,3,15.83333333,61.83333333,0.5,0,0,2.5
00-0032780,J.Howard,2018101404,10/14/2018 0:00,0,0,0,1,14,69,0,0,0,18.16666667,0,2.5,2.833333333,13.83333333,41.5,0.166666667,0,0,6.9
00-0032780,J.Howard,2018102102,10/21/2018 0:00,9,0,1,1,12,39,1,0,0,13.83333333,0,1.833333333,2.333333333,14.5,46.83333333,0.166666667,0,0,11.8
00-0032780,J.Howard,2018102802,10/28/2018 0:00,0,0,0,1,22,81,1,0,0,14.5,0,1.833333333,2.333333333,15,51.83333333,0.333333333,0,0,14.1
00-0032780,J.Howard,2018111100,11/11/2018 0:00,11,0,1,1,11,21,0,0,0,10.33333333,0,1,1.666666667,16.16666667,51.66666667,0.5,0,0,4.2
00-0032780,J.Howard,2018111802,11/18/2018 0:00,2,0,1,1,18,63,0,0,0,6.666666667,0,0.666666667,1.166666667,15.66666667,49.33333333,0.5,0,0,7.5
00-0032780,J.Howard,2018120207,12/2/2018 0:00,4,0,1,1,16,76,0,0,0,3.666666667,0,0.5,1,14.66666667,49.66666667,0.333333333,0,0,9
00-0032780,J.Howard,2018120901,12/9/2018 0:00,2,0,1,1,19,101,0,0,0,4.333333333,0,0.666666667,1,15.5,58.16666667,0.333333333,0,0,14.3
00-0032780,J.Howard,2018121603,12/16/2018 0:00,15,0,1,1,19,60,1,0,0,4.666666667,0,0.833333333,1,16.33333333,63.5,0.333333333,0,0,14.5
00-0032780,J.Howard,2018122312,12/23/2018 0:00,17,0,2,3,13,53,1,0,0,5.666666667,0,0.833333333,1,17.5,67,0.333333333,0,0,15
00-0032780,J.Howard,2018123005,12/30/2018 0:00,5,0,1,2,21,109,2,0,0,8.5,0,1.166666667,1.333333333,16,62.33333333,0.333333333,0,0,27.4
00-0032780,J.Howard,2019091513,9/15/2019 0:00,8,0,1,1,8,18,0,0,0,7.5,0,1.166666667,1.5,17.66666667,77,0.666666667,0,0,3.6
00-0032780,J.Howard,2019092207,9/22/2019 0:00,0,0,0,1,11,37,1,0,0,8.5,0,1.166666667,1.5,16,69.5,0.666666667,0,0,9.7
00-0032780,J.Howard,2019092600,9/26/2019 0:00,28,1,3,4,15,87,2,0,0,7.833333333,0,1,1.5,15.16666667,63,0.833333333,0,0,32.5
00-0032780,J.Howard,2019102011,10/20/2019 0:00,6,0,2,2,11,50,0,0,0,12.16666667,0.166666667,1.333333333,2,14.5,60.66666667,1.166666667,0,0,7.6
00-0032780,J.Howard,2019102701,10/27/2019 0:00,15,0,1,2,23,96,1,0,0,10.66666667,0.166666667,1.5,2.166666667,13.16666667,59,1,0,0,18.1
00-0032780,J.Howard,2019110305,11/3/2019 0:00,1,0,1,1,19,82,1,0,0,10.33333333,0.166666667,1.333333333,2,14.83333333,66.16666667,1,0,0,15.3
,,,,,,,,,,,,,9.666666667,0.166666667,1.333333333,1.833333333,14.5,61.66666667,0.833333333,0,0,0
00-0032782,W.Smallwood,2016112010,11/20/2016 0:00,31,0,4,5,13,48,0,0,0,0,0,0,1,13,70,0,0,0,11.9
00-0032782,W.Smallwood,2016112800,11/28/2016 0:00,10,0,1,1,9,37,0,0,0,15.5,0,2,3,13,59,0,0,0,5.7
00-0032782,W.Smallwood,2016120403,12/4/2016 0:00,0,0,0,3,8,19,0,0,0,13.66666667,0,1.666666667,2.333333333,11.66666667,51.66666667,0,0,0,1.9
00-0032782,W.Smallwood,2017092409,9/24/2017 0:00,9,0,1,2,12,71,0,0,0,10.25,0,1.25,2.5,10.75,43.5,0,0,0,9
00-0032782,W.Smallwood,2017100110,10/1/2017 0:00,45,0,4,6,10,34,1,0,0,10,0,1.2,2.4,11,49,0,0,0,17.9
00-0032782,W.Smallwood,2017102300,10/23/2017 0:00,14,0,2,2,8,25,0,0,0,15.83333333,0,1.666666667,3,10.83333333,46.5,0.166666667,0,0,5.9
00-0032782,W.Smallwood,2018092308,9/23/2018 0:00,35,0,3,5,10,56,1,0,0,18.16666667,0,2,3.166666667,10,39,0.166666667,0,0,18.1
00-0032782,W.Smallwood,2018101100,10/11/2018 0:00,0,0,1,2,18,51,0,0,1,18.83333333,0,1.833333333,3.166666667,9.5,40.33333333,0.333333333,0,0,5.1
00-0032782,W.Smallwood,2018102108,10/21/2018 0:00,5,0,2,2,9,32,0,0,0,17.16666667,0,1.833333333,3.333333333,11,42.66666667,0.333333333,0,0.166666667,5.7
00-0032782,W.Smallwood,2018102800,10/28/2018 0:00,42,1,2,3,8,24,0,0,0,18,0,2.166666667,3.166666667,11.16666667,44.83333333,0.333333333,0,0.166666667,14.6
00-0032782,W.Smallwood,2018121611,12/16/2018 0:00,9,0,2,2,10,48,2,0,0,23.5,0.166666667,2.333333333,3.333333333,10.5,37,0.333333333,0,0.166666667,19.7
00-0032782,W.Smallwood,2018123012,12/30/2018 0:00,24,0,4,4,12,53,0,0,0,17.5,0.166666667,2,2.666666667,10.5,39.33333333,0.5,0,0.166666667,11.7
,,,,,,,,,,,,,19.16666667,0.166666667,2.333333333,3,11.16666667,44,0.5,0,0.166666667,0
00-0032813,E.Penny,2017122410,12/24/2017 0:00,14,0,2,2,8,24,0,0,0,0,0,0,1,10,45,0,0,0,5.8
00-0032813,E.Penny,2017123115,12/31/2017 0:00,0,0,0,1,8,39,1,0,0,7,0,1,1.5,9,34.5,0,0,0,9.9
,,,,,,,,,,,,,4.666666667,0,0.666666667,1.333333333,8.666666667,36,0.333333333,0,0,0
00-0032902,K.Farrow,2016121811,12/18/2016 0:00,14,0,2,3,15,39,0,0,1,23,0,6,6,16,55,0,0,0,6.3
00-0032902,K.Farrow,2016122403,12/24/2016 0:00,29,0,4,4,9,28,0,0,0,18.5,0,4,4.5,15.5,47,0,0,0.5,9.7
,,,,,,,,,,,,,22,0,4,4.333333333,13.33333333,40.66666667,0,0,0.333333333,0
00-0032940,D.Washington,2016101609,10/16/2016 0:00,0,0,0,1,10,49,0,0,0,29,0,5,6,9,23,0,0,0,4.9
00-0032940,D.Washington,2016110600,11/6/2016 0:00,0,0,1,1,10,35,0,0,0,14.5,0,2.5,3.5,9.5,36,0,0,0,4.5
00-0032940,D.Washington,2016122408,12/24/2016 0:00,18,0,1,1,12,99,2,0,0,9.666666667,0,2,2.666666667,9.666666667,35.66666667,0,0,0,24.7
00-0032940,D.Washington,2017101900,10/19/2017 0:00,7,0,3,4,9,33,1,0,0,11.75,0,1.75,2.25,10.25,51.5,0.5,0,0,13
00-0032940,D.Washington,2019120812,12/8/2019 0:00,43,0,6,7,14,53,1,0,0,10.8,0,2,2.6,10,47.8,0.6,0,0,21.6
00-0032940,D.Washington,2019122201,12/22/2019 0:00,21,0,2,3,23,85,1,0,0,16.16666667,0,2.666666667,3.333333333,10.66666667,48.66666667,0.666666667,0,0,18.6
00-0032940,D.Washington,2019122913,12/29/2019 0:00,55,0,8,9,17,77,0,0,0,14.83333333,0,2.166666667,2.833333333,13,59,0.833333333,0,0,21.2
,,,,,,,,,,,,,24,0,3.5,4.166666667,14.16666667,63.66666667,0.833333333,0,0,0
00-0032964,B.Marshall,2017010107,1/1/2017 0:00,4,0,1,2,10,42,0,0,0,6,0,2,3,9,22,0,0,0,5.6
,,,,,,,,,,,,,5,0,1.5,2.5,9.5,32,0,0,0,0
00-0032972,D.Booker,2016102400,10/24/2016 0:00,4,0,1,2,17,83,1,0,0,5,0,1,1,9,46,0,0,0,15.7
00-0032972,D.Booker,2016103008,10/30/2016 0:00,30,0,5,6,19,54,1,1,1,4.5,0,1,1.5,13,64.5,0.5,0,0,18.4
00-0032972,D.Booker,2016110600,11/6/2016 0:00,8,0,1,3,10,22,0,0,0,13,0,2.333333333,3,15,61,0.666666667,0.333333333,0.333333333,4
00-0032972,D.Booker,2016111303,11/13/2016 0:00,12,0,2,2,24,76,0,0,0,11.75,0,2,3,13.75,51.25,0.5,0.25,0.25,10.8
00-0032972,D.Booker,2016112709,11/27/2016 0:00,22,0,1,2,24,79,0,0,0,11.8,0,2,2.8,15.8,56.2,0.4,0.2,0.2,11.1
00-0032972,D.Booker,2016120405,12/4/2016 0:00,2,0,1,1,18,35,1,0,0,13.5,0,1.833333333,2.666666667,17.16666667,60,0.333333333,0.166666667,0.166666667,10.7
00-0032972,D.Booker,2017010112,1/1/2017 0:00,52,1,2,3,14,57,1,0,0,13,0,1.833333333,2.666666667,18.66666667,58.16666667,0.5,0.166666667,0.166666667,24.9
00-0032972,D.Booker,2017111211,11/12/2017 0:00,5,0,1,1,8,24,0,0,0,21,0.166666667,2,2.833333333,18.16666667,53.83333333,0.5,0.166666667,0.166666667,3.9
00-0032972,D.Booker,2017111908,11/19/2017 0:00,54,0,5,6,14,44,0,0,0,16.83333333,0.166666667,1.333333333,2,16.33333333,48.83333333,0.333333333,0,0,14.8
00-0032972,D.Booker,2017121009,12/10/2017 0:00,12,0,2,2,9,22,0,0,0,24.5,0.166666667,2,2.5,17,52.5,0.333333333,0,0,5.4
00-0032972,D.Booker,2017121400,12/14/2017 0:00,10,0,1,1,11,39,0,0,0,24.5,0.166666667,2,2.5,14.5,43.5,0.333333333,0,0,5.9
00-0032972,D.Booker,2017122408,12/24/2017 0:00,24,0,5,8,8,47,0,1,1,22.5,0.166666667,2,2.333333333,12.33333333,36.83333333,0.333333333,0,0,11.1
00-0032972,D.Booker,2018102805,10/28/2018 0:00,14,0,4,4,9,78,0,0,1,26.16666667,0.166666667,2.666666667,3.5,10.66666667,38.83333333,0.166666667,0.166666667,0.166666667,12.2
,,,,,,,,,,,,,19.83333333,0,3,3.666666667,9.833333333,42.33333333,0,0.166666667,0.333333333,0
00-0032975,J.Williams,2019112100,11/21/2019 0:00,17,0,3,3,26,104,1,0,0,31,0,1,1,13,116,0,0,0,24.1
00-0032975,J.Williams,2019120103,12/1/2019 0:00,11,0,1,1,8,14,0,0,0,24,0,2,2,19.5,110,0.5,0,0,3.5
,,,,,,,,,,,,,19.66666667,0,1.666666667,1.666666667,15.66666667,78,0.333333333,0,0,0
00-0033025,J.Richard,2016110600,11/6/2016 0:00,10,0,2,3,8,62,0,0,0,66,0,6,7,8,31,0,0,0,9.2
00-0033025,J.Richard,2017100809,10/8/2017 0:00,0,0,0,2,9,37,0,0,0,38,0,4,5,8,46.5,0,0,0,3.7
00-0033025,J.Richard,2017101900,10/19/2017 0:00,45,0,4,4,9,31,0,0,0,25.33333333,0,2.666666667,4,8.333333333,43.33333333,0,0,0,11.6
00-0033025,J.Richard,2018111807,11/18/2018 0:00,32,0,3,4,11,61,0,0,0,30.25,0,3,4,8.5,40.25,0,0,0,12.3
00-0033025,J.Richard,2018120913,12/9/2018 0:00,5,0,1,1,8,24,0,0,0,30.6,0,3,4,9,44.4,0,0,0,3.9
,,,,,,,,,,,,,26.33333333,0,2.666666667,3.5,8.833333333,41,0,0,0,0
00-0033045,E.Elliott,2016091807,9/18/2016 0:00,4,0,2,2,21,83,1,0,0,1,0,1,2,20,51,1,0,0,16.7
00-0033045,E.Elliott,2016092513,9/25/2016 0:00,20,0,2,2,30,140,0,0,0,2.5,0,1.5,2,20.5,67,1,0,0,21
00-0033045,E.Elliott,2016100211,10/2/2016 0:00,19,0,1,1,23,138,1,0,0,8.333333333,0,1.666666667,2,23.66666667,91.33333333,0.666666667,0,0,25.7
00-0033045,E.Elliott,2016100908,10/9/2016 0:00,37,0,3,4,15,134,2,0,0,11,0,1.5,1.75,23.5,103,0.75,0,0,35.1
00-0033045,E.Elliott,2016101610,10/16/2016 0:00,17,0,2,4,28,157,0,0,0,16.2,0,1.8,2.2,21.8,109.2,1,0,0,22.4
00-0033045,E.Elliott,2016103010,10/30/2016 0:00,52,0,4,4,22,96,0,0,0,16.33333333,0,1.833333333,2.5,22.83333333,117.1666667,0.833333333,0,0,18.8
00-0033045,E.Elliott,2016110602,11/6/2016 0:00,5,0,1,1,18,92,2,0,0,24.83333333,0,2.333333333,2.833333333,23.16666667,124.6666667,0.666666667,0,0,22.7
00-0033045,E.Elliott,2016111311,11/13/2016 0:00,95,1,2,2,21,114,2,0,0,25,0,2.166666667,2.666666667,22.66666667,126.1666667,0.833333333,0,0,43.9
00-0033045,E.Elliott,2016112002,11/20/2016 0:00,30,0,4,5,25,97,0,0,0,37.5,0.166666667,2.166666667,2.666666667,21.16666667,121.8333333,1.166666667,0,0,16.7
00-0033045,E.Elliott,2016112401,11/24/2016 0:00,23,0,2,2,20,97,2,0,0,39.33333333,0.166666667,2.666666667,3.333333333,21.5,115,1,0,0,26
00-0033045,E.Elliott,2016120100,12/1/2016 0:00,19,0,4,5,20,86,1,0,0,37,0.166666667,2.5,3,22.33333333,108.8333333,1,0,0,20.5
00-0033045,E.Elliott,2016121113,12/11/2016 0:00,0,0,0,2,24,107,0,0,0,37.33333333,0.166666667,2.833333333,3.166666667,21,97,1.166666667,0,0,13.7
00-0033045,E.Elliott,2016121803,12/18/2016 0:00,29,0,3,3,23,159,1,0,0,28.66666667,0.166666667,2.166666667,2.833333333,21.33333333,98.83333333,1.166666667,0,0,30.8
00-0033045,E.Elliott,2016122600,12/26/2016 0:00,12,0,1,1,12,80,2,0,0,32.66666667,0.166666667,2.5,3.166666667,22.16666667,110,1,0,0,22.2
00-0033045,E.Elliott,2017091012,9/10/2017 0:00,36,0,5,5,24,104,0,0,0,18.83333333,0,2.333333333,3,20.66666667,104.3333333,1,0,0,22
00-0033045,E.Elliott,2017091710,9/17/2017 0:00,14,0,4,5,9,8,0,0,0,19.83333333,0,2.5,3,20.5,105.5,1,0,0,6.2
00-0033045,E.Elliott,2017092500,9/25/2017 0:00,14,0,3,4,22,80,1,0,0,18.33333333,0,2.833333333,3.5,18.66666667,90.66666667,0.666666667,0,0,18.4
00-0033045,E.Elliott,2017100104,10/1/2017 0:00,54,1,4,5,21,85,1,0,0,17.5,0,2.666666667,3.333333333,19,89.66666667,0.666666667,0,0,29.9
00-0033045,E.Elliott,2017100810,10/8/2017 0:00,-4,0,1,2,29,116,0,0,0,26.5,0.166666667,3.333333333,3.833333333,18.5,86,0.833333333,0,0,15.2
00-0033045,E.Elliott,2017102209,10/22/2017 0:00,72,1,1,3,26,147,2,0,0,21,0.166666667,3,3.666666667,19.5,78.83333333,0.666666667,0,0,43.9
00-0033045,E.Elliott,2017102909,10/29/2017 0:00,4,0,1,2,33,150,2,0,0,31,0.333333333,3,4,21.83333333,90,0.666666667,0,0,31.4
00-0033045,E.Elliott,2017122411,12/24/2017 0:00,21,0,4,7,24,97,0,0,0,25.66666667,0.333333333,2.333333333,3.5,23.33333333,97.66666667,1,0,0,15.8
00-0033045,E.Elliott,2017123108,12/31/2017 0:00,38,0,3,5,27,103,0,0,0,26.83333333,0.333333333,2.333333333,3.833333333,25.83333333,112.5,1,0,0,20.1
00-0033045,E.Elliott,2018090910,9/9/2018 0:00,17,0,3,4,15,69,1,0,0,30.83333333,0.333333333,2.333333333,4,26.66666667,116.3333333,0.833333333,0,0,17.6
00-0033045,E.Elliott,2018091613,9/16/2018 0:00,9,0,5,6,17,78,1,0,0,24.66666667,0.166666667,2.166666667,3.833333333,25.66666667,113.6666667,0.833333333,0,0,19.7
00-0033045,E.Elliott,2018092312,9/23/2018 0:00,11,0,3,8,16,127,0,0,0,26.83333333,0.166666667,2.833333333,4.5,23.66666667,107.3333333,1,0,0,19.8
00-0033045,E.Elliott,2018093002,9/30/2018 0:00,88,1,4,4,25,152,0,0,0,16.66666667,0,3.166666667,5.333333333,22,104,0.666666667,0,0,37
00-0033045,E.Elliott,2018100712,10/7/2018 0:00,30,0,7,7,20,54,0,0,0,30.66666667,0.166666667,3.666666667,5.666666667,20.66666667,104.3333333,0.333333333,0,0,15.4
00-0033045,E.Elliott,2018101410,10/14/2018 0:00,11,0,1,1,24,106,1,0,0,32.16666667,0.166666667,4.166666667,5.666666667,20,97.16666667,0.333333333,0,0,21.7
00-0033045,E.Elliott,2018102110,10/21/2018 0:00,9,0,2,6,15,33,0,0,0,27.66666667,0.166666667,3.833333333,5,19.5,97.66666667,0.5,0,0,6.2
00-0033045,E.Elliott,2018110500,11/5/2018 0:00,51,0,4,5,17,61,0,0,0,26.33333333,0.166666667,3.666666667,5.333333333,19.5,91.66666667,0.333333333,0,0,15.2
00-0033045,E.Elliott,2018111111,11/11/2018 0:00,36,1,6,7,19,151,1,0,0,33.33333333,0.166666667,3.5,5.166666667,19.5,88.83333333,0.166666667,0,0,39.7
00-0033045,E.Elliott,2018111800,11/18/2018 0:00,79,0,7,8,23,122,1,0,0,37.5,0.333333333,4,5,20,92.83333333,0.333333333,0,0,36.1
00-0033045,E.Elliott,2018112201,11/22/2018 0:00,22,0,5,6,26,121,1,0,0,36,0.166666667,4.5,5.666666667,19.66666667,87.83333333,0.5,0,0,28.3
00-0033045,E.Elliott,2018112900,11/29/2018 0:00,60,1,6,6,23,75,0,0,0,34.66666667,0.166666667,4.166666667,5.5,20.66666667,99,0.666666667,0,0,25.5
00-0033045,E.Elliott,2018120912,12/9/2018 0:00,79,0,12,13,28,113,0,0,0,42.83333333,0.333333333,5,6.333333333,20.5,93.83333333,0.5,0,0,34.2
00-0033045,E.Elliott,2018121605,12/16/2018 0:00,41,0,7,8,18,87,0,0,0,54.5,0.333333333,6.666666667,7.5,22.66666667,107.1666667,0.5,0,0,19.8
00-0033045,E.Elliott,2018122306,12/23/2018 0:00,24,0,5,6,18,85,0,0,0,52.83333333,0.333333333,7.166666667,8,22.83333333,111.5,0.5,0,0,15.9
00-0033045,E.Elliott,2019090810,9/8/2019 0:00,10,0,1,2,13,53,1,0,0,50.83333333,0.166666667,7,7.833333333,22.66666667,100.5,0.333333333,0,0,13.3
00-0033045,E.Elliott,2019091509,9/15/2019 0:00,9,0,2,2,23,111,1,0,0,39.33333333,0.166666667,6,6.833333333,21,89,0.333333333,0,0,23
00-0033045,E.Elliott,2019092201,9/22/2019 0:00,14,0,2,3,19,125,0,0,0,37.16666667,0.166666667,5.5,6.166666667,20.5,87.33333333,0.333333333,0,0,18.9
00-0033045,E.Elliott,2019092912,9/29/2019 0:00,30,0,6,7,18,35,1,0,0,29.5,0,4.833333333,5.666666667,19.83333333,95.66666667,0.333333333,0,0,18.5
00-0033045,E.Elliott,2019100611,10/6/2019 0:00,29,0,2,3,12,62,1,0,0,21.33333333,0,3.833333333,4.666666667,18.16666667,82.66666667,0.5,0,0,17.1
00-0033045,E.Elliott,2019101310,10/13/2019 0:00,48,0,5,6,28,105,1,0,0,19.33333333,0,3,3.833333333,17.16666667,78.5,0.666666667,0,0,29.3
00-0033045,E.Elliott,2019102011,10/20/2019 0:00,36,0,6,7,22,111,1,0,0,23.33333333,0,3,3.833333333,18.83333333,81.83333333,0.833333333,0,0,29.7
00-0033045,E.Elliott,2019111010,11/10/2019 0:00,16,0,2,3,20,47,0,0,0,27.66666667,0,3.833333333,4.666666667,20.33333333,91.5,0.833333333,0,0,8.3
00-0033045,E.Elliott,2019111702,11/17/2019 0:00,28,1,2,3,16,45,1,0,0,28.83333333,0,3.833333333,4.833333333,19.83333333,80.83333333,0.666666667,0,0,21.3
00-0033045,E.Elliott,2019112409,11/24/2019 0:00,40,0,4,4,21,86,0,0,0,31.16666667,0.166666667,3.833333333,4.833333333,19.33333333,67.5,0.833333333,0,0,16.6
00-0033045,E.Elliott,2019112801,11/28/2019 0:00,66,0,7,10,12,71,0,0,0,32.83333333,0.166666667,3.5,4.333333333,19.83333333,76,0.666666667,0,0,20.7
00-0033045,E.Elliott,2019120500,12/5/2019 0:00,12,0,2,5,19,81,2,0,0,39,0.166666667,4.333333333,5.5,19.83333333,77.5,0.5,0,0,23.3
00-0033045,E.Elliott,2019121511,12/15/2019 0:00,43,0,3,4,24,117,2,0,0,33,0.166666667,3.833333333,5.333333333,18.33333333,73.5,0.666666667,0,0,34
00-0033045,E.Elliott,2019122212,12/22/2019 0:00,37,0,7,7,13,47,0,0,0,34.16666667,0.166666667,3.333333333,4.833333333,18.66666667,74.5,0.833333333,0,0,15.4
00-0033045,E.Elliott,2019122904,12/29/2019 0:00,2,1,3,5,18,122,1,0,0,37.66666667,0.166666667,4.166666667,5.5,17.5,74.5,0.833333333,0,0,30.4
,,,,,,,,,,,,,33.33333333,0.166666667,4.333333333,5.833333333,17.83333333,87.33333333,0.833333333,0,0,0
00-0033118,K.Drake,2017110510,11/5/2017 0:00,35,0,6,6,10,71,0,0,0,11,0,2,2,9,37,0,0,0,16.6
00-0033118,K.Drake,2017112604,11/26/2017 0:00,27,1,3,4,9,20,0,0,0,23,0,4,4,9.5,54,0,0,0,13.7
00-0033118,K.Drake,2017120306,12/3/2017 0:00,21,0,3,5,23,120,1,0,0,24.33333333,0.333333333,3.666666667,4,9.333333333,42.66666667,0,0,0,26.1
00-0033118,K.Drake,2017121100,12/11/2017 0:00,79,0,5,6,25,114,0,0,0,23.5,0.25,3.5,4.25,12.75,62,0.25,0,0,27.3
00-0033118,K.Drake,2017121700,12/17/2017 0:00,35,0,6,11,16,78,1,0,0,34.6,0.2,3.8,4.6,15.2,72.4,0.2,0,0,23.3
00-0033118,K.Drake,2017122403,12/24/2017 0:00,0,0,0,3,13,57,0,0,0,34.66666667,0.166666667,4.166666667,5.666666667,15.33333333,73.33333333,0.333333333,0,0,5.7
00-0033118,K.Drake,2017123104,12/31/2017 0:00,15,0,3,3,14,75,0,0,0,32.83333333,0.166666667,3.833333333,5.833333333,16,76.66666667,0.333333333,0,0,12
00-0033118,K.Drake,2018090903,9/9/2018 0:00,18,0,3,4,14,48,0,0,0,29.5,0.166666667,3.333333333,5.333333333,16.66666667,77.33333333,0.333333333,0,0,9.6
00-0033118,K.Drake,2018091604,9/16/2018 0:00,17,0,4,4,11,53,1,0,0,28,0,3.333333333,5.333333333,17.5,82,0.333333333,0,0,17
00-0033118,K.Drake,2018101404,10/14/2018 0:00,21,0,4,6,13,57,0,0,0,27.33333333,0,3.5,5.166666667,15.5,70.83333333,0.333333333,0,0,11.8
00-0033118,K.Drake,2018102500,10/25/2018 0:00,37,1,2,2,12,58,1,0,0,17.66666667,0,3.333333333,5.166666667,13.5,61.33333333,0.333333333,0,0,23.5
00-0033118,K.Drake,2018111103,11/11/2018 0:00,11,0,2,2,8,27,0,0,0,18,0.166666667,2.666666667,3.666666667,12.83333333,58,0.333333333,0,0,5.8
00-0033118,K.Drake,2018112504,11/25/2018 0:00,64,1,5,6,8,32,1,0,0,19.83333333,0.166666667,3,3.5,12,53,0.333333333,0,0,26.6
00-0033118,K.Drake,2018123001,12/30/2018 0:00,52,0,5,5,11,43,0,0,0,28,0.333333333,3.333333333,4,11,45.83333333,0.5,0,0,14.5
00-0033118,K.Drake,2019092201,9/22/2019 0:00,34,0,3,6,12,38,0,0,0,33.66666667,0.333333333,3.666666667,4.166666667,10.5,45,0.5,0,0,10.2
00-0033118,K.Drake,2019092906,9/29/2019 0:00,29,0,3,5,9,44,0,0,0,36.5,0.333333333,3.5,4.5,10.66666667,42.5,0.333333333,0,0,10.3
00-0033118,K.Drake,2019101305,10/13/2019 0:00,30,0,6,9,10,40,0,0,0,37.83333333,0.333333333,3.333333333,4.333333333,10,40.33333333,0.333333333,0,0,13
00-0033118,K.Drake,2019103100,10/31/2019 0:00,52,0,4,4,15,110,1,0,0,36.66666667,0.166666667,4,5.5,9.666666667,37.33333333,0.166666667,0,0,29.2
00-0033118,K.Drake,2019111006,11/10/2019 0:00,6,0,6,7,10,35,0,0,0,43.5,0.166666667,4.333333333,5.833333333,10.83333333,51.16666667,0.333333333,0,0,10.1
00-0033118,K.Drake,2019111708,11/17/2019 0:00,13,0,6,7,16,67,0,0,0,33.83333333,0,4.5,6,11.16666667,51.66666667,0.166666667,0,0,14
00-0033118,K.Drake,2019120108,12/1/2019 0:00,20,0,2,5,13,31,0,0,0,27.33333333,0,4.666666667,6.333333333,12,55.66666667,0.166666667,0,0,7.1
00-0033118,K.Drake,2019120810,12/8/2019 0:00,30,0,3,3,11,37,0,0,0,25,0,4.5,6.166666667,12.16666667,54.5,0.166666667,0,0,9.7
00-0033118,K.Drake,2019121509,12/15/2019 0:00,9,0,1,1,22,137,4,0,0,25.16666667,0,4.5,5.833333333,12.5,53.33333333,0.166666667,0,0,42.6
00-0033118,K.Drake,2019122213,12/22/2019 0:00,18,0,3,4,24,166,2,0,0,21.66666667,0,3.666666667,4.5,14.5,69.5,0.833333333,0,0,36.4
00-0033118,K.Drake,2019122914,12/29/2019 0:00,23,0,3,4,12,60,1,0,0,16,0,3.5,4.5,16,78.83333333,1,0,0,17.3
,,,,,,,,,,,,,18.83333333,0,3,4,16.33333333,83,1.166666667,0,0,0
00-0033164,T.Pope,2019092906,9/29/2019 0:00,14,1,2,2,10,20,0,0,0,5,0,1,1,8,28,0,0,0,11.4
,,,,,,,,,,,,,9.5,0.5,1.5,1.5,9,24,0,0,0,0
00-0033280,C.McCaffrey,2017091701,9/17/2017 0:00,34,0,4,5,8,10,0,0,0,38,0,5,7,13,47,0,0,0,8.4
00-0033280,C.McCaffrey,2017110500,11/5/2017 0:00,28,0,5,6,15,66,1,0,0,36,0,4.5,6,10.5,28.5,0,0,0,20.4
00-0033280,C.McCaffrey,2017121001,12/10/2017 0:00,18,0,3,4,8,35,0,0,0,33.33333333,0,4.666666667,6,12,41,0.333333333,0,0,8.3
00-0033280,C.McCaffrey,2017121701,12/17/2017 0:00,73,1,6,7,12,63,0,0,0,29.5,0,4.25,5.5,11,39.5,0.25,0,0,25.6
00-0033280,C.McCaffrey,2017122400,12/24/2017 0:00,19,0,2,4,9,39,0,0,0,38.2,0.2,4.6,5.8,11.2,44.2,0.2,0,0,7.8
00-0033280,C.McCaffrey,2018090910,9/9/2018 0:00,45,0,6,9,10,50,0,0,0,35,0.166666667,4.166666667,5.5,10.83333333,43.33333333,0.166666667,0,0,15.5
00-0033280,C.McCaffrey,2018091600,9/16/2018 0:00,102,0,14,15,8,37,0,0,0,36.16666667,0.166666667,4.333333333,5.833333333,10.33333333,43.83333333,0.166666667,0,0,30.9
00-0033280,C.McCaffrey,2018092302,9/23/2018 0:00,10,0,2,2,28,184,0,0,0,47.5,0.166666667,6,7.5,10.33333333,48.33333333,0.166666667,0,0,24.4
00-0033280,C.McCaffrey,2018100701,10/7/2018 0:00,35,1,5,6,17,58,0,0,0,44.5,0.166666667,5.5,6.833333333,12.5,68,0,0,0,20.3
00-0033280,C.McCaffrey,2018101408,10/14/2018 0:00,46,0,7,8,8,20,0,0,0,47.33333333,0.333333333,5.833333333,7.166666667,14,71.83333333,0,0,0,13.6
00-0033280,C.McCaffrey,2018102801,10/28/2018 0:00,11,1,4,6,14,45,1,0,0,42.83333333,0.166666667,6,7.333333333,13.33333333,64.66666667,0,0,0,21.6
00-0033280,C.McCaffrey,2018110402,11/4/2018 0:00,78,0,5,6,17,79,2,0,0,41.5,0.333333333,6.333333333,7.666666667,14.16666667,65.66666667,0.166666667,0,0,32.7
00-0033280,C.McCaffrey,2018110800,11/8/2018 0:00,61,2,5,5,14,77,1,0,0,47,0.333333333,6.166666667,7.166666667,15.33333333,70.5,0.5,0,0,36.8
00-0033280,C.McCaffrey,2018111803,11/18/2018 0:00,57,0,6,8,13,53,0,0,0,40.16666667,0.666666667,4.666666667,5.5,16.33333333,77.16666667,0.666666667,0,0,17
00-0033280,C.McCaffrey,2018112502,11/25/2018 0:00,112,1,11,11,17,125,1,0,2,48,0.666666667,5.333333333,6.5,13.83333333,55.33333333,0.666666667,0,0,50.7
00-0033280,C.McCaffrey,2018120209,12/2/2018 0:00,55,1,9,10,10,106,0,0,0,60.83333333,0.666666667,6.333333333,7.333333333,13.83333333,66.5,0.833333333,0,0.333333333,34.1
00-0033280,C.McCaffrey,2018120902,12/9/2018 0:00,38,0,6,7,16,63,2,0,0,62.33333333,0.833333333,6.666666667,7.666666667,14.16666667,80.83333333,0.833333333,0,0.333333333,28.1
00-0033280,C.McCaffrey,2018121700,12/17/2018 0:00,67,0,8,11,15,53,0,0,0,66.83333333,0.666666667,7,7.833333333,14.5,83.83333333,1,0,0.333333333,20
00-0033280,C.McCaffrey,2018122304,12/23/2018 0:00,77,0,12,13,21,101,0,0,0,65,0.666666667,7.5,8.666666667,14.16666667,79.5,0.666666667,0,0.333333333,32.8
00-0033280,C.McCaffrey,2019090800,9/8/2019 0:00,81,0,10,11,19,128,2,0,0,67.66666667,0.333333333,8.666666667,10,15.33333333,83.5,0.5,0,0.333333333,45.9
00-0033280,C.McCaffrey,2019091200,9/12/2019 0:00,16,0,2,6,16,37,0,0,0,71.66666667,0.333333333,9.333333333,10.5,16.33333333,96,0.833333333,0,0.333333333,7.3
00-0033280,C.McCaffrey,2019092208,9/22/2019 0:00,35,0,3,4,24,153,1,0,0,55.66666667,0.166666667,7.833333333,9.666666667,16.16666667,81.33333333,0.666666667,0,0,30.8
00-0033280,C.McCaffrey,2019092904,9/29/2019 0:00,86,0,10,10,27,93,1,0,0,52.33333333,0,6.833333333,8.666666667,18.5,89.16666667,0.833333333,0,0,33.9
00-0033280,C.McCaffrey,2019100600,10/6/2019 0:00,61,1,6,8,19,176,2,0,0,60.33333333,0,7.5,9.166666667,20.33333333,94.16666667,0.666666667,0,0,50.7
00-0033280,C.McCaffrey,2019101300,10/13/2019 0:00,26,1,4,5,22,31,1,0,0,59.33333333,0.166666667,7.166666667,8.666666667,21,114.6666667,1,0,0,21.7
00-0033280,C.McCaffrey,2019102709,10/27/2019 0:00,38,0,4,5,15,119,1,0,0,50.83333333,0.333333333,5.833333333,7.333333333,21.16666667,103,1.166666667,0,0,28.7
00-0033280,C.McCaffrey,2019110302,11/3/2019 0:00,20,1,3,3,24,146,2,0,0,43.66666667,0.333333333,4.833333333,6.333333333,20.5,101.5,1,0,0,40.6
00-0033280,C.McCaffrey,2019111003,11/10/2019 0:00,33,0,6,7,20,108,1,0,0,44.33333333,0.5,5,5.833333333,21.83333333,119.6666667,1.333333333,0,0,29.1
00-0033280,C.McCaffrey,2019111701,11/17/2019 0:00,121,0,11,15,14,70,0,0,0,44,0.5,5.5,6.333333333,21.16666667,112.1666667,1.333333333,0,0,33.1
00-0033280,C.McCaffrey,2019112405,11/24/2019 0:00,69,1,9,9,22,64,1,0,0,49.83333333,0.5,5.666666667,7.166666667,19,108.3333333,1.166666667,0,0,34.3
00-0033280,C.McCaffrey,2019120101,12/1/2019 0:00,58,0,7,12,14,44,0,0,0,51.16666667,0.5,6.166666667,7.333333333,19.5,89.66666667,1,0,0,17.2
00-0033280,C.McCaffrey,2019120800,12/8/2019 0:00,82,0,11,12,11,53,0,0,0,56.5,0.333333333,6.666666667,8.5,18.16666667,91.83333333,0.833333333,0,0,24.5
00-0033280,C.McCaffrey,2019121500,12/15/2019 0:00,88,0,8,10,19,87,2,0,0,63.83333333,0.333333333,7.833333333,9.666666667,17.5,80.83333333,0.666666667,0,0,37.5
00-0033280,C.McCaffrey,2019122207,12/22/2019 0:00,119,0,15,15,13,54,0,0,0,75.16666667,0.166666667,8.666666667,10.83333333,16.66666667,71,0.666666667,0,0,35.3
00-0033280,C.McCaffrey,2019122902,12/29/2019 0:00,72,0,7,10,9,26,1,0,0,89.5,0.166666667,10.16666667,12.16666667,15.5,62,0.5,0,0,22.8
,,,,,,,,,,,,,81.33333333,0.166666667,9.5,11.33333333,14.66666667,54.66666667,0.666666667,0,0,0
00-0033293,A.Jones,2017101503,10/15/2017 0:00,1,0,1,4,13,41,0,0,0,9,0,1,1,19,125,1,0,0,5.2
00-0033293,A.Jones,2017102203,10/22/2017 0:00,7,0,3,5,17,131,1,0,0,5,0,1,2.5,16,83,0.5,0,0,25.8
00-0033293,A.Jones,2018093003,9/30/2018 0:00,17,0,1,1,11,65,1,0,0,5.666666667,0,1.666666667,3.333333333,16.33333333,99,0.666666667,0,0,15.2
00-0033293,A.Jones,2018101500,10/15/2018 0:00,0,0,0,1,8,41,0,0,0,8.5,0,1.5,2.75,15,90.5,0.75,0,0,4.1
00-0033293,A.Jones,2018102810,10/28/2018 0:00,0,0,2,2,12,86,1,0,0,6.8,0,1.2,2.4,13.6,80.6,0.6,0,0,16.6
00-0033293,A.Jones,2018110410,11/4/2018 0:00,10,0,2,4,14,75,0,0,0,5.666666667,0,1.333333333,2.333333333,13.33333333,81.5,0.666666667,0,0,10.5
00-0033293,A.Jones,2018111103,11/11/2018 0:00,27,0,3,5,15,145,2,0,0,5.833333333,0,1.5,2.833333333,12.5,73.16666667,0.5,0,0,35.2
00-0033293,A.Jones,2018111500,11/15/2018 0:00,63,1,5,6,11,40,1,0,0,10.16666667,0,1.833333333,3,12.83333333,90.5,0.833333333,0,0,27.3
00-0033293,A.Jones,2018112510,11/25/2018 0:00,21,0,3,5,17,72,1,0,0,19.5,0.166666667,2.166666667,3.166666667,11.83333333,75.33333333,0.833333333,0,0,18.3
00-0033293,A.Jones,2018120203,12/2/2018 0:00,16,0,4,4,11,36,1,0,0,20.16666667,0.166666667,2.5,3.833333333,12.83333333,76.5,0.833333333,0,0,15.2
00-0033293,A.Jones,2018120903,12/9/2018 0:00,28,0,3,3,17,78,1,0,0,22.83333333,0.166666667,3.166666667,4.333333333,13.33333333,75.66666667,1,0,0,19.6
00-0033293,A.Jones,2019090500,9/5/2019 0:00,0,0,1,1,13,39,0,0,0,27.5,0.166666667,3.333333333,4.5,14.16666667,74.33333333,1,0,0,4.9
00-0033293,A.Jones,2019091503,9/15/2019 0:00,34,0,4,6,23,116,1,0,0,25.83333333,0.166666667,3.166666667,4,14,68.33333333,1,0,0,28
00-0033293,A.Jones,2019092202,9/22/2019 0:00,4,0,1,1,10,19,2,0,0,27,0.166666667,3.333333333,4.166666667,15.33333333,63.5,0.833333333,0,0,15.3
00-0033293,A.Jones,2019092600,9/26/2019 0:00,37,0,6,7,13,21,1,0,0,17.16666667,0,2.666666667,3.333333333,15.16666667,60,1,0,0,17.8
00-0033293,A.Jones,2019100611,10/6/2019 0:00,75,0,7,8,19,107,4,0,0,19.83333333,0,3.166666667,3.666666667,14.5,51.5,1,0,0,52.2
00-0033293,A.Jones,2019101400,10/14/2019 0:00,13,0,4,7,11,47,0,0,0,29.66666667,0,3.666666667,4.333333333,15.83333333,63.33333333,1.5,0,0,10
00-0033293,A.Jones,2019102004,10/20/2019 0:00,33,1,4,4,12,50,0,0,0,27.16666667,0,3.833333333,5,14.83333333,58.16666667,1.333333333,0,0,18.3
00-0033293,A.Jones,2019102712,10/27/2019 0:00,159,2,7,8,13,67,0,0,0,32.66666667,0.166666667,4.333333333,5.5,14.66666667,60,1.333333333,0,0,44.6
00-0033293,A.Jones,2019110310,11/3/2019 0:00,-1,0,1,3,8,30,0,0,0,53.5,0.5,4.833333333,5.833333333,13,51.83333333,1.166666667,0,0,3.9
00-0033293,A.Jones,2019112410,11/24/2019 0:00,0,0,0,1,13,38,0,0,0,52.66666667,0.5,4.833333333,6.166666667,12.66666667,53.66666667,0.833333333,0,0,3.8
00-0033293,A.Jones,2019120107,12/1/2019 0:00,13,0,4,6,11,18,0,0,0,46.5,0.5,3.833333333,5.166666667,12.66666667,56.5,0.666666667,0,0,7.1
00-0033293,A.Jones,2019120803,12/8/2019 0:00,58,0,6,7,16,134,1,0,0,36.16666667,0.5,3.333333333,4.833333333,11.33333333,41.66666667,0,0,0,34.2
00-0033293,A.Jones,2019122300,12/23/2019 0:00,6,0,2,3,23,154,2,1,1,43.66666667,0.5,3.666666667,4.833333333,12.16666667,56.16666667,0.166666667,0,0,32
00-0033293,A.Jones,2019122905,12/29/2019 0:00,43,0,2,6,25,100,0,0,0,39.16666667,0.333333333,3.333333333,4.666666667,14,73.5,0.5,0.166666667,0.166666667,16.3
,,,,,,,,,,,,,19.83333333,0,2.5,4.333333333,16,79,0.5,0.166666667,0.166666667,0
00-0033295,E.McGuire,2017100801,10/8/2017 0:00,10,0,2,3,11,20,0,0,0,38,0,2,2,10,93,1,0,0,5
00-0033295,E.McGuire,2017110200,11/2/2017 0:00,9,0,1,1,13,30,0,0,0,24,0,2,2.5,10.5,56.5,0.5,0,0,4.9
00-0033295,E.McGuire,2017111205,11/12/2017 0:00,36,0,4,7,8,22,0,0,0,19,0,1.666666667,2,11.33333333,47.66666667,0.333333333,0,0,9.8
00-0033295,E.McGuire,2018120900,12/9/2018 0:00,23,0,3,4,17,60,1,0,0,23.25,0,2.25,3.25,10.5,41.25,0.25,0,0,17.3
00-0033295,E.McGuire,2018121500,12/15/2018 0:00,29,0,3,4,18,42,1,0,0,23.2,0,2.4,3.4,11.8,45,0.4,0,0,16.1
00-0033295,E.McGuire,2018122309,12/23/2018 0:00,50,1,3,5,14,35,1,0,0,24.16666667,0,2.5,3.5,12.83333333,44.5,0.5,0,0,23.5
00-0033295,E.McGuire,2018123006,12/30/2018 0:00,24,0,2,2,18,41,0,0,0,26.16666667,0.166666667,2.666666667,4,13.5,34.83333333,0.5,0,0,8.5
,,,,,,,,,,,,,28.5,0.166666667,2.666666667,3.833333333,14.66666667,38.33333333,0.5,0,0,0
00-0033308,M.Breida,2017100803,10/8/2017 0:00,22,0,3,5,10,49,0,0,0,4,0,1,3,9,16,0,0,0,10.1
00-0033308,M.Breida,2017111210,11/12/2017 0:00,3,0,1,2,9,55,1,0,0,13,0,2,4,9.5,32.5,0,0,0,12.8
00-0033308,M.Breida,2017120303,12/3/2017 0:00,4,0,1,1,12,45,0,0,0,9.666666667,0,1.666666667,3.333333333,9.333333333,40,0.333333333,0,0,5.9
00-0033308,M.Breida,2017122409,12/24/2017 0:00,8,0,1,1,11,74,1,0,0,8.25,0,1.5,2.75,10,41.25,0.25,0,0,15.2
00-0033308,M.Breida,2017123114,12/31/2017 0:00,32,0,1,2,12,72,0,0,0,8.2,0,1.4,2.4,10.2,47.8,0.4,0,0,11.4
00-0033308,M.Breida,2018090904,9/9/2018 0:00,5,0,1,2,11,46,0,0,0,12.16666667,0,1.333333333,2.333333333,10.5,51.83333333,0.333333333,0,0,6.1
00-0033308,M.Breida,2018091610,9/16/2018 0:00,21,0,3,4,11,138,1,0,0,12.33333333,0,1.333333333,2.166666667,10.83333333,56.83333333,0.333333333,0,0,27.9
00-0033308,M.Breida,2018092305,9/23/2018 0:00,27,0,3,3,10,90,0,0,0,12.16666667,0,1.333333333,2,11,71.66666667,0.5,0,0,14.7
00-0033308,M.Breida,2018093010,9/30/2018 0:00,32,0,3,3,9,39,0,0,0,16.16666667,0,1.666666667,2.166666667,11.16666667,77.5,0.333333333,0,0,10.1
00-0033308,M.Breida,2018100710,10/7/2018 0:00,5,1,1,1,8,56,0,0,0,20.83333333,0,2,2.5,10.66666667,76.5,0.333333333,0,0,13.1
00-0033308,M.Breida,2018110100,11/1/2018 0:00,3,0,1,1,12,44,0,0,0,20.33333333,0.166666667,2,2.5,10.16666667,73.5,0.166666667,0,0,5.7
00-0033308,M.Breida,2018111200,11/12/2018 0:00,31,1,3,4,17,101,1,0,0,15.5,0.166666667,2,2.333333333,10.16666667,68.83333333,0.166666667,0,0,31.2
00-0033308,M.Breida,2018112507,11/25/2018 0:00,34,0,3,4,14,106,0,0,0,19.83333333,0.333333333,2.333333333,2.666666667,11.16666667,78,0.333333333,0,0,20
00-0033308,M.Breida,2018121609,12/16/2018 0:00,46,0,5,5,17,50,0,0,0,22,0.333333333,2.333333333,2.666666667,11.66666667,72.66666667,0.166666667,0,0,14.6
00-0033308,M.Breida,2019090811,9/8/2019 0:00,0,0,0,1,15,37,0,0,0,25.16666667,0.333333333,2.666666667,3,12.83333333,66,0.166666667,0,0,3.7
00-0033308,M.Breida,2019091501,9/15/2019 0:00,11,0,1,1,12,121,0,0,0,19.83333333,0.333333333,2.166666667,2.666666667,13.83333333,65.66666667,0.166666667,0,0,17.2
00-0033308,M.Breida,2019092212,9/22/2019 0:00,20,0,2,3,14,68,0,0,0,20.83333333,0.166666667,2.166666667,2.666666667,14.5,76.5,0.166666667,0,0,10.8
00-0033308,M.Breida,2019100700,10/7/2019 0:00,15,1,3,3,11,114,1,0,0,23.66666667,0.166666667,2.333333333,3,14.83333333,80.5,0.166666667,0,0,30.9
00-0033308,M.Breida,2019101308,10/13/2019 0:00,27,0,4,4,13,36,0,0,0,21,0.166666667,2.333333333,2.833333333,13.83333333,82.66666667,0.166666667,0,0,10.3
00-0033308,M.Breida,2019102007,10/20/2019 0:00,1,0,1,1,8,35,0,0,0,19.83333333,0.166666667,2.5,2.833333333,13.66666667,71,0.166666667,0,0,4.6
00-0033308,M.Breida,2019102709,10/27/2019 0:00,15,0,1,1,11,35,0,0,0,12.33333333,0.166666667,1.833333333,2.166666667,12.16666667,68.5,0.166666667,0,0,6
00-0033308,M.Breida,2019103100,10/31/2019 0:00,14,0,2,2,15,78,0,0,0,14.83333333,0.166666667,2,2.166666667,11.5,68.16666667,0.166666667,0,0,11.2
00-0033308,M.Breida,2019111100,11/11/2019 0:00,7,0,2,2,10,18,0,0,0,15.33333333,0.166666667,2.166666667,2.333333333,12,61,0.166666667,0,0,4.5
,,,,,,,,,,,,,13.16666667,0.166666667,2.166666667,2.166666667,11.33333333,52.66666667,0.166666667,0,0,0
00-0033526,S.Perine,2017092413,9/24/2017 0:00,6,0,1,1,19,49,0,0,0,0,0,1,1,21,67,0,0,0,6.5
00-0033526,S.Perine,2017101506,10/15/2017 0:00,24,1,3,3,9,23,0,0,0,3,0,1,1,20,58,0,0,0,13.7
00-0033526,S.Perine,2017111207,11/12/2017 0:00,25,0,1,1,9,35,0,0,0,10,0.333333333,1.666666667,1.666666667,16.33333333,46.33333333,0,0,0,7
00-0033526,S.Perine,2017111905,11/19/2017 0:00,9,0,1,2,23,117,1,0,0,13.75,0.25,1.5,1.5,14.5,43.5,0,0,0,22.6
00-0033526,S.Perine,2017112302,11/23/2017 0:00,30,0,3,4,24,100,0,0,0,12.8,0.2,1.4,1.6,16.2,58.2,0.2,0,0,16
00-0033526,S.Perine,2017113000,11/30/2017 0:00,31,0,3,3,12,38,0,0,0,15.66666667,0.166666667,1.666666667,2,17.5,65.16666667,0.166666667,0,0,9.9
00-0033526,S.Perine,2017121010,12/10/2017 0:00,7,0,4,4,17,45,0,0,0,20.83333333,0.166666667,2,2.333333333,16,60.33333333,0.166666667,0,0,9.2
00-0033526,S.Perine,2017121707,12/17/2017 0:00,29,0,2,2,14,37,0,0,0,21,0.166666667,2.5,2.833333333,15.66666667,59.66666667,0.166666667,0,0,8.6
00-0033526,S.Perine,2017122408,12/24/2017 0:00,21,0,3,3,17,53,0,0,0,21.83333333,0,2.333333333,2.666666667,16.5,62,0.166666667,0,0,10.4
,,,,,,,,,,,,,21.16666667,0,2.666666667,3,17.83333333,65,0.166666667,0,0,0
00-0033553,J.Conner,2018091605,9/16/2018 0:00,48,0,5,5,8,17,1,0,0,57,0,5,6,31,135,2,0,0,17.5
00-0033553,J.Conner,2018092400,9/24/2018 0:00,34,0,5,6,15,61,0,0,0,52.5,0,5,5.5,19.5,76,1.5,0,0,14.5
00-0033553,J.Conner,2018093012,9/30/2018 0:00,25,0,3,7,9,19,0,0,0,46.33333333,0,5,5.666666667,18,71,1,0,0,7.4
00-0033553,J.Conner,2018100707,10/7/2018 0:00,75,0,4,4,21,110,2,0,0,41,0,4.5,6,15.75,58,0.75,0,0,37.5
00-0033553,J.Conner,2018101401,10/14/2018 0:00,18,0,4,7,19,111,2,0,0,47.8,0,4.4,5.6,16.8,68.4,1,0,0,31.9
00-0033553,J.Conner,2018102807,10/28/2018 0:00,66,0,5,6,24,146,2,0,0,42.83333333,0,4.333333333,5.833333333,17.16666667,75.5,1.166666667,0,0,41.2
00-0033553,J.Conner,2018110400,11/4/2018 0:00,56,1,7,9,24,107,0,0,0,44.33333333,0,4.333333333,5.833333333,16,77.33333333,1.166666667,0,0,32.3
00-0033553,J.Conner,2018110800,11/8/2018 0:00,8,0,1,1,13,65,1,0,1,45.66666667,0.166666667,4.666666667,6.5,18.66666667,92.33333333,1,0,0,13.3
00-0033553,J.Conner,2018111810,11/18/2018 0:00,24,0,6,9,9,25,0,0,0,41.33333333,0.166666667,4,5.666666667,18.33333333,93,1.166666667,0,0.166666667,10.9
00-0033553,J.Conner,2018112509,11/25/2018 0:00,42,0,4,4,13,53,0,1,1,41.16666667,0.166666667,4.5,6,18.33333333,94,1.166666667,0,0.166666667,12.5
00-0033553,J.Conner,2018120208,12/2/2018 0:00,14,0,3,4,15,60,2,0,0,35.66666667,0.166666667,4.5,6,17,84.5,0.833333333,0.166666667,0.333333333,22.4
00-0033553,J.Conner,2018123009,12/30/2018 0:00,30,0,3,3,14,64,0,0,0,35,0.166666667,4.333333333,5.5,16.33333333,76,0.833333333,0.166666667,0.333333333,12.4
00-0033553,J.Conner,2019090812,9/8/2019 0:00,44,0,4,4,10,21,0,0,0,29,0.166666667,4,5,14.66666667,62.33333333,0.5,0.166666667,0.333333333,10.5
00-0033553,J.Conner,2019091507,9/15/2019 0:00,12,0,3,4,11,33,1,0,0,27,0,3.5,4.166666667,12.33333333,48,0.5,0.166666667,0.333333333,13.5
00-0033553,J.Conner,2019092212,9/22/2019 0:00,14,0,4,4,13,43,0,0,0,27.66666667,0,3.833333333,4.666666667,12,42.66666667,0.5,0.166666667,0.166666667,9.7
00-0033553,J.Conner,2019093000,9/30/2019 0:00,83,1,8,8,10,42,0,0,0,26,0,3.5,3.833333333,12.66666667,45.66666667,0.5,0.166666667,0.166666667,26.5
00-0033553,J.Conner,2019101311,10/13/2019 0:00,78,1,7,7,16,41,1,0,0,32.83333333,0.166666667,4.166666667,4.5,12.16666667,43.83333333,0.5,0,0,30.9
00-0033553,J.Conner,2019102800,10/28/2019 0:00,5,0,3,4,23,145,1,0,0,43.5,0.333333333,4.833333333,5,12.33333333,40.66666667,0.333333333,0,0,27
00-0033553,J.Conner,2019121506,12/15/2019 0:00,9,1,4,5,8,42,0,0,0,39.33333333,0.333333333,4.833333333,5.166666667,13.83333333,54.16666667,0.5,0,0,15.1
,,,,,,,,,,,,,33.5,0.5,4.833333333,5.333333333,13.5,57.66666667,0.5,0,0,0
00-0033556,T.Cohen,2017101501,10/15/2017 0:00,14,0,1,3,14,32,0,0,0,24,0,4,4,12,78,0,0,0,5.6
00-0033556,T.Cohen,2017111900,11/19/2017 0:00,15,0,4,6,9,44,1,0,0,19,0,2.5,3.5,13,55,0,0,0,15.9
00-0033556,T.Cohen,2017121002,12/10/2017 0:00,5,0,2,2,12,80,0,0,0,17.66666667,0,3,4.333333333,11.66666667,51.33333333,0.333333333,0,0,10.5
00-0033556,T.Cohen,2018093001,9/30/2018 0:00,121,1,7,8,13,53,0,0,0,14.5,0,2.75,3.75,11.75,58.5,0.25,0,0,33.4
00-0033556,T.Cohen,2018120207,12/2/2018 0:00,156,0,12,14,8,30,0,0,0,35.8,0.2,3.6,4.6,12,57.4,0.2,0,0,33.6
00-0033556,T.Cohen,2018120901,12/9/2018 0:00,20,0,4,4,9,69,0,0,0,55.83333333,0.166666667,5,6.166666667,11.33333333,52.83333333,0.166666667,0,0,12.9
00-0033556,T.Cohen,2019111711,11/17/2019 0:00,35,1,5,6,9,39,0,0,0,55.16666667,0.166666667,5,6.166666667,10.83333333,51.33333333,0.166666667,0,0,18.4
00-0033556,T.Cohen,2019121503,12/15/2019 0:00,57,0,7,10,8,28,0,1,1,58.66666667,0.333333333,5.666666667,6.666666667,10,52.5,0.166666667,0,0,14.5
,,,,,,,,,,,,,65.66666667,0.333333333,6.166666667,7.333333333,9.833333333,49.83333333,0,0.166666667,0.166666667,0
00-0033567,B.Hill,2018123010,12/30/2018 0:00,9,0,1,1,8,30,0,0,0,0,0,0,1,8,115,0,0,0,4.9
00-0033567,B.Hill,2019111004,11/10/2019 0:00,10,1,1,2,20,61,0,0,0,4.5,0,0.5,1,8,72.5,0,0,0,14.1
00-0033567,B.Hill,2019111701,11/17/2019 0:00,8,0,1,3,15,30,0,0,0,6.333333333,0.333333333,0.666666667,1.333333333,12,68.66666667,0,0,0,4.8
00-0033567,B.Hill,2019112400,11/24/2019 0:00,13,0,3,4,9,14,0,0,0,6.75,0.25,0.75,1.75,12.75,59,0,0,0,5.7
,,,,,,,,,,,,,8,0.2,1.2,2.2,12,50,0,0,0,0
00-0033594,C.Carson,2017092410,9/24/2017 0:00,18,1,2,2,11,34,0,0,0,7,0,1,2,20,93,0,0,0,13.2
00-0033594,C.Carson,2017100113,10/1/2017 0:00,24,0,3,3,12,42,0,0,0,12.5,0.5,1.5,2,15.5,63.5,0,0,0,9.6
00-0033594,C.Carson,2018092312,9/23/2018 0:00,22,0,2,2,32,102,1,0,0,16.33333333,0.333333333,2,2.333333333,14.33333333,56.33333333,0,0,0,23.4
00-0033594,C.Carson,2018100711,10/7/2018 0:00,11,0,1,1,19,116,0,0,0,17.75,0.25,2,2.25,18.75,67.75,0.25,0,0,16.7
00-0033594,C.Carson,2018102804,10/28/2018 0:00,19,0,2,2,25,105,1,0,0,16.4,0.2,1.8,2,18.8,77.4,0.2,0,0,23.4
00-0033594,C.Carson,2018112502,11/25/2018 0:00,8,0,2,2,16,55,1,0,0,16.83333333,0.166666667,1.833333333,2,19.83333333,82,0.333333333,0,0,14.3
00-0033594,C.Carson,2018120213,12/2/2018 0:00,39,0,3,4,13,69,0,0,0,17,0.166666667,2,2,19.16666667,75.66666667,0.5,0,0,13.8
00-0033594,C.Carson,2018121609,12/16/2018 0:00,29,0,6,6,22,119,1,0,0,20.5,0,2.166666667,2.333333333,19.5,81.5,0.5,0,0,29.8
00-0033594,C.Carson,2018123015,12/30/2018 0:00,7,0,1,1,19,122,1,0,0,21.33333333,0,2.666666667,2.833333333,21.16666667,94.33333333,0.666666667,0,0,22.9
00-0033594,C.Carson,2019090808,9/8/2019 0:00,34,1,6,7,15,46,1,1,1,18.83333333,0,2.5,2.666666667,19,97.66666667,0.666666667,0,0,25
00-0033594,C.Carson,2019091507,9/15/2019 0:00,27,0,3,3,15,60,0,0,0,22.66666667,0.166666667,3.333333333,3.666666667,18.33333333,86,0.833333333,0.166666667,0.166666667,11.7
00-0033594,C.Carson,2019092211,9/22/2019 0:00,-2,0,1,1,15,52,0,0,0,24,0.166666667,3.5,3.833333333,16.66666667,78.5,0.666666667,0.166666667,0.166666667,6
00-0033594,C.Carson,2019092908,9/29/2019 0:00,41,0,4,4,22,104,0,0,0,22.33333333,0.166666667,3.333333333,3.666666667,16.5,78,0.5,0.166666667,0.166666667,21.5
00-0033594,C.Carson,2019100300,10/3/2019 0:00,5,1,1,2,27,118,0,0,0,22.66666667,0.166666667,3.5,3.666666667,18,83.83333333,0.5,0.166666667,0.166666667,22.3
00-0033594,C.Carson,2019101302,10/13/2019 0:00,35,0,4,4,24,124,1,0,0,18.66666667,0.333333333,2.666666667,3,18.83333333,83.66666667,0.333333333,0.166666667,0.166666667,28.9
00-0033594,C.Carson,2019102010,10/20/2019 0:00,9,0,3,5,21,65,0,0,0,23.33333333,0.333333333,3.166666667,3.5,19.66666667,84,0.333333333,0.166666667,0.166666667,10.4
00-0033594,C.Carson,2019102700,10/27/2019 0:00,0,0,0,1,20,90,1,0,0,19.16666667,0.166666667,2.666666667,3.166666667,20.66666667,87.16666667,0.166666667,0,0,15
00-0033594,C.Carson,2019110308,11/3/2019 0:00,28,0,2,3,16,105,0,0,0,14.66666667,0.166666667,2.166666667,2.833333333,21.5,92.16666667,0.333333333,0,0,18.3
00-0033594,C.Carson,2019111100,11/11/2019 0:00,12,0,3,4,25,89,1,0,0,19.66666667,0.166666667,2.333333333,3.166666667,21.66666667,101,0.333333333,0,0,19.1
00-0033594,C.Carson,2019112411,11/24/2019 0:00,31,0,4,4,8,26,0,0,0,14.83333333,0.166666667,2.166666667,3.166666667,22.16666667,98.5,0.5,0,0,9.7
00-0033594,C.Carson,2019120200,12/2/2019 0:00,7,0,1,2,23,102,1,0,0,19.16666667,0,2.666666667,3.5,19,83.16666667,0.5,0,0,20.9
00-0033594,C.Carson,2019120813,12/8/2019 0:00,15,0,3,4,15,76,0,0,0,14.5,0,2.166666667,3.166666667,18.83333333,79.5,0.5,0,0,12.1
00-0033594,C.Carson,2019121500,12/15/2019 0:00,4,0,1,2,24,133,2,0,0,15.5,0,2.166666667,3,17.83333333,81.33333333,0.5,0,0,29.7
00-0033594,C.Carson,2019122213,12/22/2019 0:00,20,0,1,1,8,40,0,0,0,16.16666667,0,2.333333333,3.166666667,18.5,88.5,0.666666667,0,0,7
,,,,,,,,,,,,,14.83333333,0,2.166666667,2.833333333,17.16666667,77.66666667,0.666666667,0,0,0
00-0033699,A.Ekeler,2018091601,9/16/2018 0:00,21,0,3,3,11,77,0,0,0,77,2,5,5,10,42,0,0,0,12.8
00-0033699,A.Ekeler,2018093010,9/30/2018 0:00,31,1,2,3,8,25,0,0,0,49,1,4,4,10.5,59.5,0,0,0,13.6
00-0033699,A.Ekeler,2018102100,10/21/2018 0:00,26,0,5,7,12,42,0,0,0,43,1,3.333333333,3.666666667,9.666666667,48,0,0,0,11.8
00-0033699,A.Ekeler,2018120208,12/2/2018 0:00,22,0,5,8,13,21,0,0,0,38.75,0.75,3.75,4.5,10.25,46.5,0,0,0,9.3
00-0033699,A.Ekeler,2018120909,12/9/2018 0:00,28,0,2,5,15,66,1,0,0,35.4,0.6,4,5.2,10.8,41.4,0,0,0,17.4
00-0033699,A.Ekeler,2018123013,12/30/2018 0:00,0,0,0,1,8,58,1,0,0,34.16666667,0.5,3.666666667,5.166666667,11.5,45.5,0.166666667,0,0,11.8
00-0033699,A.Ekeler,2019090807,9/8/2019 0:00,96,2,6,7,12,58,1,0,0,21.33333333,0.166666667,2.833333333,4.5,11.16666667,48.16666667,0.333333333,0,0,39.4
00-0033699,A.Ekeler,2019091502,9/15/2019 0:00,67,0,6,6,17,66,1,0,0,33.83333333,0.5,3.333333333,5.166666667,11.33333333,45,0.5,0,0,25.3
00-0033699,A.Ekeler,2019092210,9/22/2019 0:00,45,0,7,7,9,36,0,0,0,39.83333333,0.333333333,4,5.666666667,12.83333333,51.83333333,0.666666667,0,0,15.1
00-0033699,A.Ekeler,2019092906,9/29/2019 0:00,62,1,5,5,18,60,1,0,0,43,0.333333333,4.333333333,5.666666667,12.33333333,50.83333333,0.666666667,0,0,29.2
00-0033699,A.Ekeler,2019110310,11/3/2019 0:00,23,0,4,4,12,70,0,0,0,49.66666667,0.5,4.333333333,5.166666667,13.16666667,57.33333333,0.833333333,0,0,13.3
00-0033699,A.Ekeler,2019120109,12/1/2019 0:00,51,1,4,5,9,16,0,0,0,48.83333333,0.5,4.666666667,5,12.66666667,58,0.666666667,0,0,16.7
00-0033699,A.Ekeler,2019120809,12/8/2019 0:00,112,1,4,5,8,101,0,0,0,57.33333333,0.666666667,5.333333333,5.666666667,12.83333333,51,0.5,0,0,37.3
00-0033699,A.Ekeler,2019122908,12/29/2019 0:00,43,0,9,11,9,46,0,0,0,60,0.5,5,5.333333333,12.16666667,58.16666667,0.333333333,0,0,17.9
,,,,,,,,,,,,,56,0.5,5.5,6.166666667,10.83333333,54.83333333,0.166666667,0,0,0
00-0033725,C.Clement,2017110505,11/5/2017 0:00,15,1,1,1,12,51,2,0,0,0,0,0,1,10,54,0,0,0,25.6
00-0033725,C.Clement,2018092308,9/23/2018 0:00,19,0,3,4,16,56,0,0,0,7.5,0.5,0.5,1,11,52.5,1,0,0,10.5
00-0033725,C.Clement,2018101100,10/11/2018 0:00,26,0,3,3,11,43,1,0,0,11.33333333,0.333333333,1.333333333,2,12.66666667,53.66666667,0.666666667,0,0,15.9
00-0033725,C.Clement,2018102108,10/21/2018 0:00,16,0,2,2,8,6,0,0,0,15,0.25,1.75,2.25,12.25,51,0.75,0,0,4.2
,,,,,,,,,,,,,15.2,0.2,1.8,2.2,11.4,42,0.6,0,0,0
,,,,,,,,,,,,,14,0,2,2,9,21,0,0,0,0
00-0033856,L.Fournette,2017091703,9/17/2017 0:00,21,0,2,5,14,40,1,0,0,24,0,3,3,26,100,1,0,0,14.1
00-0033856,L.Fournette,2017092400,9/24/2017 0:00,21,0,3,4,18,89,1,0,0,22.5,0,2.5,4,20,70,1,0,0,20
00-0033856,L.Fournette,2017100108,10/1/2017 0:00,59,1,4,5,24,86,0,0,0,22,0,2.666666667,4,19.33333333,76.33333333,1,0,0,24.5
00-0033856,L.Fournette,2017100807,10/8/2017 0:00,3,0,1,1,28,181,2,0,0,31.25,0.25,3,4.25,20.5,78.75,0.75,0,0,34.4
00-0033856,L.Fournette,2017101508,10/15/2017 0:00,8,0,2,2,21,130,1,0,0,25.6,0.2,2.6,3.6,22,99.2,1,0,0,24.8
00-0033856,L.Fournette,2017111204,11/12/2017 0:00,13,0,2,4,17,33,0,0,0,22.66666667,0.166666667,2.5,3.333333333,21.83333333,104.3333333,1,0,0,6.6
00-0033856,L.Fournette,2017111901,11/19/2017 0:00,7,0,2,3,28,111,0,0,0,20.83333333,0.166666667,2.333333333,3.5,20.33333333,93.16666667,0.833333333,0,0,16.8
00-0033856,L.Fournette,2017112609,11/26/2017 0:00,17,0,3,3,12,25,0,0,0,18.5,0.166666667,2.333333333,3.166666667,22.66666667,105,0.666666667,0,0,7.2
00-0033856,L.Fournette,2017120305,12/3/2017 0:00,22,0,3,4,20,57,1,0,0,17.83333333,0.166666667,2.333333333,3,21.66666667,94.33333333,0.5,0,0,16.9
00-0033856,L.Fournette,2017121005,12/10/2017 0:00,18,0,4,6,24,101,1,0,0,11.66666667,0,2.166666667,2.833333333,21,89.5,0.666666667,0,0,24.9
00-0033856,L.Fournette,2017122409,12/24/2017 0:00,22,0,3,3,18,48,1,0,0,14.16666667,0,2.666666667,3.666666667,20.33333333,76.16666667,0.5,0,0,16
00-0033856,L.Fournette,2017123111,12/31/2017 0:00,67,0,4,5,19,69,0,0,0,16.5,0,2.833333333,3.833333333,19.83333333,62.5,0.5,0,0,17.6
00-0033856,L.Fournette,2018090907,9/9/2018 0:00,14,0,3,3,9,41,0,0,0,25.5,0,3.166666667,4,20.16666667,68.5,0.5,0,0,8.5
00-0033856,L.Fournette,2018093005,9/30/2018 0:00,5,0,1,1,11,30,0,0,0,26.66666667,0,3.333333333,4,17,56.83333333,0.5,0,0,4.5
00-0033856,L.Fournette,2018111104,11/11/2018 0:00,56,1,5,5,24,53,1,0,0,24.66666667,0,3,3.666666667,16.83333333,57.66666667,0.5,0,0,27.9
00-0033856,L.Fournette,2018111810,11/18/2018 0:00,46,0,2,2,28,95,1,0,0,30.33333333,0.166666667,3.333333333,3.833333333,17.5,57,0.5,0,0,22.1
00-0033856,L.Fournette,2018112501,11/25/2018 0:00,13,0,3,3,18,95,2,0,0,35,0.166666667,3,3.166666667,18.16666667,56,0.5,0,0,25.8
00-0033856,L.Fournette,2018120600,12/6/2018 0:00,5,0,2,3,14,36,0,0,0,33.5,0.166666667,3,3.166666667,18.16666667,63.83333333,0.666666667,0,0,6.1
00-0033856,L.Fournette,2018121606,12/16/2018 0:00,18,0,3,4,11,46,0,0,0,23.16666667,0.166666667,2.666666667,2.833333333,17.33333333,58.33333333,0.666666667,0,0,9.4
00-0033856,L.Fournette,2018122302,12/23/2018 0:00,28,0,3,5,18,43,1,0,0,23.83333333,0.166666667,2.666666667,3,17.66666667,59.16666667,0.666666667,0,0,16.1
00-0033856,L.Fournette,2019090802,9/8/2019 0:00,28,0,4,6,13,66,0,1,1,27.66666667,0.166666667,3,3.666666667,18.83333333,61.33333333,0.833333333,0,0,12.4
00-0033856,L.Fournette,2019091504,9/15/2019 0:00,40,0,4,6,16,47,0,0,0,23,0,2.833333333,3.833333333,17,63.5,0.666666667,0.166666667,0.166666667,12.7
00-0033856,L.Fournette,2019091900,9/19/2019 0:00,26,0,6,8,15,66,0,0,0,22,0,3.166666667,4.5,15,55.5,0.5,0.166666667,0.166666667,15.2
00-0033856,L.Fournette,2019092911,9/29/2019 0:00,20,0,2,3,29,225,0,0,0,24.16666667,0,3.666666667,5.333333333,14.5,50.66666667,0.166666667,0.166666667,0.166666667,29.5
00-0033856,L.Fournette,2019100600,10/6/2019 0:00,28,0,4,7,23,108,1,0,0,26.66666667,0,3.666666667,5.333333333,17,82.16666667,0.166666667,0.166666667,0.166666667,26.6
00-0033856,L.Fournette,2019101303,10/13/2019 0:00,46,0,6,6,20,72,0,0,0,28.33333333,0,3.833333333,5.833333333,19,92.5,0.333333333,0.166666667,0.166666667,17.8
00-0033856,L.Fournette,2019102002,10/20/2019 0:00,14,0,2,2,29,131,0,0,0,31.33333333,0,4.333333333,6,19.33333333,97.33333333,0.166666667,0.166666667,0.166666667,19.5
00-0033856,L.Fournette,2019102705,10/27/2019 0:00,60,0,7,7,19,76,0,0,0,29,0,4,5.333333333,22,108.1666667,0.166666667,0,0,20.6
00-0033856,L.Fournette,2019110300,11/3/2019 0:00,32,0,5,6,11,40,0,0,0,32.33333333,0,4.5,5.5,22.5,113,0.166666667,0,0,12.2
00-0033856,L.Fournette,2019111703,11/17/2019 0:00,34,0,7,7,8,23,0,0,0,33.33333333,0,4.333333333,5.166666667,21.83333333,108.6666667,0.166666667,0,0,12.7
00-0033856,L.Fournette,2019112408,11/24/2019 0:00,62,0,9,12,24,97,2,0,0,35.66666667,0,5.166666667,5.833333333,18.33333333,75,0.166666667,0,0,36.9
00-0033856,L.Fournette,2019120104,12/1/2019 0:00,53,0,9,11,14,38,0,0,0,41.33333333,0,6,6.666666667,18.5,73.16666667,0.333333333,0,0,18.1
00-0033856,L.Fournette,2019120809,12/8/2019 0:00,13,0,3,6,15,50,0,0,0,42.5,0,6.5,7.5,17.5,67.5,0.333333333,0,0,9.3
00-0033856,L.Fournette,2019121510,12/15/2019 0:00,31,0,5,7,15,42,0,0,0,42.33333333,0,6.666666667,8.166666667,15.16666667,54,0.333333333,0,0,12.3
00-0033856,L.Fournette,2019122205,12/22/2019 0:00,34,0,3,6,15,71,0,0,0,37.5,0,6.333333333,8.166666667,14.5,48.33333333,0.333333333,0,0,13.5
,,,,,,,,,,,,,37.83333333,0,6,8.166666667,15.16666667,53.5,0.333333333,0,0,0
00-0033893,D.Cook,2017091706,9/17/2017 0:00,0,0,2,3,12,64,0,0,0,10,0,3,5,22,127,0,0,0,8.4
00-0033893,D.Cook,2017092406,9/24/2017 0:00,72,0,5,5,27,97,1,0,0,5,0,2.5,4,17,95.5,0,0,0,27.9
00-0033893,D.Cook,2017100106,10/1/2017 0:00,8,0,1,3,13,66,1,0,0,27.33333333,0,3.333333333,4.333333333,20.33333333,96,0.333333333,0,0,14.4
00-0033893,D.Cook,2018090904,9/9/2018 0:00,55,0,6,7,16,40,0,0,0,22.5,0,2.75,4,18.5,88.5,0.5,0,0,15.5
00-0033893,D.Cook,2018091602,9/16/2018 0:00,52,0,3,5,10,38,0,0,0,29,0,3.4,4.6,18,78.8,0.4,0,0,12
00-0033893,D.Cook,2018110405,11/4/2018 0:00,20,0,4,4,10,89,0,0,0,32.83333333,0,3.333333333,4.666666667,16.66666667,72,0.333333333,0,0,14.9
00-0033893,D.Cook,2018111802,11/18/2018 0:00,-2,0,3,3,9,12,0,0,0,34.5,0,3.5,4.5,14.66666667,65.66666667,0.333333333,0,0,4
00-0033893,D.Cook,2018112510,11/25/2018 0:00,47,1,3,3,10,29,0,0,0,34.16666667,0,3.666666667,4.5,14.16666667,57,0.333333333,0,0,16.6
00-0033893,D.Cook,2018120212,12/2/2018 0:00,22,0,8,10,9,84,0,0,0,30,0.166666667,3.333333333,4.166666667,11.33333333,45.66666667,0.166666667,0,0,18.6
00-0033893,D.Cook,2018121000,12/10/2018 0:00,28,1,5,7,13,55,0,0,0,32.33333333,0.166666667,4.5,5.333333333,10.66666667,48.66666667,0,0,0,19.3
00-0033893,D.Cook,2018121607,12/16/2018 0:00,27,0,1,2,19,136,2,0,0,27.83333333,0.333333333,4.333333333,5.333333333,10.16666667,51.16666667,0,0,0,32.3
00-0033893,D.Cook,2018122307,12/23/2018 0:00,35,0,3,3,16,73,0,0,0,23.66666667,0.333333333,4,4.833333333,11.66666667,67.5,0.333333333,0,0,13.8
00-0033893,D.Cook,2018123005,12/30/2018 0:00,21,0,4,5,11,39,0,0,0,26.16666667,0.333333333,3.833333333,4.666666667,12.66666667,64.83333333,0.333333333,0,0,10
00-0033893,D.Cook,2019090804,9/8/2019 0:00,9,0,2,2,21,111,2,0,0,30,0.333333333,4,5,13,69.33333333,0.333333333,0,0,29
00-0033893,D.Cook,2019091503,9/15/2019 0:00,37,0,3,3,20,154,1,0,0,23.66666667,0.166666667,3.833333333,4.833333333,14.83333333,83,0.666666667,0,0,31.1
00-0033893,D.Cook,2019092205,9/22/2019 0:00,33,0,4,5,16,110,1,0,0,26.16666667,0.166666667,3,3.666666667,16.66666667,94.66666667,0.833333333,0,0,27.3
00-0033893,D.Cook,2019092910,9/29/2019 0:00,35,0,6,8,14,35,1,0,0,27,0,2.833333333,3.333333333,17.16666667,103.8333333,1,0,0,19
00-0033893,D.Cook,2019100604,10/6/2019 0:00,86,0,6,6,21,132,0,0,0,28.33333333,0,3.666666667,4.333333333,16.33333333,87,0.833333333,0,0,30.8
00-0033893,D.Cook,2019101306,10/13/2019 0:00,13,0,2,2,16,41,1,0,0,36.83333333,0,4.166666667,4.833333333,17.16666667,96.83333333,0.833333333,0,0,13.4
00-0033893,D.Cook,2019102003,10/20/2019 0:00,7,0,1,2,25,142,2,0,0,35.5,0,3.833333333,4.333333333,18,97.16666667,1,0,0,30.9
00-0033893,D.Cook,2019102400,10/24/2019 0:00,73,0,5,6,23,98,1,0,0,35.16666667,0,3.666666667,4.333333333,18.66666667,102.3333333,1,0,0,28.1
00-0033893,D.Cook,2019110303,11/3/2019 0:00,45,0,4,7,21,71,0,0,0,41.16666667,0,4,4.833333333,19.16666667,93,1,0,0,15.6
00-0033893,D.Cook,2019111010,11/10/2019 0:00,86,0,7,7,26,97,1,0,0,43.16666667,0,4,5.166666667,20,86.5,0.833333333,0,0,31.3
00-0033893,D.Cook,2019111705,11/17/2019 0:00,31,0,5,6,11,26,1,0,0,51.66666667,0,4.166666667,5,22,96.83333333,0.833333333,0,0,16.7
00-0033893,D.Cook,2019120200,12/2/2019 0:00,35,0,3,4,9,29,1,0,1,42.5,0,4,5,20.33333333,79.16666667,1,0,0,14.4
00-0033893,D.Cook,2019120805,12/8/2019 0:00,13,0,2,2,18,62,1,0,0,46.16666667,0,4.166666667,5.333333333,19.16666667,77.16666667,1,0,0.166666667,15.5
00-0033893,D.Cook,2019121513,12/15/2019 0:00,16,0,3,3,9,27,0,0,0,47.16666667,0,4.333333333,5.333333333,18,63.83333333,0.833333333,0,0.166666667,7.3
,,,,,,,,,,,,,37.66666667,0,4,4.833333333,15.66666667,52,0.666666667,0,0.166666667,0
00-0033897,J.Mixon,2017091400,9/14/2017 0:00,5,0,1,1,9,36,0,0,0,15,0,3,3,8,9,0,0,0,5.1
00-0033897,J.Mixon,2017092411,9/24/2017 0:00,39,0,3,3,18,62,0,0,0,10,0,2,2,8.5,22.5,0,0,0,13.1
00-0033897,J.Mixon,2017100103,10/1/2017 0:00,19,0,4,4,17,29,0,0,0,19.66666667,0,2.333333333,2.333333333,11.66666667,35.66666667,0,0,0,8.8
00-0033897,J.Mixon,2017102902,10/29/2017 0:00,91,0,3,3,11,18,0,1,1,19.5,0,2.75,2.75,13,34,0,0,0,12.9
00-0033897,J.Mixon,2017110502,11/5/2017 0:00,15,0,3,4,13,31,1,0,0,33.8,0,2.8,2.8,12.6,30.8,0,0.2,0.2,13.6
00-0033897,J.Mixon,2017111206,11/12/2017 0:00,3,0,1,3,9,37,1,0,0,30.66666667,0,2.833333333,3,12.66666667,30.83333333,0.166666667,0.166666667,0.166666667,11
00-0033897,J.Mixon,2017111908,11/19/2017 0:00,0,0,2,2,20,49,0,0,0,28.66666667,0,2.5,3,12.83333333,35.5,0.333333333,0.166666667,0.166666667,6.9
00-0033897,J.Mixon,2017112601,11/26/2017 0:00,51,0,3,3,23,114,1,0,0,27.83333333,0,2.666666667,3.166666667,14.66666667,37.66666667,0.333333333,0.166666667,0.166666667,28.5
00-0033897,J.Mixon,2017123101,12/31/2017 0:00,1,0,1,1,18,96,0,0,0,29.83333333,0,2.666666667,3.166666667,15.5,46.33333333,0.5,0.166666667,0.166666667,10.7
00-0033897,J.Mixon,2018090902,9/9/2018 0:00,54,0,5,7,17,95,1,0,0,26.83333333,0,2.166666667,2.666666667,15.66666667,57.5,0.5,0.166666667,0.166666667,25.9
00-0033897,J.Mixon,2018091300,9/13/2018 0:00,3,0,1,1,21,84,0,0,0,20.66666667,0,2.5,3.333333333,16.66666667,70.33333333,0.666666667,0,0,9.7
00-0033897,J.Mixon,2018100702,10/7/2018 0:00,22,1,3,4,22,93,0,0,0,18.66666667,0,2.166666667,2.833333333,18,79.16666667,0.5,0,0,20.5
00-0033897,J.Mixon,2018101401,10/14/2018 0:00,20,0,4,7,11,64,1,0,0,21.83333333,0.166666667,2.5,3,20.16666667,88.5,0.333333333,0,0,18.4
00-0033897,J.Mixon,2018102105,10/21/2018 0:00,1,0,3,5,13,50,0,0,0,25.16666667,0.166666667,2.833333333,3.833333333,18.66666667,91,0.5,0,0,8.1
00-0033897,J.Mixon,2018102803,10/28/2018 0:00,15,0,3,4,21,123,2,0,0,16.83333333,0.166666667,2.833333333,4.166666667,17,80.33333333,0.333333333,0,0,31.8
00-0033897,J.Mixon,2018111101,11/11/2018 0:00,24,0,2,2,11,61,0,0,0,19.16666667,0.166666667,3.166666667,4.666666667,17.5,84.83333333,0.666666667,0,0,10.5
00-0033897,J.Mixon,2018111801,11/18/2018 0:00,38,0,3,3,12,14,1,0,0,14.16666667,0.166666667,2.666666667,3.833333333,16.5,79.16666667,0.5,0,0,14.2
00-0033897,J.Mixon,2018112503,11/25/2018 0:00,66,0,7,7,14,89,0,0,0,20,0.166666667,3,4.166666667,15,67.5,0.666666667,0,0,22.5
00-0033897,J.Mixon,2018120201,12/2/2018 0:00,13,0,2,2,12,82,0,0,0,27.33333333,0,3.666666667,4.666666667,13.66666667,66.83333333,0.666666667,0,0,11.5
00-0033897,J.Mixon,2018120909,12/9/2018 0:00,27,0,5,6,26,111,1,0,0,26.16666667,0,3.333333333,3.833333333,13.83333333,69.83333333,0.5,0,0,27.8
00-0033897,J.Mixon,2018121604,12/16/2018 0:00,1,0,2,4,27,129,2,0,0,30.5,0,3.666666667,4,16,80,0.666666667,0,0,30
00-0033897,J.Mixon,2018122305,12/23/2018 0:00,10,0,2,2,17,68,0,0,0,28.16666667,0,3.5,4,17,81,0.666666667,0,0,9.8
00-0033897,J.Mixon,2018123009,12/30/2018 0:00,2,0,1,1,13,105,0,0,0,25.83333333,0,3.5,4,18,82.16666667,0.666666667,0,0,14.7
00-0033897,J.Mixon,2019091501,9/15/2019 0:00,10,0,3,5,11,17,0,0,0,19.83333333,0,3.166666667,3.666666667,18.16666667,97.33333333,0.5,0,0,5.7
00-0033897,J.Mixon,2019092200,9/22/2019 0:00,34,1,2,2,15,60,0,0,0,10.5,0,2.5,3.333333333,17.66666667,85.33333333,0.5,0,0,17.4
00-0033897,J.Mixon,2019093000,9/30/2019 0:00,1,0,4,5,15,62,0,0,0,14,0.166666667,2.5,3.333333333,18.16666667,81.66666667,0.5,0,0,10.3
00-0033897,J.Mixon,2019100601,10/6/2019 0:00,16,0,1,1,19,93,0,0,0,9.666666667,0.166666667,2.333333333,3.166666667,16.33333333,73.5,0.333333333,0,0,11.9
00-0033897,J.Mixon,2019101301,10/13/2019 0:00,29,0,2,3,8,10,0,0,0,12.16666667,0.166666667,2.166666667,2.666666667,15,67.5,0,0,0,5.9
00-0033897,J.Mixon,2019102002,10/20/2019 0:00,2,1,1,2,10,2,0,0,0,15.33333333,0.166666667,2.166666667,2.833333333,13.5,57.83333333,0,0,0,7.4
00-0033897,J.Mixon,2019102706,10/27/2019 0:00,11,1,4,4,17,66,0,0,0,15.33333333,0.333333333,2.166666667,3,13,40.66666667,0,0,0,17.7
00-0033897,J.Mixon,2019111001,11/10/2019 0:00,37,0,2,3,30,114,0,0,0,15.5,0.5,2.333333333,2.833333333,14,48.83333333,0,0,0,20.1
00-0033897,J.Mixon,2019111709,11/17/2019 0:00,17,0,1,3,15,86,1,0,0,16,0.333333333,2.333333333,3,16.5,57.83333333,0,0,0,17.3
00-0033897,J.Mixon,2019120102,12/1/2019 0:00,26,0,4,4,19,44,1,0,0,18.66666667,0.333333333,1.833333333,2.666666667,16.5,61.83333333,0.166666667,0,0,17
00-0033897,J.Mixon,2019120802,12/8/2019 0:00,40,0,3,4,23,146,1,0,0,20.33333333,0.333333333,2.333333333,3.166666667,16.5,53.66666667,0.333333333,0,0,30.6
00-0033897,J.Mixon,2019121501,12/15/2019 0:00,20,0,3,3,25,136,0,0,0,22.16666667,0.333333333,2.5,3.333333333,19,76.33333333,0.5,0,0,21.6
00-0033897,J.Mixon,2019122208,12/22/2019 0:00,23,0,2,2,21,50,0,0,0,25.16666667,0.166666667,2.833333333,3.5,21.5,98.66666667,0.5,0,0,9.3
00-0033897,J.Mixon,2019122903,12/29/2019 0:00,14,0,1,1,26,162,2,0,0,27.16666667,0,2.5,3.166666667,22.16666667,96,0.5,0,0,33.6
,,,,,,,,,,,,,23.33333333,0,2.333333333,2.833333333,21.5,104,0.833333333,0,0,0
00-0033906,A.Kamara,2017102203,10/22/2017 0:00,50,0,5,7,9,57,0,0,0,12,0,3,3,10,75,0,0,0,15.7
00-0033906,A.Kamara,2017102904,10/29/2017 0:00,48,0,3,3,8,28,1,0,0,31,0,4,5,9.5,66,0,0,0,16.6
00-0033906,A.Kamara,2017110503,11/5/2017 0:00,84,1,6,7,10,68,1,0,0,36.66666667,0,3.666666667,4.333333333,9,53.33333333,0.333333333,0,0,33.2
00-0033906,A.Kamara,2017111200,11/12/2017 0:00,32,0,5,5,12,106,1,0,0,48.5,0.25,4.25,5,9.25,57,0.5,0,0,27.8
00-0033906,A.Kamara,2017111905,11/19/2017 0:00,74,1,6,9,9,44,0,0,0,45.2,0.2,4.4,5,9.8,66.8,0.6,0,0,23.8
00-0033906,A.Kamara,2017120307,12/3/2017 0:00,66,0,5,6,9,60,2,0,0,50,0.333333333,4.666666667,5.666666667,9.666666667,63,0.5,0,0,29.6
00-0033906,A.Kamara,2017121705,12/17/2017 0:00,45,1,6,7,12,44,0,0,0,59,0.333333333,5,6.166666667,9.5,60.5,0.833333333,0,0,20.9
00-0033906,A.Kamara,2017122405,12/24/2017 0:00,58,0,7,9,12,32,0,0,0,58.16666667,0.5,5.166666667,6.166666667,10,58.33333333,0.833333333,0,0,16
00-0033906,A.Kamara,2017123110,12/31/2017 0:00,84,0,6,7,9,44,1,0,0,59.83333333,0.5,5.833333333,7.166666667,10.66666667,59,0.666666667,0,0,24.8
00-0033906,A.Kamara,2018090906,9/9/2018 0:00,112,1,9,12,9,31,2,0,0,59.83333333,0.333333333,5.833333333,7.166666667,10.5,55,0.666666667,0,0,44.3
00-0033906,A.Kamara,2018091603,9/16/2018 0:00,53,0,6,6,14,48,0,0,0,73.16666667,0.5,6.5,8.333333333,10,42.5,0.833333333,0,0,16.1
00-0033906,A.Kamara,2018092300,9/23/2018 0:00,124,0,15,20,16,66,0,0,0,69.66666667,0.333333333,6.5,7.833333333,10.83333333,43.16666667,0.833333333,0,0,37
00-0033906,A.Kamara,2018093011,9/30/2018 0:00,47,0,5,9,19,134,3,0,0,79.33333333,0.333333333,8.166666667,10.16666667,12,44.16666667,0.5,0,0,44.1
00-0033906,A.Kamara,2018102101,10/21/2018 0:00,11,0,2,2,17,64,1,0,0,79.66666667,0.166666667,8,10.5,13.16666667,59.16666667,1,0,0,15.5
00-0033906,A.Kamara,2018102811,10/28/2018 0:00,31,1,7,8,13,45,1,0,0,71.83333333,0.166666667,7.166666667,9.333333333,14,64.5,1.166666667,0,0,26.6
00-0033906,A.Kamara,2018110409,11/4/2018 0:00,34,1,4,5,19,82,2,0,0,63,0.333333333,7.333333333,9.5,14.66666667,64.66666667,1.166666667,0,0,33.6
00-0033906,A.Kamara,2018111101,11/11/2018 0:00,46,0,4,5,12,56,2,0,0,50,0.333333333,6.5,8.333333333,16.33333333,73.16666667,1.166666667,0,0,26.2
00-0033906,A.Kamara,2018111809,11/18/2018 0:00,37,1,1,1,13,71,0,0,0,48.83333333,0.333333333,6.166666667,8.166666667,16,74.5,1.5,0,0,17.8
00-0033906,A.Kamara,2018112202,11/22/2018 0:00,9,0,1,1,14,89,0,0,0,34.33333333,0.5,3.833333333,5,15.5,75.33333333,1.5,0,0,10.8
00-0033906,A.Kamara,2018112900,11/29/2018 0:00,36,0,8,11,11,36,0,0,0,28,0.5,3.166666667,3.666666667,14.66666667,67.83333333,1,0,0,15.2
00-0033906,A.Kamara,2018120907,12/9/2018 0:00,36,0,5,6,13,53,0,0,0,32.16666667,0.5,4.166666667,5.166666667,13.66666667,63.16666667,0.833333333,0,0,13.9
00-0033906,A.Kamara,2018121700,12/17/2018 0:00,36,0,7,9,14,67,1,0,0,33,0.333333333,3.833333333,4.833333333,13.66666667,64.5,0.666666667,0,0,23.3
00-0033906,A.Kamara,2019090900,9/9/2019 0:00,72,0,7,8,13,97,0,0,0,33.33333333,0.166666667,4.333333333,5.5,12.83333333,62,0.5,0,0,23.9
00-0033906,A.Kamara,2019091512,9/15/2019 0:00,15,0,1,3,13,45,0,0,0,37.66666667,0.166666667,4.833333333,6,13,68.83333333,0.166666667,0,0,7
00-0033906,A.Kamara,2019092211,9/22/2019 0:00,92,1,9,10,16,69,1,0,0,34,0,4.833333333,6.333333333,13,64.5,0.166666667,0,0,37.1
00-0033906,A.Kamara,2019092912,9/29/2019 0:00,20,0,3,3,17,69,0,0,0,47.83333333,0.166666667,6.166666667,7.833333333,13.33333333,61.16666667,0.333333333,0,0,11.9
00-0033906,A.Kamara,2019100603,10/6/2019 0:00,42,0,6,7,16,62,0,0,0,45.16666667,0.166666667,5.333333333,6.5,14.33333333,66.66666667,0.333333333,0,0,16.4
00-0033906,A.Kamara,2019101303,10/13/2019 0:00,35,0,7,8,11,31,0,0,0,46.16666667,0.166666667,5.5,6.666666667,14.83333333,68.16666667,0.333333333,0,0,13.6
00-0033906,A.Kamara,2019111706,11/17/2019 0:00,47,0,10,10,13,75,0,0,1,46,0.166666667,5.5,6.5,14.33333333,62.16666667,0.166666667,0,0,21.2
00-0033906,A.Kamara,2019112405,11/24/2019 0:00,48,0,9,9,11,54,0,0,0,41.83333333,0.166666667,6,6.833333333,14.33333333,58.5,0.166666667,0,0.166666667,19.2
00-0033906,A.Kamara,2019112802,11/28/2019 0:00,23,0,4,8,11,61,0,0,0,47.33333333,0.166666667,7.333333333,7.833333333,14,60,0.166666667,0,0.166666667,12.4
00-0033906,A.Kamara,2019120806,12/8/2019 0:00,18,0,4,6,13,25,0,0,0,35.83333333,0,6.5,7.5,13.16666667,58.66666667,0,0,0.166666667,8.3
00-0033906,A.Kamara,2019121600,12/16/2019 0:00,23,0,5,5,14,66,0,0,0,35.5,0,6.666666667,8,12.5,51.33333333,0,0,0.166666667,13.9
00-0033906,A.Kamara,2019122210,12/22/2019 0:00,30,0,6,7,11,80,2,0,0,32.33333333,0,6.5,7.666666667,12.16666667,52,0,0,0.166666667,29
00-0033906,A.Kamara,2019122902,12/29/2019 0:00,18,0,2,3,8,39,2,0,0,31.5,0,6.333333333,7.5,12.16666667,60.16666667,0.333333333,0,0.166666667,19.7
,,,,,,,,,,,,,26.66666667,0,5,6.333333333,11.33333333,54.16666667,0.666666667,0,0,0
00-0033923,K.Hunt,2017091704,9/17/2017 0:00,28,0,3,3,13,81,2,0,0,98,2,5,5,17,148,1,0,0,25.9
00-0033923,K.Hunt,2017092412,9/24/2017 0:00,11,0,1,1,17,172,1,0,0,63,1,4,4,15,114.5,1.5,0,0,28.3
00-0033923,K.Hunt,2017100200,10/2/2017 0:00,20,0,4,4,21,101,0,0,0,45.66666667,0.666666667,3,3,15.66666667,133.6666667,1.333333333,0,0,19.1
00-0033923,K.Hunt,2017100811,10/8/2017 0:00,9,0,3,4,29,107,0,0,0,39.25,0.5,3.25,3.25,17,125.5,1,0,0,17.6
00-0033923,K.Hunt,2017101509,10/15/2017 0:00,89,0,5,6,9,21,0,0,0,33.2,0.4,3.2,3.4,19.4,121.8,0.8,0,0,16
00-0033923,K.Hunt,2017101900,10/19/2017 0:00,30,0,4,4,18,87,0,0,0,42.5,0.333333333,3.5,3.833333333,17.66666667,105,0.666666667,0,0,15.7
00-0033923,K.Hunt,2017103000,10/30/2017 0:00,22,0,3,5,22,46,0,0,0,31.16666667,0,3.333333333,3.666666667,17.83333333,94.83333333,0.5,0,0,9.8
00-0033923,K.Hunt,2017110509,11/5/2017 0:00,24,0,4,5,9,37,0,0,0,30.16666667,0,3.333333333,4,19.33333333,89,0.166666667,0,0,10.1
00-0033923,K.Hunt,2017111906,11/19/2017 0:00,4,0,3,4,18,73,0,0,0,32.33333333,0,3.833333333,4.666666667,18,66.5,0,0,0,10.7
00-0033923,K.Hunt,2017112603,11/26/2017 0:00,9,0,1,1,11,17,0,0,0,29.66666667,0,3.666666667,4.666666667,17.5,61.83333333,0,0,0,3.6
00-0033923,K.Hunt,2017120308,12/3/2017 0:00,23,0,3,5,9,40,0,0,0,29.66666667,0,3.333333333,4.166666667,14.5,46.83333333,0,0,0,9.3
00-0033923,K.Hunt,2017121006,12/10/2017 0:00,22,0,3,3,25,116,1,0,0,18.66666667,0,3,4,14.5,50,0,0,0,25.8
00-0033923,K.Hunt,2017121601,12/16/2017 0:00,51,1,7,9,24,155,1,0,0,17.33333333,0,2.833333333,3.833333333,15.66666667,54.83333333,0.166666667,0,0,42.6
00-0033923,K.Hunt,2017122403,12/24/2017 0:00,15,0,4,4,29,91,1,0,0,22.16666667,0.166666667,3.5,4.5,16,73,0.333333333,0,0,20.6
00-0033923,K.Hunt,2018090908,9/9/2018 0:00,0,0,0,1,16,49,0,0,0,20.66666667,0.166666667,3.5,4.333333333,19.33333333,82,0.5,0,0,4.9
00-0033923,K.Hunt,2018091605,9/16/2018 0:00,5,1,1,1,18,75,0,0,0,20,0.166666667,3,3.833333333,19,78,0.5,0,0,15
00-0033923,K.Hunt,2018092305,9/23/2018 0:00,0,0,0,1,18,44,2,0,0,19.33333333,0.333333333,3,3.833333333,20.16666667,87.66666667,0.5,0,0,16.4
00-0033923,K.Hunt,2018100100,10/1/2018 0:00,54,0,3,4,19,121,1,0,0,15.5,0.333333333,2.5,3.166666667,21.66666667,88.33333333,0.833333333,0,0,29.5
00-0033923,K.Hunt,2018100705,10/7/2018 0:00,7,0,1,2,22,87,1,0,0,20.83333333,0.333333333,2.5,3.333333333,20.66666667,89.16666667,0.833333333,0,0,16.4
00-0033923,K.Hunt,2018101412,10/14/2018 0:00,105,1,5,6,10,80,0,0,0,13.5,0.166666667,1.5,2.166666667,20.33333333,77.83333333,0.833333333,0,0,32.5
00-0033923,K.Hunt,2018102105,10/21/2018 0:00,55,2,5,6,15,86,1,0,0,28.5,0.333333333,1.666666667,2.5,17.16666667,76,0.666666667,0,0,37.1
00-0033923,K.Hunt,2018102805,10/28/2018 0:00,36,1,5,6,16,50,0,0,0,37.66666667,0.666666667,2.5,3.333333333,17,82.16666667,0.833333333,0,0,19.6
00-0033923,K.Hunt,2018110403,11/4/2018 0:00,50,1,1,2,17,91,2,0,0,42.83333333,0.666666667,3.166666667,4.166666667,16.66666667,78,0.833333333,0,0,33.1
00-0033923,K.Hunt,2018111105,11/11/2018 0:00,25,0,2,2,16,71,0,0,0,51.16666667,0.833333333,3.333333333,4.333333333,16.5,85.83333333,0.833333333,0,0,11.6
00-0033923,K.Hunt,2018111900,11/19/2018 0:00,41,1,3,4,14,70,0,0,0,46.33333333,0.833333333,3.166666667,4,16,77.5,0.666666667,0,0,20.1
00-0033923,K.Hunt,2019112404,11/24/2019 0:00,9,0,2,3,8,37,1,0,0,52,1,3.5,4.333333333,14.66666667,74.66666667,0.5,0,0,12.6
00-0033923,K.Hunt,2019120802,12/8/2019 0:00,40,0,2,2,9,28,1,0,0,36,0.833333333,3,3.833333333,14.33333333,67.5,0.666666667,0,0,14.8
,,,,,,,,,,,,,33.5,0.5,2.5,3.166666667,13.33333333,57.83333333,0.666666667,0,0,0
00-0033925,D.Foreman,2017110501,11/5/2017 0:00,0,0,0,1,11,37,0,0,0,65,0,2,3,8,25,0,0,0,3.7
00-0033925,D.Foreman,2017111903,11/19/2017 0:00,15,0,3,3,10,65,2,0,0,32.5,0,1,2,9.5,31,0,0,0,23
,,,,,,,,,,,,,26.66666667,0,1.666666667,2.333333333,9.666666667,42.33333333,0.666666667,0,0,0
00-0033948,J.Williams,2017111902,11/19/2017 0:00,38,0,4,6,18,57,0,0,0,7,0,1,1,20,67,0,0,0,13.5
00-0033948,J.Williams,2017112611,11/26/2017 0:00,69,1,4,5,21,66,1,0,0,22.5,0,2.5,3.5,19,62,0,0,0,29.5
00-0033948,J.Williams,2017120304,12/3/2017 0:00,10,0,2,3,21,113,1,0,0,38,0.333333333,3,4,19.66666667,63.33333333,0.333333333,0,0,23.3
00-0033948,J.Williams,2017121003,12/10/2017 0:00,69,1,7,7,15,49,1,0,0,31,0.25,2.75,3.75,20,75.75,0.5,0,0,30.8
00-0033948,J.Williams,2017122301,12/23/2017 0:00,0,0,0,3,15,58,0,0,0,38.6,0.4,3.6,4.4,19,70.4,0.6,0,0,5.8
00-0033948,J.Williams,2017123102,12/31/2017 0:00,31,0,3,5,22,82,0,0,0,32.16666667,0.333333333,3,4.166666667,18.33333333,68.33333333,0.5,0,0,14.3
00-0033948,J.Williams,2018090912,9/9/2018 0:00,0,0,0,2,15,47,0,0,0,36.16666667,0.333333333,3.333333333,4.833333333,18.66666667,70.83333333,0.5,0,0,4.7
00-0033948,J.Williams,2018091602,9/16/2018 0:00,12,0,3,4,16,59,0,0,0,29.83333333,0.333333333,2.666666667,4.166666667,18.16666667,69.16666667,0.5,0,0,10.1
00-0033948,J.Williams,2018121603,12/16/2018 0:00,42,0,4,5,12,55,1,0,0,20.33333333,0.166666667,2.5,4,17.33333333,68,0.333333333,0,0,19.7
00-0033948,J.Williams,2018122309,12/23/2018 0:00,61,0,6,9,15,95,1,0,0,25.66666667,0.166666667,2.833333333,4.333333333,15.83333333,58.33333333,0.333333333,0,0,27.6
00-0033948,J.Williams,2018123002,12/30/2018 0:00,16,0,3,3,8,4,0,0,0,24.33333333,0,2.666666667,4.666666667,15.83333333,66,0.333333333,0,0,5
00-0033948,J.Williams,2019091503,9/15/2019 0:00,13,1,3,4,9,28,0,0,0,27,0,3.166666667,4.666666667,14.66666667,57,0.333333333,0,0,13.1
00-0033948,J.Williams,2019092202,9/22/2019 0:00,27,0,2,2,12,59,0,0,0,24,0.166666667,3.166666667,4.5,12.5,48,0.333333333,0,0,10.6
00-0033948,J.Williams,2019101400,10/14/2019 0:00,32,1,4,5,14,104,0,0,0,28.5,0.166666667,3.5,4.5,12,50,0.333333333,0,0,26.6
00-0033948,J.Williams,2019111003,11/10/2019 0:00,0,0,0,1,13,63,0,0,0,31.83333333,0.333333333,3.666666667,4.666666667,11.66666667,57.5,0.333333333,0,0,6.3
00-0033948,J.Williams,2019112410,11/24/2019 0:00,35,0,7,8,11,45,0,0,0,24.83333333,0.333333333,3,4,11.83333333,58.83333333,0.166666667,0,0,15
00-0033948,J.Williams,2019120107,12/1/2019 0:00,26,0,4,4,10,41,0,0,0,20.5,0.333333333,3.166666667,3.833333333,11.16666667,50.5,0,0,0,10.7
00-0033948,J.Williams,2019121503,12/15/2019 0:00,7,0,1,1,8,26,0,0,0,22.16666667,0.333333333,3.333333333,4,11.5,56.66666667,0,0,0,4.3
,,,,,,,,,,,,,21.16666667,0.166666667,3,3.5,11.33333333,56.33333333,0,0,0,0
00-0033950,W.Gallman,2017100805,10/8/2017 0:00,25,0,5,5,11,57,0,0,0,8,1,2,2,11,42,0,0,0,13.2
00-0033950,W.Gallman,2017101511,10/15/2017 0:00,5,0,2,3,9,27,0,0,0,16.5,0.5,3.5,3.5,11,49.5,0,0,0,5.2
00-0033950,W.Gallman,2017110504,11/5/2017 0:00,0,0,0,1,9,41,0,0,0,12.66666667,0.333333333,3,3.333333333,10.33333333,42,0,0,0,4.1
00-0033950,W.Gallman,2017112302,11/23/2017 0:00,6,0,2,2,9,37,0,0,0,9.5,0.25,2.25,2.75,10,41.75,0,0,0,6.3
00-0033950,W.Gallman,2017121012,12/10/2017 0:00,40,0,7,9,12,59,0,0,0,8.8,0.2,2.2,2.6,9.8,40.8,0,0,0,16.9
00-0033950,W.Gallman,2017121706,12/17/2017 0:00,40,0,6,7,8,39,0,0,0,14,0.166666667,3,3.666666667,10.16666667,43.83333333,0,0,0,13.9
00-0033950,W.Gallman,2017122410,12/24/2017 0:00,44,0,6,8,10,18,0,0,0,19.33333333,0,3.666666667,4.5,9.666666667,43.33333333,0,0,0,12.2
00-0033950,W.Gallman,2017123107,12/31/2017 0:00,0,0,0,2,15,89,0,0,0,22.5,0,3.833333333,5,9.5,36.83333333,0,0,0,8.9
00-0033950,W.Gallman,2018120908,12/9/2018 0:00,0,0,0,2,14,38,0,0,0,21.66666667,0,3.5,4.833333333,10.5,47.16666667,0,0,0,3.8
00-0033950,W.Gallman Jr,2019092907,9/29/2019 0:00,55,1,6,7,18,63,1,0,0,21.66666667,0,3.5,5,11.33333333,46.66666667,0,0,0,29.8
,,,,,,,,,,,,,29.83333333,0.166666667,4.166666667,5.833333333,12.83333333,51,0.166666667,0,0,0
00-0033951,M.Mack,2017100803,10/8/2017 0:00,2,0,1,1,9,91,1,0,0,21,0,1,1,10,24,1,0,0,16.3
00-0033951,M.Mack,2017102902,10/29/2017 0:00,36,1,3,5,11,27,0,0,0,11.5,0,1,1,9.5,57.5,1,0,0,15.3
00-0033951,M.Mack,2018091608,9/16/2018 0:00,2,0,1,2,10,34,0,0,0,19.66666667,0.333333333,1.666666667,2.333333333,10,47.33333333,0.666666667,0,0,4.6
00-0033951,M.Mack,2018101406,10/14/2018 0:00,4,0,1,2,12,89,0,0,0,15.25,0.25,1.5,2.25,10,44,0.5,0,0,10.3
00-0033951,M.Mack,2018102103,10/21/2018 0:00,33,1,2,3,20,128,1,0,0,13,0.2,1.4,2.2,10.4,53,0.4,0,0,33.1
00-0033951,M.Mack,2018102808,10/28/2018 0:00,17,0,2,4,25,132,2,0,0,16.33333333,0.333333333,1.5,2.333333333,12,65.5,0.5,0,0,31.9
00-0033951,M.Mack,2018111104,11/11/2018 0:00,9,0,2,2,13,31,0,0,0,15.66666667,0.333333333,1.666666667,2.833333333,14.5,83.5,0.666666667,0,0,6
00-0033951,M.Mack,2018111804,11/18/2018 0:00,8,0,1,2,16,61,1,0,0,16.83333333,0.333333333,1.833333333,3,15.16666667,73.5,0.5,0,0,13.9
00-0033951,M.Mack,2018112504,11/25/2018 0:00,11,0,2,2,15,85,0,0,0,12.16666667,0.166666667,1.5,2.5,16,79.16666667,0.666666667,0,0,11.6
00-0033951,M.Mack,2018120205,12/2/2018 0:00,6,0,1,1,8,27,0,0,0,13.66666667,0.166666667,1.666666667,2.5,16.83333333,87.66666667,0.666666667,0,0,4.3
00-0033951,M.Mack,2018120904,12/9/2018 0:00,0,0,0,1,14,33,1,0,0,14,0.166666667,1.666666667,2.333333333,16.16666667,77.33333333,0.666666667,0,0,9.3
00-0033951,M.Mack,2018121605,12/16/2018 0:00,10,0,1,1,27,139,2,0,0,8.5,0,1.333333333,2,15.16666667,61.5,0.666666667,0,0,30.9
00-0033951,M.Mack,2018122300,12/23/2018 0:00,4,0,1,3,12,34,1,0,0,7.333333333,0,1.166666667,1.5,15.5,62.66666667,0.666666667,0,0,10.8
00-0033951,M.Mack,2018123011,12/30/2018 0:00,-1,0,3,3,25,119,1,1,1,6.5,0,1,1.666666667,15.33333333,63.16666667,0.833333333,0,0,22.8
00-0033951,M.Mack,2019091508,9/15/2019 0:00,12,0,2,3,20,51,0,0,0,5,0,1.333333333,1.833333333,16.83333333,72.83333333,0.833333333,0.166666667,0.166666667,8.3
00-0033951,M.Mack,2019092203,9/22/2019 0:00,14,0,2,3,16,74,1,0,0,5.166666667,0,1.333333333,2,17.66666667,67.16666667,0.833333333,0.166666667,0.166666667,16.8
00-0033951,M.Mack,2019100612,10/6/2019 0:00,16,0,3,3,29,132,0,0,0,6.5,0,1.5,2.333333333,19,75,1,0.166666667,0.166666667,20.8
00-0033951,M.Mack,2019102005,10/20/2019 0:00,12,0,3,3,18,44,0,0,0,9.166666667,0,2,2.666666667,21.5,91.5,0.833333333,0.166666667,0.166666667,8.6
00-0033951,M.Mack,2019102710,10/27/2019 0:00,14,0,1,1,19,76,1,0,0,9.5,0,2.333333333,3,20,75.66666667,0.5,0.166666667,0.166666667,16
00-0033951,M.Mack,2019111008,11/10/2019 0:00,8,0,1,1,19,74,0,0,0,11.16666667,0,2.333333333,2.666666667,21.16666667,82.66666667,0.5,0.166666667,0.166666667,9.2
00-0033951,M.Mack,2019122207,12/22/2019 0:00,6,0,2,2,16,95,1,0,0,12.66666667,0,2,2.333333333,20.16666667,75.16666667,0.333333333,0,0,18.1
00-0033951,M.Mack,2019122907,12/29/2019 0:00,0,0,0,1,15,77,2,0,0,11.66666667,0,2,2.166666667,19.5,82.5,0.5,0,0,19.7
,,,,,,,,,,,,,9.333333333,0,1.666666667,1.833333333,19.33333333,83,0.666666667,0,0,0
00-0034109,P.Lindsay,2018091611,9/16/2018 0:00,4,0,1,1,14,107,0,0,0,31,1,2,3,15,71,0,0,0,15.1
00-0034109,P.Lindsay,2018100100,10/1/2018 0:00,10,0,2,2,12,69,1,0,0,17.5,0.5,1.5,2,14.5,89,0,0,0,15.9
00-0034109,P.Lindsay,2018100706,10/7/2018 0:00,20,0,3,4,12,61,0,0,0,15,0.333333333,1.666666667,2,13.66666667,82.33333333,0.333333333,0,0,11.1
00-0034109,P.Lindsay,2018101800,10/18/2018 0:00,6,0,1,1,14,90,1,0,0,16.25,0.25,2,2.5,13.25,77,0.25,0,0,16.6
00-0034109,P.Lindsay,2018102805,10/28/2018 0:00,17,0,3,3,19,95,1,0,0,14.2,0.2,1.8,2.2,13.4,79.6,0.4,0,0,20.2
00-0034109,P.Lindsay,2018110407,11/4/2018 0:00,24,0,2,3,17,60,0,0,0,14.66666667,0.166666667,2,2.333333333,14.33333333,82.16666667,0.5,0,0,10.4
00-0034109,P.Lindsay,2018111808,11/18/2018 0:00,27,0,4,5,11,79,2,0,0,13.5,0,2,2.333333333,14.66666667,80.33333333,0.5,0,0,26.6
00-0034109,P.Lindsay,2018120201,12/2/2018 0:00,2,0,1,1,19,157,2,0,0,17.33333333,0,2.5,3,14.16666667,75.66666667,0.833333333,0,0,31.9
00-0034109,P.Lindsay,2018120910,12/9/2018 0:00,21,0,4,7,14,30,1,0,0,16,0,2.333333333,2.833333333,15.33333333,90.33333333,1,0,0,15.1
00-0034109,P.Lindsay,2018121501,12/15/2018 0:00,20,0,4,6,14,24,0,0,0,16.16666667,0,2.5,3.333333333,15.66666667,85.16666667,1.166666667,0,0,8.4
00-0034109,P.Lindsay,2018122400,12/24/2018 0:00,11,0,2,2,10,46,0,0,0,18.5,0,3,4.166666667,15.66666667,74.16666667,1,0,0,7.7
00-0034109,P.Lindsay,2019090901,9/9/2019 0:00,23,0,4,6,11,43,0,0,0,17.5,0,2.833333333,4,14.16666667,66,0.833333333,0,0,10.6
00-0034109,P.Lindsay,2019091511,9/15/2019 0:00,30,0,4,7,13,36,0,0,0,17.33333333,0,3.166666667,4.5,13.16666667,63.16666667,0.833333333,0,0,10.6
00-0034109,P.Lindsay,2019092202,9/22/2019 0:00,49,0,4,5,21,81,2,0,0,17.83333333,0,3.166666667,4.833333333,13.5,56,0.5,0,0,29
00-0034109,P.Lindsay,2019092911,9/29/2019 0:00,7,0,1,1,9,53,0,0,0,25.66666667,0,3.666666667,5.5,13.83333333,43.33333333,0.5,0,0,7
00-0034109,P.Lindsay,2019100610,10/6/2019 0:00,33,0,4,4,15,114,1,0,0,23.33333333,0,3.166666667,4.5,13,47.16666667,0.333333333,0,0,27.7
00-0034109,P.Lindsay,2019101309,10/13/2019 0:00,5,0,2,3,15,70,1,0,0,25.5,0,3.166666667,4.166666667,13.16666667,62.16666667,0.5,0,0,15.5
00-0034109,P.Lindsay,2019101700,10/17/2019 0:00,-4,0,1,1,12,36,0,0,0,24.5,0,3.166666667,4.333333333,14,66.16666667,0.666666667,0,0,4.2
00-0034109,P.Lindsay,2019102710,10/27/2019 0:00,17,0,5,5,14,59,0,0,0,20,0,2.666666667,3.5,14.16666667,65,0.666666667,0,0,12.6
00-0034109,P.Lindsay,2019111705,11/17/2019 0:00,8,0,2,2,16,67,0,0,0,17.83333333,0,2.833333333,3.166666667,14.33333333,68.83333333,0.666666667,0,0,9.5
00-0034109,P.Lindsay,2019112401,11/24/2019 0:00,11,0,1,3,13,57,0,0,0,11,0,2.5,2.666666667,13.5,66.5,0.333333333,0,0,7.8
00-0034109,P.Lindsay,2019120109,12/1/2019 0:00,4,0,3,3,17,58,0,0,0,11.66666667,0,2.5,3,14.16666667,67.16666667,0.333333333,0,0,9.2
00-0034109,P.Lindsay,2019120804,12/8/2019 0:00,4,0,2,2,16,51,1,0,0,6.833333333,0,2.333333333,2.833333333,14.5,57.83333333,0.166666667,0,0,13.5
00-0034109,P.Lindsay,2019122200,12/22/2019 0:00,9,0,2,3,19,109,1,0,0,6.666666667,0,2.333333333,2.666666667,14.66666667,54.66666667,0.166666667,0,0,22.8
00-0034109,P.Lindsay,2019122913,12/29/2019 0:00,0,0,0,1,18,53,0,0,0,8.833333333,0,2.5,3,15.83333333,66.83333333,0.333333333,0,0,5.3
,,,,,,,,,,,,,6,0,1.666666667,2.333333333,16.5,65.83333333,0.333333333,0,0,0
00-0034115,J.Wilson,2018120910,12/9/2018 0:00,6,0,1,2,23,90,0,0,0,73,0,8,9,15,61,0,0,0,10.6
00-0034115,J.Wilson,2018122312,12/23/2018 0:00,11,0,2,2,11,27,0,0,0,39.5,0,4.5,5.5,19,75.5,0,0,0,5.8
00-0034115,J.Wilson,2019092212,9/22/2019 0:00,0,0,0,1,8,18,2,0,0,30,0,3.666666667,4.333333333,16.33333333,59.33333333,0,0,0,13.8
,,,,,,,,,,,,,22.5,0,2.75,3.5,14.25,49,0.5,0,0,0
00-0034184,G.Edwards,2019122206,12/22/2019 0:00,7,0,1,1,12,66,0,0,0,13,0,1,1,14,92,0,0,0,8.3
00-0034184,G.Edwards,2019122900,12/29/2019 0:00,2,0,1,1,21,130,0,0,0,10,0,1,1,13,79,0,0,0,17.2
,,,,,,,,,,,,,7.333333333,0,1,1,15.66666667,96,0,0,0,0
00-0034208,M.Boone,2019122909,12/29/2019 0:00,12,0,2,3,17,148,1,0,0,5,0,1,1,11,28,0,0,0,27
,,,,,,,,,,,,,8.5,0,1.5,2,14,88,0.5,0,0,0
00-0034301,D.Williams,2019092903,9/29/2019 0:00,43,0,3,4,8,13,2,0,0,47,0,5,5,9,62,0,0,0,20.6
00-0034301,D.Williams,2019111800,11/18/2019 0:00,8,0,2,3,11,35,1,0,0,45,0,4,4.5,8.5,37.5,1,0,0,12.3
,,,,,,,,,,,,,32.66666667,0,3.333333333,4,9.333333333,36.66666667,1,0,0,0
00-0034331,J.Samuels,2018121610,12/16/2018 0:00,30,0,2,2,19,142,0,0,0,64,0,7,7,11,28,0,0,0,22.2
00-0034331,J.Samuels,2018122313,12/23/2018 0:00,11,1,3,3,12,53,0,0,0,47,0,4.5,4.5,15,85,0,0,0,15.4
00-0034331,J.Samuels,2019093000,9/30/2019 0:00,57,0,8,8,10,26,1,0,0,35,0.333333333,4,4,14,74.33333333,0,0,0,22.3
00-0034331,J.Samuels,2019110306,11/3/2019 0:00,73,0,13,13,8,10,0,1,1,40.5,0.25,5,5,13,62.25,0.25,0,0,20.3
00-0034331,J.Samuels,2019111009,11/10/2019 0:00,11,0,3,7,14,29,0,0,0,47,0.2,6.6,6.6,12,51.8,0.2,0.2,0.2,7
,,,,,,,,,,,,,41,0.166666667,6,6.666666667,12.33333333,48,0.166666667,0.166666667,0.166666667,0
00-0034349,K.Johnson,2018092313,9/23/2018 0:00,9,0,2,3,16,101,0,0,0,23,0,5,6,8,43,0,0,0,16
00-0034349,K.Johnson,2018093002,9/30/2018 0:00,1,0,1,1,9,55,1,0,0,16,0,3.5,4.5,12,72,0,0,0,12.6
00-0034349,K.Johnson,2018100704,10/7/2018 0:00,15,0,2,2,12,70,0,0,0,11,0,2.666666667,3.333333333,11,66.33333333,0.333333333,0,0,10.5
00-0034349,K.Johnson,2018102106,10/21/2018 0:00,21,0,2,3,19,158,0,0,0,12,0,2.5,3,11.25,67.25,0.25,0,0,22.9
00-0034349,K.Johnson,2018102804,10/28/2018 0:00,69,0,6,8,8,22,0,0,0,13.8,0,2.4,3,12.8,85.4,0.2,0,0,15.1
00-0034349,K.Johnson,2018110405,11/4/2018 0:00,7,0,3,5,12,37,0,0,0,23,0,3,3.833333333,12,74.83333333,0.166666667,0,0,7.4
00-0034349,K.Johnson,2018111100,11/11/2018 0:00,38,1,6,6,14,51,1,0,0,20.33333333,0,2.666666667,3.666666667,12.66666667,73.83333333,0.166666667,0,0,26.9
00-0034349,K.Johnson,2018111803,11/18/2018 0:00,10,0,2,2,15,87,1,0,0,25.16666667,0.166666667,3.333333333,4.166666667,12.33333333,65.5,0.333333333,0,0,17.7
00-0034349,K.Johnson,2019090809,9/8/2019 0:00,13,0,2,2,16,49,0,0,0,26.66666667,0.166666667,3.5,4.333333333,13.33333333,70.83333333,0.333333333,0,0,8.2
00-0034349,K.Johnson,2019091502,9/15/2019 0:00,47,1,2,3,12,41,0,0,0,26.33333333,0.166666667,3.5,4.333333333,14,67.33333333,0.333333333,0,0,16.8
00-0034349,K.Johnson,2019092207,9/22/2019 0:00,7,0,1,1,20,36,1,0,0,30.66666667,0.333333333,3.5,4.333333333,12.83333333,47.83333333,0.333333333,0,0,11.3
00-0034349,K.Johnson,2019092903,9/29/2019 0:00,32,0,2,3,26,125,0,0,0,20.33333333,0.333333333,2.666666667,3.166666667,14.83333333,50.16666667,0.5,0,0,20.7
00-0034349,K.Johnson,2019101400,10/14/2019 0:00,27,0,2,4,13,34,1,0,0,24.5,0.333333333,2.5,2.833333333,17.16666667,64.83333333,0.5,0,0,14.1
00-0034349,K.Johnson,2019122200,12/22/2019 0:00,1,0,1,1,10,42,0,0,0,22.66666667,0.166666667,1.833333333,2.5,17,62,0.5,0,0,5.3
,,,,,,,,,,,,,21.16666667,0.166666667,1.666666667,2.333333333,16.16666667,54.5,0.333333333,0,0,0
00-0034358,D.Guice,2019112407,11/24/2019 0:00,6,0,1,2,10,32,0,0,0,20,0,3,3,10,18,0,0,0,4.8
00-0034358,D.Guice,2019120101,12/1/2019 0:00,8,0,2,2,10,129,2,0,0,13,0,2,2.5,10,25,0,0,0,30.7
,,,,,,,,,,,,,11.33333333,0,2,2.333333333,10,59.66666667,0.666666667,0,0,0
00-0034367,N.Hines,2018102808,10/28/2018 0:00,7,0,2,2,11,78,0,0,0,45,0,7,9,15,45,0,0,0,10.5
00-0034367,N.Hines,2018112504,11/25/2018 0:00,22,0,2,2,9,28,0,0,0,26,0,4.5,5.5,13,61.5,0,0,0,7
00-0034367,N.Hines,2019112100,11/21/2019 0:00,10,0,2,3,9,51,0,0,0,24.66666667,0,3.666666667,4.333333333,11.66666667,50.33333333,0,0,0,8.1
,,,,,,,,,,,,,21,0,3.25,4,11,50.5,0,0,0,0
00-0034378,I.Smith,2018101400,10/14/2018 0:00,-1,0,2,2,11,22,1,0,0,8,0,1,1,9,46,0,0,0,10.1
00-0034378,I.Smith,2018110406,11/4/2018 0:00,4,0,1,2,10,60,1,0,0,3.5,0,1.5,1.5,10,34,0.5,0,0,13.4
00-0034378,I.Smith,2018120903,12/9/2018 0:00,14,0,3,4,11,60,0,0,0,3.666666667,0,1.333333333,1.666666667,10,42.66666667,0.666666667,0,0,10.4
00-0034378,I.Smith,2018121600,12/16/2018 0:00,5,0,2,3,9,34,0,0,0,6.25,0,1.75,2.25,10.25,47,0.5,0,0,5.9
,,,,,,,,,,,,,6,0,1.8,2.4,10,44.4,0.4,0,0,0
00-0034400,J.Wilkins,2018091608,9/16/2018 0:00,3,0,2,2,10,61,0,0,0,21,0,3,3,14,40,0,0,0,8.4
00-0034400,J.Wilkins,2018093004,9/30/2018 0:00,0,0,0,1,8,16,0,0,0,12,0,2.5,2.5,12,50.5,0,0,0,1.6
00-0034400,J.Wilkins,2019120103,12/1/2019 0:00,9,0,2,3,11,47,0,0,0,8,0,1.666666667,2,10.66666667,39,0,0,0,7.6
,,,,,,,,,,,,,8.25,0,1.75,2.25,10.75,41,0,0,0,0
00-0034414,B.Scott,2019122911,12/29/2019 0:00,84,0,4,6,19,54,3,0,0,69,0,6,6,10,59,1,0,0,35.8
,,,,,,,,,,,,,76.5,0,5,6,14.5,56.5,2,0,0,0
00-0034432,B.Scarbrough,2019120805,12/8/2019 0:00,5,0,1,3,19,65,0,0,0,0,0,0,1,18,98,0,0,0,8
,,,,,,,,,,,,,2.5,0,0.5,2,18.5,81.5,0,0,0,0
00-0034440,J.Jackson,2018121300,12/13/2018 0:00,27,0,3,4,16,58,1,0,0,19,0,1,1,8,63,1,0,0,17.5
,,,,,,,,,,,,,23,0,2,2.5,12,60.5,1,0,0,0
00-0034457,J.Adams,2018112506,11/25/2018 0:00,0,0,0,1,23,86,1,0,0,6,0,1,1,9,61,0,0,0,14.6
00-0034457,J.Adams,2018121611,12/16/2018 0:00,0,0,0,1,15,28,1,0,0,3,0,0.5,1,16,73.5,0.5,0,0,8.8
00-0034457,J.Adams,2018122310,12/23/2018 0:00,0,0,0,1,11,21,0,0,0,2,0,0.333333333,1,15.66666667,58.33333333,0.666666667,0,0,2.1
00-0034457,J.Adams,2018123012,12/30/2018 0:00,33,0,3,3,11,50,0,0,0,1.5,0,0.25,1,14.5,49,0.5,0,0,11.3
,,,,,,,,,,,,,7.8,0,0.8,1.4,13.8,49.2,0.4,0,0,0
,,,,,,,,,,,,,7,0,1,1,14,46,0,0,0,0
,,,,,,,,,,,,,0,0,0,1,9,24,0,0,0,0
00-0034679,M.Walton,2019102800,10/28/2019 0:00,19,0,3,6,11,35,0,1,1,-8,0,1,1,14,66,0,0,0,7.4
00-0034679,M.Walton,2019110304,11/3/2019 0:00,12,0,3,4,12,29,0,0,0,5.5,0,2,3.5,12.5,50.5,0,0.5,0.5,7.1
,,,,,,,,,,,,,7.666666667,0,2.333333333,3.666666667,12.33333333,43.33333333,0,0.333333333,0.333333333,0
00-0034681,C.Edmonds,2019100601,10/6/2019 0:00,18,0,3,4,8,68,1,0,0,22,0,2,2,8,22,0,0,0,17.6
00-0034681,C.Edmonds,2019102006,10/20/2019 0:00,24,0,2,4,27,126,3,0,0,20,0,2.5,3,8,45,0.5,0,0,38
,,,,,,,,,,,,,21.33333333,0,2.333333333,3.333333333,14.33333333,72,1.333333333,0,0,0
00-0034750,R.Penny,2018101407,10/14/2018 0:00,27,0,2,2,9,43,0,0,0,0,0,0,2,10,30,0,0,0,9
00-0034750,R.Penny,2019091507,9/15/2019 0:00,3,0,1,1,10,62,1,0,0,13.5,0,1,2,9.5,36.5,0,0,0,13.5
00-0034750,R.Penny,2019112411,11/24/2019 0:00,0,0,0,1,14,129,1,0,0,10,0,1,1.666666667,9.666666667,45,0.333333333,0,0,21.9
00-0034750,R.Penny,2019120200,12/2/2019 0:00,33,1,4,5,15,74,1,0,0,7.5,0,0.75,1.5,10.75,66,0.5,0,0,26.7
,,,,,,,,,,,,,12.6,0.2,1.4,2.2,11.6,67.6,0.6,0,0,0
00-0034791,N.Chubb,2018102807,10/28/2018 0:00,10,0,2,3,18,65,0,0,0,0,0,0,2,18,80,1,0,0,9.5
00-0034791,N.Chubb,2018110403,11/4/2018 0:00,5,0,1,1,22,85,1,0,0,5,0,1,2.5,18,72.5,0.5,0,0,16
00-0034791,N.Chubb,2018111102,11/11/2018 0:00,33,1,3,3,20,176,1,0,0,5,0,1,2,19.33333333,76.66666667,0.666666667,0,0,38.9
00-0034791,N.Chubb,2018112503,11/25/2018 0:00,44,1,3,3,28,84,1,0,0,12,0.25,1.5,2.25,19.5,101.5,0.75,0,0,27.8
00-0034791,N.Chubb,2018120204,12/2/2018 0:00,41,0,3,3,9,31,1,0,0,18.4,0.4,1.8,2.4,21.2,98,0.8,0,0,16.2
00-0034791,N.Chubb,2018120902,12/9/2018 0:00,17,0,4,6,13,66,1,0,0,22.16666667,0.333333333,2,2.5,19.16666667,86.83333333,0.833333333,0,0,18.3
00-0034791,N.Chubb,2018121501,12/15/2018 0:00,0,0,0,1,20,100,0,0,0,25,0.333333333,2.666666667,3.166666667,18.33333333,84.5,0.833333333,0,0,10
00-0034791,N.Chubb,2018122305,12/23/2018 0:00,3,0,2,3,19,112,0,0,0,23.33333333,0.333333333,2.333333333,2.833333333,18.66666667,90.33333333,0.833333333,0,0,16.5
00-0034791,N.Chubb,2018123000,12/30/2018 0:00,-4,0,2,3,9,24,0,0,0,23,0.333333333,2.5,3.166666667,18.16666667,94.83333333,0.666666667,0,0,4
00-0034791,N.Chubb,2019090801,9/8/2019 0:00,10,0,3,4,17,75,0,0,0,16.83333333,0.166666667,2.333333333,3.166666667,16.33333333,69.5,0.5,0,0,11.5
00-0034791,N.Chubb,2019091600,9/16/2019 0:00,36,0,4,4,18,62,1,0,0,11.16666667,0,2.333333333,3.333333333,14.5,68,0.333333333,0,0,19.8
00-0034791,N.Chubb,2019092213,9/22/2019 0:00,35,0,4,7,23,96,0,0,0,10.33333333,0,2.5,3.5,16,73.16666667,0.333333333,0,0,17.1
00-0034791,N.Chubb,2019092901,9/29/2019 0:00,18,0,3,4,20,165,3,0,0,13.33333333,0,2.5,3.666666667,17.66666667,78.16666667,0.166666667,0,0,42.3
00-0034791,N.Chubb,2019100700,10/7/2019 0:00,12,0,1,1,16,87,0,0,0,16.33333333,0,3,4.166666667,17.66666667,89,0.666666667,0,0,10.9
00-0034791,N.Chubb,2019101302,10/13/2019 0:00,17,0,5,6,20,122,2,1,1,17.83333333,0,2.833333333,3.833333333,17.16666667,84.83333333,0.666666667,0,0,32.9
00-0034791,N.Chubb,2019102711,10/27/2019 0:00,7,0,1,1,20,131,0,0,0,21.33333333,0,3.333333333,4.333333333,19,101.1666667,1,0.166666667,0.166666667,17.8
00-0034791,N.Chubb,2019110309,11/3/2019 0:00,26,0,4,5,20,65,0,0,0,20.83333333,0,3,3.833333333,19.5,110.5,1,0.166666667,0.166666667,13.1
00-0034791,N.Chubb,2019111002,11/10/2019 0:00,5,0,2,4,20,116,0,0,0,19.16666667,0,3,4,19.83333333,111,0.833333333,0.166666667,0.166666667,17.1
00-0034791,N.Chubb,2019111400,11/14/2019 0:00,0,0,0,1,27,92,0,0,0,14.16666667,0,2.666666667,3.5,19.33333333,114.3333333,0.833333333,0.166666667,0.166666667,9.2
00-0034791,N.Chubb,2019112404,11/24/2019 0:00,58,0,3,3,21,106,1,0,0,11.16666667,0,2.166666667,3,20.5,102.1666667,0.333333333,0.166666667,0.166666667,28.4
00-0034791,N.Chubb,2019120110,12/1/2019 0:00,21,0,1,2,16,58,0,0,0,18.83333333,0,2.5,3.333333333,21.33333333,105.3333333,0.5,0.166666667,0.166666667,8.9
00-0034791,N.Chubb,2019120802,12/8/2019 0:00,11,0,1,1,15,106,0,0,0,19.5,0,1.833333333,2.666666667,20.66666667,94.66666667,0.166666667,0,0,15.7
00-0034791,N.Chubb,2019121509,12/15/2019 0:00,21,0,3,3,17,127,1,0,0,20.16666667,0,1.833333333,2.666666667,19.83333333,90.5,0.166666667,0,0,26.8
00-0034791,N.Chubb,2019122206,12/22/2019 0:00,0,0,0,1,15,45,0,0,0,19.33333333,0,1.666666667,2.333333333,19.33333333,100.8333333,0.333333333,0,0,4.5
00-0034791,N.Chubb,2019122903,12/29/2019 0:00,1,0,1,2,13,41,0,0,0,18.5,0,1.333333333,1.833333333,18.5,89,0.333333333,0,0,5.2
,,,,,,,,,,,,,18.66666667,0,1.5,2,16.16666667,80.5,0.333333333,0,0,0
00-0034799,K.Ballage,2018123001,12/30/2018 0:00,1,0,1,1,12,47,0,0,0,-2,0,1,1,12,123,1,0,0,5.8
00-0034799,K.Ballage,2019092201,9/22/2019 0:00,10,0,1,3,8,17,0,0,0,-0.5,0,1,1,12,85,0.5,0,0,3.7
00-0034799,K.Ballage,2019111008,11/10/2019 0:00,2,0,4,4,20,43,0,0,0,3,0,1,1.666666667,10.66666667,62.33333333,0.333333333,0,0,8.5
00-0034799,K.Ballage,2019111704,11/17/2019 0:00,8,0,5,6,9,9,1,0,0,2.75,0,1.75,2.25,13,57.5,0.25,0,0,12.7
,,,,,,,,,,,,,3.8,0,2.4,3,12.2,47.8,0.4,0,0,0
00-0034808,J.Kelly,2018123014,12/30/2018 0:00,18,0,1,2,15,30,0,0,0,9,0,1,1,10,40,0,0,0,5.8
,,,,,,,,,,,,,13.5,0,1,1.5,12.5,35,0,0,0,0
00-0034816,R.Jones,2019090811,9/8/2019 0:00,18,0,1,1,13,75,0,0,0,-1,0,1,2,10,29,0,0,0,10.3
00-0034816,R.Jones,2019092209,9/22/2019 0:00,41,0,1,1,14,80,0,0,0,8.5,0,1,1.5,11.5,52,0,0,0,13.1
00-0034816,R.Jones,2019092909,9/29/2019 0:00,12,0,1,1,19,70,1,0,0,19.33333333,0,1,1.333333333,12.33333333,61.33333333,0,0,0,15.2
00-0034816,R.Jones,2019100603,10/6/2019 0:00,21,0,2,3,9,35,0,0,0,17.5,0,1,1.25,14,63.5,0.25,0,0,7.6
00-0034816,R.Jones,2019102708,10/27/2019 0:00,17,0,1,3,11,35,0,0,0,18.2,0,1.2,1.6,13,57.8,0.2,0,0,6.2
00-0034816,R.Jones,2019110308,11/3/2019 0:00,15,0,2,2,18,67,1,0,0,18,0,1.166666667,1.833333333,12.66666667,54,0.166666667,0,0,16.2
00-0034816,R.Jones,2019111006,11/10/2019 0:00,77,0,8,8,11,29,1,1,1,20.66666667,0,1.333333333,1.833333333,14,60.33333333,0.333333333,0,0,23.6
00-0034816,R.Jones,2019112400,11/24/2019 0:00,16,0,3,3,12,51,1,0,0,30.5,0,2.5,3,13.66666667,52.66666667,0.5,0.166666667,0.166666667,15.7
00-0034816,R.Jones,2019120808,12/8/2019 0:00,23,0,4,5,11,36,0,0,0,26.33333333,0,2.833333333,3.333333333,13.33333333,47.83333333,0.666666667,0.166666667,0.166666667,9.9
00-0034816,R.Jones,2019121502,12/15/2019 0:00,26,0,1,3,11,23,0,0,0,28.16666667,0,3.333333333,4,12,42.16666667,0.5,0.166666667,0.166666667,5.9
00-0034816,R.Jones,2019122100,12/21/2019 0:00,32,0,3,4,14,77,1,0,0,29,0,3.166666667,4,12.33333333,40.16666667,0.5,0.166666667,0.166666667,19.9
00-0034816,R.Jones,2019122912,12/29/2019 0:00,10,0,2,2,11,106,0,0,0,31.5,0,3.5,4.166666667,12.83333333,47.16666667,0.666666667,0.166666667,0.166666667,16.6
,,,,,,,,,,,,,30.66666667,0,3.5,4.166666667,11.66666667,53.66666667,0.5,0.166666667,0.166666667,0
00-0034838,R.Freeman,2018092301,9/23/2018 0:00,5,0,1,1,13,53,1,0,0,0,0,0,1,8,28,1,0,0,12.8
00-0034838,R.Freeman,2018123013,12/30/2018 0:00,43,0,8,10,17,60,0,0,0,2.5,0,0.5,1,10.5,40.5,1,0,0,18.3
00-0034838,R.Freeman,2019090901,9/9/2019 0:00,5,0,1,1,10,56,0,0,0,16,0,3,4,12.66666667,47,0.666666667,0,0,7.1
00-0034838,R.Freeman,2019091511,9/15/2019 0:00,48,0,5,7,11,54,0,0,0,13.25,0,2.5,3.25,12,49.25,0.5,0,0,15.2
00-0034838,R.Freeman,2019092202,9/22/2019 0:00,10,0,4,5,15,63,0,0,0,20.2,0,3,4,11.8,50.2,0.4,0,0,11.3
00-0034838,R.Freeman,2019100610,10/6/2019 0:00,6,0,2,2,13,61,0,0,0,18.5,0,3.166666667,4.166666667,12.33333333,52.33333333,0.333333333,0,0,8.7
00-0034838,R.Freeman,2019101309,10/13/2019 0:00,42,0,5,5,11,34,0,0,0,19.5,0,3.5,4.333333333,13.16666667,57.83333333,0.166666667,0,0,12.6
00-0034838,R.Freeman,2019101700,10/17/2019 0:00,32,0,4,5,10,35,1,0,0,25.66666667,0,4.166666667,5,12.83333333,54.66666667,0,0,0,16.7
00-0034838,R.Freeman,2019102710,10/27/2019 0:00,5,0,1,2,12,40,1,0,0,23.83333333,0,3.5,4.166666667,11.66666667,50.5,0.166666667,0,0,11.5
00-0034838,R.Freeman,2019111705,11/17/2019 0:00,14,0,1,1,8,31,0,0,0,23.83333333,0,3.5,4.333333333,12,47.83333333,0.333333333,0,0,5.5
00-0034838,R.Freeman,2019120804,12/8/2019 0:00,8,1,2,2,8,24,0,0,0,18.16666667,0,2.833333333,3.333333333,11.5,44,0.333333333,0,0,11.2
00-0034838,R.Freeman,2019122200,12/22/2019 0:00,9,0,2,2,9,28,1,0,0,17.83333333,0.166666667,2.5,2.833333333,10.33333333,37.5,0.333333333,0,0,11.7
,,,,,,,,,,,,,18.33333333,0.166666667,2.5,2.833333333,9.666666667,32,0.5,0,0,0
00-0034844,S.Barkley,2018091613,9/16/2018 0:00,80,0,14,16,11,28,0,0,0,22,0,2,6,19,106,1,0,0,24.8
00-0034844,S.Barkley,2018092303,9/23/2018 0:00,35,0,5,5,17,82,1,0,0,51,0,8,11,15,67,0.5,0,0,22.7
00-0034844,S.Barkley,2018093011,9/30/2018 0:00,56,0,6,8,10,44,1,0,0,45.66666667,0,7,9,15.66666667,72,0.666666667,0,0,22
00-0034844,S.Barkley,2018100701,10/7/2018 0:00,81,2,4,4,15,48,0,0,0,48.25,0,6.75,8.75,14.25,65,0.75,0,0,28.9
00-0034844,S.Barkley,2018101100,10/11/2018 0:00,99,0,9,12,13,130,1,0,0,54.8,0.4,6.2,7.8,14.4,61.6,0.6,0,0,40.9
00-0034844,S.Barkley,2018102200,10/22/2018 0:00,51,0,9,10,15,45,1,0,0,62.16666667,0.333333333,6.666666667,8.5,14.16666667,73,0.666666667,0,0,24.6
00-0034844,S.Barkley,2018102806,10/28/2018 0:00,73,0,9,10,13,38,0,0,0,67,0.333333333,7.833333333,9.166666667,13.5,62.83333333,0.666666667,0,0,20.1
00-0034844,S.Barkley,2018111200,11/12/2018 0:00,33,0,4,5,20,67,0,0,0,65.83333333,0.333333333,7,8.166666667,13.83333333,64.5,0.666666667,0,0,14
00-0034844,S.Barkley,2018111805,11/18/2018 0:00,10,1,2,3,27,142,2,0,0,65.5,0.333333333,6.833333333,8.166666667,14.33333333,62,0.5,0,0,38.2
00-0034844,S.Barkley,2018112506,11/25/2018 0:00,41,1,7,8,13,101,1,0,0,57.83333333,0.5,6.166666667,7.333333333,17.16666667,78.33333333,0.666666667,0,0,36.2
00-0034844,S.Barkley,2018120207,12/2/2018 0:00,21,0,3,4,24,125,0,0,0,51.16666667,0.333333333,6.666666667,8,16.83333333,87.16666667,0.833333333,0,0,20.6
00-0034844,S.Barkley,2018120908,12/9/2018 0:00,27,0,4,5,14,170,1,0,0,38.16666667,0.333333333,5.666666667,6.666666667,18.66666667,86.33333333,0.666666667,0,0,32.7
00-0034844,S.Barkley,2018121608,12/16/2018 0:00,25,0,4,10,14,31,0,0,0,34.16666667,0.333333333,4.833333333,5.833333333,18.5,107.1666667,0.666666667,0,0,9.6
00-0034844,S.Barkley,2018122300,12/23/2018 0:00,34,0,5,7,21,43,1,0,0,26.16666667,0.333333333,4,5.833333333,18.66666667,106,0.666666667,0,0,18.7
00-0034844,S.Barkley,2018123008,12/30/2018 0:00,33,0,4,8,17,109,1,0,0,26.33333333,0.333333333,4.166666667,6.166666667,18.83333333,102,0.833333333,0,0,27.2
00-0034844,S.Barkley,2019090810,9/8/2019 0:00,19,0,4,6,11,120,0,0,1,30.16666667,0.166666667,4.5,7,17.16666667,96.5,0.666666667,0,0,19.9
00-0034844,S.Barkley,2019091506,9/15/2019 0:00,28,0,3,7,18,107,1,0,0,26.5,0,4,6.666666667,16.83333333,99.66666667,0.5,0,0.166666667,25.5
00-0034844,S.Barkley,2019092209,9/22/2019 0:00,27,0,4,5,8,10,0,0,0,27.66666667,0,4,7.166666667,15.83333333,96.66666667,0.666666667,0,0.166666667,7.7
00-0034844,S.Barkley,2019102006,10/20/2019 0:00,8,0,3,5,18,72,1,0,0,27.66666667,0,4,7.166666667,14.83333333,70,0.5,0,0.166666667,17
00-0034844,S.Barkley,2019102703,10/27/2019 0:00,79,1,8,10,19,64,0,0,0,24.83333333,0,3.833333333,6.333333333,15.5,76.83333333,0.666666667,0,0.166666667,28.3
00-0034844,S.Barkley,2019110400,11/4/2019 0:00,67,0,6,8,14,28,0,0,0,32.33333333,0.166666667,4.333333333,6.833333333,15.16666667,80.33333333,0.5,0,0.166666667,15.5
00-0034844,S.Barkley,2019111005,11/10/2019 0:00,30,0,5,5,13,1,0,0,0,38,0.166666667,4.666666667,6.833333333,14.66666667,66.83333333,0.333333333,0,0.166666667,8.1
00-0034844,S.Barkley,2019112402,11/24/2019 0:00,1,0,2,3,17,59,0,0,0,39.83333333,0.166666667,4.833333333,6.666666667,15,47,0.333333333,0,0,8
00-0034844,S.Barkley,2019120107,12/1/2019 0:00,32,0,3,7,19,83,0,0,0,35.33333333,0.166666667,4.666666667,6,14.83333333,39,0.166666667,0,0,14.5
00-0034844,S.Barkley,2019120900,12/9/2019 0:00,1,0,3,4,17,66,0,0,0,36.16666667,0.166666667,4.5,6.333333333,16.66666667,51.16666667,0.166666667,0,0,9.7
00-0034844,S.Barkley,2019121505,12/15/2019 0:00,31,0,4,5,24,112,2,0,0,35,0.166666667,4.5,6.166666667,16.5,50.16666667,0,0,0,33.3
00-0034844,S.Barkley,2019122211,12/22/2019 0:00,90,1,4,4,22,189,1,0,0,27,0,3.833333333,5.333333333,17.33333333,58.16666667,0.333333333,0,0,46.9
00-0034844,S.Barkley,2019122911,12/29/2019 0:00,25,0,3,4,17,92,1,0,0,30.83333333,0.166666667,3.5,4.666666667,18.66666667,85,0.5,0,0,20.7
,,,,,,,,,,,,,30,0.166666667,3.166666667,4.5,19.33333333,100.1666667,0.666666667,0,0,0
00-0034845,S.Michel,2018092313,9/23/2018 0:00,-1,0,1,3,14,50,0,0,0,7,0,1,2,10,34,0,0,0,5.9
00-0034845,S.Michel,2018100400,10/4/2018 0:00,12,0,1,1,18,98,1,0,0,3,0,1,2.5,12,42,0,0,0,18
00-0034845,S.Michel,2018101412,10/14/2018 0:00,0,0,0,1,24,106,2,0,0,6,0,1,2,14,60.66666667,0.333333333,0,0,25.6
00-0034845,S.Michel,2018112505,11/25/2018 0:00,12,0,2,2,21,133,1,0,0,4.5,0,0.75,1.75,16.5,72,0.75,0,0,25.5
00-0034845,S.Michel,2018120212,12/2/2018 0:00,7,0,1,1,17,63,0,0,0,6,0,1,1.8,17.4,84.2,0.8,0,0,8
00-0034845,S.Michel,2019092206,9/22/2019 0:00,0,0,0,1,9,11,1,0,0,6.166666667,0,1,1.666666667,17.33333333,80.66666667,0.666666667,0,0,7.1
00-0034845,S.Michel,2019100609,10/6/2019 0:00,32,0,3,3,16,91,1,0,0,5,0,0.833333333,1.5,17.16666667,76.83333333,0.833333333,0,0,21.3
00-0034845,S.Michel,2019101000,10/10/2019 0:00,27,0,2,3,22,86,0,0,0,10.5,0,1.166666667,1.5,17.5,83.66666667,1,0,0,13.3
00-0034845,S.Michel,2019102100,10/21/2019 0:00,-8,0,1,2,19,42,3,0,0,13,0,1.333333333,1.833333333,18.16666667,81.66666667,0.833333333,0,0,22.4
00-0034845,S.Michel,2019111710,11/17/2019 0:00,11,0,2,4,10,33,0,0,0,11.66666667,0,1.5,2,17.33333333,71,1,0,0,6.4
00-0034845,S.Michel,2019121501,12/15/2019 0:00,14,0,1,2,19,89,0,0,0,11.5,0,1.5,2.333333333,15.5,54.33333333,0.833333333,0,0,11.3
00-0034845,S.Michel,2019122101,12/21/2019 0:00,5,0,1,2,21,96,0,0,0,12.66666667,0,1.5,2.5,15.83333333,58.66666667,0.833333333,0,0,11.1
,,,,,,,,,,,,,13.5,0,1.666666667,2.666666667,17.83333333,72.83333333,0.666666667,0,0,0
,,,,,,,,,,,,,0,0,0,1,9,101,1,0,0,0
00-0034972,A.Mattison,2019111010,11/10/2019 0:00,2,0,1,1,8,52,0,0,0,3,0,2,2,13,61,0,0,0,6.4
00-0034972,A.Mattison,2019120805,12/8/2019 0:00,18,0,2,2,14,46,0,0,0,2.5,0,1.5,1.5,10.5,56.5,0,0,0,8.4
,,,,,,,,,,,,,7.666666667,0,1.666666667,1.666666667,11.66666667,53,0,0,0,0
,,,,,,,,,,,,,10,0,1,2,10,39,1,0,0,0
00-0035013,J.Hilliman,2019101000,10/10/2019 0:00,-3,0,2,2,11,38,0,1,1,4,0,1,2,9,20,0,0,0,4.5
,,,,,,,,,,,,,0.5,0,1.5,2,10,29,0,0.5,0.5,0
,,,,,,,,,,,,,1,0,1,1,8,38,0,0,0,0
,,,,,,,,,,,,,23,0,3,5,9,27,0,0,0,0
00-0035217,B.Snell Jr.,2019112403,11/24/2019 0:00,5,0,1,1,21,98,0,0,0,14,0,1,1,17,75,0,0,0,11.3
00-0035217,B.Snell Jr.,2019120110,12/1/2019 0:00,4,0,1,1,16,63,1,0,0,9.5,0,1,1,19,86.5,0,0,0,13.7
,,,,,,,,,,,,,7.666666667,0,1,1,18,78.66666667,0.333333333,0,0,0
00-0035243,M.Sanders,2019091513,9/15/2019 0:00,9,0,3,4,10,28,0,0,0,2,0,1,2,11,25,0,0,0,6.7
00-0035243,M.Sanders,2019092207,9/22/2019 0:00,73,0,2,4,13,53,0,0,0,5.5,0,2,3,10.5,26.5,0,0,0,14.6
00-0035243,M.Sanders,2019100606,10/6/2019 0:00,49,0,4,5,9,15,0,0,0,28,0,2,3.333333333,11.33333333,35.33333333,0,0,0,10.4
00-0035243,M.Sanders,2019110305,11/3/2019 0:00,31,0,3,3,10,42,0,0,0,33.25,0,2.5,3.75,10.75,30.25,0,0,0,10.3
00-0035243,M.Sanders,2019111710,11/17/2019 0:00,9,0,2,4,11,38,0,0,0,32.8,0,2.6,3.6,10.6,32.6,0,0,0,6.7
00-0035243,M.Sanders,2019112411,11/24/2019 0:00,23,0,3,5,12,63,0,0,0,28.83333333,0,2.5,3.666666667,10.66666667,33.5,0,0,0,11.6
00-0035243,M.Sanders,2019120106,12/1/2019 0:00,22,1,5,5,17,83,0,0,0,32.33333333,0,2.833333333,4.166666667,10.83333333,39.83333333,0,0,0,21.5
00-0035243,M.Sanders,2019120900,12/9/2019 0:00,24,0,4,5,15,45,0,0,0,34.5,0.166666667,3.166666667,4.333333333,12,49,0,0,0,10.9
00-0035243,M.Sanders,2019121508,12/15/2019 0:00,50,1,6,6,19,122,1,0,0,26.33333333,0.166666667,3.5,4.5,12.33333333,47.66666667,0,0,0,38.2
00-0035243,M.Sanders,2019122212,12/22/2019 0:00,77,0,5,6,20,79,1,0,0,26.5,0.333333333,3.833333333,4.666666667,14,65.5,0.166666667,0,0,26.6
00-0035243,M.Sanders,2019122911,12/29/2019 0:00,-1,0,3,5,9,52,0,0,0,34.16666667,0.333333333,4.166666667,5.166666667,15.66666667,71.66666667,0.333333333,0,0,8.1
,,,,,,,,,,,,,32.5,0.333333333,4.333333333,5.333333333,15.33333333,74,0.333333333,0,0,0
00-0035250,D.Singletary,2019111002,11/10/2019 0:00,8,0,3,6,8,42,0,0,0,45,0,3,4,20,95,1,0,0,8
00-0035250,D.Singletary,2019111704,11/17/2019 0:00,4,0,1,1,15,75,0,0,0,26.5,0,3,5,14,68.5,0.5,0,0,8.9
00-0035250,D.Singletary,2019112401,11/24/2019 0:00,8,0,1,2,21,106,0,0,0,19,0,2.333333333,3.666666667,14.33333333,70.66666667,0.333333333,0,0,15.4
00-0035250,D.Singletary,2019112801,11/28/2019 0:00,38,1,3,4,14,63,0,0,0,16.25,0,2,3.25,16,79.5,0.25,0,0,19.1
00-0035250,D.Singletary,2019120801,12/8/2019 0:00,29,0,6,8,17,89,0,0,0,20.6,0.2,2.2,3.4,15.6,76.2,0.2,0,0,17.8
00-0035250,D.Singletary,2019121506,12/15/2019 0:00,2,0,2,3,21,87,0,0,0,22,0.166666667,2.833333333,4.166666667,15.83333333,78.33333333,0.166666667,0,0,10.9
00-0035250,D.Singletary,2019122101,12/21/2019 0:00,2,0,1,1,15,46,0,0,0,14.83333333,0.166666667,2.666666667,4,16,77,0,0,0,5.8
,,,,,,,,,,,,,13.83333333,0.166666667,2.333333333,3.166666667,17.16666667,77.66666667,0,0,0,0
00-0035261,T.Pollard,2019121511,12/15/2019 0:00,12,0,2,2,12,131,1,0,0,25,0,3,3,13,103,1,0,0,25.3
00-0035261,T.Pollard,2019122904,12/29/2019 0:00,5,0,1,2,14,60,0,0,0,18.5,0,2.5,2.5,12.5,117,1,0,0,7.5
,,,,,,,,,,,,,14,0,2,2.333333333,13,98,0.666666667,0,0,0
00-0035268,R.Armstead,2019122907,12/29/2019 0:00,52,1,5,9,10,33,0,0,0,7,1,1,1,8,42,0,0,0,19.5
,,,,,,,,,,,,,29.5,1,3,5,9,37.5,0,0,0,0
,,,,,,,,,,,,,7,0,1,1,8,20,1,0,0,0
00-0035311,M.Gaskin,2019122208,12/22/2019 0:00,3,0,1,3,16,55,1,0,0,29,0,2,3,9,43,0,0,0,12.8
,,,,,,,,,,,,,16,0,1.5,3,12.5,49,0.5,0,0,0
00-0035342,P.Laird,2019120807,12/8/2019 0:00,38,0,4,5,15,48,0,0,0,43,0,4,5,10,5,1,0,0,12.6
00-0035342,P.Laird,2019121505,12/15/2019 0:00,8,0,2,5,12,46,0,0,0,40.5,0,4,5,12.5,26.5,0.5,0,0,7.4
00-0035342,P.Laird,2019122208,12/22/2019 0:00,1,0,1,1,8,17,0,0,0,29.66666667,0,3.333333333,5,12.33333333,33,0.333333333,0,0,2.8
00-0035342,P.Laird,2019122910,12/29/2019 0:00,48,0,4,5,11,21,0,0,0,22.5,0,2.75,4,11.25,29,0.25,0,0,10.9
,,,,,,,,,,,,,27.6,0,3,4.2,11.2,27.4,0.2,0,0,0
,,,,,,,,,,,,,1,0,2,2,10,21,2,0,0,0
00-0035537,T.Johnson,2019110307,11/3/2019 0:00,7,0,3,3,9,29,0,0,0,28,0,4,4,10,29,0,0,0,6.6
,,,,,,,,,,,,,17.5,0,3.5,3.5,9.5,29,0,0,0,0
,,,,,,,,,,,,,30,0,5,5,10,62,0,0,0,0
00-0035664,D.Henderson,2019102706,10/27/2019 0:00,20,0,2,3,11,49,0,0,0,8,0,1,1,11,31,0,0,0,8.9
,,,,,,,,,,,,,14,0,1.5,2,11,40,0,0,0,0
00-0035685,D.Montgomery,2019092300,9/23/2019 0:00,14,0,3,3,13,67,0,0,0,6,0,1,3,18,62,1,0,0,11.1
00-0035685,D.Montgomery,2019092910,9/29/2019 0:00,14,0,3,5,21,53,0,0,0,10,0,2,3,15.5,64.5,0.5,0,0,9.7
00-0035685,D.Montgomery,2019100605,10/6/2019 0:00,11,0,1,1,11,25,1,0,0,11.33333333,0,2.333333333,3.666666667,17.33333333,60.66666667,0.333333333,0,0,10.6
00-0035685,D.Montgomery,2019102702,10/27/2019 0:00,12,0,4,5,27,135,1,0,0,11.25,0,2,3,15.75,51.75,0.5,0,0,27.7
00-0035685,D.Montgomery,2019110305,11/3/2019 0:00,36,0,3,4,14,40,2,0,0,11.4,0,2.4,3.4,18,68.4,0.6,0,0,22.6
00-0035685,D.Montgomery,2019111711,11/17/2019 0:00,19,0,1,3,14,31,0,0,0,15.5,0,2.5,3.5,17.33333333,63.66666667,0.833333333,0,0,6
00-0035685,D.Montgomery,2019112402,11/24/2019 0:00,9,0,2,3,13,22,0,0,0,17.66666667,0,2.5,3.5,16.66666667,58.5,0.666666667,0,0,5.1
00-0035685,D.Montgomery,2019112800,11/28/2019 0:00,12,1,2,2,16,75,0,0,0,16.83333333,0,2.333333333,3.5,16.66666667,51,0.666666667,0,0,16.7
00-0035685,D.Montgomery,2019120500,12/5/2019 0:00,0,0,0,1,20,86,0,0,0,16.5,0.166666667,2.166666667,3,15.83333333,54.66666667,0.666666667,0,0,8.6
00-0035685,D.Montgomery,2019121503,12/15/2019 0:00,10,0,1,1,14,39,0,0,0,14.66666667,0.166666667,2,3,17.33333333,64.83333333,0.5,0,0,5.9
00-0035685,D.Montgomery,2019122214,12/22/2019 0:00,2,0,1,1,13,57,0,0,0,14.33333333,0.166666667,1.5,2.333333333,15.16666667,48.83333333,0.333333333,0,0,6.9
,,,,,,,,,,,,,8.666666667,0.166666667,1.166666667,1.833333333,15,51.66666667,0,0,0,0
00-0035700,J.Jacobs,2019092205,9/22/2019 0:00,0,0,0,2,10,44,0,0,0,28,0,1,1,23,85,2,0,0,4.4
00-0035700,J.Jacobs,2019092905,9/29/2019 0:00,29,0,2,2,17,79,0,0,0,14,0,0.5,1.5,16.5,64.5,1,0,0,12.8
00-0035700,J.Jacobs,2019100605,10/6/2019 0:00,20,0,3,3,26,123,2,0,0,19,0,1,1.666666667,16.66666667,69.33333333,0.666666667,0,0,32.3
00-0035700,J.Jacobs,2019102004,10/20/2019 0:00,10,0,3,3,21,124,0,0,0,19.25,0,1.5,2,19,82.75,1,0,0,19.4
00-0035700,J.Jacobs,2019102704,10/27/2019 0:00,15,0,2,2,15,66,0,0,0,17.4,0,1.8,2.2,19.4,91,0.8,0,0,10.1
00-0035700,J.Jacobs,2019110307,11/3/2019 0:00,0,0,0,2,28,120,2,0,0,17,0,1.833333333,2.166666667,18.66666667,86.83333333,0.666666667,0,0,27
00-0035700,J.Jacobs,2019110700,11/7/2019 0:00,30,0,3,5,16,71,1,0,0,12.33333333,0,1.666666667,2.333333333,19.5,92.66666667,0.666666667,0,0,19.1
00-0035700,J.Jacobs,2019111709,11/17/2019 0:00,12,0,3,3,23,112,0,0,0,17.33333333,0,2.166666667,2.833333333,20.5,97.16666667,0.833333333,0,0,18.4
00-0035700,J.Jacobs,2019112406,11/24/2019 0:00,2,0,1,1,10,34,0,0,0,14.5,0,2.333333333,3,21.5,102.6666667,0.833333333,0,0,4.6
00-0035700,J.Jacobs,2019121510,12/15/2019 0:00,20,0,2,3,24,89,0,0,0,11.5,0,2,2.666666667,18.83333333,87.83333333,0.5,0,0,12.9
,,,,,,,,,,,,,13.16666667,0,1.833333333,2.666666667,19.33333333,82,0.5,0,0,0
